"Authors","Author full names","Author(s) ID","Title","Year","Source title","Volume","Issue","Art. No.","Page start","Page end","Page count","Cited by","DOI","Link","Abstract","Author Keywords","Index Keywords","Document Type","Publication Stage","Open Access","Source","EID"
"S.F., Moosavian, Seyed Farhan; A., Hajinezhad, Ahmad","Moosavian, Seyed Farhan (59943475600); Hajinezhad, Ahmad (16202326900)","59943475600; 16202326900","AI-assisted multi-objective optimization and performance analysis of a solar-driven hybrid system for power generation, desalination and fuel synthesis","2025","Results in Engineering","28","","107161","","","0","0","10.1016/j.rineng.2025.107161","https://www.scopus.com/inward/record.uri?eid=2-s2.0-105015304779&doi=10.1016%2Fj.rineng.2025.107161&partnerID=40&md5=50498cda0aa9bd8506f9580bfdcdf0d0","This study evaluates the performance of a multipurpose, self-sufficient system comprising a heliostat solar farm, a central thermal receiver, supercritical CO₂ Brayton cycles, an organic Rankine cycle (ORC), a reverse osmosis (RO) unit, a PEM electrolyzer, a CO₂ absorption unit, and a methanol synthesis unit. The aim was to achieve sustainable production through the integration of bioproducts while maximizing the technical and economic potential of the design. The system was assessed to be attractive for investment in terms of both performance and cost-effectiveness. Simulation results indicate that the proposed configuration can generate 4.69 MW of power from the supercritical CO₂ Brayton cycle and 383 kW from the ORC, while producing 0.2 m³/h of freshwater, 88 kg/h of CO₂, 14 kg/h of hydrogen, and 63 kg/h of methanol, with an overall exergy efficiency of 52.6 %. In the final stage, an artificial neural network (ANN) was developed using machine learning techniques, and the system was optimized via the Gray Wolf algorithm considering five decision variables across two-, three-, four-, five-, and six-objective modes. The six-objective scenario achieved the best performance, yielding an exergy efficiency of 54.18 %, a total cost rate of 6376 $/h, hydrogen and methanol production rates of 16.87 kg/h and 65.3 kg/h, respectively, and LCOE and LEIOE values of 0.0744 $/kWh and 20.45 Pts/MWh. © 2025 Elsevier B.V., All rights reserved.","Green Methanol; Heliostat Solar Power Plant; Supercritical Carbon Dioxide Brayton Cycle; Sustainable Energy Network; Carbon Dioxide; Cost Effectiveness; Desalination; Exergy; Heliostats (instruments); Hybrid Power; Hybrid Systems; Hydrogen Production; Investments; Learning Algorithms; Learning Systems; Machine Learning; Multiobjective Optimization; Reverse Osmosis; Solar Energy; Solar Power Generation; Supercritical Fluid Extraction; Brayton; Energy Networks; Green Methanol; Heliostat Solar Power Plant; Performance; Power; Supercritical Carbon Dioxide Brayton Cycle; Supercritical Carbondioxides; Sustainable Energy; Sustainable Energy Network; Methanol","Carbon dioxide; Cost effectiveness; Desalination; Exergy; Heliostats (instruments); Hybrid power; Hybrid systems; Hydrogen production; Investments; Learning algorithms; Learning systems; Machine learning; Multiobjective optimization; Reverse osmosis; Solar energy; Solar power generation; Supercritical fluid extraction; Brayton; Energy networks; Green methanol; Heliostat solar power plant; Performance; Power; Supercritical carbon dioxide brayton cycle; Supercritical carbondioxides; Sustainable energy; Sustainable energy network; Methanol","Article","Final","","Scopus","2-s2.0-105015304779"
"X., Song, Xinyue; P., Li, Peng; B., Zhang, Bo; K., Yu, Kaifeng; D., Zhang, Dong; Y., He, Yiliang","Song, Xinyue (60031572400); Li, Peng (58872651900); Zhang, Bo (55619300568); Yu, Kaifeng (57195982908); Zhang, Dong (59778572800); He, Yiliang (58764733100)","60031572400; 58872651900; 55619300568; 57195982908; 59778572800; 58764733100","Realization approaches for constructing energy self-sufficient wastewater treatment plants: a review","2025","Carbon Neutrality","4","1","21","","","0","0","10.1007/s43979-025-00133-y","https://www.scopus.com/inward/record.uri?eid=2-s2.0-105012777275&doi=10.1007%2Fs43979-025-00133-y&partnerID=40&md5=59a5ee722df8271cdeb9cfa0fde4746e","Wastewater treatment plants (WWTPs) are traditionally known as energy-intensive facilities, where substantial energy consumption not only results in higher operational costs but also contributes to significant indirect carbon emissions. These emissions, primarily stemming from energy use, contradict the global agenda of achieving carbon neutrality. This review investigates strategies for transforming WWTPs into energy self-sufficient systems. First, the main sources of energy consumption within WWTPs are identified, along with key influencing factors such as treatment technologies, plant scale, and operational strategies. Based on this foundation, three main pathways toward energy neutrality are systematically examined: (1) energy conservation, (2) energy recovery, and (3) utilization of external renewable energy sources. A comprehensive analysis of emerging energy-saving technologies in wastewater treatment processes is presented, followed by a detailed discussion on the recovery potential of embedded energy in wastewater, including organic energy, thermal energy, and hydraulic energy. Recent advances in energy regeneration technologies and their feasibility of application in WWTPs are also reviewed. Additionally, several case studies of WWTPs that have successfully implemented these strategies are examined to demonstrate the practical effectiveness of transitioning toward energy neutrality. Finally, a roadmap is proposed to achieve energy self-sufficiency in WWTPs, emphasizing a core strategy of “carbon redirection + anaerobic digestion of sludge” for energy recovery, complemented by energy conservation measures and renewable energy utilization. The technical route is supported by practical calculations of potential energy savings. Despite promising progress, further empirical studies are necessary to verify these strategies under varying conditions and to explore optimized approaches for future energy-neutral wastewater management. © 2025 Elsevier B.V., All rights reserved.","Energy Conservation; Energy Neutrality; Energy Recovery; Wwtps; Anaerobic Digestion; Carbon; Energy Utilization; Potential Energy; Recovery; Renewable Energy; Wastewater Treatment; Energy; Energy Neutrality; Energy Recovery; Energy Use; Energy-consumption; Indirect Carbon Emissions; Realization Approaches; Substantial Energy; Waste Water Treatment Plants; Energy Conservation","Anaerobic digestion; Carbon; Energy utilization; Potential energy; Recovery; Renewable energy; Wastewater treatment; Energy; Energy neutrality; Energy recovery; Energy use; Energy-consumption; Indirect carbon emissions; Realization approaches; Substantial energy; Waste water treatment plants; Energy conservation","Review","Final","","Scopus","2-s2.0-105012777275"
"Z., Zhang, Zhenwen; T., Li, Tong; Y., Yuan, Yongjiu; Z., Zhang, Zhi; C., Ling, Chen; X., Yao, Xiaoxue; H., Wang, Hongbo; W.K., Lo, Wai Kin; Q., Xu, Qili; J., Liu, Jun","Zhang, Zhenwen (57218602603); Li, Tong (57254577400); Yuan, Yongjiu (57211231269); Zhang, Zhi (57218168597); Ling, Chen (59047140900); Yao, Xiaoxue (57224968235); Wang, Hongbo (57347186200); Lo, Wai Kin (58894673600); Xu, Qili (59395976500); Liu, Jun (57218181324)","57218602603; 57254577400; 57211231269; 57218168597; 59047140900; 57224968235; 57347186200; 58894673600; 59395976500; 57218181324","A self-sufficient system for fog-to-water conversion and nitrogen fertilizer production to enhance crop growth","2025","Nature Communications","16","1","4926","","","0","0","10.1038/s41467-025-60340-0","https://www.scopus.com/inward/record.uri?eid=2-s2.0-105006808270&doi=10.1038%2Fs41467-025-60340-0&partnerID=40&md5=78a4d72a0dda4385a72538cf660b4f36","Crops require water and fertilizers to grow. However, the shortage of freshwater limits the regions where plants, especially crops, can be grown, and the misuse of chemical fertilizers imposes a burden on the environment and human health. This study develops a self-sufficient system that can passively capture water and produce plant nutrients from the air through the integration of a fog-to-water converter and a spark-type droplet-based electric generator. The proof-of-concept system, based on large-scale 3D wedged spines, achieves a fog-to-water conversion efficiency of 35% and yields nitrogen fertilizer at a rate of 2.38 mg per hour per liter of water droplets. Scaling this system could boost global wheat production by approximately 1 megaton annually, even if operated for a short period each day. This approach offers a self-reliant and potentially eco-friendly solution for agriculture. © 2025 Elsevier B.V., All rights reserved.","Water; Nitrogen Fertilizer; Water; Fertilizer; Crop Production; Droplet; Fertilizer Application; Fog; Growth Rate; Nitrogen; Water Stress; Wheat; Article; Controlled Study; Crop; Nonhuman; Plant Growth; Plant Nutrient; Proof Of Concept; Agriculture; Article; Fresh Water; Generator; Growth; Human; Spine","nitrogen fertilizer; water; fertilizer; crop production; droplet; fertilizer application; fog; growth rate; nitrogen; water stress; wheat; Article; controlled study; crop; nonhuman; plant growth; plant nutrient; proof of concept; agriculture; article; fresh water; generator; growth; human; spine","Article","Final","All Open Access; Gold Open Access; Green Accepted Open Access; Green Open Access","Scopus","2-s2.0-105006808270"
"M., Liao, Meizhe; Z., Zhang, Zongwen; R., Yan, Ruirui; K., Bai, Keyu","Liao, Meizhe (58615045900); Zhang, Zongwen (44861801200); Yan, Ruirui (35263075300); Bai, Keyu (24450082000)","58615045900; 44861801200; 35263075300; 24450082000","Using the socio-ecological production landscapes and seascapes framework to assess the resilience of agroecosystems in three distinct agricultural production systems in China","2025","Environmental and Sustainability Indicators","27","","100814","","","0","1","10.1016/j.indic.2025.100814","https://www.scopus.com/inward/record.uri?eid=2-s2.0-105011967462&doi=10.1016%2Fj.indic.2025.100814&partnerID=40&md5=d1f6f8d60135b68de8cc90df3017b3fe","Biological diversity in food and agriculture, and the resilience of agroecosystems and sustainability are vital for food security. However, economic development and urbanization have led to landscape fragmentation, eroding biodiversity and threatening its conservation. This study assessed the resilience of agroecosystems in three distinct communities in the Beijing-Tianjin-Hebei region of China: WangJinzhuang (Shexian County), Yuershan Farm (Fengning County), and Qingguang Village (Tianjin). The assessment applied the Integrated Valuation of Ecosystem Services and Tradeoffs with the Global Biodiversity Model for Policy Support (InVEST-GLOBIO) model to evaluate mean species abundance (MSA) and the Socio-Ecological Production Landscapes and Seascapes (SEPLS) framework to assess the resilience of agroecosystems. Between 1992 and 2022, WangJinzhuang's MSA declined slightly from 0.445 to 0.444, Yuershan Farm saw a larger drop from 0.129 to 0.110, while Qingguang Village improved from 0.037 to 0.051. WangJinzhuang had the highest MSA and resilience score (3.9), followed by Qingguang Village (3.84), while Yuershan Farm had the lowest (3.28). The findings highlight higher the resilience of agroecosystems in WangJinzhuang and Qingguang Villages' self-sufficient systems compared to Yuershan Farm. To promote agrobiodiversity conservation, locally tailored policies and strategies must include: adopting eco-friendly farming; optimizing farming systems for regional planning; enhancing agro-ecotourism, and establishing agrobiodiversity conservation compensation mechanisms. Addressing community-specific challenges, while fostering agroecosystem resilience and sustainable development, highlights the critical interplay between human livelihoods and ecological systems, paving the way for long-term, adaptive management in rural and transitional landscapes. © 2025 Elsevier B.V., All rights reserved.","Agrobiodiversity; Agroecosystem Resilience; Farming System; Land-use Change; Mean Species Abundance; Sepls","","Article","Final","All Open Access; Gold Open Access","Scopus","2-s2.0-105011967462"
"Y.Y., Adamu Ugya, Yunusa Yunusa; C., Yan, Chunlei; H.A., Ari, Hadiza Abdullahi; H., Chen, Hui; Q., Wang, Qiang","Adamu Ugya, Yunusa Yunusa (57196147048); Yan, Chunlei (59740008200); Ari, Hadiza Abdullahi (57219901944); Chen, Hui (57051708300); Wang, Qiang (57051685900)","57196147048; 59740008200; 57219901944; 57051708300; 57051685900","Salinity stress adaptation enhances metabolic flux towards polyhydroxyalkanoate biosynthesis in microalgae biofilm","2025","Chemical Engineering Journal","519","","165423","","","0","0","10.1016/j.cej.2025.165423","https://www.scopus.com/inward/record.uri?eid=2-s2.0-105009456243&doi=10.1016%2Fj.cej.2025.165423&partnerID=40&md5=ba538ad5a17df92b243bd701a39bd374","The need for an alternative to replace petroleum-based plastic has become increasingly urgent due to the negative environmental impact of plastic pollution. Complete dependence on bio-based plastic has been limited by challenges such as scale-up production, cost-effectiveness, and performance compared to traditional plastics. This study provides an insight into a novel stress-responsive approach that enhances the biosynthesis and quality of polyhydroxyalkanoate (PHA) produce by microalgae biofilm. The study reported that salinity stress alters the water chemistry of the microalgae biofilm system, leading to the bioavailability and precipitation of phosphorus to a level of up to 0.306 mg/L, triggering unique microbial communities in the microalgae biofilm. The study reveals that salinity stress tends to uniquely engineer a change in microalgae biofilm's functional markers and properties. These changes stimulate metabolic crosstalk between microalgae, bacteria, and fungi. This crosstalk stimulates a response that boosts the efficiency of photosystem (PS) II, leading to the creation of a self-sustaining system. This self-sufficient system allows microalgae to increase in metabolic flux towards carbon storage,thus, providing organic carbon and oxygen, which are utilized by bacteria for their growth and PHA synthesis. The material characterization reveals an interplay in which fungi enhanced the quality of extracted PHA. The presence of 2-methyl-3-phenylpropanal and 2,6-dihydroxyacetophenone confirms the contribution of fungi, thus signifying an increase in the flexibility, thermal resistance, and mechanical strength of PHA. A detailed understanding of the protein metabolite interaction using different genetic and metabolic engineering tools will ease the use of microalgae biofilms for sustainable PHA production in saline environments. © 2025 Elsevier B.V., All rights reserved.","Biocomposites; Bioplastic; Metagenomic Insight; Proteonomic; Sustainability; Bacteria; Biochemistry; Biomolecules; Biosynthesis; Cost Effectiveness; Crosstalk; Environmental Impact; Fungi; Metabolic Engineering; Metabolism; Metabolites; Microalgae; Organic Carbon; Sustainable Development; Thermal Engineering; Bio-plastics; Biocomposite; Metabolic Flux; Metagenomic Insight; Metagenomics; Micro-algae; Microalga; Polyhydroxyalkanoates; Proteonomic; Salinity Stress; Biofilms","Bacteria; Biochemistry; Biomolecules; Biosynthesis; Cost effectiveness; Crosstalk; Environmental impact; Fungi; Metabolic engineering; Metabolism; Metabolites; Microalgae; Organic carbon; Sustainable development; Thermal Engineering; Bio-plastics; Biocomposite; Metabolic flux; Metagenomic insight; Metagenomics; Micro-algae; Microalga; Polyhydroxyalkanoates; Proteonomic; Salinity stress; Biofilms","Article","Final","","Scopus","2-s2.0-105009456243"
"A., Saha, Akash; L., Philip, Ligy","Saha, Akash (59767793500); Philip, Ligy (7004374926)","59767793500; 7004374926","Energy Self-Sufficient Direct Membrane Filtration of Municipal Wastewater: Impact of Biological Pre-Treatment","2025","Advanced Sustainable Systems","9","8","2500088","","","0","2","10.1002/adsu.202500088","https://www.scopus.com/inward/record.uri?eid=2-s2.0-105004215991&doi=10.1002%2Fadsu.202500088&partnerID=40&md5=0f8cd4c53bdeaf77c655a85c6ad98ad6","Municipal wastewater treatment philosophy shall shift from the conventional energy- and chemical-intensive approach to a more circular, energy self-sufficient system aligned with Sustainable Development Goals (SDGs) 7, 9, 11, and 13. Direct membrane filtration (DMF) using ultrafiltration provides a low-energy alternative for recovering organics, which are utilized for energy recovery through anaerobic digestion (AD). However, DMF faces challenges from membrane fouling and elevated dissolved organics in the permeate. To address these issues, this study implements biological contact tank pre-treatment before DMF, with a short hydraulic retention time (HRT) of 60 min. This pre-treatment selectively removes 62% of dissolved organics without compromising the recovery of suspended or colloidal organic matter and enhances permeate quality by 40% in terms of chemical oxygen demand (COD). The DMF system without pre-treatment exhibits 1.84 times higher irreversible pore-blocking membrane resistance, with higher foulant concentrations per membrane unit area (up to 2.54 times) and enzymatic activity (up to 3.04 times). The recovered organics undergo AD, yielding methane up to 336 ± 23 mL-CH<inf>4</inf>/g-VS, making the DMF system net energy positive. Life cycle assessment (LCA) reveals that the DMF system has lesser environmental impacts than the conventional system in 10 out of 18 impact categories. © 2025 Elsevier B.V., All rights reserved.","Biofouling; Contact Tank Pre-treatment; Direct Membrane Filtration (dmf); Municipal Wastewater; Organics Recovery; Chemical Oxygen Demand; Dissolution; Effluents; Energy Conservation; Membrane Fouling; Oxygenation; Recycling; Wastewater Reclamation; Water Conservation; Contact Tank Pre-treatment; Contact Tanks; Direct Membrane Filtration; Energy; Membrane Filtration System; Municipal Wastewaters; Organic Recovery; Organics; Pre-treatments; Biological Membranes","Chemical oxygen demand; Dissolution; Effluents; Energy conservation; Membrane fouling; Oxygenation; Recycling; Wastewater reclamation; Water conservation; Contact tank pre-treatment; Contact tanks; Direct membrane filtration; Energy; Membrane filtration system; Municipal wastewaters; Organic recovery; Organics; Pre-treatments; Biological membranes","Article","Final","","Scopus","2-s2.0-105004215991"
"R.K., Singh, Rohit Kumar; G.N., Tiwari, Gopal Nath; A.S.K., Sinha, Akhoury Sudhir Kumar","Singh, Rohit Kumar (57747227200); Tiwari, Gopal Nath (55450482500); Sinha, Akhoury Sudhir Kumar (57209528589)","57747227200; 55450482500; 57209528589","Thermal modelling of semitransparent photovoltaic thermal and flat plate collector integrated biogas plant for slurry heating: An experimental validation","2025","Renewable Energy","245","","122778","","","0","1","10.1016/j.renene.2025.122778","https://www.scopus.com/inward/record.uri?eid=2-s2.0-86000362370&doi=10.1016%2Fj.renene.2025.122778&partnerID=40&md5=373538f28bdc6021f0c8b0a46a9c32b4","Escalating energy costs, diminishing fossil fuel reserves, increasing energy consumption, and significant environmental impacts are key aspects of the severe global energy crisis. So, a hybrid renewable energy system with improved energy efficiency and advanced energy solutions is required. In this proposed model, a floating dome biogas plant was integrated with solar panels to maximize biogas production and establish a self-sufficient system capable of functioning in severe winter conditions and generating biogas throughout the year. An analytical expression for a biogas-integrated solar module's thermal and electrical energy output has been derived as a function of design parameters and the cold climatic conditions of RGIPT, Amethi, India. Furthermore, numerical computations using MATLAB 2021b were performed to investigate the impact of the number of SPVT-M water collectors, mass flow rate, and packing factors (β) on the performance of the SPVT-M water collectors. The experiment (26 Jan to 6 Feb 2024) showed a daily slurry temperature increase of 1.2–1.4 °C, from 19 °C to 35 °C, with 3.8 kW h/m2 daily solar radiation and 14.8 °C average ambient temperature. Validation of the mathematical model showed strong model correlation (r = 0.98, e = 2.23). Biogas production rose from 3.5 kg to 13.5 kg per day after integrating solar module heating. Validating the experimental results with mathematical modelling ensures the model's utility in optimizing biogas production under specific climatic conditions, which can lead to improved system design and operation. © 2025 Elsevier B.V., All rights reserved.","Flat Plate Collector; Floating Dome Biogas Plant; Modelling; Semitransparent Photovoltaic Thermal; Validation; Collector Efficiency; Energy Efficiency; Biogas Plants; Biogas Production; Flat-plate Collector; Floating Dome Biogas Plant; Modeling; Photovoltaic Thermals; Semi-transparent Photovoltaic; Semitransparent Photovoltaic Thermal; Solar Module; Validation; Energy Utilization; Alternative Energy; Biogas; Energy Efficiency; Experimental Study; Fossil Fuel; Instrumentation; Model Validation; Photovoltaic System; Power Plant; Solar Radiation; Temperature Effect; India","Collector efficiency; Energy efficiency; Biogas plants; Biogas production; Flat-plate collector; Floating dome biogas plant; Modeling; Photovoltaic thermals; Semi-transparent photovoltaic; Semitransparent photovoltaic thermal; Solar module; Validation; Energy utilization; alternative energy; biogas; energy efficiency; experimental study; fossil fuel; instrumentation; model validation; photovoltaic system; power plant; solar radiation; temperature effect; India","Article","Final","","Scopus","2-s2.0-86000362370"
"L., Dong, Liwei; J., Zuo, Jianyong","Dong, Liwei (57215288228); Zuo, Jianyong (36180447300)","57215288228; 36180447300","Vibration-adaptive energy management technology for self-sufficient wireless ECP braking systems on heavy-haul trains","2025","Mechanical Systems and Signal Processing","223","","111940","","","0","7","10.1016/j.ymssp.2024.111940","https://www.scopus.com/inward/record.uri?eid=2-s2.0-85203788488&doi=10.1016%2Fj.ymssp.2024.111940&partnerID=40&md5=2887193146a85c22303df510ec2c05a4","To address insufficient power supply for wireless electronically controlled pneumatic (ECP) braking systems on railway freight wagons, a self-sufficient system can be developed by using rotary electromagnetic vibration energy harvesters (VEHs) to harness the secondary suspension vibrations. However, stochastic vibrations result in irregular and time-varying operational states of the system, posing challenges in efficient energy extraction, conversion and storage. In this paper, we propose a highly integrated and efficient energy management technology to simultaneously achieve vibration-adaptive maximum power point tracking (MPPT) and energy management functions. The vibration-adaptive MPPT is formulated through an analysis on the circuit DC side, estimating the optimal power generation state of the system based on the generator velocity. The energy management circuit (EMC) is implemented with a one-stage design based on a four-switch buck/boost (FSBB) topology embedded with a function-integrated control algorithm, simplifying the conventional two-stage structures and reducing unnecessary energy loss. In system integration tests, the EMC successfully achieves instantaneous MPPT under time-varying vibrations, achieving an average power of 1.83 to 14.03 W, along with an energy conversion efficiency of 83.3 to 89.2 %, at wagon speeds of 50 to 70 km/h. Additionally, a coupling model of the freight wagon and self-sufficient wireless ECP braking system is established to conduct an energy budget analysis, revealing that the system generates excess energy during high-speed operations. Thus, a system reliability enhancement strategy (SRES) based on the EMC is proposed to regulate the system damping, reducing the system energy input and mechanical loads, and achieving an RMS force reduction by up to 36 %. This study offers a versatile and reliable energy management approach for electromagnetic vibration energy harvesting, as well as a control interface for electromagnetic VEHs to adapt their mechanical properties to diverse application scenarios. © 2024 Elsevier B.V., All rights reserved.","Energy Management Circuit; Railway Freight Transportation; Vibration Energy Harvesting; Vibration-adaptive Mppt; Wireless Ecp Braking System; Conformal Mapping; Conversion Efficiency; Energy Harvesting; Freight Cars; Freight Transportation; Inductive Power Transmission; Machine Vibrations; Magnetic Levitation Vehicles; Railroad Transportation; Railroads; Solar Power Generation; Stochastic Systems; Suspensions (components); Vibration Analysis; Braking System; Electromagnetic Vibrations; Energy; Energy Management Circuit; Maximum Power Point Tracking; Pneumatic Braking; Railway Freight Transportations; Vibration Energy Harvesting; Vibration-adaptive Maximum Power Point Tracking; Wireless Electronically Controled Pneumatic Braking System; Budget Control","Conformal mapping; Conversion efficiency; Energy harvesting; Freight cars; Freight transportation; Inductive power transmission; Machine vibrations; Magnetic levitation vehicles; Railroad transportation; Railroads; Solar power generation; Stochastic systems; Suspensions (components); Vibration analysis; Braking system; Electromagnetic vibrations; Energy; Energy management circuit; Maximum Power Point Tracking; Pneumatic braking; Railway freight transportations; Vibration energy harvesting; Vibration-adaptive maximum power point tracking; Wireless electronically controled pneumatic braking system; Budget control","Article","Final","","Scopus","2-s2.0-85203788488"
"H., Singh, Harwinder; H., Singh, Harminder; K., Singh, Kuldeep; S., Singh, Sukhmandeep; K., Singh, Khushmeet; J., Kaur, Jaspreet; A.K., Singh, Amandeep K.","Singh, Harwinder (60000079700); Singh, Harminder (57199030632); Singh, Kuldeep (57216243325); Singh, Sukhmandeep (59386472300); Singh, Khushmeet (59386347900); Kaur, Jaspreet (57203216159); Singh, Amandeep K. (58688349700)","60000079700; 57199030632; 57216243325; 59386472300; 59386347900; 57203216159; 58688349700","Machine learning enabled smart human activity monitoring using corn husk based eco-friendly triboelectric nanogenerator","2025","International Journal of Green Energy","22","8","","1602","1617","0","2","10.1080/15435075.2024.2437511","https://www.scopus.com/inward/record.uri?eid=2-s2.0-85211192775&doi=10.1080%2F15435075.2024.2437511&partnerID=40&md5=6942c572f7a9ff7ef301f312c546cc7b","The keys to success in health status clinical investigations, fitness services, and several other related fields are accurate identification of human actions. In this study, the machine learning is integrated with corn husk based biodegradable and environment friendly triboelectric nanogenerator (TENG). This self-powered sensor designed and fabricated in this present study is used for smart human activity monitoring. We devote our focus on using biodegradable materials to make environmentally friendly devices as a green energy source. The corn husk used in this study is a natural agriculture waste by-product. This corn husk based sensor is capable of generating 140 volts and charging various commercial capacitors. This eco-friendly sensing device is also tested as a wearable sensor to gather data and track the user’s physical activity, such as jumping, running, and walking. For accurate prediction of human activity, the designed corn husk based sensor is coupled with an extra randomized tree and random forest-based machine learning model. These models achieve a 98.89% and 98.33% accuracy rate in identifying the user’s three activities. The research presents a novel strategy to support tailored applications of TENG sensors in human motion tracking and enables the development of intelligent, self-sufficient systems for novel uses. © 2025 Elsevier B.V., All rights reserved.","Artificial Intelligence; Biodegradable; Corn Husk; Energy Harvesting; Human Activity Monitoring; Machine Learning; Triboelectric Nanogenerator (teng); Nanoclay; Biodegradable; Clinical Investigation; Corn Husks; Eco-friendly; Energy; Health Status; Human Activity Monitoring; Machine-learning; Nanogenerators; Triboelectric Nanogenerator; Smart Agriculture; Biodegradation; Electronic Equipment; Human Activity; Machine Learning; Monitoring; Power Generation","Nanoclay; Biodegradable; Clinical investigation; Corn husks; Eco-friendly; Energy; Health status; Human Activity Monitoring; Machine-learning; Nanogenerators; Triboelectric nanogenerator; Smart agriculture; biodegradation; electronic equipment; human activity; machine learning; monitoring; power generation","Article","Final","","Scopus","2-s2.0-85211192775"
"M.I., Kaplin, Mykola I.; V., Makarov, Vitaliy; Y., Shcherbyna, Yevhen; T., Bilan, Tetiana; M., Perov, Mykola; A.O., Zaporozhets, Artur O.","Kaplin, Mykola I. (57210208043); Makarov, Vitaliy (57222556498); Shcherbyna, Yevhen (58480022400); Bilan, Tetiana (57216341118); Perov, Mykola (57222550068); Zaporozhets, Artur O. (57192642007)","57210208043; 57222556498; 58480022400; 57216341118; 57222550068; 57192642007","Modeling of Energy Supply Systems Based on the Concept of Self-Sufficiency of Local Energy System","2025","Studies in Systems, Decision and Control","596","","","119","137","0","0","10.1007/978-3-031-90462-2_6","https://www.scopus.com/inward/record.uri?eid=2-s2.0-105009461368&doi=10.1007%2F978-3-031-90462-2_6&partnerID=40&md5=441df70f5009865d572693fedfb680c9","The global trend of gradual decentralization of energy supply and rapid development of distributed generation is becoming particular relevant for the energy system of Ukraine, which is in a critical state due to the deliberate destruction of energy facilities as a result of military operations. Stable and reliable energy supply at the regional level in order to increase the energy resilience of territorial communities in the face of military threats requires the integration of all available energy sources, renewable and traditional, energy production, storage and supply facilities into the local energy system to provide electricity and heat to a particular region, city or village. The article reviews the recent research on local hybrid systems based on renewable energy sources, including battery energy storage systems. An overview of modern models of energy systems is given, taking into account the rapid development of the concept of distributed multi-generation. To solve the problem of energy supply at the regional level, an approach to modeling energy provisioning based on self-sufficient local energy systems is proposed, an economic-mathematical model of production type is developed to predict the structure and volumes of energy supply, taking into account alternative ways of using renewable energy sources. The model uses the specific structure of technological methods of L.V. Kantorovich and the list of indicators of the product energy balance of the International Energy Agency. A representation of the structure of product and technological links of the energy supply system in the form of a network model has been developed, which allowed to create a single representation of electricity and heat production facilities, mining and enrichment enterprises, and energy consumers. The proposed modeling approach based on the concept of self-sufficiency of local energy systems can be used to determine the most sustainable structure and optimal topology of subsystems based on the predominant use of local energy resources and distributed low-capacity generation to improve the reliability of energy supply in the country as a whole. © 2025 Elsevier B.V., All rights reserved.","Distributed Generation; Energy Self-sufficient System; Energy Supply; Model Of Production Type","","Book chapter","Final","","Scopus","2-s2.0-105009461368"
"K.S., Shindagi, Kunaal Shirish; K.V., Koppad, Khushi Vikram; P.R., Ekbote, Pooja Rajendra; N.K., Bhandare, Nagraj Krishna; D.D., Revankar, Darshan Digambar; P.K., Sonwalkar, Prakash K.; B., Fadanis, Bharateesh; S., J, Shreyas","Shindagi, Kunaal Shirish (59217201700); Koppad, Khushi Vikram (59217911300); Ekbote, Pooja Rajendra (59928325900); Bhandare, Nagraj Krishna (59928380500); Revankar, Darshan Digambar (59928326000); Sonwalkar, Prakash K. (57539743300); Fadanis, Bharateesh (59928432300); J, Shreyas (57211623371)","59217201700; 59217911300; 59928325900; 59928380500; 59928326000; 57539743300; 59928432300; 57211623371","Federated Learning for Enhancing Cybersecurity in IoT-Integrated 6G Networks: Challenges, Opportunities, and Future Directions","2025","Advanced Sciences and Technologies for Security Applications","Part F458","","","249","262","0","0","10.1007/978-3-031-85008-0_12","https://www.scopus.com/inward/record.uri?eid=2-s2.0-105007232400&doi=10.1007%2F978-3-031-85008-0_12&partnerID=40&md5=61d5b5334808a3ddffcfa11468b93c84","The emergence of sixth-generation (6G) networks portends groundbreaking changes including artificial intelligence-driven applications, ultra-low latency, and massive interaction. These capabilities are further strengthened by the gradual integration of the Internet of Things (IoT) into 6G networks, enabling promotes seamless interaction throughout billions of devices and facilitates intelligent and self-sufficient systems. But because 6G-IoT ecosystems have become disorganized as well as diverse, these advancements also bring alongside them substantial cybersecurity, scalability, and resource efficiency concerns. The insufficient capacity of conventional centralized safety mechanisms to adapt to these complexities demands innovative approaches. The implementation of IoT into 6G networks is explored in the current investigation, alongside the potential benefits of Federated Learning (FL) as an alternative for new problems. By facilitating decentralized model training across IoT devices, FL diminishes dependence on centralized data aggregation while safeguarding data privacy. Significant challenges are investigated, covering topics like integrating diversified IoT data, decreasing communication overhead, maintaining energy efficiency, and addressing scalability over billions of IoT-enabled devices. For the purpose of to further enhance 6G-IoT cybersecurity, FL integration using technologies like blockchain and quantum communication is also evaluated. Through the process of the formulation of a robust FL framework, this dissertation paves a path for fostering the development of resource-efficient, scalable, and privacy-preserving mechanisms that are effectively tailored to the dynamic circumstances of 6G-IoT networks. © 2025 Elsevier B.V., All rights reserved.","6g Networks; Cybersecurity; Cybersecurity; Federated Learning (fl); Internet Of Things (iot); Intrusion Detection Systems (ids); Non-iid Data Handling; Scalable Iot Frameworks","","Book chapter","Final","","Scopus","2-s2.0-105007232400"
"M., Nie, Mengzhen; J., Wang, Jingyu; Z., Chen, Zeyao; C., Cao, Chenkai; K., Zhang, Kechun","Nie, Mengzhen (58506802800); Wang, Jingyu (56720944500); Chen, Zeyao (58794657600); Cao, Chenkai (58794657700); Zhang, Kechun (55474997200)","58506802800; 56720944500; 58794657600; 58794657700; 55474997200","Systematic engineering enables efficient biosynthesis of L-phenylalanine in E. coli from inexpensive aromatic precursors","2024","Microbial Cell Factories","23","1","12","","","0","6","10.1186/s12934-023-02282-0","https://www.scopus.com/inward/record.uri?eid=2-s2.0-85181447058&doi=10.1186%2Fs12934-023-02282-0&partnerID=40&md5=4a62082651b56a928d48b49d582134da","Background: L-phenylalanine is an essential amino acid with various promising applications. The microbial pathway for L-phenylalanine synthesis from glucose in wild strains involves lengthy steps and stringent feedback regulation that limits the production yield. It is attractive to find other candidates, which could be used to establish a succinct and cost-effective pathway for L-phenylalanine production. Here, we developed an artificial bioconversion process to synthesize L-phenylalanine from inexpensive aromatic precursors (benzaldehyde or benzyl alcohol). In particular, this work opens the possibility of L-phenylalanine production from benzyl alcohol in a cofactor self-sufficient system without any addition of reductant. Results: The engineered L-phenylalanine biosynthesis pathway comprises two modules: in the first module, aromatic precursors and glycine were converted into phenylpyruvate, the key precursor for L-phenylalanine. The highly active enzyme combination was natural threonine aldolase LtaE<inf>P.p</inf> and threonine dehydratase A8H<inf>B.t</inf>, which could produce phenylpyruvate in a titer of 4.3 g/L. Overexpression of gene ridA could further increase phenylpyruvate production by 16.3%, reaching up to 5 g/L. The second module catalyzed phenylpyruvate to L-phenylalanine, and the conversion rate of phenylpyruvate was up to 93% by co-expressing PheDH and FDHV120S. Then, the engineered E. coli containing these two modules could produce L-phenylalanine from benzaldehyde with a conversion rate of 69%. Finally, we expanded the aromatic precursors to produce L-phenylalanine from benzyl alcohol, and firstly constructed the cofactor self-sufficient biosynthetic pathway to synthesize L-phenylalanine without any additional reductant such as formate. Conclusion: Systematical bioconversion processes have been designed and constructed, which could provide a potential bio-based strategy for the production of high-value L-phenylalanine from low-cost starting materials aromatic precursors. © 2024 Elsevier B.V., All rights reserved.","Aromatic Precursors; Benzaldehyde; Benzyl Alcohol; Engineering; Escherichia Coli; L-phenylalanine; Benzaldehyde; Benzyl Alcohol; Formic Acid; Fructose Bisphosphate Aldolase; Glycine; Phenylalanine; Phenylpyruvic Acid; Threonine Ammonia Lyase; Benzaldehyde; Benzaldehydes; Benzyl Alcohol; Phenylalanine; Phenylpyruvic Acid; Reducing Agents; Benzaldehyde; Benzyl Alcohol; Formic Acid; Fructose Bisphosphate Aldolase; Glycine; Phenylalanine; Phenylpyruvic Acid; Threonine Aldolase; Threonine Ammonia Lyase; Unclassified Drug; Benzaldehyde Derivative; Reducing Agent; Amino Acid Synthesis; Article; Bacterial Strain; Biotransformation; Catalysis; Controlled Study; Engineering; Escherichia Coli; Gene; Gene Overexpression; Nonhuman; Plasmid; Protein Expression; Rida Gene; Genetics; Benzaldehydes; Benzyl Alcohol; Phenylalanine; Reducing Agents","benzaldehyde; benzyl alcohol; formic acid; fructose bisphosphate aldolase; glycine; phenylalanine; phenylpyruvic acid; threonine aldolase; threonine ammonia lyase; unclassified drug; benzaldehyde derivative; reducing agent; amino acid synthesis; Article; bacterial strain; biotransformation; catalysis; controlled study; engineering; Escherichia coli; gene; gene overexpression; nonhuman; plasmid; protein expression; ridA gene; genetics; Benzaldehydes; Benzyl Alcohol; Phenylalanine; Reducing Agents","Article","Final","All Open Access; Gold Open Access; Green Accepted Open Access; Green Open Access","Scopus","2-s2.0-85181447058"
"R., Ghedamsi, Rébha; D., Messaoudi, Djilali; N., Saifi, Nadia; N., Settou, Noureddine; B., Recioui, Bakhta; S., Rahmouni, Soumia; Y., Mokhbi, Yasmina","Ghedamsi, Rébha (56315597600); Messaoudi, Djilali (57209279648); Saifi, Nadia (37015020300); Settou, Noureddine (15133041100); Recioui, Bakhta (56676280700); Rahmouni, Soumia (56315338800); Mokhbi, Yasmina (56316083600)","56315597600; 57209279648; 37015020300; 15133041100; 56676280700; 56315338800; 56316083600","Technical and economic assessment of hydrogen-based electricity generation from PV sources in tertiary buildings: a case study of a hospital building in Algeria","2024","Environmental Science and Pollution Research","31","46","","57275","57286","0","0","10.1007/s11356-024-33666-3","https://www.scopus.com/inward/record.uri?eid=2-s2.0-85193056707&doi=10.1007%2Fs11356-024-33666-3&partnerID=40&md5=3dfd035cce9e6132fa4df78d76921ebb","The largest anthropogenic source of carbon dioxide emissions is the global energy system, which means transforming the global energy system is one of the most significant ways to reduce greenhouse gas emissions and mitigate climate change. Buildings play a critical role in our transition to a lower-carbon future, accounting for approximately 47% of global energy consumption and about 25% of global greenhouse gas emissions. Renewable hydrogen represents one of the most environmentally friendly options for energy generation. This study presents an energetic, economic, and environmental impact of a self-sufficient system for energy production from renewable energy sources in buildings. To achieve this objective, a hydrogen-based generation system was selected to meet all the electrical requirements of tertiary building in Algeria throughout the year. The results indicate that the hybrid renewable energy system can avoid the emission of approximately 1056 tons of carbon dioxide per year. Furthermore, the payback period is 7 years. These results clearly demonstrate that the integration of hydrogen energy in buildings is the optimal choice for environmental sustainability. © 2024 Elsevier B.V., All rights reserved.","Buildings; Environmental Impact; Hydrogen; Life Cycle Assessment; Renewable Energy; Carbon Dioxide; Hydrogen; Carbon Dioxide; Greenhouse Gases; Hydrogen; Buildings; Carbon Dioxide; Economic Analysis; Energy Utilization; Environmental Impact; Gas Emissions; Global Warming; Greenhouse Gases; Hydrogen Production; Investments; Life Cycle; Sustainable Development; Algeria; Economic Assessments; Electricity-generation; Energy Systems; Global Energy; Greenhouse Gas Emissions; Life Cycle Assessment; Renewable Energies; Technical Assessment; Tertiary Building; Renewable Energy; Alternative Energy; Anthropogenic Source; Carbon Dioxide Enrichment; Electricity Generation; Environmental Impact; Greenhouse Gas; Life Cycle Analysis; Carbon Dioxide; Hydrogen; Electricity; Hospital; Renewable Energy; Carbon Dioxide; Electricity; Greenhouse Gases; Hospitals; Hydrogen; Renewable Energy","Buildings; Carbon dioxide; Economic analysis; Energy utilization; Environmental impact; Gas emissions; Global warming; Greenhouse gases; Hydrogen production; Investments; Life cycle; Sustainable development; Algeria; Economic assessments; Electricity-generation; Energy systems; Global energy; Greenhouse gas emissions; Life cycle assessment; Renewable energies; Technical assessment; Tertiary building; Renewable energy; alternative energy; anthropogenic source; carbon dioxide enrichment; electricity generation; environmental impact; greenhouse gas; life cycle analysis; carbon dioxide; hydrogen; electricity; hospital; renewable energy; Carbon Dioxide; Electricity; Greenhouse Gases; Hospitals; Hydrogen; Renewable Energy","Article","Final","","Scopus","2-s2.0-85193056707"
"P., Lahon, Pranobjyoti; A.B., Kandali, Aditya Bihar; U., Barman, Utpal; R.J., Konwar, Ruhit Jyoti; D., Saha, Debdeep; M.J., Saikia, Manob Jyoti","Lahon, Pranobjyoti (59170513600); Kandali, Aditya Bihar (26423083600); Barman, Utpal (59014126600); Konwar, Ruhit Jyoti (59269013800); Saha, Debdeep (57193653085); Saikia, Manob Jyoti (56046733400)","59170513600; 26423083600; 59014126600; 59269013800; 57193653085; 56046733400","Deep Neural Network-Based Smart Grid Stability Analysis: Enhancing Grid Resilience and Performance","2024","Energies","17","11","2642","","","0","7","10.3390/en17112642","https://www.scopus.com/inward/record.uri?eid=2-s2.0-85195851676&doi=10.3390%2Fen17112642&partnerID=40&md5=f159300cbbe983ffa1791fbcfd2e3cb9","With the surge in population growth, the demand for electricity has escalated, necessitating efficient solutions to enhance the reliability and security of electrical systems. Smart grids, functioning as self-sufficient systems, offer a promising avenue by facilitating bi-directional communication between producers and consumers. Ensuring the stability and predictability of smart grid operations is paramount to evaluating their efficacy and usability. Machine learning emerges as a crucial tool for decision-making amidst fluctuating consumer demand and power supplies, thereby bolstering the stability and reliability of smart grids. This study explores the performance of various machine learning classifiers in predicting the stability of smart grid systems. Utilizing a smart grid dataset obtained from the University of California’s machine learning repository, classifiers such as logistic regression (LR), XGBoost, linear support vector machine (Linear SVM), and SVM with radial basis function (SVM-RBF) were evaluated. Evaluation metrics, including accuracy, precision, recall, and F1 score, were employed to assess classifier performance. The results demonstrate high accuracy across all models, with the Deep Neural Network (DNN) model achieving the highest accuracy of 99.5%. Additionally, LR, linear SVM, and SVM-RBF exhibited comparable accuracy levels of 98.9%, highlighting their efficacy in smart grid stability prediction. These findings underscore the utility of machine learning techniques in enhancing the reliability and efficiency of smart grid systems. © 2024 Elsevier B.V., All rights reserved.","Deep Learning; Machine Learning; Reliability; Smart Grid; Stability; Classification (of Information); Decision Making; Deep Neural Networks; Learning Systems; Population Statistics; Radial Basis Function Networks; Reliability Analysis; Smart Power Grids; Support Vector Machines; Base Function; Deep Learning; Grid Stability; High-accuracy; Logistics Regressions; Machine-learning; Performance; Radial Basis; Smart Grid; Smart Grid Systems; Stability","Classification (of information); Decision making; Deep neural networks; Learning systems; Population statistics; Radial basis function networks; Reliability analysis; Smart power grids; Support vector machines; Base function; Deep learning; Grid stability; High-accuracy; Logistics regressions; Machine-learning; Performance; Radial basis; Smart grid; Smart grid systems; Stability","Article","Final","All Open Access; Gold Open Access; Green Accepted Open Access; Green Open Access","Scopus","2-s2.0-85195851676"
"J., Wu, Junhang; J., Liu, Jichun; Y., Wu, Yiyang","Wu, Junhang (58001424600); Liu, Jichun (25961015800); Wu, Yiyang (58091672900)","58001424600; 25961015800; 58091672900","Coordinated Capacity Configuration Method of Source and Storage for Energy Self-sufficient System in Remote Areas; 偏远地区能源自洽系统源储容量协同配置方法","2024","Dianwang Jishu/Power System Technology","48","5","","2031","2042","0","1","10.13335/j.1000-3673.pst.2023.2008","https://www.scopus.com/inward/record.uri?eid=2-s2.0-85193487938&doi=10.13335%2Fj.1000-3673.pst.2023.2008&partnerID=40&md5=3d5a3dde113107036825f6189133aeff","In recent years, numerous studies have been conducted on source and storage capacity configuration in remote areas closely related to wind and solar energy. However, configuring source and storage capacity in remote areas presents distinct challenges due to two significant factors. Firstly, the absence of historical meteorological data makes it difficult to assess the temporal operating characteristics of wind and solar resources. Secondly, the limited connectivity with the main power grid increases the probability of islanded operations. These characteristics challenge source and storage capacity configuration in remote areas, requiring the development of a self-sufficient energy system. To address these challenges, this paper proposes a bi-level optimization strategy for source and storage capacity configuration based on evaluating wind and solar resources while considering grid-connected and islanded operational states. The primary objective is to achieve energy self-sufficiency. First of all, we establish models for wind and solar power output characteristics based on resource endowments such as solar irradiance and wind speed. We then construct a set of typical temporal scenarios for wind and solar energy generation. Subsequently, we develop a bi-level capacity optimization and configuration model, which includes wind and solar power generation, energy storage, and electric vehicles. The study also introduces corresponding model transformation and solution strategies. At the planning layer, the optimization objective is to minimize the overall system cost, determining the capacity allocation for wind, solar, and energy storage. At the operational layer, we consider multi-objective optimization, focusing on minimizing the annual operating costs while simultaneously optimizing grid-connected and islanded performance metrics. Finally, simulation results demonstrate the proposed model's applicability for the remote energy self-sufficient system. The resulting source and storage configuration reduces dependence on the main power grid, promotes local integration of renewable energy sources, and mitigates load-shedding losses. © 2024 Elsevier B.V., All rights reserved.","Capacity Configuration; Energy Self-sufficiency; Multi-objective Evolutionary Algorithm; Remote Area; Renewable Energy Scenario; Digital Storage; Electric Load Shedding; Energy Storage; Evolutionary Algorithms; Meteorology; Multiobjective Optimization; Operating Costs; Solar Energy Conversion; Solar Power Generation; Wind; Capacity Configuration; Energy; Energy Scenarios; Energy Self-sufficiency; Multi-objective Evolutionary Algorithm; Remote Areas; Renewable Energies; Renewable Energy Scenario; Storage Capacity; Wind Resources; Solar Energy","Digital storage; Electric load shedding; Energy storage; Evolutionary algorithms; Meteorology; Multiobjective optimization; Operating costs; Solar energy conversion; Solar power generation; Wind; Capacity configuration; Energy; Energy scenarios; Energy self-sufficiency; Multi-Objective Evolutionary Algorithm; Remote areas; Renewable energies; Renewable energy scenario; Storage capacity; Wind resources; Solar energy","Article","Final","","Scopus","2-s2.0-85193487938"
"A., Malzac, Agathe; M., Jouven, Magali; P., Fabre, Patrick","Malzac, Agathe (59123168600); Jouven, Magali (13604627000); Fabre, Patrick (59121032500)","59123168600; 13604627000; 59121032500","The mobility of herds in southern France: past, present and future.; La mobilité des troupeaux dans le sud de la France: hier, aujourd’hui et demain","2024","Inra Productions Animales","37","1","","","","0","2","10.20870/productions-animales.2024.37.1.7673","https://www.scopus.com/inward/record.uri?eid=2-s2.0-85192791439&doi=10.20870%2Fproductions-animales.2024.37.1.7673&partnerID=40&md5=96faca853a7e8e73246b938a905af8a7","This paper provides a literature review about herd mobility in southern France, with a focus on its technical and organizational aspects. Data from 30 interviews carried out by the authors provide the farmer’s perceptions. Mobility can be local or long-distance, and may or may not involve elevation changes. Seasonal mobility along an elevation gradient is well-known: summer transhumance to the high pastures, winter transhumance to lowlands and peri-Mediterranean areas. Transhumance in southern France has been known for centuries, and its practice has evolved over time. In the XXI° century, it remains widespread and mobilizes modern means and technologies. Whatever its form, mobility enables to offer the herd, as long as possible, sufficient pastoral resources; therefore, it promotes efficient and self-sufficient systems. The temporary presence of herds is compatible with the multi-purpose use of natural areas. Where practiced, mobility saves inputs, may reduce the farmer’s workload and ensures the animals’ welfare. Its implementation requires sanitary precautions and proper coordination between the different actors. The steady increase in wolf predation pressure represents a major obstacle to herd mobility, especially for sheep. In order to maintain or develop mobility, new predation management tools (hardware, legislation, administration) should be provided, the practice should be better documented and the support to the multi-use of pastoral areas should be continued. © 2024 Elsevier B.V., All rights reserved.","","","Article","Final","All Open Access; Gold Open Access; Green Accepted Open Access; Green Open Access","Scopus","2-s2.0-85192791439"
"S., Zou, Shuping; B., Zhang, Bing; Y., Han, Yuyue; J., Liu, Jinlong; K., Zhao, Kuo; Y., Xue, Yaping; Y., Zheng, Yuguo","Zou, Shuping (29167667600); Zhang, Bing (58171518400); Han, Yuyue (58949492800); Liu, Jinlong (57216993962); Zhao, Kuo (57219339963); Xue, Yaping (16200398700); Zheng, Yuguo (57220010295)","29167667600; 58171518400; 58949492800; 57216993962; 57219339963; 16200398700; 57220010295","Design of a cofactor self-sufficient whole-cell biocatalyst for enzymatic asymmetric reduction via engineered metabolic pathways and multi-enzyme cascade","2024","Biotechnology Journal","19","3","2300744","","","0","9","10.1002/biot.202300744","https://www.scopus.com/inward/record.uri?eid=2-s2.0-85188341125&doi=10.1002%2Fbiot.202300744&partnerID=40&md5=3da9d194619cc7626d29fb9a9f6d5206","NAD(P)H-dependent oxidoreductases are crucial biocatalysts for synthesizing chiral compounds. Yet, the industrial implementation of enzymatic redox reactions is often hampered by an insufficient supply of expensive nicotinamide cofactors. Here, a cofactor self-sufficient whole-cell biocatalyst was developed for the enzymatic asymmetric reduction of 2-oxo-4-[(hydroxy)(-methyl)phosphinyl] butyric acid (PPO) to L-phosphinothricin (L-PPT). The endogenous NADP+ pool was significantly enhanced by regulating Preiss-Handler pathway toward NAD(H) synthesis and, in the meantime, introducing NAD kinase to phosphorylate NAD(H) toward NADP+. The intracellular NADP(H) concentration displayed a 2.97-fold increase with the strategy compared with the wild-type strain. Furthermore, a recombinant multi-enzyme cascade biocatalytic system was constructed based on the Escherichia coli chassis. In order to balance multi-enzyme co-expression levels, the strategy of modulating rate-limiting enzyme PmGluDH by RBS strengths regulation successfully increased the catalytic efficiency of PPO conversion. Finally, the cofactor self-sufficient whole-cell biocatalyst effectively converted 300 mM PPO to L-PPT in 2 h without the need to add exogenous cofactors, resulting in a 2.3-fold increase in PPO conversion (%) from 43% to 100%, with a high space-time yield of 706.2 g L−1 d−1 and 99.9% ee. Overall, this work demonstrates a technological example for constructing a cofactor self-sufficient system for NADPH-dependent redox biocatalysis. © 2024 Elsevier B.V., All rights reserved.","Cofactor Engineering; Cofactor Self-sufficient Biocatalyst; Enzymatic Asymmetric Reduction; L-phosphinothricin; Multienzyme Co-expression; Butyric Acid; Nicotinamide; Nicotinamide Adenine Dinucleotide Kinase; Nicotinamide Adenine Dinucleotide Phosphate; Oxidoreductase; Phosphinothricin; Reduced Nicotinamide Adenine Dinucleotide Phosphate; Nicotinamide Adenine Dinucleotide; Nad; Nadh, Nadph Oxidoreductases; Nadp; Butyric Acid; Cell Engineering; Enzymes; Redox Reactions; Asymmetric Reduction; Co-expression; Cofactor Engineering; Cofactor Self-sufficient Biocatalyst; Cofactors; Enzymatic Asymmetric Reduction; L-phosphinothricin; Multienzyme Co-expression; Phosphinothricin; Whole Cell Biocatalysts; Escherichia Coli; Butyric Acid; Coenzyme; Nicotinamide; Nicotinamide Adenine Dinucleotide Kinase; Nicotinamide Adenine Dinucleotide Phosphate; Oxidoreductase; Phosphinothricin; Reduced Nicotinamide Adenine Dinucleotide Phosphate; Nicotinamide Adenine Dinucleotide; Animal Cell; Article; Bacillus Subtilis; Biocatalysis; Biocatalyst; Catalysis; Catalyst; Catalytic Efficiency; Controlled Study; Corynebacterium Glutamicum; Enzyme Activity; Enzyme Degradation; Gene Knockout; Gene Overexpression; Genetic Recombination; Growth Rate; Heterologous Expression; Homeostasis; Kinetic Parameters; Liquid Chromatography-mass Spectrometry; Metabolic Engineering; Modulation; Nonhuman; Nuclear Magnetic Resonance; Oxidation Reduction Reaction; Pentose Phosphate Cycle; Process Optimization; Promoter Region; Protein Expression; Reduction (chemistry); Regulatory Mechanism; Signal Transduction; Synthesis; Type Strain; Whole Cell; Wild Type; Genetics; Metabolism; Metabolic Networks And Pathways; Nad; Nadh, Nadph Oxidoreductases; Nadp; Oxidation-reduction","Butyric acid; Cell engineering; Enzymes; Redox reactions; Asymmetric reduction; Co-expression; Cofactor engineering; Cofactor self-sufficient biocatalyst; Cofactors; Enzymatic asymmetric reduction; L-phosphinothricin; Multienzyme co-expression; Phosphinothricin; Whole cell biocatalysts; Escherichia coli; butyric acid; coenzyme; nicotinamide; nicotinamide adenine dinucleotide kinase; nicotinamide adenine dinucleotide phosphate; oxidoreductase; phosphinothricin; reduced nicotinamide adenine dinucleotide phosphate; nicotinamide adenine dinucleotide; animal cell; Article; Bacillus subtilis; biocatalysis; biocatalyst; catalysis; catalyst; catalytic efficiency; controlled study; Corynebacterium glutamicum; enzyme activity; enzyme degradation; gene knockout; gene overexpression; genetic recombination; growth rate; heterologous expression; homeostasis; kinetic parameters; liquid chromatography-mass spectrometry; metabolic engineering; modulation; nonhuman; nuclear magnetic resonance; oxidation reduction reaction; pentose phosphate cycle; process optimization; promoter region; protein expression; reduction (chemistry); regulatory mechanism; signal transduction; synthesis; type strain; whole cell; wild type; genetics; metabolism; Metabolic Networks and Pathways; NAD; NADH, NADPH Oxidoreductases; NADP; Oxidation-Reduction","Article","Final","","Scopus","2-s2.0-85188341125"
"F., Chang, Fangfang; Y., Wang, Yuheng; J., Zhang, Jie; T., Tu, Tao; H., Luo, Huiying; H., Huang, Huoqing; Y., Bai, Yingguo; X., Qin, Xing; Y., Wang, Yaru; B., Yao, Bin","Chang, Fangfang (58171691100); Wang, Yuheng (57210009860); Zhang, Jie (58298960100); Tu, Tao (54909825200); Luo, Huiying (9745685700); Huang, Huoqing (15020726900); Bai, Yingguo (9744419400); Qin, Xing (56651055600); Wang, Yaru (9747540500); Yao, Bin (35231782800)","58171691100; 57210009860; 58298960100; 54909825200; 9745685700; 15020726900; 9744419400; 56651055600; 9747540500; 35231782800","Efficient production of γ-aminobutyric acid using engineered Escherichia coli whole-cell catalyst","2024","Enzyme and Microbial Technology","174","","110379","","","0","7","10.1016/j.enzmictec.2023.110379","https://www.scopus.com/inward/record.uri?eid=2-s2.0-85179886769&doi=10.1016%2Fj.enzmictec.2023.110379&partnerID=40&md5=ddacc6eb53da77c71b1baab7bb83659a","γ-Aminobutyric acid (GABA) has been widely used in the food, feed, pharmaceutical, and chemical industry fields. Previously, we developed a whole-cell catalyst capable of converting L-glutamate (L-Glu) into GABA by overexpressing the glutamate decarboxylase gene (gadz11) from Bacillus sp. Z11 in Escherichia coli BL21(DE3). However, to enhance cell permeability, a freeze-thaw treatment is required, and to enhance GADZ11 activity, pyridoxal 5′-phosphate (PLP) must be added to the reaction system. The aim of this study is to provide a more efficient approach for GABA production by engineering the recombinant E. coli above. First, the inducible expression conditions of the gadz11 in E. coli were optimized to 37 °C for 6 h. Next, an ideal engineered strain was produced via increasing cell permeability by overexpressing sulA and eliminating PLP dependence by constructing a self-sufficient system. Furthermore, an efficient whole-cell biocatalytic process was optimized. The optimal substrate concentration, cell density, and reaction temperature were 1.0 mol/L (the molecular ratio of L-Glu to L-monosodium glutamate (L-MSG) was 4:1), 15 and 37 °C, respectively. Finally, a whole-cell bioconversion procedure was performed in a 3-L bioreactor under optimal conditions. The strain could be reused for at least two cycles with GABA yield, productivity and conversion ratio of 206.2 g/L, 117.8 g/L/h and 100.0%, respectively. This is currently the highest GABA productivity from a mixture of L-Glu and L-MSG reported without the addition of cofactors or additional treatment of cells. This work demonstrates that the novel engineered E. coli strain has the potential for application in large-scale industrial GABA production. © 2023 Elsevier B.V., All rights reserved.","Cell Permeability; Escherichia Coli; Plp Self-sufficient System; Whole-cell Bioconversion; Γ-aminobutyric Acid; 4 Aminobutyric Acid; Arabinose; Glutamate Decarboxylase; Glutamate Sodium; Glutamic Acid; Pyridoxal 5 Phosphate; Gamma-aminobutyric Acid; Glutamate Decarboxylase; Pyridoxal Phosphate; Sodium Glutamate; Amino Acids; Bacteriology; Bioconversion; Catalysts; Cells; Chemical Industry; Cytology; Cell Permeability; E. Coli; L-glutamate; Monosodium Glutamate; Pyridoxal 5′-phosphate; Pyridoxal 5′-phosphate Self-sufficient System; Whole Cell; Whole-cell Bioconversion; Whole-cell Catalysts; Γ-aminobutyric Acid; Escherichia Coli; 4 Aminobutyric Acid; Arabinose; Glutamate Decarboxylase; Glutamate Sodium; Glutamic Acid; Pyridoxal 5 Phosphate; Article; Bacillus; Biocatalysis; Biocatalyst; Biosynthesis; Biotransformation; Catalyst; Cell Density; Cell Division; Cell Membrane Permeability; Controlled Study; Crispr-cas9 System; Downstream Processing; Enzyme Activity; Fluorescence Intensity; Freeze Thawing; Gadz11 Gene; Gene; Nonhuman; Polyacrylamide Gel Electrophoresis; Productivity; Reaction Temperature; Substrate Concentration; Whole Cell; Genetics; Metabolism; Gamma-aminobutyric Acid; Glutamate Decarboxylase; Pyridoxal Phosphate; Sodium Glutamate","Amino acids; Bacteriology; Bioconversion; Catalysts; Cells; Chemical industry; Cytology; Cell permeability; E. coli; L-glutamate; Monosodium glutamate; Pyridoxal 5′-phosphate; Pyridoxal 5′-phosphate self-sufficient system; Whole cell; Whole-cell bioconversion; Whole-cell catalysts; γ-Aminobutyric acid; Escherichia coli; 4 aminobutyric acid; arabinose; glutamate decarboxylase; glutamate sodium; glutamic acid; pyridoxal 5 phosphate; Article; Bacillus; biocatalysis; biocatalyst; biosynthesis; biotransformation; catalyst; cell density; cell division; cell membrane permeability; controlled study; CRISPR-CAS9 system; downstream processing; enzyme activity; fluorescence intensity; freeze thawing; gadz11 gene; gene; nonhuman; polyacrylamide gel electrophoresis; productivity; reaction temperature; substrate concentration; whole cell; genetics; metabolism; gamma-Aminobutyric Acid; Glutamate Decarboxylase; Pyridoxal Phosphate; Sodium Glutamate","Article","Final","","Scopus","2-s2.0-85179886769"
"Z., Wang, Zhen; K., Fan, Kangqi; S., Zhao, Shizhong; S., Wu, Shuxin; X., Zhang, Xuan; K., Zhai, Kangjia; Z., Li, Zhiqi; H., He, Hua","Wang, Zhen (59649984400); Fan, Kangqi (9334619000); Zhao, Shizhong (58316344100); Wu, Shuxin (57923484500); Zhang, Xuan (57226171402); Zhai, Kangjia (58668439700); Li, Zhiqi (55621189000); He, Hua (58122084500)","59649984400; 9334619000; 58316344100; 57923484500; 57226171402; 58668439700; 55621189000; 58122084500","Archery-inspired catapult mechanism with controllable energy release for efficient ultralow-frequency energy harvesting","2024","Applied Energy","356","","122400","","","0","11","10.1016/j.apenergy.2023.122400","https://www.scopus.com/inward/record.uri?eid=2-s2.0-85181731104&doi=10.1016%2Fj.apenergy.2023.122400&partnerID=40&md5=dd88d16a48d53b5d1682102d8729a24d","Ultralow-frequency (< 5 Hz) vibration energy is abundant in the environment, but its efficient utilization is still highly difficult due to the frequency-mismatch problem encountered by the vibratory energy harvesters and the slow rotation of rotary energy harvesters (REHs). To solve this issue, we developed herein a high-performance REH (named AI-REH) based on the archery-inspired catapult mechanism, which breaks through the limitation of the slow vibration source to the REH rotation speed through an innovative magnetic coupling strategy between the vibration source and the AI-REH. By employing an accumulator spring as the energy reservoir, the AI-REH also realizes the accumulation and controllable release of ultralow-frequency vibration energy via the interaction between the magnetic coupling and the elastic force. High-speed kinetic energy can thus be acquired for efficiently powering the rotor, contributing to significantly accelerated rotor speeds and enhanced electric outputs. Compared with the traditional counterpart, the AI-REH achieves 3.6-fold increase in rotor speed, 3.5-fold increase in output voltage and 3.0-fold increase in output power under an ultralow-frequency vibration of 4 Hz. A power backpack was also constructed and tested, which demonstrates the superior capability of the AI-REH in harnessing real ultralow-frequency amplitude-varying vibration energy. The AI-REH proposed in this study provides a new pathway for efficiently exploiting environmental ultralow-frequency vibration energy toward self-sufficient systems with various purposes. © 2024 Elsevier B.V., All rights reserved.","Energy Harvesting; Low-powered Electronics; Motion Modulation; Ultralow-frequency Vibration; Frequency Modulation; Kinetic Energy; Kinetics; Magnetic Couplings; Energy Harvester; Energy Release; Frequency Vibration; Low-powered Electronic; Motion Modulation; Rotor Speed; Ultra Low Frequencies; Ultralow-frequency Vibration; Vibration Energies; Vibration Sources; Energy Harvesting; Electronic Equipment; Energy Efficiency; Kinetic Energy; Vibration","Frequency modulation; Kinetic energy; Kinetics; Magnetic couplings; Energy Harvester; Energy release; Frequency vibration; Low-powered electronic; Motion modulation; Rotor speed; Ultra low frequencies; Ultralow-frequency vibration; Vibration energies; Vibration sources; Energy harvesting; electronic equipment; energy efficiency; kinetic energy; vibration","Article","Final","","Scopus","2-s2.0-85181731104"
"S., Hartig, Sascha; M., Fette, Marc; J.P., Wulfsberg, Jens Peter","Hartig, Sascha (57221433614); Fette, Marc (8254799600); Wulfsberg, Jens Peter (6507805051)","57221433614; 8254799600; 6507805051","Integration of a ChatGPT-Supported Part Vectorizer into the Funnel-Sieve System – Optimization of Computer-Aided Production Planning in Temporarily Self-Sufficient Systems.; Integration eines ChatGPT-gestützten Part Vectorizers in das Trichter-Sieb-Modell Zur Optimierung der rechnergestützten Produktionsplanung für zeitweise autarke Systeme","2024","ZWF Zeitschrift fuer Wirtschaftlichen Fabrikbetrieb","119","1-2","","85","91","0","0","10.1515/zwf-2024-1022","https://www.scopus.com/inward/record.uri?eid=2-s2.0-85185198591&doi=10.1515%2Fzwf-2024-1022&partnerID=40&md5=c3d44a6b9366f47736536c0dc616b240","The ChatGPT-based Part Vectorizer transforms physical component characteristics into complexity vectors through user interaction, essential for computer-aided planning tools in Additive Manufacturing. The expansion of the Funnel Model by a complexity sieve forms the core of the Funnel-Sieve System, enabling precise production control within a level system. This approach combines AI with advanced planning models to enhance adaptability to changing requirements in temporarily autonomous systems. © 2024 Elsevier B.V., All rights reserved.","Additive Manufacturing; Artificial Intelligence; Complexity Vector; Computer-aided Planning Tools; Funnel Model; Production Management; Production Planning; Additives; Artificial Intelligence; Production Control; Sieves; Complexity Vector; Computer Aided Planning; Computer-aided; Computer-aided Planning Tool; Funnel Model; Planning Tools; Production Management; Production Planning; System Optimizations; Vectorizer; 3d Printing","Additives; Artificial intelligence; Production control; Sieves; Complexity vector; Computer aided planning; Computer-aided; Computer-aided planning tool; Funnel model; Planning tools; Production management; Production Planning; System optimizations; Vectorizer; 3D printing","Article","Final","All Open Access; Hybrid Gold Open Access","Scopus","2-s2.0-85185198591"
"J., Ahlskog, Jonas; O., Lagerspetz, Olli","Ahlskog, Jonas (56469048400); Lagerspetz, Olli (6506116859)","56469048400; 6506116859","The pincer movement of The Idea of a Social Science: Winch, Collingwood, and philosophy as a human science","2024","History of the Human Sciences","37","1","","28","46","0","0","10.1177/09526951231159225","https://www.scopus.com/inward/record.uri?eid=2-s2.0-85158921201&doi=10.1177%2F09526951231159225&partnerID=40&md5=73e495c429fd5cbe9b43f7333462386f","This article argues that, in order to understand Peter Winch's view of philosophy, it is profitable to read him together with R. G. Collingwood's philosophy of history. Collingwood was both an important source for Winch and a thinker engaged in a closely parallel philosophical pursuit. Collingwood and Winch shared the view that philosophy is an effort to understand the various ways in which human beings make reality intelligible. For both, this called for rapprochement between philosophy and the humanities. Like Collingwood, Winch wanted to reformulate philosophy as a form of human science. Both thinkers advanced a conception of logic where the validity of judgements, propositions, and thought are dependent on their function as instruments in human dialogue. In their treatments of logic, Winch and Collingwood were fleshing out their idea that questions concerning human meaningful behaviour also tie back to the question of what philosophical analysis is about. There is a deep connection between two main issues in both Collingwood's and Winch's writings: on the one hand, the need for ‘internal’ understanding of how human beings relate to reality, and on the other hand, their critique of the idea of logic as a self-sufficient system, external to historically embedded forms of life. At the core of their shared vision there was a comprehensive critique of metaphysical realism. © 2024 Elsevier B.V., All rights reserved.","Human Science; Metaphilosophy; Peter Winch; Philosophy Of History; R. G. Collingwood","","Article","Final","All Open Access; Green Final Open Access; Green Open Access; Hybrid Gold Open Access","Scopus","2-s2.0-85158921201"
"Z., Peng, Zhiyong; L., Wang, Le; L., Yi, Lei; J., Xu, Jialing; Z., Liu, Zhigang; H., Jin, Hui; B., Chen, Bin; L.J., Guo, Liejin Jin","Peng, Zhiyong (57204479554); Wang, Le (57225162357); Yi, Lei (57200213800); Xu, Jialing (57190373212); Liu, Zhigang (57929502300); Jin, Hui (35746068900); Chen, Bin (56228664400); Guo, Liejin Jin (35109029000)","57204479554; 57225162357; 57200213800; 57190373212; 57929502300; 35746068900; 56228664400; 35109029000","Performance assessment of an energetically self-sufficient system for hydrogen production from oilfield wastewater treated by supercritical water gasification","2024","International Journal of Hydrogen Energy","53","","","907","918","0","17","10.1016/j.ijhydene.2023.11.315","https://www.scopus.com/inward/record.uri?eid=2-s2.0-85178559820&doi=10.1016%2Fj.ijhydene.2023.11.315&partnerID=40&md5=d17503744c2233aa12f2ce55b461d17a","Oilfield wastewater with high moisture content can be efficiently treated by supercritical water gasification (SCWG) technology to produce hydrogen. This paper conducted a thermodynamic and environmental analysis of the oilfield wastewater SCWG system to provide optimization strategies. The waste heat utilization technology can enhance the heat integration of the system to reduce the exergy destruction and increase the H<inf>2</inf> yield. Sensitivity analysis showed that a ratio of preheating water to emulsion 3 can promote water-sensitive reactions to produce H<inf>2</inf> and save the H<inf>2</inf> needed to maintain the energetically self-sufficient system. Low system pressures, high feedstock preheating temperatures, and low oxidation reactor temperatures can reduce system energy destruction to obtain high H<inf>2</inf> yield and system efficiency. Meantime, the developed SCWG system has the potential to achieve natural enrichment of greenhouse gases after the H<inf>2</inf> separation has been completed. The use of waste heat utilization technology and carbon capture and storage (CCS) technology is expected to increase system efficiency to 53.43 % and reduce global warming potential (GWP) of 5.52 kg CO<inf>2</inf>-eq/kg H<inf>2</inf>. This work would be of great value to the process design and optimization for the SCWG system of oilfield wastewater. © 2023 Elsevier B.V., All rights reserved.","Hydrogen; Life Cycle Assessment; Oilfield Wastewater; Supercritical Water Gasification; Thermodynamic Analysis; Carbon Capture; Emulsification; Gasification; Greenhouse Gases; Hydrogen Production; Oil Well Flooding; Sensitivity Analysis; Thermoanalysis; Waste Heat; Waste Heat Utilization; Wastewater Treatment; Environmental Analysis; Gasification Technologies; High Moisture Contents; Life Cycle Assessment; Oilfield Wastewaters; Optimization Strategy; Performance Assessment; Supercritical Water Gasification; System Efficiency; Thermo Dynamic Analysis; Life Cycle","Carbon capture; Emulsification; Gasification; Greenhouse gases; Hydrogen production; Oil well flooding; Sensitivity analysis; Thermoanalysis; Waste heat; Waste heat utilization; Wastewater treatment; Environmental analysis; Gasification technologies; High moisture contents; Life cycle assessment; Oilfield wastewaters; Optimization strategy; Performance assessment; Supercritical water gasification; System efficiency; Thermo dynamic analysis; Life cycle","Article","Final","","Scopus","2-s2.0-85178559820"
"Q., Yuan, Qiong; J., Yin, Jia; L., Li, Ling; B., Bao, Benkai; X., Zhang, Xinyi; M., Li, Meiqi; Y., Tang, Yanli","Yuan, Qiong (57215687691); Yin, Jia (58722618100); Li, Ling (57756404500); Bao, Benkai (57312175000); Zhang, Xinyi (58723140600); Li, Meiqi (57312615300); Tang, Yanli (54411369600)","57215687691; 58722618100; 57756404500; 57312175000; 58723140600; 57312615300; 54411369600","Conjugated Polymer Composite Nanoparticles Augmenting Photosynthesis-Based Light-Triggered Hydrogel Promotes Chronic Wound Healing","2024","Advanced Science","11","3","2304048","","","0","22","10.1002/advs.202304048","https://www.scopus.com/inward/record.uri?eid=2-s2.0-85177812708&doi=10.1002%2Fadvs.202304048&partnerID=40&md5=99af562c88262df9d11597d1abc528fd","Diabetic chronic wounds are characterized by local hypoxia, impaired angiogenesis, and bacterial infection. In situ, self-supply of dissolved oxygen combined with the elimination of bacteria is urgent and challenging for chronic nonhealing wound treatment. Herein, an oxygen-generating system named HA-L-NB/PFE@cp involving biological photosynthetic chloroplasts (cp)/conjugated polymer composite nanoparticles (PFE-1-NPs@cp) and light-triggered hyaluronic acid-based (HA-L-NB) hydrogel for promoting diabetic wound healing is introduced. Briefly, conjugated polymer nanoparticles (PFE-1-NPs) possess unique light harvesting ability, which accelerates the electron transport rates in photosystem II (PS II) by energy transfer, elevating photosynthesis beyond natural chloroplasts. The enhanced release of oxygen can greatly relieve hypoxia, promote cell migration, and favor antibacterial photodynamic therapy. Additionally, the injectable hydrogel precursors are employed as a carrier to deliver PFE-1-NPs@cp into the wound. Under light irradiation, they quickly form a gel by S-nitrosylation coupling reaction and in situ anchor on tissues through amine-aldehyde condensation. Both in vitro and in vivo assays demonstrate that the oxygen-generating system can simultaneously relieve wound hypoxia, eliminate bacteria, and promote cell migration, leading to the acceleration of wound healing. This study provides a facile approach to develop an enhanced oxygen self-sufficient system for promoting hypoxic tissue, especially diabetic wound healing. © 2024 Elsevier B.V., All rights reserved.","Conjugated Polymer Nanoparticles; Hypoxia; Light-triggered Hydrogel; Photosynthesis; Wound Healing; Hyaluronic Acid; Oxygen; Hyaluronic Acid; Hydrogels; Oxygen; Composite Materials; Dissolved Oxygen; Electron Transport Properties; Energy Transfer; Hyaluronic Acid; Hydrogels; Nanoparticles; Oxygen Supply; Photodynamic Therapy; Photosynthesis; Tissue; Chronic Wounds; Composite Nanoparticles; Conjugated Polymer Nanoparticle; Diabetic Wounds; Generating System; Hypoxia; Light-triggered Hydrogel; Polymer Composite; Polymer Nanoparticles; Wound Healing; Bacteria; Hyaluronic Acid; Hydrogel; Oxygen; Diabetes Mellitus; Human; Hypoxia; Photosynthesis; Diabetes Mellitus; Humans; Hyaluronic Acid; Oxygen","Composite materials; Dissolved oxygen; Electron transport properties; Energy transfer; Hyaluronic acid; Hydrogels; Nanoparticles; Oxygen supply; Photodynamic therapy; Photosynthesis; Tissue; Chronic wounds; Composite nanoparticles; Conjugated polymer nanoparticle; Diabetic wounds; Generating system; Hypoxia; Light-triggered hydrogel; Polymer composite; Polymer nanoparticles; Wound healing; Bacteria; hyaluronic acid; hydrogel; oxygen; diabetes mellitus; human; hypoxia; photosynthesis; Diabetes Mellitus; Humans; Hyaluronic Acid; Oxygen","Article","Final","All Open Access; Gold Open Access; Green Accepted Open Access; Green Open Access","Scopus","2-s2.0-85177812708"
"S., Dash, Suvankar; S., Dewangan, Shashank; B.S., Prasad Mishra, Bhabani Shankar; R., Biswas, Rahul; S., Mishra, Subhashree; S.S., Mishra, Saahen Sriyan","Dash, Suvankar (59673479100); Dewangan, Shashank (59673633400); Prasad Mishra, Bhabani Shankar (37048783800); Biswas, Rahul (59184710500); Mishra, Subhashree (56693542700); Mishra, Saahen Sriyan (59673020400)","59673479100; 59673633400; 37048783800; 59184710500; 56693542700; 59673020400","Optimizing Urban Mobility: A Comprehensive Approach to Dynamic Traffic Flow Management","2024","Proceedings - International Conference on Computational Intelligence and Networks","","","","","","0","0","10.1109/CINE63708.2024.10881135","https://www.scopus.com/inward/record.uri?eid=2-s2.0-86000201840&doi=10.1109%2FCINE63708.2024.10881135&partnerID=40&md5=6edbe4ba7045fd7ce6e71fe2cc0b2db3","This study describes a novel dynamic traffic flow management system built for urban intersections to improve vehicle navigation and control. Using YOLOv8 for real-time vehicle recognition and categorization, the system efficiently prioritises emergency vehicles. Integration with the Easy-OCR Object Detection model makes number plate detection easier, and subsequent verification against the National Informatics Centre (NIC) database ensures conformity to emergency requirements. Advanced routing algorithms (A*, Dijkstra's, and BFS) are used to optimise network flows and reduce congestion globally, regardless of external mapping services such as Google Maps. This self-sufficient system demonstrates a scalable and secure solution to current traffic management. © 2025 Elsevier B.V., All rights reserved.","A; Cnn; Dijkstra; Easyocr; Iot; Path-finding; V2v/v2i; Yolov8; Advanced Traffic Management Systems; Advanced Vehicle Control Systems; Air Traffic Control; Emergency Traffic Control; Highway Administration; Image Segmentation; Intelligent Systems; Satellites; Traffic Congestion; Urban Transportation; A; Dijkstra; Dynamic Traffic Flow; Easyocr; Iot; Path Finding; Traffic Flow Management; Urban Mobility; V2v/v2i; Yolov8; Emergency Vehicles","Advanced traffic management systems; Advanced vehicle control systems; Air traffic control; Emergency traffic control; Highway administration; Image segmentation; Intelligent systems; Satellites; Traffic congestion; Urban transportation; A; Dijkstra; Dynamic traffic flow; EasyOCR; IoT; Path finding; Traffic flow management; Urban mobility; V2V/V2I; YOLOv8; Emergency vehicles","Conference paper","Final","","Scopus","2-s2.0-86000201840"
"W., Wang, Weiyi; K., Yan, Ke; X., Tian, Xinle; L., Jiang, Leyuan; Z., Zhu, Zhelun","Wang, Weiyi (59590044500); Yan, Ke (59589209500); Tian, Xinle (59587569600); Jiang, Leyuan (59589209600); Zhu, Zhelun (57453958100)","59590044500; 59589209500; 59587569600; 59589209600; 57453958100","Modular Lunar Settlement Concept Design for Long-term Habitation Located in Lava Tube","2024","Proceedings of the International Astronautical Congress, IAC","","","","564","573","0","0","10.52202/078382-0056","https://www.scopus.com/inward/record.uri?eid=2-s2.0-85218453222&doi=10.52202%2F078382-0056&partnerID=40&md5=8a1fe498ed43067b4773fc31c8feee49","""Space Architecture Workshop, Moon Village Edition""was held at the Department of Architecture at Xi'an Jiaotong-Liverpool University in December 2023. This paper presents one of the projects proposed by a team of 3 students, which aims to design a sustainable and expandable lunar settlement for long-term human staying. The design strategy consists of placing most of the settlement in a lava tube to gain natural protection, using prefabricated and inflatable fan-shaped modular units to promote transportation efficiency and utilisation flexibility. The proposed Moon Village has a sustainable self-sufficient system, and the internal functional layout is arranged based on the astronauts' daily schedule. The Moon Village will initially expand from surface to underground, where the water resource may be located. In the future, it can be extended horizontally along the lava tubes and developed into a lunar underground city. © 2025 Elsevier B.V., All rights reserved.","Expandable Modules; Lava Tube Settlement; Modular Units; Moon Village; Sustainable Development; Design For Manufacturability; Concept Designs; Design Strategies; Expandable Module; Lava Tube Settlement; Liverpool University; Modular Units; Modulars; Moon Village; Space Architecture; Transportation Efficiency; Manned Space Flight","Design for manufacturability; Concept designs; Design strategies; Expandable module; Lava tube settlement; Liverpool University; Modular units; Modulars; Moon village; Space architecture; Transportation efficiency; Manned space flight","Conference paper","Final","","Scopus","2-s2.0-85218453222"
"K., Sredenšek, Klemen; E., Bahcic, Eva; E., Simonič, Eva; S., Seme, Sebastijan","Sredenšek, Klemen (57195300008); Bahcic, Eva (59483339200); Simonič, Eva (59334271300); Seme, Sebastijan (24315209900)","57195300008; 59483339200; 59334271300; 24315209900","Technical and Economic Analysis of Investment in a Self-Sufficient System Based on the New Network Tariff Model","2024","","","","","197","201","0","0","10.1109/SST61991.2024.10755362","https://www.scopus.com/inward/record.uri?eid=2-s2.0-85212874457&doi=10.1109%2FSST61991.2024.10755362&partnerID=40&md5=472deb4f27f1d7a5e3ee65a3215e4c1e","The paper presents a technical and economic analysis of investment in a self-sufficient system for a household consumer under the new network tariff model and electricity billing system in Slovenia. The paper compares the current system with the new system, as well as the scenarios of electricity production and consumption when the household consumer uses a photovoltaic system, a battery, or neither. The results indicate significantly lower electricity costs under the current system and a small difference in costs when a battery is added to the photovoltaic system under the new system. © 2024 Elsevier B.V., All rights reserved.","Battery; Current And New System; Electrical Energy; Photovoltaic Systems; Tariff Model; 'current; Battery; Current And New System; Current System; Economics Analysis; Electrical Energy; Electricity Billing System; Photovoltaic Systems; Tariff Model; Technical Analysis","'current; Battery; Current and new system; Current system; Economics analysis; Electrical energy; Electricity billing system; Photovoltaic systems; Tariff model; Technical analysis","Conference paper","Final","","Scopus","2-s2.0-85212874457"
"S., Chakraborty, Subhadip; B.P., Singh, Bhim P.; B.K., Panigrahi, Bijaya Ketan","Chakraborty, Subhadip (57456968100); Singh, Bhim P. (57226437448); Panigrahi, Bijaya Ketan (25637555100)","57456968100; 57226437448; 25637555100","Design and Implementation of an Adaptive Control for Seamless Operation of Multiple Rooftop Solar PV Systems for Remote Zones with Local Grid Support","2024","","","","","","","0","0","10.1109/TENSYMP61132.2024.10752161","https://www.scopus.com/inward/record.uri?eid=2-s2.0-85211935861&doi=10.1109%2FTENSYMP61132.2024.10752161&partnerID=40&md5=46ffd96b01db04a57c3e5f41a0932a33","In remote areas, access to reliable grid power is limited. In such areas, an integration of multiple rooftop solar photovoltaic systems (SPVSs) with a central battery forming local grid, enables collaborative power sharing for self-sufficient system operation utilizing battery power leveling features. However, challenges arise in ensuring seamless operation and maintaining power quality when connecting these systems to local grid. Ensuring voltage quality and injected current quality by each SPVS is necessary for sensitive connected loads and for reduced system line losses. Satisfying improved grid current quality requirements is necessary to make system operation aligned to the IEEE 1547-2018 standard. To resolve these challenges, this research proposes a multisource rooftop SPVS configuration connected to a battery supported local grid with seamless mode transition features to synchronize with grid depending on its availability. Control ensures stable system operation by providing backup power during periods of low solar generation or grid outages. Effectiveness of presented control is validated through simulation studies during several extreme test cases. © 2024 Elsevier B.V., All rights reserved.","Battery; Multiple Rooftop Spv Systems; Mvss-lms; Power Quality; Solar Energy; Synchronization; Adaptive Control Systems; Battery Management Systems; Electric Power System Control; Failure Analysis; Outages; Solar Concentrators; Structural Analysis; Structural Dynamics; Battery; Current Quality; Design And Implementations; Energy; Local Grids; Multiple Rooftop Spv System; Mvss-lms; Power; Solar Photovoltaic System; Systems Operation; Solar Power Generation","Adaptive control systems; Battery management systems; Electric power system control; Failure analysis; Outages; Solar concentrators; Structural analysis; Structural dynamics; Battery; Current quality; Design and implementations; Energy; Local grids; Multiple rooftop SPV system; MVSS-LMS; Power; Solar photovoltaic system; Systems operation; Solar power generation","Conference paper","Final","","Scopus","2-s2.0-85211935861"
"R., Thangamani, R.; R.K., Suguna, R. K.; G.K., Kamalam, G. K.","Thangamani, R. (58908950800); Suguna, R. K. (59150055000); Kamalam, G. K. (55027468100)","58908950800; 59150055000; 55027468100","Drones and Autonomous Robotics Incorporating Computational Intelligence","2024","","","","","243","296","0","6","10.1002/9781394175437.ch8","https://www.scopus.com/inward/record.uri?eid=2-s2.0-85207566047&doi=10.1002%2F9781394175437.ch8&partnerID=40&md5=32ca2eecc1f7bc8b9b0b25d32fad0e79","Computational intelligence (CI) has emerged as a powerful paradigm in the field of autonomous robotics and drones, enabling the development of intelligent, adaptive, and self- learning systems. This chapter explores the application of CI techniques in autonomous robotics and drones, focusing on the utilization of artificial intelligence, machine learning, and swarm intelligence algorithms to enhance navigation, perception, decision-making, and collaboration capabilities. The journey starts with an introduction to autonomous robotics and drones, outlining the challenges and opportunities in developing self-sufficient systems. It then delves into the fundamentals of CI, explaining the concepts of artificial intelligence, machine learning, and swarm intelligence, and their significance in autonomous systems. The core aspects of autonomous robotics and drones are addressed, including navigation and path planning, object detection and recognition, and adaptive control. It highlights the use of CI algorithms for intelligent decision-making, real-time object detection using deep learning, and cooperative navigation with swarm robotics. Furthermore, the abstract explores the emerging field of autonomous drone delivery systems, discussing the challenges and regulatory considerations involved in implementing efficient and safe drone delivery services. © 2024 Elsevier B.V., All rights reserved.","Autonomous Systems; Computational Intelligence; Considerations; Robotics And Drones","","Book chapter","Final","","Scopus","2-s2.0-85207566047"
"R., Nandhini, R.; G., Sumathi, G.; S., Ramya, S.; S., Thulasi, Saravanan; M.V., Ishwarya, M. V.; S., Murugan, Subbiah","Nandhini, R. (58175178900); Sumathi, G. (57722207000); Ramya, S. (57844544700); Thulasi, Saravanan (59371964000); Ishwarya, M. V. (57492472800); Murugan, Subbiah (59417666600)","58175178900; 57722207000; 57844544700; 59371964000; 57492472800; 59417666600","Advancing Patient Care for Autonomous Saline Level Alert System with Cloud-Based Isolation Forest Algorithm","2024","","","","","709","714","0","48","10.1109/ICESC60852.2024.10690111","https://www.scopus.com/inward/record.uri?eid=2-s2.0-85206644510&doi=10.1109%2FICESC60852.2024.10690111&partnerID=40&md5=dae3f96edd898cc161e201d49a623d69","This work presents a novel method for improving patient care by creating a self-sufficient system to detect saline levels using an Isolation Forest Algorithm (IFA) hosted on the cloud. Standard practices for checking saline levels in IV infusion systems often include human intervention, which might cause important discrepancies to go undetected for longer periods of time. It presents a system that uses machine learning to identify aberrant saline levels in real-time, improving patient safety and relieving healthcare providers of some of their workload. The IFA, a powerful anomaly detection tool that works particularly well with high-dimensional data like that produced by intravenous infusion devices, is at the heart of our strategy. It gains scalability, flexibility, and real-time processing capabilities crucial for early alerting in clinical settings by implementing our algorithm on the cloud. Extensive testing and validation with both synthetic and real-world datasets prove that our suggested approach reliably and effectively detects abnormal saline levels with few false alarms. By providing healthcare practitioners with prompt alerts of possible infusion anomalies and allowing proactive action to avert adverse events, the autonomous saline level alarm system has major implications for patient care. The technology provides smooth interaction with current healthcare infrastructure by moving computing duties to the cloud, which eliminates the need for extra hardware and maintenance burdens. © 2024 Elsevier B.V., All rights reserved.","Cloud Computing In Healthcare; Healthcare Automation; Healthcare Technology; Intravenous Therapy; Patient Safety; Anomaly Detection; Patient Treatment; Alert Systems; Cloud Computing In Healthcare; Cloud-based; Cloud-computing; Healthcare Automation; Healthcare Technology; Intravenous Therapies; Novel Methods; Patient Care; Patient Safety; Digital Storage","Anomaly detection; Patient treatment; Alert systems; Cloud computing in healthcare; Cloud-based; Cloud-computing; Healthcare automation; Healthcare technology; Intravenous therapies; Novel methods; Patient care; Patient safety; Digital storage","Conference paper","Final","","Scopus","2-s2.0-85206644510"
"L.R., Rodríguez de Lope, Laura Rodríguez; V.M., Maestre, Víctor M.; L.F., Diez, Luis Francisco; A., Ortiz, Alfredo; R., Agüero, Ramón; I., Ortiz Uribe, Inmaculada","Rodríguez de Lope, Laura Rodríguez (12789851900); Maestre, Víctor M. (57292632600); Diez, Luis Francisco (57206525024); Ortiz, Alfredo (55858151800); Agüero, Ramón (57304059000); Ortiz Uribe, Inmaculada (7006312029)","12789851900; 57292632600; 57206525024; 55858151800; 57304059000; 7006312029","Modeling a digital twin for the optimization of a self-supply energy system for residential use","2024","","","","","","","0","2","10.1109/SysCon61195.2024.10553483","https://www.scopus.com/inward/record.uri?eid=2-s2.0-85197364123&doi=10.1109%2FSysCon61195.2024.10553483&partnerID=40&md5=cf7e6daa01ca58f08ad87ea027259f40","The climate situation and the energy crisis have prompted a number of policies and strategies that foster the adoption of renewable energy sources. To tackle the intermittency and fluctuations associated with the operation of these sustainable energy sources, renewable hydrogen appears as an appealing solution to decarbonize different economic sectors. In this sense, the design and implementation of a hybrid renewable energy-hydrogen system has led to the first electrically self-sufficient social housing in Spain, located in the town of Novales (Cantabria). On the other hand, the digitization of this type of self-sufficient systems would allow automatic adaptation to changing situations, increasing energy efficiency. In this context, we introduce the design and initial implementation phases of a digital twin architecture that, using machine learning and artificial intelligence techniques, facilitates the optimization of the performance of the physical system by interacting with its control components. This involves the use of telemetry solutions that allow the capture and storage of data from the physical system itself, as well as from the environment, such as instance meteorological data. We also discuss some initial results of the digital twin, which features models of the electrical components of the physical system, based on both their logical behavior and machine learning techniques. © 2024 Elsevier B.V., All rights reserved.","Digital Twin; Hydrogen; Renewable Energy; Digital Storage; Energy Efficiency; Energy Policy; Housing; Machine Learning; Meteorology; Natural Resources; Economic Sectors; Energy Crisis; Energy Systems; Intermittency; Optimisations; Physical Systems; Renewable Energies; Renewable Energy Source; Renewable Hydrogens; Sustainable Energy Sources; Renewable Energy","Digital storage; Energy efficiency; Energy policy; Housing; Machine learning; Meteorology; Natural resources; Economic sectors; Energy crisis; Energy systems; Intermittency; Optimisations; Physical systems; Renewable energies; Renewable energy source; Renewable hydrogens; Sustainable energy sources; Renewable energy","Conference paper","Final","","Scopus","2-s2.0-85197364123"
"M.S., Hassan, Md Shakib; M.A.F., Siddique, Md Adnan Faisal; N., Mohammad, Nur; A.I., Ikram, Arafat Ibne","Hassan, Md Shakib (59284261800); Siddique, Md Adnan Faisal (57204513494); Mohammad, Nur (56365853900); Ikram, Arafat Ibne (58196590200)","59284261800; 57204513494; 56365853900; 58196590200","Performance Analysis of Machine Learning-Based Traditional and Ensemble Techniques for Smart Grid Stability Prediction","2024","","","","","1020","1025","0","2","10.1109/ICEEICT62016.2024.10534560","https://www.scopus.com/inward/record.uri?eid=2-s2.0-85195241798&doi=10.1109%2FICEEICT62016.2024.10534560&partnerID=40&md5=44503f08828829325cf7b64f7e02dba6","A smart grid is integral to the digitalized transformation of the electricity sector, employing self-sufficient systems that integrate information, telecommunication, and advanced power technologies. Artificial Intelligence (AI), particularly Machine Learning (ML), plays a crucial role in overcoming the limitations of traditional modeling techniques. ML enables intelligent decision-making in response to dynamic factors like changing customer energy demands or disruptions in power supply within smart grids. This paper compares Machine Learning-Based Traditional and Ensemble techniques for predicting smart grid stability, utilizing an augmented dataset from Kaggle. For optimization, various classifiers and Ensemble Techniques, including Bagging, Boosting, Stacking, and Voting, were implemented with hyperparameter tuning. The experimental study highlights that ML-based Ensemble Techniques, with optimized parameters, outperform individual traditional techniques, showcasing higher accuracy and overall superior performance. A comprehensive comparative analysis based on evaluation metrics such as accuracy, precision, recall, F1-score, and ROC emphasizes the potential of these techniques to enhance the efficiency of predicting smart grid stability. © 2024 Elsevier B.V., All rights reserved.","Bagging; Boosting; Ensemble Technique; Hyper-parameter; Machine Learning Classifier; Smart Grid Stability Prediction; Stacking; Adaptive Boosting; Decision Making; Forecasting; Machine Learning; Stability; Bagging; Boosting; Ensemble Techniques; Grid Stability; Hyper-parameter; Learning Classifiers; Machine Learning Classifier; Machine-learning; Smart Grid; Smart Grid Stability Prediction; Stability Prediction; Stackings; Smart Power Grids","Adaptive boosting; Decision making; Forecasting; Machine learning; Stability; Bagging; Boosting; Ensemble techniques; Grid stability; Hyper-parameter; Learning classifiers; Machine learning classifier; Machine-learning; Smart grid; Smart grid stability prediction; Stability prediction; Stackings; Smart power grids","Conference paper","Final","","Scopus","2-s2.0-85195241798"
"M., Temiz, Mert; I., Dincer, I.","Temiz, Mert (57205595040); Dincer, I. (56278550500)","57205595040; 56278550500","Cleaner production of energy and fuels from a renewable energy-based self-sufficient system with energy storage options","2023","Journal of Energy Storage","72","","108415","","","0","7","10.1016/j.est.2023.108415","https://www.scopus.com/inward/record.uri?eid=2-s2.0-85166333308&doi=10.1016%2Fj.est.2023.108415&partnerID=40&md5=61392666caf5edf8890bfd4653d87112","The present study investigates a newly developed solar and wind-driven integrated energy system to achieve self-sufficiency for communities in a sustainable fashion. In order to overcome the fluctuating nature of solar and wind sources, energy storage options are considered through reliable meteorological data and capacities. The non-thermal electricity, heat, and cooling demands of a community with 65,000 people are met by using a 340 MW wind farm and 1500 MWp linear Fresnel concentrated solar system coupled with thermal energy storage. The integrated system consists of a wind farm with 170 wind turbines, linear Fresnel concentrated solar plant, molten salt energy storage tanks, steam Rankine cycle, lithium-bromide absorption refrigeration cycle, anion exchange membrane electrolysis unit, multi-effect distillation desalination unit, district heating system. Both steady-state analysis for different operating conditions and time-dependent analysis with changing source and load data are carried out from energy and exergy aspects of thermodynamics. The proposed system was able to meet 100 % of 363,344.7 MWh of electricity, 544,468.2 MWh of heat, and 192,112.7 MWh of cooling loads in a year; moreover, it generated 24,142 kt of fresh water and 38,843 t of hydrogen in a year, in order to exploit the excess and waste energy. For the overall integrated system, the average energy and exergy efficiencies are found to be 37.69 % and 28.27 %, respectively. In order to benefit from the full potential of wind and solar-based systems in a combined, the current study provides a unique solution with energy storage option and generates multiple useful outputs for the targeted communities in a sustainable manner. © 2023 Elsevier B.V., All rights reserved.","Efficiency; Energy; Energy Storage; Exergy; Hydrogen; Solar Energy; Sustainable Community; Thermal Energy Storage; Wind Energy; Cooling Systems; Desalination; Digital Storage; Distillation; District Heating; Electric Energy Storage; Electric Loads; Energy Efficiency; Exergy; Heat Storage; Hydrogen Storage; Meteorology; Solar Power Generation; Solar Thermal Energy; Wind Power; Cleaner Production; Concentrated Solar; Energy; Integrated Systems; Linear Fresnel; Renewable Energies; Solar And Winds; Sustainable Communities; Thermal Energy Storage; Wind Farm; Thermal Energy","Cooling systems; Desalination; Digital storage; Distillation; District heating; Electric energy storage; Electric loads; Energy efficiency; Exergy; Heat storage; Hydrogen storage; Meteorology; Solar power generation; Solar thermal energy; Wind power; Cleaner production; Concentrated solar; Energy; Integrated systems; Linear fresnel; Renewable energies; Solar and winds; Sustainable communities; Thermal energy storage; Wind farm; Thermal energy","Article","Final","","Scopus","2-s2.0-85166333308"
"S., Niju, Subramaniapillai; K., Priyadharshini, K.","Niju, Subramaniapillai (55660761200); Priyadharshini, K. (58262019600)","55660761200; 58262019600","A review on microbial fuel cell technology for Brewery industry wastewater treatment – From fundamentals to pilot scale studies","2023","Environmental Progress and Sustainable Energy","42","6","e14191","","","0","9","10.1002/ep.14191","https://www.scopus.com/inward/record.uri?eid=2-s2.0-85159712586&doi=10.1002%2Fep.14191&partnerID=40&md5=9927a6d28e4d7676383ad25f1fe3dfd0","Industries play an important role in the economic growth of any nation, whereas they release pollutants, which impact our environment seriously. Owing to the rapid climate change and global warming, our earth is searching for different sustainable energy technologies. Microbial fuel cell technology is emerging as one of the most versatile sustainable energy technology, with their ability to tap the energy stored in the wastewater and convert it directly into electrical energy. Though MFC research is still in its nascent stage, its theoretical superiority makes it a unique technology, which can be developed into a self-sufficient system for wastewater treatment in the near future. Brewery industries consume large quantities of water for beer production and hence release large quantities of wastewater. The chemical energy stored in the brewery wastewater could be converted into useful bioelectricity by MFC technology compared to other traditional wastewater treatment technologies, which are all energy intensive. Brewery wastewater, rich in biodegradable organic matter with their non-toxic nature, makes it a highly suitable substrate for MFC. It is one of the few substrates that have made it to pilot-scale studies worldwide. This study aims to review the microbial fuel cells with brewery wastewater as their substrate. It will elaborate the different configurations of MFCs employed for brewery wastewater so far, their power producing ability and wastewater treatment efficiency. The critical factors that influence these MFC systems will also be discussed. Finally, this article also identifies and suggests different strategies to improve the performance of such MFC systems. © 2023 Elsevier B.V., All rights reserved.","Bioelectricity; Brewery Wastewater; Microbial Fuel Cells; Pilot-scale Mfcs; Wastewater Treatment; Bioelectric Phenomena; Earth (planet); Economics; Electrophysiology; Energy Conservation; Global Warming; Microbial Fuel Cells; Reclamation; Substrates; Brewery Wastewater; Economic Growths; Electrical Energy; Energy; Fuel Cell Technologies; Pilot Scale; Pilot-scale Mfc; Pilot-scale Study; Rapid Climate Change; Sustainable Energy Technology; Wastewater Treatment","Bioelectric phenomena; Earth (planet); Economics; Electrophysiology; Energy conservation; Global warming; Microbial fuel cells; Reclamation; Substrates; Brewery wastewater; Economic growths; Electrical energy; Energy; Fuel cell technologies; Pilot scale; Pilot-scale MFC; Pilot-scale study; Rapid climate change; Sustainable energy technology; Wastewater treatment","Review","Final","","Scopus","2-s2.0-85159712586"
"E., Yousefi, Esmaeil; A., Abbas Nejad, Ali; N., Sayyar, Navid","Yousefi, Esmaeil (57782436700); Abbas Nejad, Ali (36150484500); Sayyar, Navid (57194559606)","57782436700; 36150484500; 57194559606","A new approach for simultaneous thermal management of hot and cold sides of thermoelectric modules","2023","Applied Thermal Engineering","233","","121156","","","0","10","10.1016/j.applthermaleng.2023.121156","https://www.scopus.com/inward/record.uri?eid=2-s2.0-85165012183&doi=10.1016%2Fj.applthermaleng.2023.121156&partnerID=40&md5=3e08e5daed255de28a1342a46c5b40d1","Thermoelectric generator systems are often exposed to unstable heat loads with high-amplitude temperature variations and there is a risk for overheating and system damage. One technique for stabilizing temperature fluctuations on thermoelectric module surfaces is utilization of phase change material. Nevertheless, the energy storage/release rate is slow due to its low thermal conductivity. This research deals with employing a foam-imbedded-phase change material on either side of the module to intensify the thermal conductivity and accelerate the heat dissipation. The thermal management strategy of the module was performed by embedding an energy storage unit on the hot side and zero-cooling energy system on the cold side. A system with external resistance over the module, integrated with phase change material containing copper foams on both sides, subjected to some heat loads, was investigated and compared with two other systems containing and lacking phase change material. A faster thermal diffusion occurred in hybrid arrangement of phase change material and foam, namely case 3, suggested a suitable alternative over the case containing only phase change material (case 2). Adding the foam enhances the heat flux through the phase change material by reducing the overall thermal resistance in the energy storage unit. Replacing the case 2 with new case 3 diminished the hot and cold side temperatures without decreasing the output voltage up to 8% and 7%, respectively. Case 3 produced energy for a longer time comparing case 2 before reaching the critical conditions. This study offers a practical solution for design of autonomous and self-sufficient systems with zero-cooling energy and higher safety under dynamic thermal sources. © 2023 Elsevier B.V., All rights reserved.","Heat Transfer Enhancement; Phase Change Material; Porous Metal Foam; Thermoelectric Generator; Transient Boundary Conditions; Cooling Systems; Electronic Equipment; Energy Storage; Heat Flux; Heat Resistance; Heat Transfer; Metal Foams; Storage (materials); Temperature Control; Temperature Distribution; Thermal Conductivity; Thermal Load; Thermoelectric Equipment; Thermoelectricity; Cold Side; Cooling Energy; Energy Storage Unit; Generator Systems; Heat Transfer Enhancement; New Approaches; Porous Metal Foam; Thermo-electric Modules; Thermoelectric Generators; Transient Boundary Condition; Phase Change Materials","Cooling systems; Electronic equipment; Energy storage; Heat flux; Heat resistance; Heat transfer; Metal foams; Storage (materials); Temperature control; Temperature distribution; Thermal conductivity; Thermal load; Thermoelectric equipment; Thermoelectricity; Cold side; Cooling energy; Energy storage unit; Generator systems; Heat Transfer enhancement; New approaches; Porous metal foam; Thermo-electric modules; Thermoelectric generators; Transient boundary condition; Phase change materials","Article","Final","","Scopus","2-s2.0-85165012183"
"J., Ramousse, J.; S., Pailh́s, Stéphane","Ramousse, J. (23493342700); Pailh́s, Stéphane (18134144700)","23493342700; 18134144700","Thermoelectric systems as an alternative to reverse cycle engines","2023","","","","","209","262","0","0","10.1002/9781394228881.ch6","https://www.scopus.com/inward/record.uri?eid=2-s2.0-85182537444&doi=10.1002%2F9781394228881.ch6&partnerID=40&md5=786fc73f82fa7dbb3a5a9bfea0e15fcb","Thermoelectricity (TE) today makes it possible to design devices in different industrial sectors such as micro/nano-electronics, automotive and aerospace for refrigeration and temperature control, design energy self-sufficient systems and also offers the opportunity for alternative energy by recycling waste heat into electricity. This chapter offers a current and pedagogical overview of TE and is structured into two main parts oriented to the use in heat pump mode. It discusses the physical mechanisms behind thermoelectric effects with the aim of providing a basic understanding of the challenges and strategies of current research. The chapter also discusses the implementation and performance of TE systems in heat pump mode in order to identify the prospects for improvement according to their integration. It then provides a summary of the main applications in order to illustrate the wide field of application of this technology. © 2024 Elsevier B.V., All rights reserved.","Heat Pump Mode; Physical Mechanisms; Temperature Control; Thermoelectricity Systems; Waste Heat","","Book chapter","Final","All Open Access; Green Final Open Access; Green Open Access","Scopus","2-s2.0-85182537444"
"A., Sarviha, Amir; E., Barati, Ebrahim","Sarviha, Amir (58476111200); Barati, Ebrahim (55986259800)","58476111200; 55986259800","Piezoelectric energy harvester for scavenging steady internal flow energy: a numerical investigation","2023","Journal of the Brazilian Society of Mechanical Sciences and Engineering","45","8","398","","","0","19","10.1007/s40430-023-04338-z","https://www.scopus.com/inward/record.uri?eid=2-s2.0-85164170064&doi=10.1007%2Fs40430-023-04338-z&partnerID=40&md5=1385ae9e82f2d2b0961e9de65c95866c","The wake-induced vibration of a thin piezoelectric (PZT) actuator is examined to explore some aspects of vortex-based energy harvesting. Simulations are conducted at Re = 200, various blockage ratios (0.08 ≤ b ≤ 0.5), and using the PZT actuator on the hosted diaphragm. The endeavor of the present investigation is to discover the effects of vortices and wall confinements at different longitudinal and lateral spacing ratios on the performance of PZT. As an objective of the current study, the aim is to determine the optimal position of the PZT to generate a significant amount of vibration so that maximum energy can be captured. Another connotation of this study regards the possibility of employing a flexible diaphragm on internal walls and harvesting energy, as a self-sufficient system, for remote sensing applications. The longitudinal distance between the center of the upstream cylinder and the center of the diaphragm varies (X <inf>D</inf> = 1.0–3.0), while the importance of the blockage ratio on energy harvesting is studied for a laminar flow. The effect of confinement has been incorporated into the present model so that the lift force of a bluff body can be expressed as a function of the blockage ratio. Assuming that the upstream cylinder is stationary, the flexible diaphragm and PZT in the wake of the cylinder can be considered fixed–fixed and cantilever, respectively. Initially, the influence of spacing ratio on downstream wake is investigated by modeling flow around a coupled cylinder-diaphragm. Based on the numerical results, key spacing ratios, longitudinally and laterally, are discovered and introduced for the second part of the simulation. Then, the dynamic response of a flexible PZT and its generated voltage are explored in the second part. Numerical investigations are conducted using two-way fluid structural interaction, and all necessary equations, including fluidic and structural equations, formulated and discussed methodically. Moreover, the present results provide a practical way of designing a system for capturing internal flow energy, which has been poorly documented up to now. © 2023 Elsevier B.V., All rights reserved.","Energy Harvester; Flexible Diaphragm; Internal Flow; Piezoelectric; Actuators; Cylinders (shapes); Diaphragms; Energy Harvesting; Laminar Flow; Piezoelectricity; Remote Sensing; Vortex Flow; Blockage Ratio; Energy Harvester; Flexible Diaphragms; Flow Energy; Internal Flows; Numerical Investigations; Piezoelectric; Piezoelectric Energy Harvesters; Spacing Ratio; Upstream Cylinders; Wakes","Actuators; Cylinders (shapes); Diaphragms; Energy harvesting; Laminar flow; Piezoelectricity; Remote sensing; Vortex flow; Blockage ratio; Energy Harvester; Flexible diaphragms; Flow energy; Internal flows; Numerical investigations; Piezoelectric; Piezoelectric energy harvesters; Spacing ratio; Upstream cylinders; Wakes","Article","Final","","Scopus","2-s2.0-85164170064"
"A., Patarot, Alexandre; N., Samama, Nel","Patarot, Alexandre (55605127500); Samama, Nel (13409686100)","55605127500; 13409686100","A Geodata Production System: To allow people to stay at home or follow medical equipments in the hospitals","2023","IRBM","44","2","100744","","","0","0","10.1016/j.irbm.2022.100744","https://www.scopus.com/inward/record.uri?eid=2-s2.0-85146901484&doi=10.1016%2Fj.irbm.2022.100744&partnerID=40&md5=52abd58f03a18d8119aa33013d6a4d7b","Objectives: The well-being of people depends in part on the sense of freedom, and one aspect is certainly the possibility for people to remain at home. However, there is a need for “following” the movements and, if possible, the activity of the person. The problem is that very few home systems make it possible to have these data at a reasonable price, and at an acceptable reliability level. We offer a simple to use, reliable and energy self-sufficient person location system. People are the first “targets”, but objects could be involved. Material and methods: The system is described and their performance analyzed in real conditions of use. The positioning algorithms are explained and the practical implementations described. Results: First results on the activity of a person at home are presented as well as some tracks on the type of data processing that could be considered. The simplicity of deployment is shown and the usefulness of the available data is discussed in the context of home care of an elderly person as well as the monitoring of hospital equipment. Conclusion: Our approach provides simplicity of implementation and very high reliability in real time, without aiming for high accuracy in all cases. Conceptually taking into account the high variability of indoor radio measurements makes it possible to significantly increase the reliability of the geo-data produced. Moreover, we will mention two real deployments and the associated performances obtained, carried out in order to follow the behavior of an old autonomous man living alone at home, and in another hand to follow the stretchers of the emergency department of a French hospital. © 2023 Elsevier B.V., All rights reserved.","Geo Data; Hospital; Medical Equipment Management; Person's Activity Sensing; Self-sufficient System; Stay At Home; Aged; Algorithm; Article; Controlled Study; Home Care; Human; Information Processing; Reliability; Reporting And Data System","aged; algorithm; Article; controlled study; home care; human; information processing; reliability; reporting and data system","Article","Final","","Scopus","2-s2.0-85146901484"
"H., Mikulčić, Hrvoje; J., Baleta, Jakov; Z., Zhang, Zhien; J.J., Klemeš, Jiří Jaromír","Mikulčić, Hrvoje (54409159200); Baleta, Jakov (56235816100); Zhang, Zhien (56048812600); Klemeš, Jiří Jaromír (56903012000)","54409159200; 56235816100; 56048812600; 56903012000","Sustainable development of energy, water and environmental systems in the changing world","2023","Journal of Cleaner Production","390","","135945","","","0","19","10.1016/j.jclepro.2023.135945","https://www.scopus.com/inward/record.uri?eid=2-s2.0-85146646576&doi=10.1016%2Fj.jclepro.2023.135945&partnerID=40&md5=38703223f816733d290f85f8fad81f3a","In the past few years, global pandemic and geopolitical events have impacted nearly every aspect of our lives, highlighting the importance of resilient and self-sufficient systems, adding another parameter to the complexity of today's world that is struggling with issues of overpopulation, limited resources, environmental conservation, and climate change. Resilient systems are imperative, and the aim of the present work is to review how the sustainable development of energy, water and environmental systems can support this goal. By building on the on the works of SDEWES Conference series recent advances in each area are underlined. It can be concluded that sustainable solutions should restore global unity by initially fostering national self-sufficiency goals. © 2023 Elsevier B.V., All rights reserved.","","","Editorial","Final","","Scopus","2-s2.0-85146646576"
"T., Puech, Thomas; F., Stark, Fabien","Puech, Thomas (56717763900); Stark, Fabien (57190132255)","56717763900; 57190132255","Diversification of an integrated crop-livestock system: Agroecological and food production assessment at farm scale","2023","Agriculture, Ecosystems and Environment","344","","108300","","","0","36","10.1016/j.agee.2022.108300","https://www.scopus.com/inward/record.uri?eid=2-s2.0-85144012717&doi=10.1016%2Fj.agee.2022.108300&partnerID=40&md5=85ef7f3b13e1337da1c27505c7c1dc62","Mixed farming systems are of interest in the search for sustainability because of their species diversity and the potential for synergy from integrating crops with livestock. However, their ability to maximize food production has been little addressed in the literature and deserves to be explored further. The issue of nutrient recycling raises questions about resource allocation between food crops, feed and animal products. This study, based on a whole farm system experiment conducted for approximately fifteen years in northeastern France, assesses the biotechnical processes and food production performance of two integrated mixed system configurations. These configurations differed both in their types of production (diversity in both livestock and crops) and in their overall strategies (striving for self-sufficiency vs. maximizing food-crop output). Taking a metabolic approach, the study evaluates biotechnical processes (by ecological network analysis and nutrient balances) and food production efficiency. Our results show that the configuration geared to maximizing food production is not the more productive but is the more efficient. In both cases, efficiency at the farm system scale is better than the efficiencies of each production. This confirms the importance of combining systemic and analytical approaches to better understand and act on the development of agroecological farming systems. We also show the importance, for a self-sufficient system, of having stocks in reserve to cope with unfavorable years. Finally, our study confirms the value of integrated mixed farming systems in terms of agroecology but highlights the need for (i) a closer consideration of their food production aspect and (ii) an analysis of the temporal dynamics of agrosystems and the trade-offs between food production and nutrient cycling. © 2022 Elsevier B.V., All rights reserved.","Crop-livestock Integration; Ecological Network Analysis; Food Efficiency; Organic Farming; Resilience; Agricultural Diversification; Agroecology; Food Production; Mixed Farming; Network Analysis; Organic Farming; Resilience; France","agricultural diversification; agroecology; food production; mixed farming; network analysis; organic farming; resilience; France","Article","Final","All Open Access; Bronze Open Access; Green Accepted Open Access; Green Open Access","Scopus","2-s2.0-85144012717"
"M., Luna, Massimiliano; G., La Tona, Giuseppe; A., Accetta, Angelo; M., Pucci, Marcello; A., Pietra, Andrea; M.C., Di Piazza, Maria Carmela","Luna, Massimiliano (36806723100); La Tona, Giuseppe (57216593103); Accetta, Angelo (35067767300); Pucci, Marcello (7004354345); Pietra, Andrea (57204640598); Di Piazza, Maria Carmela (55880785600)","36806723100; 57216593103; 35067767300; 7004354345; 57204640598; 55880785600","Optimal Management of Battery and Fuel Cell-Based Decentralized Generation in DC Shipboard Microgrids","2023","Energies","16","4","1682","","","0","10","10.3390/en16041682","https://www.scopus.com/inward/record.uri?eid=2-s2.0-85149233691&doi=10.3390%2Fen16041682&partnerID=40&md5=88afa10115e7128e03db685f4d8d40f6","This paper proposes an energy management system (EMS) that aims at managing the modular direct current (DC) microgrids (MGs) of a hybrid DC/AC power system onboard cruise ships. Each shipboard microgrid is an electrically self-sufficient system supplied only by a fuel cell (FC) and a Lithium battery, and it powers the ship’s hotel services. However, continuously varying power demand profiles negatively affect the FC. Thus, the proposed EMS aims to minimize the FC operating point excursion on the source’s characteristic. This goal is pursued by exploiting the battery capability to manage load fluctuations and compensate for power demand forecasting errors. Furthermore, it is accomplished while satisfying all the operational constraints of the shipboard microgrids and ensuring daily battery charging/discharging cycles. The proposed EMS is based on two subsystems: (1) a rule-based microgrid supervisor, which makes the EMS capable of managing black start, normal operating conditions, and transient or faulty conditions; (2) an energy management (EM) algorithm, which allows achieving the desired goal without oversizing the battery, thus granting the cost-effectiveness of the solution and a reduced impact on technical volumes/weights on board. The EMS was tested with specific reference to a real-world case study, i.e., a 48,000 gross tonnage cruise ship under different operating scenarios, including black start and multi-day period operation of shipboard MGs. Test results showed that the operating points of the FC were always in the neighborhood of the point chosen by the MG designer, that the voltage variations were always well below 5%, guaranteeing stable operation, and that the black start operation was suitably handled by the EMS. According to the obtained results, the effectiveness of the proposed approach was assessed. © 2023 Elsevier B.V., All rights reserved.","Battery; Energy Management System (ems); Fuel Cell; Shipboard Microgrid; Cost Effectiveness; Distributed Power Generation; Electric Inverters; Energy Efficiency; Energy Management; Energy Management Systems; Lithium Batteries; Microgrids; Ships; Battery; Black Start; Cruise Ships; Direct-current; Energy Management System; Microgrid; Operating Points; Optimal Management; Power Demands; Shipboard Microgrid; Fuel Cells","Cost effectiveness; Distributed power generation; Electric inverters; Energy efficiency; Energy management; Energy management systems; Lithium batteries; Microgrids; Ships; Battery; Black start; Cruise ships; Direct-current; Energy management system; Microgrid; Operating points; Optimal management; Power demands; Shipboard microgrid; Fuel cells","Article","Final","All Open Access; Gold Open Access; Green Accepted Open Access; Green Open Access","Scopus","2-s2.0-85149233691"
"G.C., Schröder, Gabriela C.; M.S., Smit, Martha S.; D.J., Opperman, Diederik Johannes","Schröder, Gabriela C. (57203320095); Smit, Martha S. (56205533000); Opperman, Diederik Johannes (22938795800)","57203320095; 56205533000; 22938795800","Harnessing heme chemistry: Recent advances in the biocatalytic applications of cytochrome P450 monooxgenases","2023","Current Opinion in Green and Sustainable Chemistry","39","","100734","","","0","29","10.1016/j.cogsc.2022.100734","https://www.scopus.com/inward/record.uri?eid=2-s2.0-85144350866&doi=10.1016%2Fj.cogsc.2022.100734&partnerID=40&md5=03a8876a0e148077d335b0988abd3451","Cytochrome P450 monooxygenases (CYPs/P450s) are heme-thiolate proteins with broad chemical functionality that have widespread application as powerful biocatalysts given their high stereo- and regio-selectivity. A large variety of value-added compounds, including pharmaceuticals and natural products, can be synthesized by P450s, often with superior selectivity and at milder conditions than their chemical counterparts making them ideal alternative catalysts. This review addresses the most recent advances in P450-mediated syntheses and include enzyme engineering strategies that have expanded the stereo- and regio-selectivity of P450 steroid and fatty acid hydroxylation as well as facilitated C-N bond formation and cyclization, all of which have synthetic applications to produce value-added compounds. Approaches to overcome the limitations of P450 catalysis will also be discussed, including the use of decoy molecules to expand the substrate scope and enable the use of hydrogen peroxide, self-sufficient systems, cascade reactions and cofactor alternatives to improve efficiency and biotechnological viability. © 2022 Elsevier B.V., All rights reserved.","Biocatalysis; Cytochrome P450 Monooxygenase; Oxyfunctionalization; Peroxygenase; Biosynthesis; Catalysis; Chemical Bonds; Enzymes; Fatty Acids; Porphyrins; Biocatalysis; Biocatalytic Applications; Cytochrome P450 Monooxygenases; Cytochromes P450; Monooxgenase; Oxyfunctionalization; Peroxygenase; Regio-selectivity; Stereo-selectivity; Thiolates; Catalyst Selectivity","Biosynthesis; Catalysis; Chemical bonds; Enzymes; Fatty acids; Porphyrins; Biocatalysis; Biocatalytic applications; Cytochrome P450 monooxygenases; Cytochromes P450; Monooxgenase; Oxyfunctionalization; Peroxygenase; Regio-selectivity; Stereo-selectivity; Thiolates; Catalyst selectivity","Review","Final","","Scopus","2-s2.0-85144350866"
"R., Han, Ruizhi; K., Gao, Ke; Y., Jiang, Yulin; J., Zhou, Jieyu; G., Xu, Guochao; J., Dong, Jinjun; U., Schwaneberg, Ulrich; Y., Ji, Yu; Y., Ni, Ye","Han, Ruizhi (56435341400); Gao, Ke (57981225600); Jiang, Yulin (57431826500); Zhou, Jieyu (55206454600); Xu, Guochao (55520484500); Dong, Jinjun (23102618300); Schwaneberg, Ulrich (6603076958); Ji, Yu (57207145668); Ni, Ye (23100753800)","56435341400; 57981225600; 57431826500; 55206454600; 55520484500; 23102618300; 6603076958; 57207145668; 23100753800","Self-Sufficient In Vitro Multi-Enzyme Cascade for Efficient Synthesis of Danshensu from l-DOPA","2023","ACS Synthetic Biology","12","1","","277","286","0","7","10.1021/acssynbio.2c00552","https://www.scopus.com/inward/record.uri?eid=2-s2.0-85142638197&doi=10.1021%2Facssynbio.2c00552&partnerID=40&md5=6b274252c5a997b908de8a154fe4ea3e","Danshensu (DSS), a traditional Chinese medicine, is widely used for the treatment of cardiovascular and cancer diseases. Here, a one-pot multi-enzyme cascade pathway was designed for DSS synthesis from l-DOPA using tyrosine aminotransferase from Escherichia coli (EcTyrB) and d-isomer-specific 2-hydroxyacid dehydrogenase from Lactobacillus frumenti (LfD2-HDH). Glutamate dehydrogenase from Clostridium difficile (CdgluD) was also introduced for a self-sufficient system of α-ketoglutaric acid and NADH. Under optimal conditions (35 °C, pH 7.0, EcTyrB:LfD2-HDH:CdgluD = 3:2:1, glutamate:NAD+ = 1:1), 98.3% yield (at 20 mM l-DOPA) and space-time yield of 6.61 g L-1 h-1 (at 40 mM l-DOPA) were achieved. Decreased yields of DSS at elevated l-DOPA concentrations (100 mM) could be attributed to an inhibited CdgluD activity caused by NH<inf>4</inf>+ accumulation. This developed multi-enzyme cascade pathway (including EcTyrB, LfD2-HDH, and CdgluD) provides an efficient and sustainable approach for the production of DSS from l-DOPA. © 2023 Elsevier B.V., All rights reserved.","Danshensu; Multi-enzyme Cascade; One-pot; Self-sufficient; 2 Oxoglutaric Acid; 3 (3,4 Dihydroxyphenyl)lactic Acid; Glutamate Dehydrogenase; Levodopa; Oxidoreductase; Reduced Nicotinamide Adenine Dinucleotide; Tyrosine Aminotransferase; Lactic Acid; 3,4-dihydroxyphenyllactic Acid; Lactates; Levodopa; 2 Oxoglutaric Acid; 3 (3,4 Dihydroxyphenyl)lactic Acid; Glutamate Dehydrogenase; Levodopa; Oxidoreductase; Reduced Nicotinamide Adenine Dinucleotide; Tyrosine Aminotransferase; 3,4-dihydroxyphenyllactic Acid; Lactic Acid; Accumulation Assay; Article; Clostridioides Difficile; Concentration (parameter); Controlled Study; Drug Synthesis; Enzyme Activity; Escherichia Coli; In Vitro Study; Lactobacillus; Lactobacillus Frumenti; Nonhuman; One Pot Synthesis; Ph; Reaction Temperature; Time; Metabolism; Lactates; Levodopa","2 oxoglutaric acid; 3 (3,4 dihydroxyphenyl)lactic acid; glutamate dehydrogenase; levodopa; oxidoreductase; reduced nicotinamide adenine dinucleotide; tyrosine aminotransferase; 3,4-dihydroxyphenyllactic acid; lactic acid; accumulation assay; Article; Clostridioides difficile; concentration (parameter); controlled study; drug synthesis; enzyme activity; Escherichia coli; in vitro study; Lactobacillus; Lactobacillus frumenti; nonhuman; one pot synthesis; pH; reaction temperature; time; metabolism; Lactates; Levodopa","Article","Final","","Scopus","2-s2.0-85142638197"
"R.M., Stock-Homburg, Ruth Maria; M.A., Nguyen, Mai Anh","Stock-Homburg, Ruth Maria (56364282100); Nguyen, Mai Anh (57217347068)","56364282100; 57217347068","See No Evil, Hear No Evil: How Users Overrely on Robots with Automation Bias","2023","","","","","","","0","1","","https://www.scopus.com/inward/record.uri?eid=2-s2.0-85192543762&partnerID=40&md5=a42e81c74dfac11c2857be44dc1a5017","Recent developments in generative artificial intelligence show how quickly users carelessly adhere to intelligent systems, ignoring systems' vulnerabilities and focusing on their superior capabilities. This is detrimental when system failures are ignored. This paper investigates this mindless overreliance on systems, defined as automation bias (AB), in human-robot interaction. We conducted two experimental studies (N1 = 210, N2 = 438) with social robots in a corporate setting to investigate psychological mechanisms and influencing factors of AB. Particularly, users experience perceptual and behavioral AB with the robot that is enhanced by robot competence depending on task complexity and is even stronger for emotional than analytical tasks. Surprisingly, robot reliability negatively affected AB. We also found a negative indirect-only mediation of AB on robot satisfaction. Finally, we provide implications for the appropriate use of robots to prevent employees from using them as a self-sufficient system instead of a supporting system. © 2024 Elsevier B.V., All rights reserved.","Authority; Automation Bias; Human-robot Interaction; Overreliance; Information Systems; Information Use; Intelligent Systems; Man Machine Systems; Authority; Automation Bias; Corporates; Humans-robot Interactions; Overreliance; Social Robots; System Failures; System Vulnerability; Task Complexity; Users' Experiences; Human Robot Interaction","Information systems; Information use; Intelligent systems; Man machine systems; Authority; Automation bias; Corporates; Humans-robot interactions; Overreliance; Social robots; System failures; System vulnerability; Task complexity; Users' experiences; Human robot interaction","Conference paper","Final","","Scopus","2-s2.0-85192543762"
"C.S., Gode, Chetan S.; A., Gajbhiye, Aditi; B., Meshram, Boby; A.S., Khobragade, Atish S.; S., Desai, Sandip; D.K., Thote, Dhiraj K.","Gode, Chetan S. (56381414900); Gajbhiye, Aditi (58624175300); Meshram, Boby (58918903600); Khobragade, Atish S. (58073593300); Desai, Sandip (57696476900); Thote, Dhiraj K. (55611315300)","56381414900; 58624175300; 58918903600; 58073593300; 57696476900; 55611315300","IoT based Solar Panel Cleaner: A Computer Control System","2023","","","","","754","757","0","0","10.1109/ICCSAI59793.2023.10421622","https://www.scopus.com/inward/record.uri?eid=2-s2.0-85186718741&doi=10.1109%2FICCSAI59793.2023.10421622&partnerID=40&md5=fbec89908c42590e236caf3978d04efd","This article introduces the design and testing of a self-sufficient system for cleaning solarpanels. Overall, the aim of this prototype project is to clean solar modules without manual work. The new system uses an electronic mechanism to eject dust particles from the surface of the solar panels and has the potential to reduce the operating costs of photovoltaic systems by improving overall performance. Additionally, under normal circumstances, homeowners may not need to invest in solar panel cleaning equipment or hire a professional cleaning company. This ensures maximum efficiency and lifetime of the solar panel, ultimately resulting in cost savings and a more sustainable energy source. This not only increases the efficiency of the solar module, but also reduces maintenance costs and manual cleaning.so that the performance or quality of the solar panel is not affected. © 2024 Elsevier B.V., All rights reserved.","Arduino; Cleaning System; Iot; Photovoltaic Cell; Solar Panel; Computer Control Systems; Cost Reduction; Internet Of Things; Operating Costs; Photoelectrochemical Cells; Solar Concentrators; Solar Power Generation; Arduino; Cleaning System; Dust Particle; Electronic Mechanisms; Iot; Performance; Photovoltaic Systems; Solar Module; Solar Panels; System Use","Computer control systems; Cost reduction; Internet of things; Operating costs; Photoelectrochemical cells; Solar concentrators; Solar power generation; Arduino; Cleaning system; Dust particle; Electronic mechanisms; Iot; Performance; Photovoltaic systems; Solar module; Solar panels; System use","Conference paper","Final","","Scopus","2-s2.0-85186718741"
"H.L., Beklaouz, Hadj Larbi; L., Ghomri, Leila","Beklaouz, Hadj Larbi (25031106200); Ghomri, Leila (26633811700)","25031106200; 26633811700","Enhancing Nanogrid sustainability and cost-efficiency by Recovering household waste heat","2023","","","","","","","0","0","10.1109/ICETS60996.2023.10410820","https://www.scopus.com/inward/record.uri?eid=2-s2.0-85185555088&doi=10.1109%2FICETS60996.2023.10410820&partnerID=40&md5=19e726bf2628d303af214b5be6fbf8f7","Nanogrids are Microgrids dedicated to produce low power forms of local energy. They are self-sufficient systems with one renewable energy generation, controls and, in most cases, energy storage. These systems are suitable to serve customers within a discrete footprint. Sources are usually solar PV or a wind turbine, and a battery for an autonomous operation.Since the operation cost of a Nanogrid is a key reason for the consumer to choose this environmental way for producing energy, we will present in this paper, an enhancement of cost operation by the participation of thermoelectric energy sources in providing energy to the domestic Nanogrid.The main idea is to recover the heat dissipated from all the electrical equipments installed in the house using a thermoelectric module using the Seebeck effect.A simulation was carried from ordinary house energy consumption data. The results highlight the contribution of this source and its positive impact on the general operation of the Nanogrid, and energy saving with zero cost investment.The simulation results obtained in this work are promising, and the simplicity of the concept will make it possible to generalize this form of energy to several microgrids. © 2024 Elsevier B.V., All rights reserved.","Nanogrid; Seebeck Effect; Thermoelectric; Digital Storage; Energy Conservation; Energy Utilization; Investments; Renewable Energy; Seebeck Effect; Sustainable Development; Waste Heat Utilization; Cost-efficiency; Energy; Household Waste; Local Energy; Low Power; Microgrid; Nanogrids; Power Forms; Renewable Energy Generation; Thermoelectric; Waste Heat","Digital storage; Energy conservation; Energy utilization; Investments; Renewable energy; Seebeck effect; Sustainable development; Waste heat utilization; Cost-efficiency; Energy; Household waste; Local energy; Low Power; Microgrid; Nanogrids; Power forms; Renewable energy generation; Thermoelectric; Waste heat","Conference paper","Final","","Scopus","2-s2.0-85185555088"
"M., Straka, Martin","Straka, Martin (36775833200)","36775833200","DESIGN OF MICROGRIDS AS A COST ECONOMY ENERGY SAVINGS SIMULATION MODEL: MONTE CARLO METHOD","2023","International Journal of Simulation Modelling","22","4","","586","597","0","3","10.2507/IJSIMM22-4-659","https://www.scopus.com/inward/record.uri?eid=2-s2.0-85180188501&doi=10.2507%2FIJSIMM22-4-659&partnerID=40&md5=d3a28b8541947de3c93d823b06be7144","The article examines the creation of a Cost Economy Energy Savings Simulation Model (CEESS Model) as an economic scenario generator for energy-independent structures using the Monte Carlo method. The CEESS model is a continuous simulation model created on the ExtendSim simulation system platform. The problem is related to the constantly changing environmental parameters for the purpose of energy security for buildings as modern, energy-independent and self-sufficient systems. In terms of the implementation of the defined part of the research, a logistical approach was applied: system analysis, coordination, algorithm work, planning, efficiency. We define logistics as a system, principle, philosophy of management of flows. The numerous simulation experiments carried out show that the return on investment of the option with an initial investment of 5000 euros is in the range of 2422 to 4978 days, the return on investment of the option with an initial investment of 10000 euros is in the range of 4233 to 7902 days and the return on investment of the option with an initial investment of 15000 euros is in the range of 5691 to 10073 days. © 2023 Elsevier B.V., All rights reserved.","Energy Savings Simulation Model; Extendsim; Local Energy Systems; Microgrids; Monte Carlo Method; Simulation","","Article","Final","All Open Access; Gold Open Access","Scopus","2-s2.0-85180188501"
"L.D., de Oliveira, Lucas Dantas; J.V.S., de Araujo, Jose Vinicius Santos; J.H.B., da Silva, Jose Helio Bento; J.M., Mauricio Villanueva, Juan Moises; C.A., de Souza Filho, Carlos Alberto; M., Nunez, Moises","de Oliveira, Lucas Dantas (57192871988); de Araujo, Jose Vinicius Santos (58001676700); da Silva, Jose Helio Bento (57964427100); Mauricio Villanueva, Juan Moises (26665750100); de Souza Filho, Carlos Alberto (56315346100); Nunez, Moises (57200499328)","57192871988; 58001676700; 57964427100; 26665750100; 56315346100; 57200499328","Smart Water Management: a Self-Sufficient IoT-Based Application for Pressure and Flow Monitoring in Water Distribution Systems","2023","","","","","","","0","0","10.1109/INSCIT59673.2023.10258484","https://www.scopus.com/inward/record.uri?eid=2-s2.0-85174289576&doi=10.1109%2FINSCIT59673.2023.10258484&partnerID=40&md5=6ab3391d342a774a9e5abb7bff09142b","Water distribution in municipalities involves various challenges, such as maintenance of pipelines, pressure and flow control, water quality monitoring, among others. In this sense, measuring the flow and pressure of a system is a key issue for optimizing water distribution in cities. Therefore, this information is important to ensure that water is delivered with quality and in adequate quantity to consumers. With the advent of technology, some advanced solutions have been proposed in the literature to address these challenges, such as hydraulic modeling software, intelligent sensors, and automated control systems. Among these, one of the most commonly used techniques to increase system efficiency is wireless sensor networks. However, monitoring in a wide coverage area, such as metropolises, becomes difficult to implement, involving high costs and infeasibility of large-scale sensor installation. Therefore, applications involving IoT (Internet of Things) have been proposed as a low-cost and low energy consumption alternative. Thus, this article describes the steps, challenges, and solutions necessary for the development of a self-sufficient IoT application aimed at monitoring pressure and flow in a water supply network. © 2023 Elsevier B.V., All rights reserved.","Internet Of Things; Micro Hydro Turbine; Self-sufficient System; Water Flow; Water Pressure; Electric Power Distribution; Energy Utilization; Flow Of Water; Hydraulic Motors; Quality Control; Water Distribution Systems; Water Management; Water Quality; Wireless Sensor Networks; Flow Monitoring; Hydroturbines; Micro Hydro Turbine; Microhydro; Pressure Monitoring; Self-sufficient System; Water Distributions; Water Flows; Water Pressures; Waters Managements; Internet Of Things","Electric power distribution; Energy utilization; Flow of water; Hydraulic motors; Quality control; Water distribution systems; Water management; Water quality; Wireless sensor networks; Flow monitoring; Hydroturbines; Micro hydro turbine; Microhydro; Pressure monitoring; Self-sufficient system; Water distributions; Water flows; Water pressures; Waters managements; Internet of things","Conference paper","Final","","Scopus","2-s2.0-85174289576"
"P., Ambadkar, Prachi; P., Kumbhare, Prashansa; C., Bonde, Chaitanya; H.D., Shukla, Harsh Deep; B.R., Vidhale, Bhushan R.","Ambadkar, Prachi (58307153300); Kumbhare, Prashansa (58306954800); Bonde, Chaitanya (58306752400); Shukla, Harsh Deep (57861853600); Vidhale, Bhushan R. (53983424300)","58307153300; 58306954800; 58306752400; 57861853600; 53983424300","AI Based Smart Cleaner with IOT Integration","2023","","","","","","","0","1","10.1109/I2CT57861.2023.10126417","https://www.scopus.com/inward/record.uri?eid=2-s2.0-85161274707&doi=10.1109%2FI2CT57861.2023.10126417&partnerID=40&md5=912c1d98cc8370297d07749c22b4f9ca","The usage of self-sufficient systems to complete pertinent and delicate projects is quickly growing. But it is impossible to overstate its importance in a number of industries. In this post, an automatic floor cleaner that uses an Arduino Nano and hand gestures from artificial intelligence is presented. Three ultrasonic sensors, an Arduino microcontroller, two tools with DC motors, an RF 433 module, and an accelerometer make up the system. By communicating alerts to a microcontroller through an interface, ultrasonic sensors are used to identify impediments along the robotics route. The micro-controller directs the robotic to move in the other direction by turning on the motors in order to go around the recognized obstruction. Additionally, two DC vehicles for cleaning cloths.With the use of sensors on an Arduino board, a VLSI test bench can be improved quickly, and hand gestures give a human control over the device. Rapid processing and an intuitive user interface are the main benefits. Recent years have seen a significant increase in the number of individuals using open source software and hardware, which has led to the emergence of a new generation by simplifying and enticing complex tasks. © 2023 Elsevier B.V., All rights reserved.","Arduino Microcontroller; Ultrasonic Sensors; Vacuum Pull Machine; Cleaning; Controllers; Dc Motors; Internet Of Things; Open Source Software; Open Systems; Robotics; Ultrasonic Sensors; User Interfaces; Arduino Microcontroller; Cleaning Cloth; D.c. Motors; Floor Cleaner; Hand Gesture; Human Control; Micro Controller; Test-bench; Vacuum Pull Machine; Vlsi Tests; Microcontrollers","Cleaning; Controllers; DC motors; Internet of things; Open source software; Open systems; Robotics; Ultrasonic sensors; User interfaces; Arduino microcontroller; Cleaning cloth; D.C. motors; Floor cleaner; Hand gesture; Human control; Micro controller; Test-bench; Vacuum pull machine; VLSI tests; Microcontrollers","Conference paper","Final","","Scopus","2-s2.0-85161274707"
"M.A., Hendy, Mohamed A.; M.A.E., Nayel, Mohamed Abd Elazim","Hendy, Mohamed A. (57225127811); Nayel, Mohamed Abd Elazim (6603042592)","57225127811; 6603042592","Sizing and Control of Isolated PV System for Self Sufficient House","2023","","","","","","","0","2","10.1109/CPERE56564.2023.10119610","https://www.scopus.com/inward/record.uri?eid=2-s2.0-85160205603&doi=10.1109%2FCPERE56564.2023.10119610&partnerID=40&md5=a37354423d239d2fdb67e4ef864e3066","Delivering energy to remote areas is a challenge due to far distances and lack of fuels so it is more economical to build isolated microgrids as self-sufficient system with renewable energy sources. In this paper, isolated DC microgrid is proposed to feed a single house with the required electrical energy and to generate oxyhydrogen gas HHO that used for cooking. The proposed system consists of PV as a main source of energy, hybrid battery-hydrogen storage system, HHO electrolyzer and DC-DC converters. Firstly, sizing of different components is performed to ensure reliable operation of the proposed system. To ensure stable and smooth operation during large variations in irradiance and load power in addition to the challenging stability issues of constant load behavior, a robust sliding mode controller SMC is used to control the bidirectional converter interfacing battery with the system. The performance of the proposed system is validated through MATLAB simulation. The proposed controllers ensure stable DC voltage with low ripple and is robust with respect to large variations in irradiance and load power. © 2023 Elsevier B.V., All rights reserved.","Hydrogen; Isolated Dc Microgrid; Pv; Self-sufficient House; Sliding Mode Controller; Battery Storage; Controllers; Dc-dc Converters; Electric Batteries; Electric Loads; Hydrogen Storage; Matlab; Microgrids; Power Electronics; Renewable Energy Resources; Sliding Mode Control; Solar Power Generation; Energy; Isolated Dc Microgrid; Load Power; Microgrid; Pv; Pv System; Remote Areas; Renewable Energy Source; Self-sufficient House; Sliding Mode Controller; Houses","Battery storage; Controllers; DC-DC converters; Electric batteries; Electric loads; Hydrogen storage; MATLAB; Microgrids; Power electronics; Renewable energy resources; Sliding mode control; Solar power generation; Energy; Isolated DC microgrid; Load power; Microgrid; PV; PV system; Remote areas; Renewable energy source; Self-sufficient house; Sliding mode controller; Houses","Conference paper","Final","","Scopus","2-s2.0-85160205603"
"S., Gupta, Shikhar; D., Rawat, Dhruv; K., Gupta, Kanishk; A.K., Yadav, Ashok Kumar; R., Gandhi, Rashmi; A., Gupta, Aakanshi","Gupta, Shikhar (59103996400); Rawat, Dhruv (57385090700); Gupta, Kanishk (57221947720); Yadav, Ashok Kumar (57202596731); Gandhi, Rashmi (57892475300); Gupta, Aakanshi (57195277608)","59103996400; 57385090700; 57221947720; 57202596731; 57892475300; 57195277608","Movie Recommendation System Using Machine Learning and MERN Stack","2023","Lecture Notes in Networks and Systems","572","","","223","231","0","1","10.1007/978-981-19-7615-5_20","https://www.scopus.com/inward/record.uri?eid=2-s2.0-85152518093&doi=10.1007%2F978-981-19-7615-5_20&partnerID=40&md5=dffd6846b8a362a6b25ed1269ea06dad","The entertainment industry is booming, and machine learning is playing a vital role in the technical world. Content consumption habits are growing more complicated and evolving at a faster rate than ever before. Machine learning-based recommendation systems forms self-sufficient system which learn from their experiences and improve without having to be explicitly coded. It is a mechanism that allows a user to find information that is relevant to him or her from huge amounts of data. Every entertainment company uses a complex recommendation algorithm to display meaningful content to a user based on his preferences. It helps them to increase their sales and retain their user base. Movie recommendations systems have various approaches such as collaborative filtering (CF) which compares users for similarity of content consumption or content-based filtering which uses the movie’s features such as year of release, genre, and actors. A hybrid approach incorporates two or more different approaches of movie recommendation. We present a solution in this paper of movie recommendation system architecture that uses MERN stack and ML and handles the cold-start problem. © 2023 Elsevier B.V., All rights reserved.","Collaborative Filtering; Machine Learning; Mern Stack; Mongodb; Machine Learning; Motion Pictures; Recommender Systems; Consumption Habit; Content Consumption; Entertainment Industry; Faster Rates; Learn+; Machine-learning; Mern Stack; Mongodb; Movie Recommendations; Recommendation Algorithms; Collaborative Filtering","Machine learning; Motion pictures; Recommender systems; Consumption habit; Content consumption; Entertainment industry; Faster rates; Learn+; Machine-learning; MERN stack; MongoDB; Movie recommendations; Recommendation algorithms; Collaborative filtering","Conference paper","Final","","Scopus","2-s2.0-85152518093"
"T., Woo, Taeyong; A.S., Tayerani Charmchi, Amir Saman; P., Ifaei, Pouya; S., Heo, Sungku; K., Nam, Kijeon; C., Yoo, Changkyoo","Woo, Taeyong (57221633930); Tayerani Charmchi, Amir Saman (57219776962); Ifaei, Pouya (55315327600); Heo, Sungku (57201362576); Nam, Kijeon (57195405510); Yoo, Changkyoo (7201746395)","57221633930; 57219776962; 55315327600; 57201362576; 57195405510; 7201746395","Three energy self-sufficient networks of wastewater treatment plants developed by nonlinear bi-level optimization models in Jeju Island","2022","Journal of Cleaner Production","379","","134465","","","0","16","10.1016/j.jclepro.2022.134465","https://www.scopus.com/inward/record.uri?eid=2-s2.0-85140243474&doi=10.1016%2Fj.jclepro.2022.134465&partnerID=40&md5=824fcd2b75ab5a80de933fd3dec178a9","Classical consumer communities are gradually turning to energy prosumers who employ innovative and self-sufficient systems. Despite the importance of wastewater treatment plants (WWTPs) in environmental protection and public health, they still consume considerable energy. This study employs bi-level nonlinear optimization models and a systematic platform of four novel techniques to design an energy self-sufficient network of WWTPs on Jeju Island, South Korea. A systematic platform consisting of four novel techniques is employed for designing energy self-sufficient WWTPs. The four techniques are dehydration of generated biogas from an anaerobic digestion, a nonlinear thermo-mathematical program for maximizing the generated electricity per input sludge, a deficit-surplus trade to avoid storage usage, and a bi-level multi-integer nonlinear program for optimal sizing of photovoltaic (PV) arrays. Three self-sufficient designs (SSDs) are proposed, including a network of biogas-fed combined heat and power plants (CHPPs) coupled with WWTPs (SSD-1), solar-powered WWTPs (SSD-2), and hybrid CHPP WWTPs retrofitted with PV systems (SSD-3). The biogas obtained from anaerobic digestion of waste-activated sludge in the WWTPs is dehydrated to fuel the CHPPs that use the available grid as a storage unit to establish a self-sufficient network in SSD-1. The PV units substitute for the CHPPs in SSD-2, while the hybrid systems minimize the local power trade in SSD-3. Economic, social, and environmental models of the optimal configurations are developed to compare the proposed SSDs. The resulting life-cycle impacts (LCI) of the proposed designs vary between 2 and 4531 pts/day depending on the energy demand and SSDs of the WWTPs. When the energy demand is 155.1 kWh/day in SSD-2, the LCI is 2 pts/day, whereas it reaches 150 pts/day for the energy demand of 10,786.6 kWh/day. A maximum of 26,278 new jobs could be created at an annual cost of −1,345,458 USD in SSD-2. The solar-powered scenarios had lower environmental impacts and greater social benefits, but were more expensive, compared with anaerobic digestion-assisted designs. Gradually adding bio-energy to an energy mix using hybrid renewable networks can therefore facilitate a smooth transition to a carbon-free economy on Jeju Island by 2030. © 2022 Elsevier B.V., All rights reserved.","Biogas; Climate Change Adaptation; Combined Heat And Power Plant; Life Cycle Assessment; Municipal Wastewater; Renewable Energy; Anaerobic Digestion; Climate Change; Cogeneration Plants; Commerce; Energy Policy; Hybrid Systems; Integer Programming; Life Cycle; Nonlinear Programming; Sewage Pumping Plants; Sludge Digestion; Solar Energy; Wastewater Treatment; Water Treatment Plants; Climate Change Adaptation; Energy; Energy Demands; Jeju Island; Life Cycle Assessment; Municipal Wastewaters; Novel Techniques; Renewable Energies; Solar-powered; Waste Water Treatment Plants; Biogas","Anaerobic digestion; Climate change; Cogeneration plants; Commerce; Energy policy; Hybrid systems; Integer programming; Life cycle; Nonlinear programming; Sewage pumping plants; Sludge digestion; Solar energy; Wastewater treatment; Water treatment plants; Climate change adaptation; Energy; Energy demands; Jeju island; Life cycle assessment; Municipal wastewaters; Novel techniques; Renewable energies; Solar-powered; Waste water treatment plants; Biogas","Article","Final","","Scopus","2-s2.0-85140243474"
"A.A., Adesanya, Adewale Aremu; N., Sommerfeldt, Nelson; J.M., Pearce, Joshua M.","Adesanya, Adewale Aremu (57208901438); Sommerfeldt, Nelson (56507193500); Pearce, Joshua M. (7402030722)","57208901438; 56507193500; 7402030722","Achieving 100% Renewable and Self-Sufficient Electricity in Impoverished, Rural, Northern Climates: Case Studies from Upper Michigan, USA","2022","Electricity","3","3","","264","296","0","6","10.3390/electricity3030016","https://www.scopus.com/inward/record.uri?eid=2-s2.0-85159596227&doi=10.3390%2Felectricity3030016&partnerID=40&md5=181f69bb35dd910a0b7617bb381bca7d","The development of 100% renewable electricity (RE) systems play a pivotal role in ensuring climate stability. Many municipalities blessed with wealth, an educated and progressive citizenry, and large RE resources, have already reached 100% RE generation. Impoverished municipalities in unwelcoming environments both politically and climatically (e.g., northern latitudes with long, dark winter conditions) appear to be incapable of transitioning to renewables. This study challenges that widespread assumption by conducting a detailed technical and economic analysis for three representative municipalities in the Western Upper Peninsula of Michigan. Each municipality is simulated with their own hourly electricity demand and climate profiles using an electrical supply system based on local wind, solar, hydropower, and battery storage. Sensitivities are run on all economic and technical variables. Results show that transition to 100% RE is technically feasible and economically viable. In all baseline scenarios, the 100% RE systems produced a levelized cost of electricity up to 43% less than the centralized utility rates, which are predominantly fueled by gas and coal. Current policies, however, prevent such self-sufficient systems from being deployed, which are not only detrimental to the global environment, but also aggravate the economic depression of such regions. Potential energy savings advance the prohibitive energy justice principle. © 2023 Elsevier B.V., All rights reserved.","Just Transition; Municipalities; Renewable Electricity; Rural Northern Climate; Self-sufficient","","Review","Final","All Open Access; Gold Open Access; Green Accepted Open Access; Green Open Access","Scopus","2-s2.0-85159596227"
"X., Liang, Xinxin; H., Deng, Huaxiang; Y., Bai, Yajun; T., Fan, Taiping; X., Zheng, Xiaohui; Y., Cai, Yujie","Liang, Xinxin (57222346029); Deng, Huaxiang (57104218000); Bai, Yajun (55868235300); Fan, Taiping (57211370802); Zheng, Xiaohui (7404090951); Cai, Yujie (7401750491)","57222346029; 57104218000; 55868235300; 57211370802; 7404090951; 7401750491","Highly efficient biosynthesis of spermidine from L-homoserine and putrescine using an engineered Escherichia coli with NADPH self-sufficient system","2022","Applied Microbiology and Biotechnology","106","17","","5479","5493","0","11","10.1007/s00253-022-12110-x","https://www.scopus.com/inward/record.uri?eid=2-s2.0-85135478969&doi=10.1007%2Fs00253-022-12110-x&partnerID=40&md5=3bcb1080f3343ce97ef1cbe6ebd29b2a","Abstract: Spermidine is an important polyamine that can be used for the synthesis of various bioactive compounds in the food and pharmaceutical fields. In this study, a novel efficient whole-cell biocatalytic method with an NADPH self-sufficient cycle for spermidine biosynthesis was designed and constructed by co-expressing homoserine dehydrogenase (HSD), carboxyspermidine dehydrogenase (CASDH), and carboxyspermidine decarboxylase (CASDC). First, the enzyme–substrate coupled cofactor regeneration system from co-expression of NADP+-dependent ScHSD and NADPH-dependent AfCASDH exactly provides an efficient method for cofactor cycling. Second, we identified and characterized a putative CASDC with high decarboxylase activity from Butyrivibrio crossotus DSM 2876; it showed an optimum temperature of 35 °C and an optimum pH of 7.0, which make it better suited for the designed synthetic route. Subsequently, the protein expression level of each enzyme was optimized through the variation of the gene copy number, and a whole-cell catalyst with high catalytic efficiency was constructed successfully. Finally, a yield of 28.6 mM of spermidine was produced in a 1-L scale of E. coli whole-cell catalytic system with a 95.3% molar conversion rate after optimization of temperature, the ratio of catalyst-to-substrate, and the amount of NADP+, and a productivity of 0.17 g·L−1·h−1 was achieved. In summary, this novel pathway of constructing a whole-cell catalytic system from L-homoserine and putrescine could provide a green alternative method for the efficient synthesis of spermidine. Key points: • A novel pathway for spermidine biosynthesis was developed in Escherichia coli. • The enzyme–substrate coupled system provides an NADPH self-sufficient cycle. • Spermidine with 28.6 mM was obtained using an optimized whole-cell system. © 2022 Elsevier B.V., All rights reserved.","Carboxyspermidine Decarboxylase; Carboxyspermidine Dehydrogenase; E. Coli Whole-cell Catalytic System; Nadph Self-sufficient; Spermidine; Carboxylyase; Homoserine Dehydrogenase; Nicotinamide Adenine Dinucleotide Phosphate; Putrescine; Reduced Nicotinamide Adenine Dinucleotide Phosphate; Spermidine; Homoserine; Carboxy-lyases; Homoserine; Nadp; Putrescine; Spermidine; Biochemistry; Biosynthesis; Cells; Cytology; Enzymes; Molar Ratio; Carboxyspermidine Decarboxylase; Carboxyspermidine Dehydrogenase; Catalytic System; Decarboxylases; E Coli Whole-cell Catalytic System; E. Coli; Homoserine; Nadph Self-sufficient; Spermidine; Whole Cell; Escherichia Coli; Bacterial Enzyme; Carboxylyase; Carboxyspermidine Decarboxylase; Carboxyspermidine Dehydrogenase; Homoserine Dehydrogenase; Nicotinamide Adenine Dinucleotide Phosphate; Putrescine; Reduced Nicotinamide Adenine Dinucleotide Phosphate; Spermidine; Unclassified Drug; Homoserine; Drug; Article; Bacterial Cell; Biocatalysis; Biosynthesis; Biotransformation; Butyrivibrio; Catalytic Efficiency; Controlled Study; Enzyme Substrate Complex; Gene Dosage; Heterologous Expression; Microbiological Engineering; Nonhuman; Ph; Protein Expression Level; Temperature; Whole Cell; Carboxy-lyases; Nadp; Putrescine","Biochemistry; Biosynthesis; Cells; Cytology; Enzymes; Molar ratio; Carboxyspermidine decarboxylase; Carboxyspermidine dehydrogenase; Catalytic system; Decarboxylases; E coli whole-cell catalytic system; E. coli; Homoserine; NADPH self-sufficient; Spermidine; Whole cell; Escherichia coli; bacterial enzyme; carboxylyase; carboxyspermidine decarboxylase; carboxyspermidine dehydrogenase; homoserine dehydrogenase; nicotinamide adenine dinucleotide phosphate; putrescine; reduced nicotinamide adenine dinucleotide phosphate; spermidine; unclassified drug; homoserine; drug; Article; bacterial cell; biocatalysis; biosynthesis; biotransformation; Butyrivibrio; catalytic efficiency; controlled study; enzyme substrate complex; gene dosage; heterologous expression; microbiological engineering; nonhuman; pH; protein expression level; temperature; whole cell; Carboxy-Lyases; NADP; Putrescine","Article","Final","","Scopus","2-s2.0-85135478969"
"J., Zhao, Jingyi; Y., Guo, Yan; Q., Li, Qiufeng; J., Chen, Jing; D., Niu, Debao; J., Liu, Jidong","Zhao, Jingyi (57220782412); Guo, Yan (57222080688); Li, Qiufeng (57222097149); Chen, Jing (57222102458); Niu, Debao (57202777311); Liu, Jidong (55190678200)","57220782412; 57222080688; 57222097149; 57222102458; 57202777311; 55190678200","Reconstruction of a Cofactor Self-Sufficient Whole-Cell Biocatalyst System for Efficient Biosynthesis of Allitol from d -Glucose","2022","Journal of Agricultural and Food Chemistry","70","12","","3775","3784","0","10","10.1021/acs.jafc.2c00440","https://www.scopus.com/inward/record.uri?eid=2-s2.0-85127383875&doi=10.1021%2Facs.jafc.2c00440&partnerID=40&md5=296e04f9c6accd1783ff4d0084ea8ac0","The combined catalysis of glucose isomerase (GI), d-psicose 3-epimerase (DPEase), ribitol dehydrogenase (RDH), and formate dehydrogenase (FDH) provides a convenient route for the biosynthesis of allitol from d-glucose; however, the low catalytic efficiency restricts its industrial applications. Here, the supplementation of 0.32 g/L NAD+ significantly promoted the cell catalytic activity by 1.18-fold, suggesting that the insufficient intracellular NAD(H) content was a limiting factor in allitol production. Glucose dehydrogenase (GDH) with 18.13-fold higher activity than FDH was used for reconstructing a cofactor self-sufficient system, which was combined with the overexpression of the rate-limiting genes involved in NAD+ salvage metabolic flow to expand the available intracellular NAD(H) pool. Then, the multienzyme self-assembly system with SpyTag and SpyCatcher effectively channeled intermediates, leading to an 81.1% increase in allitol titer to 15.03 g/L from 25 g/L d-glucose. This study provided a facilitated strategy for large-scale and efficient biosynthesis of allitol from a low-cost substrate. © 2022 Elsevier B.V., All rights reserved.","Cofactor Regeneration; Multienzyme Cascade Catalysis; Self-assembly; Whole-cell Biotransformation; Formate Dehydrogenase; Glucose; Isomerase; Allitol; Formate Dehydrogenases; Glucose; Racemases And Epimerases; Sugar Alcohols; Biochemistry; Biosynthesis; Catalyst Activity; Enzyme Activity; Glucose; Salvaging; Self Assembly; Cofactor Regeneration; Cofactors; Combined Catalysis; D-glucose; Formate Dehydrogenase; Glucose Isomerase; Multienzyme Cascade Catalyse; Nad +; Whole Cell Biocatalysts; Whole-cell Biotransformations; Catalysis; Allitol; Formate Dehydrogenase; Glucose; Isomerase; Sugar Alcohol; Formate Dehydrogenases; Racemases And Epimerases; Sugar Alcohols","Biochemistry; Biosynthesis; Catalyst activity; Enzyme activity; Glucose; Salvaging; Self assembly; Cofactor regeneration; Cofactors; Combined catalysis; D-glucose; Formate dehydrogenase; Glucose isomerase; Multienzyme cascade catalyse; NAD +; Whole cell biocatalysts; Whole-cell biotransformations; Catalysis; allitol; formate dehydrogenase; glucose; isomerase; sugar alcohol; Formate Dehydrogenases; Racemases and Epimerases; Sugar Alcohols","Article","Final","","Scopus","2-s2.0-85127383875"
"P., Wang, Pengchao; X., Zhang, Xiwen; Y., Tao, Yucheng; X., Lv, Xubing; S., Cheng, Shengjie; C., Liu, Chengwei","Wang, Pengchao (57810025100); Zhang, Xiwen (57383057000); Tao, Yucheng (57384135500); Lv, Xubing (57382612800); Cheng, Shengjie (57383496300); Liu, Chengwei (57138758300)","57810025100; 57383057000; 57384135500; 57382612800; 57383496300; 57138758300","Improved L-phenylglycine synthesis by introducing an engineered cofactor self-sufficient system","2022","Synthetic and Systems Biotechnology","7","1","","513","521","0","9","10.1016/j.synbio.2021.12.008","https://www.scopus.com/inward/record.uri?eid=2-s2.0-85121630620&doi=10.1016%2Fj.synbio.2021.12.008&partnerID=40&md5=136f1a0f31930d4474ac5951078a2841","L-phenylglycine (L-phg) is a valuable non-proteinogenic amino acid used as a precursor to β-lactam antibiotics, antitumor agent taxol and many other pharmaceuticals. L-phg synthesis through microbial bioconversion allows for high enantioselectivity and sustainable production, which will be of great commercial and environmental value compared with organic synthesis methods. In this work, an L-phg synthesis pathway was built in Escherichia coli resulting in 0.23 mM L-phg production from 10 mM L-phenylalanine. Then, new hydroxymandelate synthases and hydroxymandelate oxidases were applied in the L-phg synthesis leading to a 5-fold increase in L-phg production. To address 2-oxoglutarate, NH<inf>4</inf>+, and NADH shortage, a cofactor self-sufficient system was introduced, which converted by-product L-glutamate and NAD+ to these three cofactors simultaneously. In this way, L-phg increased 2.5-fold to 2.82 mM. Additionally, in order to reduce the loss of these three cofactors, a protein scaffold between synthesis pathway and cofactor regeneration modular was built, which further improved the L-phg production to 3.72 mM with a yield of 0.34 g/g L-phe. This work illustrated a strategy applying for whole-cell biocatalyst converting amino acid to its value-added chiral amine in a cofactor self-sufficient manner. © 2022 Elsevier B.V., All rights reserved.","Hydroxymandelate Synthase; L-phenylglycine; Protein Scaffold; Self-sufficient; Whole-cell Biocatalyst; 2 Oxoglutaric Acid; Amino Acid; Glutamic Acid; Nicotinamide Adenine Dinucleotide; Phenylglycine; Reduced Nicotinamide Adenine Dinucleotide; 2 Oxoglutaric Acid; Amine; Amino Acid; Glutamic Acid; Hydroxymandelate Oxidase; Hydroxymandelate Synthase; Nicotinamide Adenine Dinucleotide; Phenylglycine; Reduced Nicotinamide Adenine Dinucleotide; Unclassified Drug; Amino Acid Sequence; Article; Biocatalyst; Biosynthesis; Biotransformation; Cell Lysate; Controlled Study; Enantioselectivity; Enzyme Activity; Escherichia Coli; Nonhuman; Operon; Optical Density; Phylogenetic Tree; Synthesis; Whole Cell","2 oxoglutaric acid; amine; amino acid; glutamic acid; hydroxymandelate oxidase; hydroxymandelate synthase; nicotinamide adenine dinucleotide; phenylglycine; reduced nicotinamide adenine dinucleotide; unclassified drug; amino acid sequence; Article; biocatalyst; biosynthesis; biotransformation; cell lysate; controlled study; enantioselectivity; enzyme activity; Escherichia coli; nonhuman; operon; optical density; phylogenetic tree; synthesis; whole cell","Article","Final","All Open Access; Gold Open Access; Green Final Open Access; Green Open Access","Scopus","2-s2.0-85121630620"
"S., Fahr, Steffen; J., Powell, Julian; A., Favero, Alice; A.J., Giarrusso, Anthony J.; R.P., Lively, Ryan P.; M.J., Realff, Matthew J.","Fahr, Steffen (57366351500); Powell, Julian (57365922100); Favero, Alice (36714978700); Giarrusso, Anthony J. (21740670100); Lively, Ryan P. (13408740200); Realff, Matthew J. (7004685320)","57366351500; 57365922100; 36714978700; 21740670100; 13408740200; 7004685320","Assessing the physical potential capacity of direct air capture with integrated supply of low-carbon energy sources","2022","Greenhouse Gases: Science and Technology","12","1","","170","188","0","14","10.1002/ghg.2136","https://www.scopus.com/inward/record.uri?eid=2-s2.0-85120771142&doi=10.1002%2Fghg.2136&partnerID=40&md5=dbee94f48e62d6c25b35cafa59b38d93","Direct Air Capture (DAC) is a negative emission technology that can remove up to 10–20 Gt of CO<inf>2</inf> per year. However, to achieve this potential, DAC systems must be coupled to suitable locally available energy sources and sited near geological storage. This study explores the potential of low-carbon energy sources to supply power and heat to the DAC process in a dedicated, self-sufficient system tailored for each energy source. Solar, geothermal, woody biomass, wind, and nuclear energy sources are assessed for their global energy supply potential and possible land use requirements. While the options differ in area requirement and regional efficacy, we estimate that all the regionally specific technologies considered can supply energy to achieve significant removal of carbon dioxide from the atmosphere globally. The amount of energy physically available from solar, offshore wind, and woody biomass converts to a removal potential of 160–971, 45–150, and 2–5 Gt CO<inf>2</inf>/year, respectively. Thus, negative emission targets can be reached by utilizing a moderate fraction of the overall potential of several different low-carbon energy sources for DAC while the magnitude of the potential changes significantly according to the source of energy. © 2021 Society of Chemical Industry and John Wiley & Sons, Ltd. © 2022 Elsevier B.V., All rights reserved.","Direct Air Capture; Land Area; Negative Emission Technology; Renewable Energy; Chemical Industry; Geothermal Energy; Land Use; Offshore Oil Well Production; Air Captures; Direct Air Capture; Emission Technology; Energy Source; Land Areas; Low Carbon Energies; Negative Emission Technology; Physical Potentials; Renewable Energies; Woody Biomass; Carbon Dioxide; Alternative Energy; Carbon Dioxide; Carbon Storage; Energy Resource; Land Use; Technology Adoption","Chemical industry; Geothermal energy; Land use; Offshore oil well production; Air captures; Direct air capture; Emission technology; Energy source; Land areas; Low carbon energies; Negative emission technology; Physical potentials; Renewable energies; Woody biomass; Carbon dioxide; alternative energy; carbon dioxide; carbon storage; energy resource; land use; technology adoption","Article","Final","All Open Access; Green Accepted Open Access; Green Open Access","Scopus","2-s2.0-85120771142"
"S., Kenjo, Shunsuke; Y., Ogino, Yasuyuki; K., Mukai, Keisuke; M.A.A., Bakr, Mahmoud Abdel Aziem; J., Yagi, Juro; S., Konishi, Satosahi","Kenjo, Shunsuke (57346808200); Ogino, Yasuyuki (57209362823); Mukai, Keisuke (53980145600); Bakr, Mahmoud Abdel Aziem (56340618100); Yagi, Juro (26322110800); Konishi, Satosahi (57390311400)","57346808200; 57209362823; 53980145600; 56340618100; 26322110800; 57390311400","Employing of ZrCo as a fuel source in a discharge-type fusion neutron source operated in self-sufficient mode","2022","International Journal of Hydrogen Energy","47","5","","3054","3062","0","13","10.1016/j.ijhydene.2021.10.250","https://www.scopus.com/inward/record.uri?eid=2-s2.0-85119413750&doi=10.1016%2Fj.ijhydene.2021.10.250&partnerID=40&md5=2dae503cdad3300b52d4ddf109fc47eb","A discharge-type fusion neutron source generates neutrons by fusion reactions of hydrogen isotope atoms. In order to operate the fusion device based on the deuterium–tritium (D–T) fusion reaction, the tritium inventory is required to be decreased. In the present work, a self-sufficient system was installed into the fusion device for reducing the amount of hydrogen isotope fuel gas. The fuel gas was supplied and recovered with an intermetallic compound ZrCo in a sealed chamber in this system. A deuterium–deuterium operation was maintained for more than 60 min with stable discharge voltages, and the temperature of the ZrCo bed was changed to improve the neutron production rate. Factors that influenced the pressure inside the chamber were determined and optimized. Gas analysis using a quadrupole mass spectrometer indicates a dilution of the deuterium fuel was caused by hydrogen isotope exchange between the supplied deuterium gas and the absorbed protium on the chamber and electrodes surface. This system's hydrogen isotope control method and the amount of fuel were proposed for a D–T operation. © 2022 Elsevier B.V., All rights reserved.","Hydrogen Isotope Effect; Hydrogen Storage; Intermetallic Compound; Neutron Source; Nuclear Fusion; Binary Alloys; Cobalt Alloys; Deuterium; Electric Discharges; Fuels; Fusion Reactions; Hydrogen Storage; Neutrons; Tritium; Zirconium Alloys; Discharge Types; Fuel Source; Fuels Gas; Fusion Devices; Fusion Neutron Source; Hydrogen Isotope; Hydrogen Isotope Effect; Intermetallics Compounds; Isotope Effect; Nuclear Fusion; Neutron Sources","Binary alloys; Cobalt alloys; Deuterium; Electric discharges; Fuels; Fusion reactions; Hydrogen storage; Neutrons; Tritium; Zirconium alloys; Discharge types; Fuel source; Fuels gas; Fusion devices; Fusion neutron source; Hydrogen isotope; Hydrogen isotope effect; Intermetallics compounds; Isotope effect; Nuclear fusion; Neutron sources","Article","Final","All Open Access; Green Accepted Open Access; Green Open Access","Scopus","2-s2.0-85119413750"
"D., Coppitters, Diederik; A., Costa, Alexis; L., Dubois, Lionel; D., Thomas, Diane; G.F., De Weireld, Guy F.; F., Contino, Francesco","Coppitters, Diederik (57208132565); Costa, Alexis (58139132800); Dubois, Lionel (57197017177); Thomas, Diane (55769748190); De Weireld, Guy F. (6602433640); Contino, Francesco (36894566700)","57208132565; 58139132800; 57197017177; 55769748190; 6602433640; 36894566700","Integration of direct air capture in power-to-gas: feasibility study under ambient and operating uncertainties","2022","","","","","1505","1516","0","0","","https://www.scopus.com/inward/record.uri?eid=2-s2.0-85195801347&partnerID=40&md5=fef86e53e58e09b731bf91e77d3cb885","Direct Air Capture (DAC) technologies extract CO<inf>2</inf> directly from the atmosphere and, therefore, compensate for the emissions from sectors that are difficult to decarbonize, e.g. aviation and heavy-duty mobility. However, due to the diluted CO<inf>2</inf> in the atmosphere, DAC suffers from high costs and a significant energy footprint. When integrating DAC in power-to-gas systems, several underexplored synergies unfold that reduce the energy and water demand of the system, such as waste heat recycling from methanation and water recovery in the DAC unit. Interconnecting these energy and water streams results in a highly integrated system that is fragile towards changes in ambient and operating conditions. We developed a power-to-gas system with solid sorbent direct air capture and evaluated the energy efficiency and water self-sufficiency ratio under uncertain ambient and operating conditions. The results illustrate that operating at a desorption temperature of 61oC, instead of 100oC, results in a water self-sufficient system under average ambient conditions for Belgium, at the expense of a reduction in the energy efficiency of 4% absolute (from 59% to 55%). Considering ambient and operating uncertainties results in a limited uncertainty on the energy efficiency (mean = 59.4%, standard deviation = 0.61%), but a significant uncertainty on the water self-sufficiency ratio (mean = 49.6%, standard deviation = 6.18%). Adopting time series for the ambient conditions is the main action to reduce uncertainty on the quantities of interest. Future work will focus on the dynamic operation of the system, including energy storage and renewable energy technologies. © 2024 Elsevier B.V., All rights reserved.","Direct Air Capture; Methanation; Uncertainty Quantification; Water Co-adsorption; Carbon Dioxide; Energy Efficiency; Methane; Renewable Energy; Statistics; Waste Heat; Water Recycling; Air Captures; Ambient Conditions; Ambients; Co-adsorption; Direct Air Capture; Power; Uncertainty; Uncertainty Quantifications; Water Co-adsorption; Water+co; Methanation","Carbon dioxide; Energy efficiency; Methane; Renewable energy; Statistics; Waste heat; Water recycling; Air captures; Ambient conditions; Ambients; Co-adsorption; Direct air capture; Power; Uncertainty; Uncertainty quantifications; Water co-adsorption; Water+CO; Methanation","Conference paper","Final","","Scopus","2-s2.0-85195801347"
"M., Mittal, Madhulika; M., Mittal, Mahak","Mittal, Madhulika (58149063700); Mittal, Mahak (58339642400)","58149063700; 58339642400","An Electronic Health Record Management System Based on Blockchain Technology","2022","","","","","285","290","0","38","10.1109/ICFIRTP56122.2022.10059456","https://www.scopus.com/inward/record.uri?eid=2-s2.0-85150445985&doi=10.1109%2FICFIRTP56122.2022.10059456&partnerID=40&md5=c286c94013af30d902fe37118c2a81f7","In the digital age, all the data has been moved to an electronic form and so are the electronic health records. The patients tend to have their records in various health organizations in different parts of the world. This becomes the issue of the accessibility of these records at very crucial times and to collect these fragmented parts of the records makes for an entirely new problem. For storing the patient data and to make it accessible as well, the Blockchain smart contracts can be utilized to provide a regulatory solution. With the implementation of smart contracts which will make this a self-sufficient system, any third party dependency would be easily removed. On the Blockchain all: invocation, record creation, and validation will take place. This article focuses on a non-interpolatable, self-driven, and permanent system using Blockchain, which by definition of the Blockchain make it decentralized and patient-centric, where smart contracts can be added in the future to increase data interchange potential. © 2023 Elsevier B.V., All rights reserved.","Blockchain; Healthcare Information; Healthcare Security; Interplanetary File System; Medical Records; Smart Contract; Blockchain; Ehealth; Electronic Document Exchange; Hospital Data Processing; Information Management; Medical Computing; Records Management; Block-chain; Digital Age; Electronic Health; Filesystem; Health Records; Healthcare Information; Healthcare Security; Interplanetary File System; Medical Record; Record Management Systems; Smart Contract","Blockchain; eHealth; Electronic document exchange; Hospital data processing; Information management; Medical computing; Records management; Block-chain; Digital age; Electronic health; Filesystem; Health records; Healthcare information; Healthcare security; Interplanetary file system; Medical record; Record management systems; Smart contract","Conference paper","Final","","Scopus","2-s2.0-85150445985"
"M., Nutakki, Mounica; M., Monica Subashini, M.; S., Mandava, Srihari","Nutakki, Mounica (57209573405); Monica Subashini, M. (57028259700); Mandava, Srihari (55792281900)","57209573405; 57028259700; 55792281900","Energy Consumption Forecasting in Home Energy Management System using Deep Learning Techniques","2022","","","","","","","0","4","10.1109/INDICON56171.2022.10039788","https://www.scopus.com/inward/record.uri?eid=2-s2.0-85149237479&doi=10.1109%2FINDICON56171.2022.10039788&partnerID=40&md5=617a223424213b7fcfa2def5c7d26a3e","Smart Grid is a self-sufficient system that allows any sort of generation source to be integrated into the grid, resulting in consistent, feasible, intact, and high-quality electrical power for end consumers. Among the many smart grid applications, the most important one to consider is the Home Energy Management System (HEMS). Energy forecasting plays a vital role in HEMS, because of inconsistent availability of generation and non-uniform and highly dynamic loading conditions. This article presents a brief introduction of HEMS and the techniques used for load forecasting. A novel technique based on long short-term memory (LSTM) and Deep Neural Network (DNN) is proposed for predicting periodic power consumption. Load forecasting is performed for a next seven-day period. When a microgrid is set up, several parameters such as energy consumption of various home appliances, solar irradiance, and total load are taken into account when building a dataset. This article gives a brief summary of HEMS and the load forecasting methodologies. The efficiency of proposed algorithms is illustrated and compared. © 2023 Elsevier B.V., All rights reserved.","Artificial Neural Network; Deep Neural Network; Home Energy Management Systems; Machine Learning; Smart Grid; Domestic Appliances; Dynamic Loads; Electric Load Management; Electric Power Plant Loads; Energy Management; Energy Management Systems; Energy Utilization; Forecasting; Long Short-term Memory; Power Quality; Smart Power Grids; Consistent Quality; Electrical Power; End Consumers; Energy-consumption; High Quality; Home Energy Management Systems; Learning Techniques; Load Forecasting; Machine-learning; Smart Grid; Deep Neural Networks","Domestic appliances; Dynamic loads; Electric load management; Electric power plant loads; Energy management; Energy management systems; Energy utilization; Forecasting; Long short-term memory; Power quality; Smart power grids; Consistent quality; Electrical power; End consumers; Energy-consumption; High quality; Home energy management systems; Learning techniques; Load forecasting; Machine-learning; Smart grid; Deep neural networks","Conference paper","Final","","Scopus","2-s2.0-85149237479"
"S., Mathis, Simon; J.M., Gruber, Juan Mario; C., Ebi, Christian; S., Bloem, Simon; J., Rieckermann, Jörg; F., Blumensaat, Frank","Mathis, Simon (57606912200); Gruber, Juan Mario (57193332001); Ebi, Christian (57208333235); Bloem, Simon (57217011853); Rieckermann, Jörg (8864150900); Blumensaat, Frank (16068103900)","57606912200; 57193332001; 57208333235; 57217011853; 8864150900; 16068103900","Energy self-sufficient systems for monitoring sewer networks","2022","","","","","523","530","0","2","","https://www.scopus.com/inward/record.uri?eid=2-s2.0-85143251248&partnerID=40&md5=4a5098968c130cd30f46ac2240f02a09","Underground infrastructure networks form the backbone of vital supply and disposal systems. However, they are under-monitored in comparison to their value. This is due, in large part, to the lack of energy supply for monitoring and data transmission. In this paper, we investigate a novel, energy harvesting system used to power underground sewer infrastructure monitoring networks. The system collects the required energy from ambient sources, such as temperature differences or residual light in sewer networks. A prototype was developed that could use either a thermoelectric generator (TEG) or a solar cell to capture energy needed to acquire and transmit ultrasonic water level data via LoRaWAN®. Real-world field trials were satisfactory and showed the potential power output, as well as, possibilities to improve the system. Using an extrapolation model, we proved that the developed solution could work reliably throughout the year. © 2022 Elsevier B.V., All rights reserved.","Energy Harvesting; Sewers; Thermoelectric Equipment; Water Levels; Data-transmission; Disposal Systems; Energy; Energy Supplies; Infrastructure Networks; Large Parts; Network Forms; Sewer Networks; Supply System; Underground Infrastructure; Monitoring","Energy harvesting; Sewers; Thermoelectric equipment; Water levels; Data-transmission; Disposal systems; Energy; Energy supplies; Infrastructure networks; Large parts; Network forms; Sewer networks; Supply system; Underground infrastructure; Monitoring","Conference paper","Final","","Scopus","2-s2.0-85143251248"
"E.S., Ustun, Ece Su; M.B., Yüce, Melek Bilgin","Ustun, Ece Su (57986715400); Yüce, Melek Bilgin (57986499300)","57986715400; 57986499300","Smart Legal Contracts & Smarter Dispute Resolution","2022","","2","","","111","117","0","2","10.1109/CBI54897.2022.10056","https://www.scopus.com/inward/record.uri?eid=2-s2.0-85142932484&doi=10.1109%2FCBI54897.2022.10056&partnerID=40&md5=37ad8f5d67a6690ba3a816feed8ecd38","Availability, and efficiency of dispute resolution mechanisms are sine qua non for a healthy and prosperous environment. Regarding the technical difficulties and challenges, however, traditional judiciary mechanisms may not be effective for blockchain-related disputes. In this manner, judicialization of blockchain becomes highly inevitable, especially regarding the vision of creating a 'self-sufficient system.' In this context, decentralized dispute resolution platforms have occurred and started to provide solutions to blockchain-based disputes. Yet, they are still far from being perfect and should be improved by legal standards and frameworks, as well as employing technical tools. This paper focuses on on-chain dispute resolution mechanisms for blockchain-related disputes, particularly those derived from smart legal contracts. © 2022 Elsevier B.V., All rights reserved.","Arbitration; Blockchain Technology; On-chain Dispute Resolution; Smart Contracts; Soulbound Tokens; Blockchain; Arbitration; Block-chain; Blockchain Technology; Dispute Resolution; Dispute Resolution Mechanisms; Legal Contracts; On-chain Dispute Resolution; Soulbound Token; Technical Challenges; Technical Difficulties; Smart Contract","Blockchain; Arbitration; Block-chain; Blockchain technology; Dispute resolution; Dispute resolution mechanisms; Legal contracts; On-chain dispute resolution; Soulbound token; Technical challenges; Technical difficulties; Smart contract","Conference paper","Final","","Scopus","2-s2.0-85142932484"
"J., Gollasch, Jens; E., Agelidou, Eleni; M., Henke, Martin; P., Stathopoulos, P.","Gollasch, Jens (57955812700); Agelidou, Eleni (57195584411); Henke, Martin (57225316427); Stathopoulos, P. (56674078000)","57955812700; 57195584411; 57225316427; 56674078000","CONCEPTUAL STUDY OF THERMALLY COUPLED MICRO GAS TURBINES AND HIGH TEMPERATURE HEAT PUMPS FOR TRIGENERATION","2022","","4","","V004T06A019","","","0","1","10.1115/GT2022-81959","https://www.scopus.com/inward/record.uri?eid=2-s2.0-85141387036&doi=10.1115%2FGT2022-81959&partnerID=40&md5=19c395cc5b99fc69155520e9c5b87236","In the context of climate change low-emission technologies need to be developed to cover the high thermal energy demand of the industrial sector. Because of the ongoing transition to renewable energy sources and their limited availability, combustion-based technologies will be required to support this transition. This paper presents fundamental, applicationindependent conceptual studies of thermally coupled micro gas turbines (MGT) and high temperature heat pumps (HTHP). The MGT provides electrical power to drive the compressor of the heat pump, while the heat of the exhaust flow is used as a heat source. This self-sufficient system is expected to provide high thermal output at temperature levels beyond available heat pump technology. In addition, low temperatures can be achieved for cooling processes. Within the scope of this study, several process architectures with different integration of heat sources are analyzed by performing thermodynamic cycle simulations. The results demonstrate attainable temperature levels and it can be shown that heat can be provided at temperatures above 300 °C. Cooling processes can be effectively integrated in some of the investigated cycle configurations so that temperatures below -30 °C can be reached. Thermal coupling enables high utilization rates of primary energy and values over 100% are possible. The present work provides the basis for future studies, which will take the economic feasibility in comparison with competing technologies into consideration. © 2022 Elsevier B.V., All rights reserved.","High Temperature Heat Pump; Micro Gas Turbine; Trigeneration; Climate Change; Gas Turbines; Heat Pump Systems; Industrial Emissions; Pumps; Temperature; Conceptual Study; Cooling Process; Heat Sources; High Temperature Heat Pump; High Thermal; Low Emission; Micro Gas Turbine; Micro-gas; Temperature Level; Tri-generation; Renewable Energy Resources","Climate change; Gas turbines; Heat pump systems; Industrial emissions; Pumps; Temperature; Conceptual study; Cooling process; Heat sources; High temperature heat pump; High thermal; Low emission; Micro gas turbine; Micro-gas; Temperature level; Tri-generation; Renewable energy resources","Conference paper","Final","All Open Access; Green Final Open Access; Green Open Access","Scopus","2-s2.0-85141387036"
"J.M.E., Abarro, Justine Marie E.; J.D., Ocon, Joey D.; J.A.D., Paraggua, Julie Anne D.R.","Abarro, Justine Marie E. (57914444000); Ocon, Joey D. (55353840400); Paraggua, Julie Anne D.R. (56378078100)","57914444000; 55353840400; 56378078100","Evaluation of Magnesium-Based Primary Battery for Powering Transient Electronics","2022","Chemical Engineering Transactions","94","","","151","156","0","6","10.3303/CET2294025","https://www.scopus.com/inward/record.uri?eid=2-s2.0-85139249679&doi=10.3303%2FCET2294025&partnerID=40&md5=770acdb70eab8849fefdecc330d3d519","A new class of technology known as transient electronics has the potential to reduce electronic waste with its unique ability to dissolve under a specific condition. Biodegradable batteries are essential to realizing fully integrated and self-sufficient systems. Pure magnesium-based materials are among the widely explored transient electrodes due to their superior mechanical properties. However, such materials have rapid degradation rates. AZ31, an alloy of Mg containing 3 % aluminum (Al) and 1 % zinc (Zn) by weight, has more stable corrosion product layers, making them advantageous as anode materials. In this work, the electrochemical performance of the two full cell combinations of Mg and AZ31 anodes each paired with copper oxide (CuO) cathode were compared in a seawater electrolyte. To produce the cathodes, pristine copper foils were galvanostatically anodized at a current density of 2.0 mA/cm2 for 90 min. Results showed that AZ31-based cell has a higher specific energy of 1.63 J/cm2 compared to pure Mg-based cell which has 1.08 J/cm2. The observed nominal operating voltages for an AZ31-based cell were 1.1 V for the first 0.6 h and remained at 0.8 V for the next 5.6 h when discharged at a current density of 0.25 mA/cm2. The AZ31-based cell also yields a better specific capacity of 2.17 mAh/cm2 and a discharge time of 8.68 h, which is twice the capacity and the discharge life of a pure Mg-based cell. The reported increase in performance is attributed to the presence of alloying components in the anode which limits the parasitic corrosion inherent in a pure Mg anode. © 2022 Elsevier B.V., All rights reserved.","","","Article","Final","","Scopus","2-s2.0-85139249679"
"G., Hubmann, Georg","Hubmann, Georg (36150788700)","36150788700","The socio-spatial effects of Circular Urban Systems","2022","IOP Conference Series: Earth and Environmental Science","1078","1","012010","","","0","7","10.1088/1755-1315/1078/1/012010","https://www.scopus.com/inward/record.uri?eid=2-s2.0-85139173925&doi=10.1088%2F1755-1315%2F1078%2F1%2F012010&partnerID=40&md5=4ce5ff4c365230f1f9a6e1e070718f7d","This article shows what kind of urban spaces are produced by circular systems. The focus is on the socio-spatial dimension of closed material loops in two neighbourhoods (e.g., reuse of grey water, recycling of waste, provision of renewable energy). Although the Circular Economy (CE) narrative is increasingly part of urban transformation policies, there are considerable implementation gaps in how regenerative or self-sufficient systems are operationalised in practice. I argue that the application of circularity principles in the urban context requires conceptual clarification to be useful for urban theory and praxis. Therefore, I provide a political ecology perspective of circular urban systems by analysing two cases: Block 6 in Berlin and Schoonschip in Amsterdam. I explain how such systems were established, who benefits from them, and what kind of socio-spatial conditions they produce. Methodologically, I use several qualitative research methods in the framework of a case study analysis. The results show that the incremental and publicly financed low-tech development of circular systems is socially compatible while privately funded high-tech developments result in stronger levels of sustainability but are reserved to a small exclusive group of people and provoke gentrification processes. © 2022 Elsevier B.V., All rights reserved.","Circular Economy; Climate Change; Infrastructure; Sustainable Neighbourhoods; Urban Political Ecology","","Conference paper","Final","All Open Access; Gold Open Access","Scopus","2-s2.0-85139173925"
"D.E., Matytsin, Denis E.","Matytsin, Denis E. (57224899488)","57224899488","BLOCKCHAIN TURNOVER OF SECURITIES PLACED FOR FINANCING FOREIGN TRADE TRANSACTIONS BY THE BUSINESS ENTITIES UNDER THE JURISDICTION OF THE EEU AND BRICS","2022","Advances in Research on Russian Business and Management","2022","","","363","373","0","2","","https://www.scopus.com/inward/record.uri?eid=2-s2.0-85124414701&partnerID=40&md5=2afb2eae3dc5ed6ce5f81f2226bec9dc","In this Chapter of the monograph, the author explored the modern possibilities of the distributed ledger technology when completing securities transactions (blockchain turnover), posted for funding foreign trade transactions by the business entities under the jurisdiction of the EEU and BRICS. The process of transition from conventional stocks and bonds to more convenient and transparent digital investment crypto records certifying the rights of investors will last a maximum of 10 years. In turn, for the participant of foreign trade activities under the jurisdiction of the EEU and BRICS, serving as investment organizers, it will allow overcoming many existing collisions in the securities legislation and other forms of investment activities. For successful digitization of financial instruments within a single retail space of the EEU and BRICS, it is necessary to come up with a single approach to the definition of the legal nature of tokens and crypto-objects, as well as the legal regime for their issue and turnover between investors and investment organizers. The author relied on the materialistic world view and the general scientific method of histori-cal materialism; in the research, he used general scientific and specific scientific methods, which allowed him to implement a comprehensive approach to the subject of research. Special emphasis is placed on blockchain registration of transactions with stocks or bonds, which is a transparent and self-sufficient system, and under which the parties to transactions are register with the distributed register; as assets are sold or purchased, they confirm that they have sufficient funds on their account to make a transaction in the distributed ledger. It is suggested that a digital investment platform be created; it should be a stock exchange of digital investment crypto records that are listed, included in the quota-tion list and traded on this platform. The business entities under the jurisdiction of the EEU and BRICS become participants in the digital investment platform. It is suggested that digital investment crypto records—“tokens”—be issued to both the largest corporations and medium-size companies for smaller-scale projects. Both individuals and legal entities from any jurisdiction are entitled to invest in projects. © 2022 Elsevier B.V., All rights reserved.","Blockchain; Bonds; Brics; Digital Investment Crypto Record; Eeu; Foreign Trade Activities; Funding; Stocks; Transactions","","Book chapter","Final","","Scopus","2-s2.0-85124414701"
"S.I., Wahyudi, S. I.; H.P., Adi, Henny Pratiwi; J., Lekkerkerk, Jonathan; J., Jansen, Jorge; F.C., Boogaard, Floris C.","Wahyudi, S. I. (56510309100); Adi, Henny Pratiwi (57193924131); Lekkerkerk, Jonathan (57214080194); Jansen, Jorge (57226885775); Boogaard, Floris C. (55260617100)","56510309100; 57193924131; 57214080194; 57226885775; 55260617100","Expectation of Floating Building in Java Indonesia, Case Study in Semarang City","2022","Lecture Notes in Civil Engineering","158","","","491","504","0","3","10.1007/978-981-16-2256-4_30","https://www.scopus.com/inward/record.uri?eid=2-s2.0-85113204953&doi=10.1007%2F978-981-16-2256-4_30&partnerID=40&md5=7e9aefd20a9d1462b42b65323ba47ed1","Many delta cities worldwide are dealing with the same kind of problems: rising of the sea level, land subsidence, scarcity of land and illegal housing. Multiple land use is one of these solutions that will help to reduce flooding and scarcity of land. An example of multiple land use is a floating community. This research used Semarang as location for the research into the social acceptance of floating houses. The data in this study were obtained through literature study and survey among inhabitants. The social acceptance of the inhabitants is determined with 35 respondents that have been done in the area of Kemijen, Semarang. In order to determine the social acceptance of floating houses, there are elements used, namely: knowledge of floating houses, perception of risk, urgency, implementation, chose for a floating house, requirements, positive and negative elements, self-sufficient system. According to the result of research, the social acceptance of the inhabitants is quite low, but there is potential because they see positive elements in a floating house. Low social acceptance is caused by the fact that the concept of floating houses is not well known in this community. With raising awareness on the challenges and informing the community on the possibilities on floating infrastructure will result in higher social acceptance. © 2021 Elsevier B.V., All rights reserved.","Expectation; Floating Building; Flooding; Polder Area; Land Use; Risk Perception; Sea Level; Social Aspects; Indonesia; Land Subsidence; Literature Studies; Social Acceptance; Houses","Land use; Risk perception; Sea level; Social aspects; Indonesia; Land subsidence; Literature studies; Social acceptance; Houses","Conference paper","Final","","Scopus","2-s2.0-85113204953"
"E., Diamanti, Eleftheria; J., Santiago-Arcos, Javier; D.A., Grajales-Hernández, Daniel Alberto; N., Czarnievicz, Nicolette; N., Comino, Natalia; I., Llarena, Irantzu; D., Di Silvio, Desirè; A.L., Cortajarena, Aitziber L.; F., López-Gallego, Fernando","Diamanti, Eleftheria (56765590100); Santiago-Arcos, Javier (57216484913); Grajales-Hernández, Daniel Alberto (57216506230); Czarnievicz, Nicolette (57367717600); Comino, Natalia (55884666300); Llarena, Irantzu (15061519000); Di Silvio, Desirè (56719671700); Cortajarena, Aitziber L. (6507028907); López-Gallego, Fernando (8554191200)","56765590100; 57216484913; 57216506230; 57367717600; 55884666300; 15061519000; 56719671700; 6507028907; 8554191200","Intraparticle Kinetics Unveil Crowding and Enzyme Distribution Effects on the Performance of Cofactor-Dependent Heterogeneous Biocatalysts","2021","ACS Catalysis","11","24","","15051","15067","0","40","10.1021/acscatal.1c03760","https://www.scopus.com/inward/record.uri?eid=2-s2.0-85120884144&doi=10.1021%2Facscatal.1c03760&partnerID=40&md5=96f587572e9f86e1bb4b68c59e314c48","Multidimensional kinetic analysis of immobilized enzymes is essential to understand the enzyme functionality at the interface with solid materials. However, spatiotemporal kinetic characterization of heterogeneous biocatalysts on a microscopic level and under operando conditions has been rarely approached. As a case study, we selected self-sufficient heterogeneous biocatalysts where His-tagged cofactor-dependent enzymes (dehydrogenases, transaminases, and oxidases) are co-immobilized with their corresponding phosphorylated cofactors [nicotinamide adenine dinucleotide phosphate (NAD(P)H), pyridoxal phosphate (PLP), and flavin adenine dinucleotide (FAD)] on porous agarose microbeads coated with cationic polymers. These self-sufficient systems do not require the addition of exogenous cofactors to function, thus avoiding the extensive use of expensive cofactors. To comprehend the microscopic kinetics and thermodynamics of self-sufficient systems, we performed fluorescence recovery after photobleaching measurements, time-lapse fluorescence microscopy, and image analytics at both single-particle and intraparticle levels. These studies reveal a thermodynamic equilibrium that rules out the reversible interactions between the adsorbed phosphorylated cofactors and the polycations within the pores of the carriers, enabling the confined cofactors to access the active sites of the immobilized enzymes. Furthermore, this work unveils the relationship between the apparent Michaelis–Menten kinetic parameters and the enzyme density in the confined space, eliciting a negative effect of molecular crowding on the performance of some enzymes. Finally, we demonstrate that the intraparticle apparent enzyme kinetics are significantly affected by the enzyme spatial organization. Hence, multiscale characterization of immobilized enzymes serves as an instrumental tool to better understand the in operando functionality of enzymes within confined spaces. © 2021 Elsevier B.V., All rights reserved.","Confined Kinetics; Heterogeneous Biocatalysis; Oxidoreductases; Protein Immobilization; Transaminases; Enzyme Immobilization; Enzyme Kinetics; Fluorescence; Fluorescence Microscopy; Nucleotides; Phosphorylation; Photobleaching; Thermodynamics; Cofactors; Confined Kinetic; Heterogeneous Biocatalysis; Immobilized Enzyme; Intraparticle; Operando; Oxido-reductases; Performance; Protein Immobilization; Transaminase; Kinetics","Enzyme immobilization; Enzyme kinetics; Fluorescence; Fluorescence microscopy; Nucleotides; Phosphorylation; Photobleaching; Thermodynamics; Cofactors; Confined kinetic; Heterogeneous biocatalysis; Immobilized enzyme; Intraparticle; Operando; Oxido-reductases; Performance; Protein immobilization; Transaminase; Kinetics","Article","Final","All Open Access; Green Accepted Open Access; Green Open Access","Scopus","2-s2.0-85120884144"
"Ş.H., Tercan, Şafak Hengirmen","Tercan, Şafak Hengirmen (56901219700)","56901219700","Second-hand renovated trams as a novel decision strategy for public transport investment","2021","Transport Policy","114","","","364","371","0","2","10.1016/j.tranpol.2021.10.012","https://www.scopus.com/inward/record.uri?eid=2-s2.0-85117928284&doi=10.1016%2Fj.tranpol.2021.10.012&partnerID=40&md5=90a14a30fc71681e1cef3adf9239f338","The public transport system is one of the cities' primary services, classifying the city as modern, livable, accessible, and sustainable. Accordingly, cities are trying to develop sustainable public transport systems even with limited budgets and funds. In this study, a novel decision strategy for public transport investment is investigated for a tramway system that implements several local decision strategies, and it gave the ability to launch the system using second-hand renovated trams as the rolling stock. The operation period's financial sustainability for ten years and the effect of the second-hand trams are assessed. The results show that renovated tram cars decreased the project's initial investment costs by 53.88% and realized 4.5 M €/km total cost, which is one-fifth of the average total cost in Europe. The system became a self-sufficient system after the 3rd year of operation and is profiting with incremental positive cash flow since that year without having any compensation from the national or local government. The study shows that the cities' financial resources could be sufficient to cover sustainable transportation modes with locally adapted strategies. The paper also contributes to decision strategies that renovated trams can be a solution for cities with limited budgets and are planning to construct tramway lines to improve public transport systems and eager to create sustainable cities. © 2021 Elsevier B.V., All rights reserved.","Climate Change; Decision Strategy; Financial Sustainability; Public Transport; Renovated Trams; Sustainable Mobility; Transportation Infrastructure Investment; Climate Change; Decision Making; Infrastructure Planning; Investment; Mobility; Public Transport; Strategic Approach; Sustainability; Transportation Infrastructure; Transportation Mode; Urban Transport; Europe","climate change; decision making; infrastructure planning; investment; mobility; public transport; strategic approach; sustainability; transportation infrastructure; transportation mode; urban transport; Europe","Article","Final","","Scopus","2-s2.0-85117928284"
"C., Gómez-Sacedón, Celia; E., López-Fernández, E.; A.R., de la Osa, A. R.; F., Dorado, Fernando; E., Amores, Ernesto; A., De Lucas-Consuegra, A.","Gómez-Sacedón, Celia (58412660300); López-Fernández, E. (57202228785); de la Osa, A. R. (15836452700); Dorado, Fernando (6603733670); Amores, Ernesto (56282126800); De Lucas-Consuegra, A. (22134442400)","58412660300; 57202228785; 15836452700; 6603733670; 56282126800; 22134442400","Preliminary design of a self-sufficient electrical storage system based on electrolytic hydrogen for power supply in a residential application","2021","Applied Sciences (Switzerland)","11","20","9582","","","0","3","10.3390/app11209582","https://www.scopus.com/inward/record.uri?eid=2-s2.0-85117285332&doi=10.3390%2Fapp11209582&partnerID=40&md5=e7d905886bce95444f447ea882c2d5c0","The use of renewable energy and hydrogen technology is a sustainable solution for the intermittent feature of renewable energies. Hence, the aim of the present work is to design a self-sufficient system for a one-family house by coupling a solar photovoltaic array and an anion exchange membrane water electrolyzer (AEMWE). The first step is the selection of the photovoltaic panel by using PV-SYST 7.0 software. Then, the hydrogen production system is calculated by coupling the electrolyzer and photovoltaic panel current–potential curves. A fuel cell is selected to use the hydrogen produced when solar energy is not available. Finally, the hydrogen storage tank is also estimated to store hydrogen for a design basis of four consecutive cloudy days according to the hydrogen consumption of the fuel cell. The whole system is designed by a simple procedure for a specific location in Ciudad Real (Spain) for January, which is known as the coldest month of the year. The simple procedure described in this work could be used elsewhere and demonstrated that the hydrogen production at low scale is a suitable technology to use renewable energy for self-energy supporting in a residential application without any connection to the grid. © 2021 Elsevier B.V., All rights reserved.","Alkaline Exchange Membrane Water Electrolyzer; Electrical Energy Storage; Hydrogen; Photovoltaic Coupling; Renewable Energy","","Article","Final","All Open Access; Gold Open Access; Green Final Open Access; Green Open Access","Scopus","2-s2.0-85117285332"
"S., Lee, Seongwoo; J., Seon, Joonho; C., Kyeong, Chanuk; S., Kim, Soohyun; Y., Sun, Youngghyu; J., Kim, Jinyoung","Lee, Seongwoo (57250905500); Seon, Joonho (57250905600); Kyeong, Chanuk (57251021900); Kim, Soohyun (57217145660); Sun, Youngghyu (57203897007); Kim, Jinyoung (59454557000)","57250905500; 57250905600; 57251021900; 57217145660; 57203897007; 59454557000","Novel energy trading system based on deep-reinforcement learning in microgrids","2021","Energies","14","17","5515","","","0","14","10.3390/en14175515","https://www.scopus.com/inward/record.uri?eid=2-s2.0-85114518025&doi=10.3390%2Fen14175515&partnerID=40&md5=9687298d3f584dee02f68726b440a421","Inefficiencies in energy trading systems of microgrids are mainly caused by uncertainty in non-stationary operating environments. The problem of uncertainty can be mitigated by ana-lyzing patterns of primary operation parameters and their corresponding actions. In this paper, a novel energy trading system based on a double deep Q-networks (DDQN) algorithm and a double Kelly strategy is proposed for improving profits while reducing dependence on the main grid in the microgrid systems. The DDQN algorithm is proposed in order to select optimized action for improving energy transactions. Additionally, the double Kelly strategy is employed to control the microgrid’s energy trading quantity for producing long-term profits. From the simulation results, it is confirmed that the proposed strategies can achieve a significant improvement in the total profits and independence from the main grid via optimized energy transactions. © 2021 Elsevier B.V., All rights reserved.","Double Deep Q-networks (ddqn); Double Kelly Strategy; Energy Self-sufficient Systems; Energy Transaction; Microgrid; Microgrids; Power Markets; Profitability; Reinforcement Learning; Energy Trading; Long-term Profits; Micro Grid; Micro-grid Systems; Nonstationary; Operating Environment; Operation Parameters; Total Profits; Deep Learning","Microgrids; Power markets; Profitability; Reinforcement learning; Energy trading; Long-term profits; Micro grid; Micro-grid systems; Nonstationary; Operating environment; Operation parameters; Total profits; Deep learning","Article","Final","All Open Access; Gold Open Access; Green Final Open Access; Green Open Access","Scopus","2-s2.0-85114518025"
"D., Hallmans, Daniel; K., Sandström, Kristian; S.B.M., Larsson, Stig B.M.; T., Nolte, Thomas","Hallmans, Daniel (55655400600); Sandström, Kristian (55655335800); Larsson, Stig B.M. (7202349225); Nolte, Thomas (6603878616)","55655400600; 55655335800; 7202349225; 6603878616","Challenges in providing sustainable analytic of system of systems with long life time","2021","","","","9497465","69","74","0","4","10.1109/SOSE52739.2021.9497465","https://www.scopus.com/inward/record.uri?eid=2-s2.0-85112401974&doi=10.1109%2FSOSE52739.2021.9497465&partnerID=40&md5=a9dc08e9e09c84efff4976cefa989b47","Embedded systems are today often self-sufficient systems with limited communication. However, this traditional view of an embedded system is changing rapidly. Embedded systems are nowadays evolving, e.g., an evolution pushed by the increased functional gain introduced with the concept of System of Systems (SoS) that is connecting multiple subsystems to achieve a combined functionality and/or information of a higher value. In such a SoS the subsystems will have to serve a dual purpose in a) the initial purpose that the subsystem was originally designed and deployed for, e.g., control and protection of the physical assets of a critical infrastructure system that could be up and running for 30-40 years, and b) at the same time provide information to a higher-level system for a potential future increase of system functionality as technology matures and/or new opportunities are provided by, e.g., greater analytics capabilities. In this paper, within the context of a 'dual purpose use' of a) and b), we bring up three central challenges related to i) information gathering, ii) life-cycle management, and iii) data governance, and we propose directions for solutions to these challenges that need to be evaluated already at design time. © 2021 Elsevier B.V., All rights reserved.","Analytics; Data Gathering; Embedded Systems; Long Life Time; Sos; Life Cycle; System Of Systems; Control And Protection; Critical Infrastructure Systems; Data Governances; Information Gathering; Life-cycle Management; Limited Communication; Multiple Subsystems; System Functionality; Embedded Systems","Life cycle; System of systems; Control and protection; Critical infrastructure systems; Data governances; Information gathering; Life-cycle management; Limited communication; Multiple subsystems; System functionality; Embedded systems","Conference paper","Final","","Scopus","2-s2.0-85112401974"
"B., Badrzadeh, Babak; E.M., Farahani, Ehsan Mostery; N., Modi, Nilesh; N., Crooks, N.; D.J., Ryan, D. J.","Badrzadeh, Babak (12144272300); Farahani, Ehsan Mostery (36959499500); Modi, Nilesh (36975944700); Crooks, N. (57218318095); Ryan, D. J. (58588307100)","12144272300; 36959499500; 36975944700; 57218318095; 58588307100","Sustained islanding operation of a normally interconnected power system with a high share of inverter-based resources – South Australian experience","2021","CIGRE Science and Engineering","21","June","","170","179","0","0","","https://www.scopus.com/inward/record.uri?eid=2-s2.0-85116350125&partnerID=40&md5=7cca7992669a3a60b553bfc99d4ada83","In recent years, Australia’s National Electricity Market (NEM) has experienced a number of contingency events involving the loss of multiple power system elements due to extreme climate-related events. One such event occurred on 31 January 2020, bringing down several transmission towers in the west of the Victorian (VIC) region of the NEM. It resulted in the formation of an electrical island comprising a small part of VIC and the entire South Australia (SA) region of the NEM. The island could not be reconnected to the rest of the NEM until temporary towers could be erected, with the first circuit re-energised on 17 February 2020. Sustained island operation of a normally interconnected system for 17 days posed several unique operational challenges requiring the development of several first-ofthe- kind solutions. In particular, SA has a high share of inverter-based resources (IBR), both grid-connected and distributed photovoltaic (DPV), frequently coincident with a low number of online synchronous generators. With no synchronous interconnection to provide grid support, unknown and complex power system interaction phenomena could occur with the potential for significant implications in the islanded system. This paper discusses the operational measures implemented by AEMO to manage power system security during the extended island conditions, determined by detailed power system simulation using a full-scale electromagnetic transient (EMT) model of the system under consideration. These measures included: • developing multiple alternative combinations of synchronous generating units to be online at all times to maintain minimum system strength and frequency control, in addition to those already in place for system intact. • identifying and quantifying the need for a combination of physical inertia of synchronous generators and fast frequency response (FFR) contributed by battery energy storage systems (BESS). • accounting for and minimising any potential adverse system security impacts of high levels of DPV generation. • reducing the size of the largest credible contingency to a level at which system security could be maintained. • determining the order of dispatch and associated generation output for synchronous generators, wind and solar farms and BESS depending on their positive or adverse system security contributions in periods of low grid demand. • establishing a self-sufficient system in the small VIC part of the island comprising local synchronous generators and a large aluminium smelting plant, such that contingencies in this part of the network would not adversely impact the SA island. © 2021 Elsevier B.V., All rights reserved.","Distributed Photovoltaic; Electromagnetic Transient Simulation; Fast Frequency Response; Frequency Control; Inertia; Inverter-based Resources; Sustained Islanding Operation; System Strength","","Article","Final","","Scopus","2-s2.0-85116350125"
"A.N., Ravichandran, Aravind Narain; F., Depoutot, Frédéric; E., Kharbouche, Elias; M., Hamand, Marc; M.P., Ramuz, Marc P.; S., Blayac, Sylvain","Ravichandran, Aravind Narain (57205596702); Depoutot, Frédéric (16642093000); Kharbouche, Elias (57221760164); Hamand, Marc (57221761160); Ramuz, Marc P. (23502149600); Blayac, Sylvain (6602090341)","57205596702; 16642093000; 57221760164; 57221761160; 23502149600; 6602090341","Demonstration of friction-based triboelectric nanogenerator and integration in a power-balanced fully autonomous system","2021","Nano Energy","83","","105796","","","0","8","10.1016/j.nanoen.2021.105796","https://www.scopus.com/inward/record.uri?eid=2-s2.0-85100104999&doi=10.1016%2Fj.nanoen.2021.105796&partnerID=40&md5=7a1fc73321fd77f92413073932666d18","The deployment of IoTs and mobile objects heavily relies on batteries as power sources for integration to new applications. Alternatively, triboelectric nanogenerators (TENGs) can be seen as a promising technology by harvesting mechanical energy for powering small-scale electronics. The integration of TENGs into practical applications within a limited power requirement, is still unexplored considering its attractive properties. In this work, a state of the art multilayer integrated TENG structure with high output power density is devised compatible with practical applications to promote the technological maturity of TENGs. The proposed system consists of a sliding based TENG power source integrated to drive an e-ink™ display screen application controlled by an efficient power management unit. Through simultaneous investigation of the triboelectric power source and the application system integration focusing on power balance, an optimized self-sufficient system has been demonstrated by using a well-designed hand powered sliding motion test platform, respectively. The integrated system reaches a maximum output power density of 750 mW m−2, adequate to drive the target application. The realization of an efficient and low cost integration with reliable power output performance showcases TENG as an attractive potential for the next generation of autonomous electronic and wireless devices. © 2021 Elsevier B.V., All rights reserved.","Body Motion Energy Harvesting; Portable Devices; Self-powered System; Technology Readiness Level; Triboelectric Nanogenerators; Nanotechnology; Triboelectricity; Application System Integration; Autonomous Electronics; Autonomous Systems; Efficient Power Managements; Integrated Systems; Low Cost Integration; Maximum Output Power Densities; Mechanical Energies; Nanogenerators","Nanotechnology; Triboelectricity; Application system integration; Autonomous electronics; Autonomous systems; Efficient power managements; Integrated systems; Low cost integration; Maximum output power densities; Mechanical energies; Nanogenerators","Article","Final","","Scopus","2-s2.0-85100104999"
"J.M., Vindel, José María; E., Trincado Aznar, Estrella; A., Sánchez-Bayón, Antonio","Vindel, José María (35099687200); Trincado Aznar, Estrella (36505124500); Sánchez-Bayón, Antonio (56028006700)","35099687200; 36505124500; 56028006700","European union green deal and the opportunity cost of wastewater treatment projects","2021","Energies","14","7","1994","","","0","8","10.3390/en14071994","https://www.scopus.com/inward/record.uri?eid=2-s2.0-85105152303&doi=10.3390%2Fen14071994&partnerID=40&md5=16f4ed195fce4de4e6470319cd78b3b7","The European Union Green Deal aims at curbing greenhouse gas emissions and introducing clean energy production. But to achieve energy efficiency, the opportunity cost of different energies must be assessed. In this article, two different energy self-sufficient systems for wastewater treatment are compared. On the one hand, high-rate algal ponds system (HRAP) is considered; on the other hand, a conventional activated sludge system (AS) which uses photovoltaic power (PV) is studied. The paper offers a viability analysis of both systems based on the capacity to satisfy their energetic consumption. This viability analysis, along with the opportunity cost study, will be used in the article to compare these two projects devoted to the treatment of wastewater. In order to assess viability, the probability of not achieving the energy consumption threshold at least one day is studied. The results point that the AS+PV system self-sufficiency is achieved with much lesser land requirements than the HRAP system (for the former, less than 6500 m2, for the latter 40,000 m2). However, the important AS capital cost makes still the HRAP system more economic, although storage provides a great advantage for using the AS+PV in locations where a lot of irradiance is available. © 2021 Elsevier B.V., All rights reserved.","Activated Sludge System (as); Clean Energy Production; Eu Green Deal; High-rate Algal Ponds (hrap); Horizon 2030; Photovoltaic Power (pv); Activated Sludge Process; Costs; Energy Efficiency; Energy Utilization; Gas Emissions; Greenhouse Gases; Photovoltaic Cells; Wastewater Treatment; Capital Costs; Clean Energy; Conventional Activated Sludges; European Union; High Rate Algal Pond; Opportunity Costs; Photovoltaic Power; Pv System; Cost Benefit Analysis","Activated sludge process; Costs; Energy efficiency; Energy utilization; Gas emissions; Greenhouse gases; Photovoltaic cells; Wastewater treatment; Capital costs; Clean energy; Conventional activated sludges; European union; High rate algal pond; Opportunity costs; Photovoltaic power; PV system; Cost benefit analysis","Article","Final","All Open Access; Gold Open Access; Green Accepted Open Access; Green Final Open Access; Green Open Access","Scopus","2-s2.0-85105152303"
"L.A., Wehner, Linda A.; N., Mittal, Neeru; T., Liu, Tian; M., Niederberger, Markus","Wehner, Linda A. (57202281404); Mittal, Neeru (57221979705); Liu, Tian (57201382247); Niederberger, Markus (57203255734)","57202281404; 57221979705; 57201382247; 57203255734","Multifunctional batteries: Flexible, transient, and transparent","2021","ACS Central Science","7","2","","231","244","0","61","10.1021/acscentsci.0c01318","https://www.scopus.com/inward/record.uri?eid=2-s2.0-85100832635&doi=10.1021%2Facscentsci.0c01318&partnerID=40&md5=7995ad09e4bc2f0f3efe5ee9b48885d6","The primary task of a battery is to store energy and to power electronic devices. This has hardly changed over the years despite all the progress made in improving their electrochemical performance. In comparison to batteries, electronic devices are continuously equipped with new functions, and they also change their physical appearance, becoming flexible, rollable, stretchable, or maybe transparent or even transient or degradable. Mechanical flexibility makes them attractive for wearable electronics or for electronic paper; transparency is desired for transparent screens or smart windows, and degradability or transient properties have the potential to reduce electronic waste. For fully integrated and self-sufficient systems, these devices have to be powered by batteries with similar physical characteristics. To make the currently used rigid and heavy batteries flexible, transparent, and degradable, the whole battery architecture including active materials, current collectors, electrolyte/separator, and packaging has to be redesigned. This requires a fundamental paradigm change in battery research, moving away from exclusively addressing the electrochemical aspects toward an interdisciplinary approach involving chemists, materials scientists, and engineers. This Outlook provides an overview of the different activities in the field of flexible, transient, and transparent batteries with a focus on the challenges that have to be faced toward the development of such multifunctional energy storage devices. © 2021 Elsevier B.V., All rights reserved.","Electric Power Systems; Electrolytes; Electron Devices; Energy Storage; Packaging Materials; Thermoelectric Equipment; Current Collector; Electrochemical Performance; Electronic Device; Materials Scientist; Mechanical Flexibility; Physical Characteristics; Power Electronic Devices; Transient Property; Electric Batteries","Electric power systems; Electrolytes; Electron devices; Energy storage; Packaging materials; Thermoelectric equipment; Current collector; Electrochemical performance; Electronic device; Materials scientist; Mechanical flexibility; Physical characteristics; Power electronic devices; Transient property; Electric batteries","Article","Final","All Open Access; Gold Open Access; Green Final Open Access; Green Open Access","Scopus","2-s2.0-85100832635"
"C., Martin, Caterina; G., Tjallinks, Gwen; M., Trajković, Miloš; M.W., Fraaije, Marco Wilhelmus","Martin, Caterina (57200988771); Tjallinks, Gwen (57219517472); Trajković, Miloš (57202079696); Fraaije, Marco Wilhelmus (7003441672)","57200988771; 57219517472; 57202079696; 7003441672","Facile Stereoselective Reduction of Prochiral Ketones by using an F420-dependent Alcohol Dehydrogenase","2021","ChemBioChem","22","1","","156","159","0","8","10.1002/cbic.202000651","https://www.scopus.com/inward/record.uri?eid=2-s2.0-85093504276&doi=10.1002%2Fcbic.202000651&partnerID=40&md5=00888ed4ff4cb29b39649d873fbe5d96","Effective procedures for the synthesis of optically pure alcohols are highly valuable. A commonly employed method involves the biocatalytic reduction of prochiral ketones. This is typically achieved by using nicotinamide cofactor-dependent reductases. In this work, we demonstrate that a rather unexplored class of enzymes can also be used for this. We used an F<inf>420</inf>-dependent alcohol dehydrogenase (ADF) from Methanoculleus thermophilicus that was found to reduce various ketones to enantiopure alcohols. The respective (S) alcohols were obtained in excellent enantiopurity (>99 % ee). Furthermore, we discovered that the deazaflavoenzyme can be used as a self-sufficient system by merely using a sacrificial cosubstrate (isopropanol) and a catalytic amount of cofactor F<inf>420</inf> or the unnatural cofactor FOP to achieve full conversion. This study reveals that deazaflavoenzymes complement the biocatalytic toolbox for enantioselective ketone reductions. © 2021 Elsevier B.V., All rights reserved.","Biocatalysis; Deazaflavin; Enantioselectivity; Prochiral Ketones; Reduction; 2 Propanol; Alcohol Dehydrogenase; Alcohol Dehydrogenase; Alcohols; Ketones; 2 Propanol; Alcohol Dehydrogenase; Alcohol Derivative; Ketone Derivative; Ketone; Article; Catalysis; Chirality; Crystal Structure; Enzyme Structure; Methanoculleus Thermophilus; Nonhuman; Priority Journal; Protein Analysis; Reduction (chemistry); Stereoselectivity; Chemical Structure; Chemistry; Enzymology; Metabolism; Methanomicrobiaceae; Oxidation Reduction Reaction; Stereoisomerism; Alcohol Dehydrogenase; Alcohols; Ketones; Molecular Structure; Oxidation-reduction; Stereoisomerism","2 propanol; alcohol dehydrogenase; alcohol derivative; ketone derivative; ketone; Article; catalysis; chirality; crystal structure; enzyme structure; Methanoculleus thermophilus; nonhuman; priority journal; protein analysis; reduction (chemistry); stereoselectivity; chemical structure; chemistry; enzymology; metabolism; Methanomicrobiaceae; oxidation reduction reaction; stereoisomerism; Alcohol Dehydrogenase; Alcohols; Ketones; Molecular Structure; Oxidation-Reduction; Stereoisomerism","Article","Final","All Open Access; Green Final Open Access; Green Open Access; Hybrid Gold Open Access","Scopus","2-s2.0-85093504276"
"K., Theologou, Konstantinos; R., Mertz, Rainer; E., Laurien, Eckart; J., Starflinger, Jörg","Theologou, Konstantinos (57211391593); Mertz, Rainer (7004242479); Laurien, Eckart (6701687189); Starflinger, Jörg (8296908300)","57211391593; 7004242479; 6701687189; 8296908300","EXPERIMENTAL INVESTIGATIONS ON THE HEAT TRANSFER CHARACTERISTICS OF SUPERCRITICAL CO2 IN HEATED HORIZONTAL PIPES","2021","Conference Proceedings of the European sCO2 Conference","","","","38","47","0","1","10.17185/duepublico/73945","https://www.scopus.com/inward/record.uri?eid=2-s2.0-85193514816&doi=10.17185%2Fduepublico%2F73945&partnerID=40&md5=5fe7e04275a365745bb68aab8810663c","In the frame of the sCO2-QA (qualification of analysis tools for the evaluation of a residual heat-driven, self-sufficient system for decay heat removal) project, a residual heat-driven self-sufficient sCO2-operated decay heat removal system based on a Brayton cycle is simulated with the German thermal-hydraulics system code ATHLET (analysis of thermal-hydraulics of leaks and transients). The heat removal system consists of a compact heat exchanger in the containment, a turbo-compressor system located in the reactor building and a gas cooler in the outdoor area. The validation of ATHLET and other numerical codes as well as understanding the heat transfer characteristics of sCO2 near the critical point requires experimental data. At IKE (Institute of Nuclear Technology and Energy Systems), the SCARLETT (supercritical carbon dioxide loop at IKE Stuttgart) test facility is available for various experiments with sCO2. This publication includes an experimental investigation of the thermal stratification in heated horizontal sCO2 pipe flows. For this investigation, eight test series with overall 48 experiments were carried out in two pipes with inner diameters of 4 mm and 8 mm. The experiments were carried out at a pressure of approximately 7.75 MPa. The target values of mass flux were set at 400 kg/m2s and 800 kg/m2s and those of heat flux at 50, 90 and 130 kW/m2, resulting in a heat to mass flux ratio of 62.5-225 J/kg. The inlet Reynolds numbers are between 16000 and 120000. The measured parameters are the flow rate, the pressure, the inlet and outlet fluid temperature as well as the outer surface temperature along the test pipe in three different radial angles. The results show the influence of the pipe diameter, Reynolds number, mass and heat flux on the temperature stratification. Also, inflow lengths were determined for a fully developed temperature stratification. This data set can be used for the validation of computer codes. © 2024 Elsevier B.V., All rights reserved.","","","Conference paper","Final","","Scopus","2-s2.0-85193514816"
"E.M., Kryukova, Elena Mikhajlovna; V.S., Khetagurova, Valeriya Shotaevna; V.A., Ilyin, Viktor Anatolievich; V.V., Chizhikova, Vera Viktorovna; A.V., Kosoplechev, Alexey Vladimirovich","Kryukova, Elena Mikhajlovna (55904455700); Khetagurova, Valeriya Shotaevna (56800867900); Ilyin, Viktor Anatolievich (57347098700); Chizhikova, Vera Viktorovna (57219406413); Kosoplechev, Alexey Vladimirovich (57346127400)","55904455700; 56800867900; 57347098700; 57219406413; 57346127400","Forming students’ environmental culture: modern educational approaches and technologies","2021","Journal of Advanced Pharmacy Education and Research","11","2","","113","118","0","6","10.51847/UQUXVBZTOQ","https://www.scopus.com/inward/record.uri?eid=2-s2.0-85119439222&doi=10.51847%2FUQUXVBZTOQ&partnerID=40&md5=0672e7e88e35d3bada62ef93b911ef7d","Humans are primarily biosocial creatures. Aside all significant social characteristics and advantages, the main feature of a human being is being a part of a vast self-sufficient system. What differs our species from others is the ability to live in the environment while creating our own culture and living conditions in it through mental and physical labor. With the emergence of innovations, the environment inhabited by humanity undergoes global changes. The speed and volume of technogenic factors on the environment are impossible to assess considering a wide range of factors including the multiplicative effect of the negative impact products of modern civilization have on the environment. Therefore, the science of ecology has gained special relevance. To realize the dream of many generations to create a befitting environment for humans and ensure the harmony between humanity and nature come into life, every person must have ecological knowledge. Ecology can allow evaluating the scale of the impact of human life on the environment. The study of ecology cannot be limited to the scientific community level, every person has to be aware of basic problems and has an image of how they should personally lead their life to contribute to the harmonious development of society to the maximum extent. Thus, the present work examines the problem of environmental education of people including the use of modern developments like information and information and telecommunication technology. The formation of environmental consciousness is necessary to make the global problems not appear as only mythical threats. © 2021 Elsevier B.V., All rights reserved.","Ecology; Environmental Culture; It; Technology; Tourism; Upbringing","","Article","Final","All Open Access; Bronze Open Access","Scopus","2-s2.0-85119439222"
"N.T., El Gazzar, Nadine T.; A.T., Estévez, Alberto T.; Y.K., Abdallah, Yomna K.","El Gazzar, Nadine T. (57225128929); Estévez, Alberto T. (35177297100); Abdallah, Yomna K. (57212687610)","57225128929; 35177297100; 57212687610","Bacterial cellulose as a base material in biodigital architecture (Between bio-material development and structural customization)","2021","Journal of Green Building","16","2","","173","199","0","3","10.3992/jgb.16.2.173","https://www.scopus.com/inward/record.uri?eid=2-s2.0-85109210070&doi=10.3992%2Fjgb.16.2.173&partnerID=40&md5=d4c2424663709f85f29e4c0cde40a50a","Recently, developing sustainable architectural materials from renewable resources is gaining great interest. This interest is intended to alleviate the drawbacks of petro-leum-based materials and their contribution in the escalation of CO<inf>2</inf> emissions causing the current environmental deterioration. Achieving sustainability through developing efficient architectural materials have been always conditioned by tech-nological advancements and economic potential. This has affected the architectural design and construction sectors, especially in times of disasters or economic crisis, resulting in paralysis in the architectural construction and material development. These effects were caused by the capitalization and centralization of architectural construction industries. The recent trend of self-sufficiency that had first emerged in environmental activities supporting recycling, environmental purification and conservation, oxygen, food, and electricity production, has extended to cover more sophisticated products, such as wearables, gadgets and architecture. Achieving self-sufficiency in architecture is of interest to multidisciplinary researchers who focus on developing both self-sufficient systems and materials as the two main components of the built environment. Developing architectural materials aims to provide cheap, recycled, renewable, environmentally friendly, durable and sustainable building material regardless of the possibility of the autonomous production of these materials on a popular democratic basis. Architectural building materials production was always and still is consid-ered a massive industry that is centralized in major firms and LTDs, limiting the architectural construction process to the availability of major economic capacity. This centralization had its merits in forcing forward large-scale economies and vital-izing the architectural design and construction market, but only on the large scale; however, this centralization shows its drawbacks every time in disasters or economic crisis, causing almost total paralysis in the construction industry due to economic impotence caused by different reasons. Moreover, the centralization of the building and construction industry have affected developing communities, causing economic drawbacks and creating a ripple-like crisis in housing. In this paper, the authors propose the self-sufficiency approach in the development and production of sustainable architectural material from abundant and renewable microbial agents, in order to democratize and popularize material production on a domestic and personalized basis. The current work presents Bacterial Cellulose (BC) as a structural and membrane material in different architectural elements and applications, developed through simple and domestically applied procedures in order to create distributed and self-sufficient productive units for architectural materials production. The current study aims specifically at the easiness and simplification of the production practices and procedures of the biopolymers, and specifically bacterial cellulose for encouraging and establishing the popularization of self-sufficient production units of these renewable and abundant biopolymers. In this regard, the current study is part of the ongoing research on enhancing the mechanical properties of bacterial cellulose in order to use it for structural applications, that will be further developed in terms of medium optimization, bacterial cellulose production efficiency analysis, and material mechanical and physical properties testing. The following sections will contain a literature review on the chemical base and physical/mechanical properties of biopolymers including bacterial cellulose, followed by the experimental work conducted in this paper to develop bacterial cellulose as an architectural material. The results were further analyzed through formal and structural customization proposing possible applications in architectural design. © 2021 Elsevier B.V., All rights reserved.","Bacterial Cellulose; Bio Films; Bio Polymers; Structural Customization; Biomolecules; Biopolymers; Building Materials; Cellulose; Construction; Construction Industry; Deterioration; Developing Countries; Disasters; Industrial Economics; Intelligent Buildings; Recycling; Sustainable Development; Architectural Construction; Building And Construction; Environmental Activities; Environmental Deterioration; Environmental Purifications; Mechanical And Physical Properties; Structural Applications; Sustainable Building Materials; Architectural Design; Degradation; Developing Countries","Biomolecules; Biopolymers; Building materials; Cellulose; Construction; Construction industry; Deterioration; Developing countries; Disasters; Industrial economics; Intelligent buildings; Recycling; Sustainable development; Architectural construction; Building and construction; Environmental activities; Environmental deterioration; Environmental purifications; Mechanical and physical properties; Structural applications; Sustainable building materials; Architectural design; Degradation; Developing Countries","Article","Final","","Scopus","2-s2.0-85109210070"
"A.A., Gran-Scheuch, Alejandro A.; F.S., Aalbers, Friso S.; Y., Woudstra, Yannick; L.P., Parra, Loreto P.; M.W., Fraaije, Marco Wilhelmus","Gran-Scheuch, Alejandro A. (56027730300); Aalbers, Friso S. (56737246700); Woudstra, Yannick (57224284675); Parra, Loreto P. (55328428100); Fraaije, Marco Wilhelmus (7003441672)","56027730300; 56737246700; 57224284675; 55328428100; 7003441672","Optimizing the linker length for fusing an alcohol dehydrogenase with a cyclohexanone monooxygenase","2021","Methods in Enzymology","647","","","107","143","0","8","10.1016/bs.mie.2020.09.008","https://www.scopus.com/inward/record.uri?eid=2-s2.0-85094161706&doi=10.1016%2Fbs.mie.2020.09.008&partnerID=40&md5=d210d669513325a2d8a32123e09aabc7","The use of enzymes in organic synthesis is highly appealing due their remarkably high chemo-, regio- and enantioselectivity. Nevertheless, for biosynthetic routes to be industrially useful, the enzymes must fulfill several requirements. Particularly, in case of cofactor-dependent enzymes self-sufficient systems are highly valuable. This can be achieved by fusing enzymes with complementary cofactor dependency. Such bifunctional enzymes are also relatively easy to handle, may enhance stability, and promote product intermediate channeling. However, usually the characteristics of the linker, fusing the target enzymes, are not thoroughly evaluated. A poor linker design can lead to detrimental effects on expression levels, enzyme stability and/or enzyme performance. In this chapter, the effect of the length of a glycine-rich linker was explored for the case study of ɛ-caprolactone synthesis through an alcohol dehydrogenase-cyclohexanone monooxygenase fusion system. The procedure includes cloning of linker variants, expression analysis, determination of thermostability and effect on activity and conversion levels of 15 variants of different linker sizes. The protocols can also be used for the creation of other protein-protein fusions. © 2021 Elsevier B.V., All rights reserved.","Alcohol Dehydrogenase; Baeyer-villiger Monooxygenase; Biocatalytic Cascade; Cofactor Regeneration; Cyclohexanone; Alcohol Dehydrogenase; Cyclohexanone; Unspecific Monooxygenase; Oxygenase; Alcohol Dehydrogenase; Cyclohexanone Oxygenase; Oxygenases; Alcohol Dehydrogenase; Cyclohexanone; Unspecific Monooxygenase; Cyclohexanone Oxygenase; Oxygenase; Biotransformation; Enzyme Activity; Enzyme Stability; Evaluation Study; Melting Temperature; Molecular Dynamics; Nonhuman; Process Optimization; Protein Purification; Regioselectivity; Spectrophotometry; Statistical Analysis; Thermostability; Ultraviolet Visible Spectroscopy; Genetics; Metabolism; Alcohol Dehydrogenase; Enzyme Stability; Oxygenases","alcohol dehydrogenase; cyclohexanone; unspecific monooxygenase; cyclohexanone oxygenase; oxygenase; biotransformation; enzyme activity; enzyme stability; evaluation study; melting temperature; molecular dynamics; nonhuman; process optimization; protein purification; regioselectivity; spectrophotometry; statistical analysis; thermostability; ultraviolet visible spectroscopy; genetics; metabolism; Alcohol Dehydrogenase; Enzyme Stability; Oxygenases","Book chapter","Final","","Scopus","2-s2.0-85094161706"
"Y., Tyagi, Yash; A., Goyal, Anjali","Tyagi, Yash (57222387448); Goyal, Anjali (57207727493)","57222387448; 57207727493","Stacker: A Holistic Cloud Computing Based Framework for Smart Cities","2020","","","","9362884","827","830","0","5","10.1109/ICACCCN51052.2020.9362884","https://www.scopus.com/inward/record.uri?eid=2-s2.0-85102599460&doi=10.1109%2FICACCCN51052.2020.9362884&partnerID=40&md5=6d69838a5f7327561dbda0729a0680f4","Cloud Computing is ubiquitous, almost like plastics. Cloud computing, when introduced in its modern context, did serve the purposes it was intended to. But, the rapid pace of the changes occurring in our society has left the idea of computing superfluous. Problems such as security concerns, latency are the flagbearers of this shift towards the decentralized system i.e., fog computing. Moreover, the current computing power is significantly lower from what it can be, which is evident from the case study calculating Barcelona's computing capacity. The power of volunteer computing has also been substantially undermined, without realizing that it is the key to a self-sufficient ecosystem of IoT, which in terms supports the smart cities which the world is keen on developing. In this paper, through intensive analysis of pre-existing or published papers, a self-sufficient much-needed model, named as Stacker, is provided, which can play a pivotal role in alleviating the problems pertaining to autonomous smart cities. The proposed model is based on Cloud Computing, Fog Computing, and MANET (Mobile Ad Hoc Network). © 2021 Elsevier B.V., All rights reserved.","Autonomous Systems; Decentralized Systems; Ecosystem; Fog Computing; Manet; Self-sufficient Systems; Smart Cities; Ubiquitous Computing; Mobile Ad Hoc Networks; Smart City; Ubiquitous Computing; Barcelona; Computing Capacity; Current Computing; Decentralized System; Volunteer Computing; Fog Computing","Mobile ad hoc networks; Smart city; Ubiquitous computing; Barcelona; Computing capacity; Current computing; Decentralized system; Volunteer computing; Fog computing","Conference paper","Final","","Scopus","2-s2.0-85102599460"
"Z.B., Mansor, Zuhanis Binti; M.I., Amran, Mohd Iskandar; S.M., Mohamad Maharum, Siti Marwangi; I.A., Rahim, Irfan Abd","Mansor, Zuhanis Binti (55263707000); Amran, Mohd Iskandar (56263590200); Mohamad Maharum, Siti Marwangi (54420660300); Rahim, Irfan Abd (57220004528)","55263707000; 56263590200; 54420660300; 57220004528","Solar-powered bluetooth sound system","2020","AIP Conference Proceedings","2291","","0023493","","","0","0","10.1063/5.0023493","https://www.scopus.com/inward/record.uri?eid=2-s2.0-85096461263&doi=10.1063%2F5.0023493&partnerID=40&md5=072833c121835cb13029f6ef6f32df9e","In modern electronic devices for both consumer and industrial, wireless technology is rapidly becoming a must have feature. Wireless Bluetooth technology is now standard in almost all mobile phones, laptops and other devices. There are a few similar projects on the market previously and totally rely on main supply which limits the usage strictly. This project of Cost Effective Real-Time Polling System is designed to create self-sufficient system than can send audio data from a phone or other device. It allows the Bluetooth technology to directly integrate into small scale project at a low cost, while remaining fully functional and extensible. By using loud amplifier with IC TDA7240A and 12V input voltage, the amplifier is operated and produced loud audio output for outdoor purpose. It produces a small battery powered speakers and solar panel that can produce enough power to charge the battery by using solar charge controller to control and protect the battery. The Bluetooth module 5V input voltage and the voltage regulator is used to step down the voltage from 12V to 5V. Furthermore, IC LM3914 is used in this project to indicate the battery level capacity. Result shows that by using IC TDA7240A, the output audio was very loud and clear when the volume increased to 80%. © 2020 Elsevier B.V., All rights reserved.","","","Conference paper","Final","","Scopus","2-s2.0-85096461263"
"W., Zheng, Wenlong; K., Chen, Kaitong; S., Fang, Sai; X., Cheng, Xiuli; G., Xu, Gang; L., Yang, Lirong; J., Wu, Jianping","Zheng, Wenlong (57218558162); Chen, Kaitong (57218550129); Fang, Sai (57218933473); Cheng, Xiuli (57218554669); Xu, Gang (55726312500); Yang, Lirong (55801901200); Wu, Jianping (56201132800)","57218558162; 57218550129; 57218933473; 57218554669; 55726312500; 55801901200; 56201132800","Construction and Application of PLP Self-sufficient Biocatalysis System for Threonine Aldolase","2020","Enzyme and Microbial Technology","141","","109667","","","0","13","10.1016/j.enzmictec.2020.109667","https://www.scopus.com/inward/record.uri?eid=2-s2.0-85090833132&doi=10.1016%2Fj.enzmictec.2020.109667&partnerID=40&md5=4c66443ba98153047b31011abfa22a3c","A number of organic synthesis involve threonine aldolase (TA), a pyridoxal phosphate (PLP)-dependent enzyme. Although the addition of exogenous PLP is necessary for the reactions, it increases the cost and complicates the purification of the product. This work constructed a PLP self-sufficient biocatalysis system for TA, which included an improvement of the intracellular PLP level and co-immobilization of TA with PLP. Engineered strain BL-ST was constructed by introducing PLP synthase PdxS/T to Escherichia coli BL21(ED3). The intracellular PLP concentration of the strain increased approximately fivefold to 48.5 μmol/g<inf>DCW</inf>. L-TA, from Bacillus nealsonii (BnLTA), was co-expressed in the strain BL-ST with PdxS/T, resulting in the engineered strain BL-BnLTA-ST. Compared with the control strain BL-BnLTA (254.1 U/L), the enzyme activity of the strain BL-BnLTA-ST reached 1518.4 U/L without the addition of exogenous PLP. An efficient co-immobilization system was then designed. The epoxy resin LX-1000HFA wrapped by polyethyleneimine (PEI) acted as a carrier to immobilize the crude enzyme solution of the strain BL-BnLTA-ST mixed with an extra 100 μM of exogenous PLP, resulting in the catalyst HFAPEI-BnLTA-STPLP 100. HFAPEI-BnLTA-STPLP 100 exhibited a half-life of approximately 450 h, and the application of the catalyst in the continuous biosynthesis of 3-[4-(methylsulfonyl) phenyl] serine had more than 180 batch reactions (>60%<inf>conv</inf>) without the extra addition of exogenous PLP. The excellent compatibility and stability of the system were further confirmed by other TAs. This work introduced a PLP self-sufficient biocatalysis system that can reduce the cost of PLP and contribute to the industrial application of TA. In addition, the system may also be applied in other PLP-dependent enzymes. © 2020 Elsevier B.V., All rights reserved.","Co-immobilization; Plp Self-sufficient System; Plp-dependent Enzyme; Pyridoxal Phosphate Synthases; Threonine Aldolase; Fructose Bisphosphate Aldolase; Glutamine; Glyceraldehyde 3 Phosphate; Polyethyleneimine; Pyridoxal 5 Phosphate; Ribose 5 Phosphate; Serine; Threonine; Glutaminase; Glycine Hydroxymethyltransferase; Culture Media; Enzymes, Immobilized; Epoxy Resins; Glutaminase; Glycine Hydroxymethyltransferase; Polyethyleneimine; Pyridoxal Phosphate; Amino Acids; Bacteriology; Biocatalysts; Biochemistry; Enzyme Activity; Epoxy Resins; Escherichia Coli; System Stability; Batch Reactions; Coimmobilization; Engineered Strains; Escherichia Coli Bl21; Organic Synthesis; Plp-dependent Enzymes; Polyethyleneimine; Pyridoxal Phosphates; Catalysis; 3 [4 (methylsulfonyl)phenyl]serine; Epoxy Resin; Fructose Bisphosphate Aldolase; Glutamine; Glyceraldehyde 3 Phosphate; Polyethyleneimine; Pyridoxal 5 Phosphate; Ribose 5 Phosphate; Serine; Threonine; Threonine Aldolase; Unclassified Drug; Glutaminase; Glycine Hydroxymethyltransferase; Immobilized Enzyme; Article; Bacillus; Bacillus Nealsonii; Biocatalysis; Biosynthesis; Chemical Reaction; Comparative Study; Concentration Process; Cost; Enzyme Activity; Enzyme Immobilization; Half Life Time; Intracellular Membrane; Molecular Stability; Nonhuman; Synthesis; Bacillus Subtilis; Chemistry; Culture Medium; Enzymology; Genetics; Metabolism; Biocatalysis; Culture Media; Enzymes, Immobilized; Epoxy Resins; Glutaminase; Glycine Hydroxymethyltransferase; Half-life; Pyridoxal Phosphate","Amino acids; Bacteriology; Biocatalysts; Biochemistry; Enzyme activity; Epoxy resins; Escherichia coli; System stability; Batch reactions; Coimmobilization; Engineered strains; Escherichia coli bl21; Organic synthesis; PLP-dependent enzymes; Polyethyleneimine; Pyridoxal phosphates; Catalysis; 3 [4 (methylsulfonyl)phenyl]serine; epoxy resin; fructose bisphosphate aldolase; glutamine; glyceraldehyde 3 phosphate; polyethyleneimine; pyridoxal 5 phosphate; ribose 5 phosphate; serine; threonine; threonine aldolase; unclassified drug; glutaminase; glycine hydroxymethyltransferase; immobilized enzyme; Article; Bacillus; Bacillus nealsonii; biocatalysis; biosynthesis; chemical reaction; comparative study; concentration process; cost; enzyme activity; enzyme immobilization; half life time; intracellular membrane; molecular stability; nonhuman; synthesis; Bacillus subtilis; chemistry; culture medium; enzymology; genetics; metabolism; Biocatalysis; Culture Media; Enzymes, Immobilized; Epoxy Resins; Glutaminase; Glycine Hydroxymethyltransferase; Half-Life; Pyridoxal Phosphate","Article","Final","","Scopus","2-s2.0-85090833132"
"M., Roth, Michael; H., Winter, Hanno","Roth, Michael (57199979804); Winter, Hanno (57205542227)","57199979804; 57205542227","An Open Data Set for Rail Vehicle Positioning Experiments","2020","","","","9294594","","","0","2","10.1109/ITSC45102.2020.9294594","https://www.scopus.com/inward/record.uri?eid=2-s2.0-85099649228&doi=10.1109%2FITSC45102.2020.9294594&partnerID=40&md5=acef19d67953cc0ae93f8c16581d8e51","This paper describes an openly available data set for rail vehicle positioning experiments. The data were collected using the DLR research vehicle RailDriVE on a segment of the harbor railway of Braunschweig, Germany, in February 2019. Several sensors of the RailDriVE equipment and an additional self-sufficient system provided by Technische Universität Darmstadt were employed, including two GNSS receivers, two inertial measurement units (IMU), and several speed and distance sensors (radar, optical, odometer) from the rail domain. Front-facing camera data has been included for documentation purposes. In order to simplify its use, some pre-processing steps were applied to the data, mainly to have common time and coordinate frames. Furthermore, example and reference positioning solutions have been included. The data set is described in detail, with information about the individual sensors and the data set structure (with parameters, raw, pre-processed, and reference data). Our work should be seen as a step towards more open and data-driven research in the rail domain, where experiments are difficult and costly. It is our hope to provide a solid basis for many different research efforts that provide the required technological advances for the rail sector. © 2021 Elsevier B.V., All rights reserved.","Intelligent Systems; Intelligent Vehicle Highway Systems; Rail Motor Cars; Vehicles; Distance Sensors; Gnss Receivers; Inertial Measurement Unit; Pre-processing Step; Reference Data; Research Efforts; Research Vehicles; Technological Advances; Open Data","Intelligent systems; Intelligent vehicle highway systems; Rail motor cars; Vehicles; Distance sensors; GNSS receivers; Inertial measurement unit; Pre-processing step; Reference data; Research efforts; Research vehicles; Technological advances; Open Data","Conference paper","Final","","Scopus","2-s2.0-85099649228"
"Y., Zhang, Yiwen; H., Zhou, Hang; Y., Tao, Yong; B., Lin, Baixue","Zhang, Yiwen (57218613274); Zhou, Hang (57218611697); Tao, Yong (56493830200); Lin, Baixue (55945818000)","57218613274; 57218611697; 56493830200; 55945818000","Reconstitution of the Ornithine Cycle with Arginine:Glycine Amidinotransferase to Engineer Escherichia coli into an Efficient Whole-Cell Catalyst of Guanidinoacetate","2020","ACS Synthetic Biology","9","8","","2066","2075","0","12","10.1021/acssynbio.0c00138","https://www.scopus.com/inward/record.uri?eid=2-s2.0-85089786785&doi=10.1021%2Facssynbio.0c00138&partnerID=40&md5=161e3b3f15d896c8516610202468e850","Guanidino compounds can be synthesized by transamidination reactions using arginine as a guanidine group donor. The efficiency of guanidino biosynthesis is often affected by the supply of arginine and the inhibition of the coproduct ornithine. To alleviate this shortcoming, we designed a reconstituted ornithine cycle in Escherichia coli to engineer an efficient whole-cell catalyst for guanidinoacetate (GAA) production by introducing a heterogeneous arginine:glycine amidinotransferase (AGAT). To alleviate the inhibition of ornithine, a citrulline synthetic module was constructed and optimized by introducing a glutamine self-sufficient system. Then, to improve the pathway from citrulline to arginine, an aspartate self-sufficient system was introduced into the arginine synthetic module. By combining these modules (GAA, citrulline, and arginine synthetic modules), a reconstituted ornithine cycle was developed, which significantly improved the biocatalyst efficiency (3.9-fold increase). In the system, arginine was regenerated efficiently through the reconstituted ornithine cycle, which converted arginine from a substrate to a cofactor for the transamidination reaction, thereby relieving the ornithine inhibition. Moreover, the amidino group of GAA in this system was mainly supplied by carbon and nitrogen assimilation. After the engineering process, 8.61 g/L GAA (73.56 mM) with a productivity of 0.39 g/L/h was achieved in a 22 h bioconversion. To the best of our knowledge, this is the first time that GAA has been produced in E. coli. This reconstructed ornithine cycle could be used as a transamidination platform for amidino group supply and has potential applications in the biosynthesis of other guanidino compounds. © 2021 Elsevier B.V., All rights reserved.","Escherichia Coli; Guanidinoacetate; Metabolic Engineering; Ornithine Cycle; Ammonia; Arginine; Argininosuccinate Lyase; Argininosuccinate Synthase; Argininosuccinic Acid; Aspartate Ammonia Lyase; Aspartic Acid; Carbamoyl Phosphate Synthase (glutamine Hydrolysing); Citrulline; Fumaric Acid; Glutamate Ammonia Ligase; Glutamic Acid; Glutamine; Glycine; Glycine Amidinotransferase; Glycine Dehydrogenase (decarboxylating); Guanidinoacetic Acid; Ornithine; Ornithine Carbamoyltransferase; Amidinotransferase; Amidinotransferases; Arginine; Glycine; Glycine Amidinotransferase; Glycocyamine; Ornithine; Ammonia; Arginine; Argininosuccinate Lyase; Argininosuccinate Synthase; Argininosuccinic Acid; Aspartate Ammonia Lyase; Aspartic Acid; Carbamoyl Phosphate Synthase (glutamine Hydrolysing); Citrulline; Fumaric Acid; Glutamate Ammonia Ligase; Glutamic Acid; Glutamine; Glycine; Glycine Amidinotransferase; Glycine Cleavage System; Glycine Dehydrogenase (decarboxylating); Guanidinoacetic Acid; Ornithine; Ornithine Carbamoyltransferase; Amidinotransferase; Article; Bacterial Strain; Bacterium Culture; Biocatalysis; Biosynthesis; Biotransformation; Carbon Fixation; Catalyst; Centrifugation; Corynebacterium Glutamicum; Escherichia Coli; Expression Vector; Fed Batch Fermentation; Gene Expression; Gene Knockout; High Performance Liquid Chromatography; Metabolic Engineering; Nitrogen Fixation; Nonhuman; Phylogenetic Tree; Plasmid; Priority Journal; Substrate Concentration; Whole Cell; Chemistry; Genetics; Metabolism; Procedures; Amidinotransferases; Arginine; Biocatalysis; Glycine; Metabolic Engineering; Ornithine","ammonia; arginine; argininosuccinate lyase; argininosuccinate synthase; argininosuccinic acid; aspartate ammonia lyase; aspartic acid; carbamoyl phosphate synthase (glutamine hydrolysing); citrulline; fumaric acid; glutamate ammonia ligase; glutamic acid; glutamine; glycine; glycine amidinotransferase; glycine cleavage system; glycine dehydrogenase (decarboxylating); guanidinoacetic acid; ornithine; ornithine carbamoyltransferase; amidinotransferase; Article; bacterial strain; bacterium culture; biocatalysis; biosynthesis; biotransformation; carbon fixation; catalyst; centrifugation; Corynebacterium glutamicum; Escherichia coli; expression vector; fed batch fermentation; gene expression; gene knockout; high performance liquid chromatography; metabolic engineering; nitrogen fixation; nonhuman; phylogenetic tree; plasmid; priority journal; substrate concentration; whole cell; chemistry; genetics; metabolism; procedures; Amidinotransferases; Arginine; Biocatalysis; Glycine; Metabolic Engineering; Ornithine","Article","Final","","Scopus","2-s2.0-85089786785"
"J., Hou, Jinju; X., Zhang, Xiaotong; S., Liu, Shujia; S., Zhang, Shudong; Q., Zhang, Qiuzhuo","Hou, Jinju (57192410329); Zhang, Xiaotong (57239198400); Liu, Shujia (57215005517); Zhang, Shudong (57192415498); Zhang, Qiuzhuo (23974035100)","57192410329; 57239198400; 57215005517; 57192415498; 23974035100","A Critical Review on Bioethanol and Biochar Production from Lignocellulosic Biomass and Their Combined Application in Generation of High-Value Byproducts","2020","Energy Technology","8","5","2000025","","","0","26","10.1002/ente.202000025","https://www.scopus.com/inward/record.uri?eid=2-s2.0-85081730894&doi=10.1002%2Fente.202000025&partnerID=40&md5=9d6698a6377b6adb4bc29db877849609","Lignocellulosic biomass materials have gained much attention as sustainable and renewable resources for the production of biofuels and adsorbents due to their high availability and low price. This Review focuses on bioethanol and biochar, both of which have the potential to reduce the waste of resources and increase energy security and ecological sustainability. The procedures for bioethanol and biochar production are presented, especially the challenge in detoxifying fermentation inhibitors in the bioethanol production process. In addition, the effectiveness of combining biochar preparation with the bioethanol production process is introduced. A recent report shows that a self-sufficient system can be established to effectively remove fermentation inhibitors in the bioethanol production process, improve the fermentation environment, and immobilize the fermentative microbes. In addition, various biochar modification methods for application in the removal of fermentation inhibitors in pretreated hydrolysates are proposed. This Review provides the latest research results and will be an important supplement in the field of combination bioethanol and biochar production, especially for the development of detoxification methods to remove fermentation inhibitors in the bioethanol production process. © 2020 Elsevier B.V., All rights reserved.","Biochar; Bioethanol; Combined Applications; Lignocellulosic Biomass; Biomass; Cellulosic Ethanol; Detoxification; Energy Security; Ethanol; Fermentation; Lignocellulosic Biomass; Sustainable Development; Bio Chars; Bio-ethanol Production; Ecological Sustainability; Fermentation Inhibitors; High Availability; Modification Methods; Renewable Resource; Waste Of Resources; Bioethanol","Biomass; Cellulosic ethanol; Detoxification; Energy security; Ethanol; Fermentation; Lignocellulosic biomass; Sustainable development; Bio chars; Bio-ethanol production; Ecological sustainability; Fermentation inhibitors; High availability; Modification methods; Renewable resource; Waste of resources; Bioethanol","Review","Final","","Scopus","2-s2.0-85081730894"
"J.M., Aberilla, Jhud Mikhail; A., Gallego-Schmid, Alejandro; L., Stamford, Laurence; A., Azapagic, Adisa","Aberilla, Jhud Mikhail (57208333997); Gallego-Schmid, Alejandro (57200089383); Stamford, Laurence (57210774659); Azapagic, Adisa (54967174100)","57208333997; 57200089383; 57210774659; 54967174100","An integrated sustainability assessment of synergistic supply of energy and water in remote communities","2020","Sustainable Production and Consumption","22","","","1","23","0","41","10.1016/j.spc.2020.01.003","https://www.scopus.com/inward/record.uri?eid=2-s2.0-85079535937&doi=10.1016%2Fj.spc.2020.01.003&partnerID=40&md5=435a39b4e44e668b865a83c08e8444ca","The success of deploying energy and water technologies in remote communities in developing countries can be improved by considering their synergistic relationships and their social, economic and environmental implications. This paper first evaluates social implications of current energy and water supply in a prototypical remote community against five future (2030) scenarios for synergistic provision of electricity, heat for cooking and water. This is followed by an integrated assessment of the social, environmental and economic life cycle sustainability through multicriteria decision analysis. The Business-as-usual (BAU) scenario shows high life cycle health impacts but low impacts from local air pollution. The contrary is true for the Independent and Advanced Independent scenarios which assume community self-sufficiency in energy and water supply. Greater access to electricity and water in the Advanced and Advanced Independent scenarios increases the potential for human development and security of supply, but there is an increase in the risk of accidents and decrease in social acceptability of the water supply. Similarly, a transition towards clean cooking fuels away from traditional solid biomass reduces local air pollution but increases reliance on imported fuels (BAU and Advanced scenarios). The Transition scenario is socially the most sustainable option, while Independent and Advanced Independent are the best options environmentally. They also have the lowest total operating costs, but have higher capital requirements than most other scenarios. Overall, unless extreme preferences for either environmental or social aspects are adopted, the Transition and Independent scenarios emerge as the most sustainable options. This suggests that current energy and water supply to remote communities can be transitioned sustainably to a self-sufficient system that does not depend on imported resources. The scenarios developed in this work present a framework for an integrated design and evaluation of energy and water supply in remote communities with the aim of aiding stakeholders in defining sustainable transition pathways. © 2020 Elsevier B.V., All rights reserved.","Life Cycle Sustainability Assessment; Multicriteria Decision Analysis; Off-grid Communities; Rural Development; Scenario Analysis; Water-energy Nexus","","Article","Final","All Open Access; Green Final Open Access; Green Open Access; Hybrid Gold Open Access","Scopus","2-s2.0-85079535937"
"L., Scheuring, Leonie; B., Weller, Bernhard","Scheuring, Leonie (57214989255); Weller, Bernhard (14016875500)","57214989255; 14016875500","Natural ventilation provided by a self-sufficient facade system","2020","IOP Conference Series: Earth and Environmental Science","410","1","012116","","","0","1","10.1088/1755-1315/410/1/012116","https://www.scopus.com/inward/record.uri?eid=2-s2.0-85079586340&doi=10.1088%2F1755-1315%2F410%2F1%2F012116&partnerID=40&md5=dc249d472cd7a454b7d42f3c0b8b85d2","In order to meet the requirements of the European Directive on the energy performance of buildings, energy producing elements have to be integrated into the majority of the building envelopes. For integrating photovoltaic or solar thermal modules into the facade system, two different building fields have to be connected, namely the facade system on the one hand and the total building energy system, which controls the HVAC (heating, ventilation, and air conditioning) and integrates an energy storage system, on the other hand. This can result in intersection problems. One solution to overcome intersection problems can be a concept of a standalone facade system that produces energy and at the same time is able to use this energy to control indoor air climate. Thus, no intersection with other building fields is necessary. In the research of the author, a facade system is developed that uses natural ventilation to control indoor air climate. The natural ventilation is controlled automatically to overcome the risk of inadequate user control which could result in higher heating or cooling loads. The auxiliary energy which is required for the opening mechanism is provided by a photovoltaic module and a battery system. Both can be integrated directly into the facade system. This results in a self-sufficient system for natural ventilation. This paper describes the self-sufficient facade system. It contains the construction as well as simulations that are used for dimensioning the energy generating system. One part of the simulations is defining control strategies that enhance the user's comfort and reduce heating and cooling in order to quantify the opening times and their auxiliary energy needs. Further simulations were performed to quantify the necessary capacity of the battery system. Thus, over- or underestimation of the battery capacity could have tremendous impact on the longevity, production costs, geometry, and weight of such a window. This publication compares a basic method that assumes a 6 Ah battery capacity with a detailed simulation that analyses weather data for each minute of a year. The detailed analysis suggests a battery with 50 % less capacity and can halve the costs of the battery system. © 2020 Elsevier B.V., All rights reserved.","Air Conditioning; Climate Change; Cost Benefit Analysis; Digital Storage; Electric Batteries; Photovoltaic Cells; Solar Power Generation; Sustainable Development; Thermal Management (electronics); Ventilation; Building Energy Systems; Energy Performance Of Buildings; Energy Storage Systems; Energy-producing Elements; Heating And Cooling; Intersection Problem; Natural Ventilation; Photovoltaic Modules; Facades","Air conditioning; Climate change; Cost benefit analysis; Digital storage; Electric batteries; Photovoltaic cells; Solar power generation; Sustainable development; Thermal management (electronics); Ventilation; Building energy systems; Energy performance of buildings; Energy storage systems; Energy-producing elements; Heating and cooling; Intersection problem; Natural ventilation; Photovoltaic modules; Facades","Conference paper","Final","All Open Access; Gold Open Access","Scopus","2-s2.0-85079586340"
"Z., Tan, Zaixi","Tan, Zaixi (14036475700)","14036475700","Chinese translation discourse—traditional and contemporary features of development","2020","New Frontiers in Translation Studies","","","","1","27","0","0","10.1007/978-981-15-5865-8_1","https://www.scopus.com/inward/record.uri?eid=2-s2.0-85100849651&doi=10.1007%2F978-981-15-5865-8_1&partnerID=40&md5=9babfcb97658df859e3dfb81d98937ba","Chinese discourse on translation, or the Chinese way of theoretical thinking about translation, can be justifiably conceived as ‘a system of its own’ or ‘a self-sufficient system’ in the study of translation. Often times, such ‘a system of own’ has been confined to referring to the traditional part of Chinese translation scholarship, with its modern, contemporary part of development virtually excluded from such a ‘system’. Most probably, this is because in contemporary times, especially since the end of the 1970s and early 1980s when China was opened up to the outside world, Chinese discourse on translation has been rather heavily influenced by incoming, non-Chinese features. This chapter, however, pertains to a different view, different in the sense that it believes that, ‘as a system of its own’, Chinese translation discourse (Chinese translation theory as well for that matter) should not be thought just to refer to what has happened in the past, but it should also cover what has been happening in the contemporary times, even though what has been happening now may not seem ‘characteristically Chinese’ in the ‘traditionalist’ sense. Starting from such logic, the chapter offers a discussion of some of the most important features of Chinese discourse on translation in both its traditional and contemporary phases of development. It is in the hopes of the discussion to throw insight into a more comprehensive understanding of Chinese discourse on translation as ‘a system of its own’, of the dialectic relationship between what is traditional and what is contemporary, and of the true ‘Chineseness’ of the study of translation in the Chinese context. © 2021 Elsevier B.V., All rights reserved.","A System Of Its Own/self-sufficient System; Chinese Discourse On Translation; Contemporary Features; Future Developments; Traditional Perceptions","","Book chapter","Final","","Scopus","2-s2.0-85100849651"
"M., Lai, Manuel; A., Gonzalez, Alessandro; P., Albertino, Paolo","Lai, Manuel (57221856148); Gonzalez, Alessandro (57221849319); Albertino, Paolo (57221845271)","57221856148; 57221849319; 57221845271","Pacmen – claim: autonomous pyrolyser for marine litter energy valorization*","2020","Procedia Environmental Science, Engineering and Management","7","1","","1","7","0","0","","https://www.scopus.com/inward/record.uri?eid=2-s2.0-85100401700&partnerID=40&md5=2af4a378cac16baa7076d12ee50dab23","Marine litter is a major environmental problem, with widespread responsibility and effects on ecosystem, food chain, health, energy, and economy. The true solution is to stop producing waste. In the meantime, small plastic items are continuing to damage the environment and human activities: remediation will remain still an issue for decades. PACmEN aims to be the turning point: is a self-sufficient system able to detecting, collecting and converting marine litter, mainly present in coastal areas and ports, into 100% renewable energy with high efficiency, low emissions, low costs. PACmEN is an innovative thermal conversion unit developed and successfully demonstrated (TRL7) for the energy recovery from marine litter in the H2020 CLAIM project. The system is compact to be installed in a vessel equipped with a waste collection system, automatically activated inside the litter zones, capable of collecting and separating waste from sea water and fish. The marine litter is pyrolyzed in an innovative induction reactor at high temperatures (up to 900° C) and in the absence of oxygen and converted in renewable high-quality syngas which, after being filtered and purified from any harmful molecules, can be converted into heat and electricity. This system coupled with solar panels and a Lithium battery is completely self-sufficient: it allows to carry out marine cleaning campaigns without external energy. © 2021 Elsevier B.V., All rights reserved.","Clean Technology; Marine Litter; Renewable Pyrolyser","","Article","Final","","Scopus","2-s2.0-85100401700"
"M.V., Ershov, Mikhail V.","Ershov, Mikhail V. (57199151085)","57199151085","The world in 2020: New challenges expose systemic changes in the economy","2020","Voprosy Ekonomiki","2020","12","","5","23","0","6","","https://www.scopus.com/inward/record.uri?eid=2-s2.0-85097136803&partnerID=40&md5=08db86d1f25f78af72019d6d005d52cf","The slowdown in economic growth in the world was noted back in 2019, and in early 2020 it intensified due to the coronavirus pandemic. The large-scale decline in economic activity because of the closure of many leading economies affected all countries, disrupting the usual way of life and business mechanisms. Regulators and governments were forced to urgently implement a wide range of support measures. At the same time, the root causes of the current crisis lie outside the economic or financial sphere, which makes it different from the previ-ous ones. Uncertainty is complemented by the fact that the traditional relations in the economy and in society are fundamentally changing. The established global supply chains are disrupted, the nature of labor relations is beginning to change, and the remote access regime is increasingly practiced. Economies are losing the ability to function as self-sufficient systems and require more and more support measures. As of the end of 2020, the likelihood of a second wave of the pandemic is quite high, while its duration and scale are still unclear; the prospects for further development of the world economy are becoming more and more uncertain, and the scale and mechanisms of stabilization of the situation are becoming more diverse and non-standard. © 2022 Elsevier B.V., All rights reserved.","Central Bank; Crisis; Economic Growth; Government Bonds; Monetary Policy; Pandemic; Support Measures","","Article","Final","","Scopus","2-s2.0-85097136803"
"D., Padovani, Damiano; S., Ketelsen, S.; L., Schmidt, Lasse","Padovani, Damiano (55815215200); Ketelsen, S. (57202057580); Schmidt, Lasse (55537596100)","55815215200; 57202057580; 55537596100","Downsizing the electric motors of energy-efficient self-contained electro-hydraulic systems by using hybrid technologies","2020","","","","V001T01A005","","","0","20","10.1115/FPMC2020-2717","https://www.scopus.com/inward/record.uri?eid=2-s2.0-85096563106&doi=10.1115%2FFPMC2020-2717&partnerID=40&md5=e5c5230c256761048a3b2cbbcf35946a","The ongoing tendency toward the electrification of hydraulic systems, mainly in the form of self-contained solutions, poses design challenges in high-power applications. An electric motor drives positive-displacement machines used to control the motion of the hydraulic actuator (nonhybrid systems encompassing one or two pumps exist in the technical literature). All the power managed by the actuator passes through the electric motor, which leads to often oversized arrangements. These detrimental characteristics are especially pronounced when the power level increases approximately above 35-40 kW. Therefore, this research paper presents and studies a selfcontained, electro-hydraulic, hybrid architecture intended to downsize the electric motor while maintaining the high-power output of the nonhybrid counterpart. After introducing the sizing process for the energy storage device and developing a suitable control strategy for the hybrid subsystem, the proposed concept is validated via high-fidelity dynamic models. The rated power of the electric prime mover can be cut by 70% in the considered application (a mid-size, knuckle-boom crane with an installed power of about 46 kW) without altering the performance in terms of motion control. The additional mass (about 310 kg) of the hybrid system is not expected to affect the load-carrying capacity significantly. As a result, the hybridization of self-sufficient systems is technically feasible for high-power applications. Drawbacks related to the system cost-effectiveness might, however, be experienced. An application-driven cost analysis should be conducted before implementing such a solution. © 2020 Elsevier B.V., All rights reserved.","Displacementcontrolled Actuators; Downsizing; Electro-hydraulic Systems; Energy Efficiency; Hybrid Systems; Hydraulic Cranes; Self-contained Systems; Cost Benefit Analysis; Cost Effectiveness; Cranes; Electric Drives; Energy Efficiency; Energy Storage; Fluid Power; Hybrid Systems; Hydraulic Actuators; Hydraulic Equipment; Motion Control; Traction Motors; Control Strategies; Electric Motor Drives; Electro-hydraulic System; Electro-hydraulics; High Power Applications; Hybrid Architectures; Positive Displacement; Technical Literature; Power Control","Cost benefit analysis; Cost effectiveness; Cranes; Electric drives; Energy efficiency; Energy storage; Fluid Power; Hybrid systems; Hydraulic actuators; Hydraulic equipment; Motion control; Traction motors; Control strategies; Electric motor drives; Electro-hydraulic system; Electro-hydraulics; High power applications; Hybrid architectures; Positive displacement; Technical literature; Power control","Conference paper","Final","","Scopus","2-s2.0-85096563106"
"I., Berlowitz, Ilan","Berlowitz, Ilan (55370598900)","55370598900","Transport airplane electro-hydrostatic actuator for primary flight control","2020","","","","","","","0","0","","https://www.scopus.com/inward/record.uri?eid=2-s2.0-85091453395&partnerID=40&md5=4160305e4b0221010f1a99d19ebfc953","The future of aviation is the progressive introduction of electric power used for primary flight control and other systems in order to completely replace the hydraulic power with electric power on aircraft. This paper contains Design, Performance Analysis and Simulation of an Electro Hydrostatic Actuation (EHA) system for primary flight control. This EHA system is a type of Power by Wire (PBW)1 actuation approach based self-sufficient system leading the way towards More Electric Aircraft (MEA) and All Electric Aircraft (AEA) by elimination of centralized hydraulic system. PBW systems are self-contained lean and modular actuators installed on the control surface that requires only the attachment of power and control wires. Some use of EHAs has already been seen on F-35 Lightning of Lockheed Martin and A380 of Airbus. This paper aims is doing detailed research, design and simulation in the field of power by wire actuation technology particularly on EHA. In parallel with literature research, available EHA system designs, mathematical models and simulations have been studied in detail. In addition to the literature survey on EHA design and simulation aspects, qualitative issues related to Fly by Wire (FBW) 2 and power by wire actuators have been researched in detail. In addition to detail design of EHA components, mathematical modeling and simulation has been conducted for EHA as well as Electro Hydraulic Servo Actuator (EHSA). A320 Aileron has been selected as the baseline primary flight control surface for which both EHA and EHSA have been designed for the same specification requirements. Detailed mass estimation exercise has also been performed for EHA. Simulation and performance analysis has been performed for both EHA and EHSA using Simulink models created for both actuation systems. Some of the performance characteristics analyzed are threshold, hysteresis, and load vs. speed, dynamic response, power consumption and efficiency. Performance parameters for both EHA and EHSA have been compared to analyze benefits and drawbacks if any. Simulation results clearly indicate better performance of EHA as compared to EHSA especially in terms of step response rise time, power consumption and efficiency. EHSA exhibits high power consumption (more than 500 Watts continuously) even at low loads, whereas EHA consumes low power (around 100 Watts) for low loads justifying power by demand criteria. Further comparison in terms of efficiency shows that EHA operates at a high efficiency of 70-80% throughout the loading spectrum whereas EHSA's efficiency decreases drastically at low load. So, EHA is highly power efficient. This technology is at a nascent stage, and needs lot of research and development and qualification testing to gain confidence of its independent use without any back up and to be certifiable by Aviation Authorities. © 2020 Elsevier B.V., All rights reserved.","All Electric Aircraft (aea); Electro-hydraulic Servo Actuator (ehsa); Electro-hydrostatic Actuator (eha); Fly By Wire (fbw); More Electric Aircraft (mea); Power By Wire (pbw); Aircraft Control; Aircraft Hydraulic Systems; Control Surfaces; Electric Power Utilization; Energy Efficiency; Flight Control Systems; Flight Simulators; Hydraulic Actuators; Hydraulics; More Electric Aircraft; Transport Aircraft; Wire; Electro-hydraulic Servo Actuators; Electro-hydrostatic Actuators; Mathematical Modeling And Simulation; Performance Analysis And Simulation; Performance Characteristics; Performance Parameters; Research And Development; Specification Requirement; Electric Power System Control","Aircraft control; Aircraft hydraulic systems; Control surfaces; Electric power utilization; Energy efficiency; Flight control systems; Flight simulators; Hydraulic actuators; Hydraulics; More electric aircraft; Transport aircraft; Wire; Electro-hydraulic servo actuators; Electro-hydrostatic actuators; Mathematical modeling and simulation; Performance analysis and simulation; Performance characteristics; Performance parameters; Research and development; Specification requirement; Electric power system control","Conference paper","Final","","Scopus","2-s2.0-85091453395"
"Y., Zhao, Youxi; S., Liu, Song; X., Zhang, Xian; M., Xu, Meijuan; T., Yang, Taowei; Z., Rao, Zhiming","Zhao, Youxi (56623522800); Liu, Song (56197103600); Zhang, Xian (56228677800); Xu, Meijuan (55573506800); Yang, Taowei (54404046400); Rao, Zhiming (35270164500)","56623522800; 56197103600; 56228677800; 55573506800; 54404046400; 35270164500","Construction of cofactor self-sufficient whole-cell biocatalyst system for producing S-2-amino-1-phenylethanol; 构建辅酶自循环系统全细胞催化合成S-2-氨基-1-苯基乙醇","2020","Chinese Journal of Applied and Environmental Biology","26","1","","152","159","0","0","10.19675/j.cnki.1006-687x.2019.04029","https://www.scopus.com/inward/record.uri?eid=2-s2.0-85083799233&doi=10.19675%2Fj.cnki.1006-687x.2019.04029&partnerID=40&md5=9b38b045887c684ce81456a8353ee92d","In the synthesis of various physiologically active drugs, S-2-amino-1-phenylethanol is widely used as an important pharmaceutical intermediate. Presently, it is synthesized mainly through chemical methods. Although the process is mature, the reaction conditions are severe as several by-products are formed. Based on the newly identified ω-transaminase derived from Pseudomonas aeruginosa PAK, a catalyzed enzyme catalytic system combining alcohol dehydrogenase derived from Mycobacterium neoaurum was designed that synthesized S-2-amino-1-phenylethanol by one-step biocatalysis of phenyl-1,2-ethanediol. By introducing GluDH, a closed cofactor self-sufficient system was constructed that could realize the simultaneous regeneration of coenzyme (NADP+) and cosubstrate (L-Glu). The whole-cell transformation of recombinant Escherichia coli BL21 (MPG) showed that in a 100 mL NH<inf>4</inf>Cl reaction system after a 10 h reaction in pH 8.0 at 37 °C. The recombinant strain with OD<inf>600</inf> = 30 could catalyze 50 mmol/L phenyl-1,2-ethanediol to produce optically pure S-2-amino-1-phenylethanol with a conversion of 99.6% and ee > 99%. This study provides an effective method for catalyzing the synthesis of optically pure S-2-amino-1-phenylethanol from cheap substrates without cofactor supply and accumulation of by-products. © 2020 Elsevier B.V., All rights reserved.","Cofactor Self-sufficient; Phenyl-1,2-ethanediol; S-2-amino-1-phenylethanol; Whole-cell Biocatalyst; Ω-transaminase","","Article","Final","","Scopus","2-s2.0-85083799233"
"H., Nasir, Hamza; A.B., Ahmed, Ahsan Bin; M., Tariq, Mustafa; S.A.A., Kazmi, Syed Ali Abbas","Nasir, Hamza (57213686949); Ahmed, Ahsan Bin (57213812555); Tariq, Mustafa (57213686235); Kazmi, Syed Ali Abbas (56465543800)","57213686949; 57213812555; 57213686235; 56465543800","Evaluation and Analysis of Sustainable Microgrids and Communication Policy: A test case of Balochistan","2019","","","","8981694","","","0","1","10.1109/ICEEST48626.2019.8981694","https://www.scopus.com/inward/record.uri?eid=2-s2.0-85081067773&doi=10.1109%2FICEEST48626.2019.8981694&partnerID=40&md5=b0c5d3f5a8b94c9a273ee28585eca235","Balcohistan lies in the southern part of Pakistan with abundance of renewable energy prospects. The region consists huge potential for solar and wind energy. Many renewable projects have been planned for this region although the rural aspect of population distribution develops transmission and distribution issues. To cater such problems, microgrids are proposed for Balochistan. Since CPEC and other projects are planned for this region, the demand is further expected to grow. The self-sufficient system proposed in this system analysis the solar potential of these regions, the impact on the environment and as well communication protocols. Communication is important since virtual power plants and smart grid implementation would require microgrids to interact with each other in any efficient way. The paper analyzes the potential technical proficiency for this communication protocol. The test case has been discussed for the cities of Jiwani and Gwadar, where distances and bandwidth for selection of best protocol can be implemented in the near future. © 2020 Elsevier B.V., All rights reserved.","Carbon Emissions; Communication Protocol; Cpec; Demand And Supply Gap; Distributed Energy Resource; Load Management; Microgrids; Renewable Energy; Solar Energy; Electric Load Management; Electric Power Transmission Networks; Microgrids; Network Protocols; Power Plants; Solar Energy; Wind Power; Carbon Emissions; Cpec; Demand And Supply; Distributed Energy Resources; Renewable Energies; Smart Power Grids","Electric load management; Electric power transmission networks; Microgrids; Network protocols; Power plants; Solar energy; Wind power; Carbon emissions; CPEC; Demand and supply; Distributed Energy Resources; Renewable energies; Smart power grids","Conference paper","Final","","Scopus","2-s2.0-85081067773"
"S., Yadav, Saumya; T., Firdaus, Tuba","Yadav, Saumya (57192096371); Firdaus, Tuba (57192106173)","57192096371; 57192106173","Congestion Aware Routing in AODV based Mobile Ad-Hoc Network (MANET)","2019","","","","8940474","452","457","0","8","","https://www.scopus.com/inward/record.uri?eid=2-s2.0-85085529688&partnerID=40&md5=0abbd349214de38ef93bdf818c6bb44a","Mobile Ad-Hoc Network (MANET) is a self-sufficient system of collection of mobile nodes connected by wireless connections. Nodes are liberated to travel, frequently change their position and organize themselves into a network. Nodes contain wireless transmitter and receiver that allow them to take part in wireless network. Nodes in MANET having dual behaviour, they act as routers as well as computing devices. Limited bandwidth and changing topology results the problem of Congestion in MANETs. Detecting Congestion is difficult in wireless network, since there may be several reasons behind dropping of packets. In movable network, failed delivery could be due to the route break as well because of the mobility of nodes. So the cause behind packet loss is not only Congestion. Congestion aware routing is done by using clustering approach. Mobile Clustering (MOBIC) approach of MANET is used for clustering. This is based on mobility characteristic of node present in MANET. It improves packet delivery ratio and also show improvement in end to end delay when compared with normal (AODV) Routing of Mobile Ad-Hoc Network (MANET) © 2020 Elsevier B.V., All rights reserved.","Aodv; Congestion Control; Manet; Mobic Clustering; Mobile Telecommunication Systems; Network Routing; Packet Networks; Clustering Approach; Computing Devices; Congestion-aware Routing; Mobile Clustering; Mobility Characteristics; Packet Delivery Ratio; Wireless Connection; Wireless Transmitter; Mobile Ad Hoc Networks","Mobile telecommunication systems; Network routing; Packet networks; Clustering approach; Computing devices; Congestion-aware routing; Mobile clustering; Mobility characteristics; Packet delivery ratio; Wireless connection; Wireless transmitter; Mobile ad hoc networks","Conference paper","Final","","Scopus","2-s2.0-85085529688"
"Z.B., Sun, Zai Bao; Z., Zhang, Zhijun; F., Li, Fulong; Y., Nie, Yao; H., Yu, Huilei; J.H., Xu, Jianhe Hua","Sun, Zai Bao (57209856773); Zhang, Zhijun (56081818200); Li, Fulong (56621582300); Nie, Yao (16426103100); Yu, Huilei (14920133800); Xu, Jianhe Hua (36599569900)","57209856773; 56081818200; 56621582300; 16426103100; 14920133800; 36599569900","One Pot Asymmetric Synthesis of (R)-Phenylglycinol from Racemic Styrene Oxide via Cascade Biocatalysis","2019","ChemCatChem","11","16","","3802","3807","0","29","10.1002/cctc.201900492","https://www.scopus.com/inward/record.uri?eid=2-s2.0-85068934788&doi=10.1002%2Fcctc.201900492&partnerID=40&md5=ae37549d5073ff0bcf557dbada0178fa","(R)-Phenylglycinol is an important chiral building block for pharmaceutical and fine chemical industry, and its efficient synthesis from cheap and commercially available starting materials is challenging and highly desirable. Herein, a new three-step one-pot cascade system employing epoxide hydrolase, glycerol dehydrogenase, and ω-transaminase was designed for the asymmetric synthesis of (R)-phenylglycinol from racemic styrene oxide. A cofactor self-sufficient system employing AlaDH/L−Ala was utilized for the regeneration of expensive cofactor NAD+ and removal of by-product pyruvate. Furthermore, in situ product removal by cation resin adsorption was used to drive the thermodynamic equilibrium of the cascade reaction to the direction of product generation. Finally, optically pure (R)-phenylglycinol was successfully produced from racemic styrene oxide with high yield (81.9 %) and excellent enantioselectivity (99 % ee). © 2019 Elsevier B.V., All rights reserved.","(r)-phenylglycinol; Asymmetric Synthesis; Biocatalysis; Cascade Reaction; In Situ Product Removal; Biocatalysts; Catalysis; Chemical Industry; Stereochemistry; (r)-phenylglycinol; Asymmetric Synthesis; Biocatalysis; Cascade Reactions; Situ Product Removal; Styrene","Biocatalysts; Catalysis; Chemical industry; Stereochemistry; (R)-phenylglycinol; Asymmetric synthesis; Biocatalysis; Cascade reactions; Situ product removal; Styrene","Article","Final","","Scopus","2-s2.0-85068934788"
"D., Kraus, Daniel; H.D., Ivanov, Hristo Danchov; E., Leitgeb, Erich","Kraus, Daniel (56487134500); Ivanov, Hristo Danchov (57195618521); Leitgeb, Erich (56216645100)","56487134500; 57195618521; 56216645100","Approach for an optical network design for autonomous vehicles","2019","International Conference on Transparent Optical Networks","2019-July","","8840176","","","0","9","10.1109/ICTON.2019.8840176","https://www.scopus.com/inward/record.uri?eid=2-s2.0-85073072131&doi=10.1109%2FICTON.2019.8840176&partnerID=40&md5=278d849adf77db7e9cf399880819f933","Autonomous vehicles are sophisticated self-sufficient systems which employ hundreds of sensors. To improve road safety, the number of Advanced Driver Assistance Systems (ADAS) steadily increases. Consequently, the applied systems are growing in complexity and connectivity. The network architecture within vehicles, however, is only adapted and extended to support emerging high-bandwidth applications while redesigning the whole network would yield many benefits. As a result, modern wiring harnesses are too complex, heavy and prone to errors.In this paper, existing bus systems are analysed for their capabilities to handle sophisticated network traffic which will emerge in autonomous vehicles. Furthermore, problems are identified and discussed, and a potential solution based on optical technologies is presented. This solution combines existing optical technologies in a novel way to cope with the upcoming bandwidth requirements of autonomous vehicles, while keeping the costs to a minimum. © 2019 Elsevier B.V., All rights reserved.","Automotive; Autonomous; Bus Systems; High-bandwidth; Optical Network; Sensor Systems; Advanced Driver Assistance Systems; Automobile Drivers; Bandwidth; Complex Networks; Fiber Optic Networks; Motor Transportation; Network Architecture; Optical Instruments; Transparent Optical Networks; Automotive; Autonomous; Bus Systems; High Bandwidth; Sensor Systems; Autonomous Vehicles","Advanced driver assistance systems; Automobile drivers; Bandwidth; Complex networks; Fiber optic networks; Motor transportation; Network architecture; Optical instruments; Transparent optical networks; Automotive; Autonomous; Bus systems; High bandwidth; Sensor systems; Autonomous vehicles","Conference paper","Final","","Scopus","2-s2.0-85073072131"
"X., Piao, Xiaoyu; L., Wang, Lei; B., Lin, Baixue; H., Chen, Hao; W., Liu, Weifeng; Y., Tao, Yong","Piao, Xiaoyu (57208642989); Wang, Lei (57200963276); Lin, Baixue (55945818000); Chen, Hao (59827933600); Liu, Weifeng (57198617144); Tao, Yong (56493830200)","57208642989; 57200963276; 55945818000; 59827933600; 57198617144; 56493830200","Metabolic engineering of Escherichia coli for production of L-aspartate and its derivative β-alanine with high stoichiometric yield","2019","Metabolic Engineering","54","","","244","254","0","89","10.1016/j.ymben.2019.04.012","https://www.scopus.com/inward/record.uri?eid=2-s2.0-85065409039&doi=10.1016%2Fj.ymben.2019.04.012&partnerID=40&md5=c80b3341b6edfd8833213f46b9141856","L-aspartate is an important 4-carbon platform compound that can be used as the precursor of numerous chemical products. The bioproduction of L-aspartate directly from biomass resources is expected to provide a more cost-competitive technique route. Yet little metabolic engineering work on this matter has been carried out. In this study, we designed a shortcut pathway of L-aspartate biosynthesis in Escherichia coli, with a maximized stoichiometric yield of 2 mol/mol glucose. L-aspartate aminotransferase (AspC)was overexpressed for producing L-aspartate and coexpressed with L-aspartate-a-decarboxylase (PanD)for producing L-aspartate's derivative β-alanine. L-aspartate could only be detected after directing carbon flux towards oxaloacetate and blocking the “futile cycle” with TCA cycle. A cofactor self-sufficient system successfully improved the efficiency of AspC-catalyzing L-aspartate biosynthesis reaction, and the glucose uptake remolding capably decreased byproducts from pyruvate. More targets were modified for relieving the bottleneck during fed-batch bioconversion. As a result, 1.01 mol L-aspartate/mol glucose and 1.52 mol β-alanine/mol glucose were produced in corresponding strains respectively. Fed-batch bioconversion allowed 249 mM (33.1 g/L)L-aspartate or 424 mM (37.7 g/L)β-alanine production, respectively. The study provides a novel promising metabolic engineering route for the production of L-aspartate and its derivate chemicals using biomass resources. These results also represent the first report of the efficient bioproduction of L-aspartate directly from glucose in E. coli and the highest yield of β-alanine reported so far. © 2019 Elsevier B.V., All rights reserved.","Cofactor Self-sufficient System; Escherichia Coli; High Stoichiometric Yield; L-aspartate; Platform Chemical; Β-alanine; Aspartate Aminotransferase; Aspartate Ammonia Lyase; Aspartic Acid; Beta Alanine; Carbonate Dehydratase; Carboxylyase; Citrate Synthase; Glucokinase; Glucose; Glutamate Dehydrogenase; Lactate Dehydrogenase; Lyase; Malate Dehydrogenase; Oxaloacetic Acid; Oxidoreductase; Phosphoenolpyruvate Carboxykinase (gtp); Phosphoenolpyruvate Carboxylase; Pyruvate Kinase; Pyruvate Oxidase; Pyruvic Acid; Succinate Dehydrogenase; Aspartic Acid; Beta-alanine; Carboxy-lyases; Escherichia Coli Proteins; Pand Protein, E Coli; Amino Acids; Biochemistry; Biosynthesis; Escherichia Coli; Glucose; Metabolism; Aspartates; Biomass Resources; Chemical Products; Cofactors; Fed-batch Bioconversions; High Stoichiometric Yield; L-aspartate Aminotransferase; Platform Chemicals; Metabolic Engineering; Aspartate Alpha Decarboxylase; Aspartate Aminotransferase; Aspartate Ammonia Lyase; Aspartate Dehydrogenase; Aspartic Acid; Bacterial Enzyme; Beta Alanine; Bicarbonate Transporter; Carbonate Dehydratase; Carboxylyase; Citrate Synthase; Fumaric Reductase; Galactose Operon Repressor; Glucokinase; Glucose; Glutamate Dehydrogenase; Lactate Dehydrogenase; Lyase; Malate Dehydrogenase; Malate Quinone Oxidoreductase; Oxaloacetic Acid; Oxidoreductase; Phosphoenolpyruvate Carboxykinase (gtp); Phosphoenolpyruvate Carboxylase; Pyruvate Formate Lyase; Pyruvate Kinase; Pyruvate Oxidase; Pyruvic Acid; Succinate Dehydrogenase; Unclassified Drug; Escherichia Coli Protein; Pand Protein, E Coli; Amino Acid Synthesis; Article; Bacillus Subtilis; Bacterial Strain; Bacterium Culture; Biotransformation; Citric Acid Cycle; Enzymatic Assay; Fed Batch Fermentation; Gene Cluster; Gene Overexpression; Glucose Transport; Metabolic Engineering; Microbial Biomass; Molecular Cloning; Nonhuman; Priority Journal; Stoichiometry; Biosynthesis; Genetics; Metabolism; Aspartic Acid; Beta-alanine; Carboxy-lyases; Citric Acid Cycle; Escherichia Coli Proteins; Metabolic Engineering","Amino acids; Biochemistry; Biosynthesis; Escherichia coli; Glucose; Metabolism; Aspartates; Biomass resources; Chemical products; Cofactors; Fed-batch bioconversions; High stoichiometric yield; L-Aspartate aminotransferase; Platform chemicals; Metabolic engineering; aspartate alpha decarboxylase; aspartate aminotransferase; aspartate ammonia lyase; aspartate dehydrogenase; aspartic acid; bacterial enzyme; beta alanine; bicarbonate transporter; carbonate dehydratase; carboxylyase; citrate synthase; fumaric reductase; galactose operon repressor; glucokinase; glucose; glutamate dehydrogenase; lactate dehydrogenase; lyase; malate dehydrogenase; malate quinone oxidoreductase; oxaloacetic acid; oxidoreductase; phosphoenolpyruvate carboxykinase (GTP); phosphoenolpyruvate carboxylase; pyruvate formate lyase; pyruvate kinase; pyruvate oxidase; pyruvic acid; succinate dehydrogenase; unclassified drug; Escherichia coli protein; PanD protein, E coli; amino acid synthesis; Article; Bacillus subtilis; bacterial strain; bacterium culture; biotransformation; citric acid cycle; enzymatic assay; fed batch fermentation; gene cluster; gene overexpression; glucose transport; metabolic engineering; microbial biomass; molecular cloning; nonhuman; priority journal; stoichiometry; biosynthesis; genetics; metabolism; Aspartic Acid; beta-Alanine; Carboxy-Lyases; Citric Acid Cycle; Escherichia coli Proteins; Metabolic Engineering","Article","Final","","Scopus","2-s2.0-85065409039"
"A.A., Nikiforova, Aleksandra Aleksandrovna; O., Bastian, Olaf; M.E., Fleis, Maria Edgarovna; M.V., Nyrtsov, Maxim V.; A.G., Khropov, Aleksandr G.","Nikiforova, Aleksandra Aleksandrovna (57223021264); Bastian, Olaf (6603877403); Fleis, Maria Edgarovna (6505537047); Nyrtsov, Maxim V. (55825771900); Khropov, Aleksandr G. (7801323101)","57223021264; 6603877403; 6505537047; 55825771900; 7801323101","Theoretical development of a natural soil-landscape classification system: An interdisciplinary approach","2019","Catena","177","","","238","245","0","10","10.1016/j.catena.2019.02.026","https://www.scopus.com/inward/record.uri?eid=2-s2.0-85062298723&doi=10.1016%2Fj.catena.2019.02.026&partnerID=40&md5=cf9419bd74cceadcca0f551211a37e40","It is proposed to use the General Systems Theory (open system) approach and the General Theory of Classification to make progress in soil classification. It is shown that on this basis it is possible to develop the theoretical basis for a natural soil-landscape classification system, which could serve as a universal one. The main difference between this classification system and existing ones is in the consideration of the natural soil not only as a self-sufficient system (natural body), but also as a derived element of the natural landscape system, that is, as a result of the interaction of the basic system elements - rocks, air, water and organisms. It follows from this that, since soils are derived landscape elements, their boundaries coincide with the boundaries of the corresponding landscapes, and therefore the successive division of the landscapes into classes and subclasses means the simultaneous division of the associated soils. Thus, the proposed classification system is genetic because it not only divides natural soils according to their properties, but also reveals the relationship between them and the causes (factors) of their formation, as well as between their properties and properties of basic landscape elements. Other distinctive features of the classification system, which determine its structure, content, nomenclature and type, are the distinction between differentiating and diagnostic criteria and the subordination of the selection and ranking of differentiating criteria to the rules. The developed principles of classification were tested when creating a scheme of the classification system for the European part of Russia in the process of multi-scale soil-landscape GIS mapping. © 2019 Elsevier B.V., All rights reserved.","Definition Of The Soil; Genetic Classification; Gis Mapping; Natural Landscape Elements; Soil And Landscape Diagnostics; Universal Soil Classification System; Classification; Detection Method; Factor Analysis; Gis; Interdisciplinary Approach; Landscape Structure; Mapping Method; Pedogenesis; Ranking; Soil Classification; Soil Property; Soil-structure Interaction; Theoretical Study; Russian Federation","classification; detection method; factor analysis; GIS; interdisciplinary approach; landscape structure; mapping method; pedogenesis; ranking; soil classification; soil property; soil-structure interaction; theoretical study; Russian Federation","Article","Final","","Scopus","2-s2.0-85062298723"
"A., Garg, Anshul; S.K., Dwivedy, Santosha Kumar","Garg, Anshul (56591460300); Dwivedy, Santosha Kumar (6602812703)","56591460300; 6602812703","Nonlinear dynamics of parametrically excited piezoelectric energy harvester with 1:3 internal resonance","2019","International Journal of Non-Linear Mechanics","111","","","82","94","0","50","10.1016/j.ijnonlinmec.2019.02.003","https://www.scopus.com/inward/record.uri?eid=2-s2.0-85062190813&doi=10.1016%2Fj.ijnonlinmec.2019.02.003&partnerID=40&md5=839f58f00713359bdbacae7d43959bd2","In this work, the nonlinear dynamic analysis of a parametrically base excited cantilever beam based piezoelectric energy harvester is carried. The system consists of a cantilever beam with piezoelectric patches in bimorph configuration and attached mass at an arbitrary position. The attached mass is placed in such a way that the system exhibits 3:1 internal resonance. The governing spatio-temporal equation of motion is discretized to its temporal form by using generalized Galerkin's method. To obtain the steady state voltage response and stability of the system, Method of multiple scales is used to reduce the resulting equation of motion into a set of first-order differential equations. The response and stability of the system under principal parametric resonance conditions has been studied. The parametric instability regions are shown for variation in different system parameters such as excitation amplitude and frequency, damping and load resistance. Bifurcations such as turning point, pitch-fork and Hopf are observed in the multi-branched non-trivial response. By tuning the attached mass an attempt has been made to harvest the electrical energy for a wider range of frequency. Such kind of smart self-sufficient systems may find application in powering low power wireless sensor nodes or micro electromechanical systems. © 2019 Elsevier B.V., All rights reserved.","Bifurcation; Internal Resonance; Method Of Multiple Scales; Nonlinear Dynamics; Piezoelectric Energy Harvester; Principal Parametric Resonance; Bifurcation (mathematics); Cantilever Beams; Dynamics; Energy Harvesting; Equations Of Motion; Galerkin Methods; Mems; Nanocantilevers; Parametric Devices; Piezoelectric Devices; Piezoelectricity; Resonance; Sensor Nodes; Excited Cantilever Beams; First Order Differential Equation; Internal Resonance; Method Of Multiple Scale; Micro Electro Mechanical System; Parametric Instabilities; Piezoelectric Energy Harvesters; Principal Parametric Resonance; System Stability","Bifurcation (mathematics); Cantilever beams; Dynamics; Energy harvesting; Equations of motion; Galerkin methods; MEMS; Nanocantilevers; Parametric devices; Piezoelectric devices; Piezoelectricity; Resonance; Sensor nodes; Excited cantilever beams; First order differential equation; Internal resonance; Method of multiple scale; Micro electro mechanical system; Parametric instabilities; Piezoelectric energy harvesters; Principal parametric resonance; System stability","Article","Final","","Scopus","2-s2.0-85062190813"
"S., Liu, Song; X., Zhang, Xian; F., Liu, Fei; M., Xu, Meijuan; T., Yang, Taowei; M., Long, Mengfei; J., Zhou, Junping; T., Osire, Tolbert; S.T., Yang, Shang Tiang; Z., Rao, Zhiming","Liu, Song (56197103600); Zhang, Xian (56228677800); Liu, Fei (59445894100); Xu, Meijuan (55573506800); Yang, Taowei (54404046400); Long, Mengfei (57207879606); Zhou, Junping (56555356100); Osire, Tolbert (57202160402); Yang, Shang Tiang (7406943969); Rao, Zhiming (35270164500)","56197103600; 56228677800; 59445894100; 55573506800; 54404046400; 57207879606; 56555356100; 57202160402; 7406943969; 35270164500","Designing of a Cofactor Self-Sufficient Whole-Cell Biocatalyst System for Production of 1,2-Amino Alcohols from Epoxides","2019","ACS Synthetic Biology","8","4","","734","743","0","38","10.1021/acssynbio.8b00364","https://www.scopus.com/inward/record.uri?eid=2-s2.0-85063141092&doi=10.1021%2Facssynbio.8b00364&partnerID=40&md5=be7c7df6b02d244b33b6faafbb1e6aa9","Optically pure 1,2-amino alcohols are highly valuable products as intermediates for chiral pharmaceutical products. Here we designed an environmentally friendly non-natural biocatalytic cascade for efficient synthesis of 1,2-amino alcohols from cheaper epoxides. A redesignated ω-transaminase PAKω-TA was tested and showed good bioactivity at a lower pH than other reported transaminases. The cascade was efficiently constructed as a single one-pot E. coli recombinant, by coupling SpEH (epoxide hydrolase), MnADH (alcohol dehydrogenase), and PAKω-TA. Furthermore, RBS regulation strategy was used to overcome the rate limiting step by increasing expression of MnADH. For cofactor regeneration and amino donor source, an interesting point was involved as that a cofactor self-sufficient system was designed by expression of GluDH. It established a ""bridge"" between the cofactor and the cosubstrate, such that the cofactor self-sufficient system could release cofactor (NADP + ) and cosubstrate (l-Glutamine) regenerated simultaneously. The recombinant E. coli BL21 (SGMP) with cofactor self-sufficient whole-cell cascade biocatalysis showed high ee value (>99%) and high yield, with 99.6% conversion of epoxide (S)-1a to 1,2-amino alcohol (S)-1d in 10 h. It further converted (S)-2a-5a to (S)-2d-5d with varying conversion rates ranging between 65-96.4%. This study first provides one-step synthesis of optically pure 1,2-amino alcohols from (S)-epoxides employing a synthetic redox-self-sufficient cascade. © 2019 Elsevier B.V., All rights reserved.","1,2-amino Alcohols; Epoxides; Self-sufficient; Whole-cell Biocatalyst; Ω-transaminase; Alcohol Dehydrogenase; Aminotransferase; Epoxide Hydrolase; Glutamate Dehydrogenase; Glutamine; Nicotinamide Adenine Dinucleotide Phosphate; Alcohol Dehydrogenase; Amino Alcohols; Bacterial Proteins; Epoxy Compounds; Transaminases; Alcohol Dehydrogenase; Aminoalcohol; Aminotransferase; Epoxide; Epoxide Hydrolase; Glutamate Dehydrogenase; Glutamine; Nicotinamide Adenine Dinucleotide Phosphate; Bacterial Protein; Article; Biocatalysis; Biocatalyst; Comparative Study; Controlled Study; Enzyme Activity; Escherichia Coli; Nonhuman; One Pot Synthesis; Optics; Ph; Priority Journal; Protein Expression; Protein Protein Interaction; Pseudomonas Aeruginosa; Reaction Time; Temperature Dependence; Whole Cell; Metabolism; Oxidation Reduction Reaction; Stereoisomerism; Alcohol Dehydrogenase; Amino Alcohols; Bacterial Proteins; Biocatalysis; Epoxy Compounds; Oxidation-reduction; Stereoisomerism; Transaminases","alcohol dehydrogenase; aminoalcohol; aminotransferase; epoxide; epoxide hydrolase; glutamate dehydrogenase; glutamine; nicotinamide adenine dinucleotide phosphate; bacterial protein; Article; biocatalysis; biocatalyst; comparative study; controlled study; enzyme activity; Escherichia coli; nonhuman; one pot synthesis; optics; pH; priority journal; protein expression; protein protein interaction; Pseudomonas aeruginosa; reaction time; temperature dependence; whole cell; metabolism; oxidation reduction reaction; stereoisomerism; Alcohol Dehydrogenase; Amino Alcohols; Bacterial Proteins; Biocatalysis; Epoxy Compounds; Oxidation-Reduction; Stereoisomerism; Transaminases","Article","Final","","Scopus","2-s2.0-85063141092"
"S.S., Pincetl, Stephanie S.; E.C., Porse, Erik C.; K.B., Mika, Kathryn B.; E., Litvak, Elizaveta; K.F., Manago, Kimberly F.; T.S., Hogue, Terri Sue; T.W., Gillespie, Thomas Welch; D.E., Pataki, Diane E.; M.A., Gold, Mark A.","Pincetl, Stephanie S. (6603421815); Porse, Erik C. (55838533800); Mika, Kathryn B. (36055804500); Litvak, Elizaveta (38461289900); Manago, Kimberly F. (57193122209); Hogue, Terri Sue (6602848822); Gillespie, Thomas Welch (7102070916); Pataki, Diane E. (6602499847); Gold, Mark A. (55439426500)","6603421815; 55838533800; 36055804500; 38461289900; 57193122209; 6602848822; 7102070916; 6602499847; 55439426500","Adapting Urban Water Systems to Manage Scarcity in the 21st Century: The Case of Los Angeles","2019","Environmental Management","63","3","","293","308","0","31","10.1007/s00267-018-1118-2","https://www.scopus.com/inward/record.uri?eid=2-s2.0-85056343093&doi=10.1007%2Fs00267-018-1118-2&partnerID=40&md5=4359342affe009c713d8b45ba9f2734a","Acute water shortages for large metropolitan regions are likely to become more frequent as climate changes impact historic precipitation levels and urban population grows. California and Los Angeles County have just experienced a severe four year drought followed by a year of high precipitation, and likely drought conditions again in Southern California. We show how the embedded preferences for distant sources, and their local manifestations, have created and/or exacerbated fluctuations in local water availability and suboptimal management. As a socio technical system, water management in the Los Angeles metropolitan region has created a kind of scarcity lock-in in years of low rainfall. We come to this through a decade of coupled research examining landscapes and water use, the development of the complex institutional water management infrastructure, hydrology and a systems network model. Such integrated research is a model for other regions to unpack and understand the actual water resources of a metropolitan region, how it is managed and potential ability to become more water self reliant if the institutions collaborate and manage the resource both parsimoniously, but also in an integrated and conjunctive manner. The Los Angeles County metropolitan region, we find, could transition to a nearly water self sufficient system. © 2019 Elsevier B.V., All rights reserved.","Integrated Water Management; Socio-technical Systems; Water Scarcity; Water Self-reliance; Water; Water; Climate Change; Drought; Water Management; Water Supply; Integrated Research; Integrated Water Management; Local Water Availability; Management Infrastructure; Metropolitan Regions; Precipitation Level; Sociotechnical Systems; Water Scarcity; Research And Development Management; Ground Water; Rain; Storm Water; Water; Climate Change; Integrated Approach; Metropolitan Area; Precipitation (climatology); Rainfall; Resource Management; Twenty First Century; Urban Population; Water Availability; Water Management; Water Resource; Article; California; Drought; Hydrology; Landscape; Management; Self Concept; Urban Area; Waste Water Recycling; Water Cycle; Water Quality; Water Supply; Human; Los Angeles County; United States; Droughts; Humans; Los Angeles; Urban Population; Water; Water Resources","Climate change; Drought; Water management; Water supply; Integrated research; Integrated water management; Local water availability; Management infrastructure; Metropolitan regions; Precipitation level; Sociotechnical systems; Water scarcity; Research and development management; ground water; rain; storm water; water; climate change; integrated approach; metropolitan area; precipitation (climatology); rainfall; resource management; twenty first century; urban population; water availability; water management; water resource; Article; California; drought; hydrology; landscape; management; self concept; urban area; waste water recycling; water cycle; water quality; water supply; human; Los Angeles County; United States; Droughts; Humans; Los Angeles; Urban Population; Water; Water Resources","Article","Final","","Scopus","2-s2.0-85056343093"
"H., Cong, Hongbin; L., Zhao, Lixin; O., Mašek, Ondřej; Z., Yao, Zonglu; H., Meng, Haibo; L., Huo, Lili; T., Ma, Teng; E., Hu, Erfeng","Cong, Hongbin (23979355700); Zhao, Lixin (55739485600); Mašek, Ondřej (14028751000); Yao, Zonglu (16064830600); Meng, Haibo (24169220200); Huo, Lili (36459486200); Ma, Teng (57201280367); Hu, Erfeng (56428581500)","23979355700; 55739485600; 14028751000; 16064830600; 24169220200; 36459486200; 57201280367; 56428581500","A pilot-scale biomass pyrolytic poly-generation plant performance study and self-sufficiency assessment","2019","Bioresource Technology","273","","","439","445","0","0","10.1016/j.biortech.2018.10.084","https://www.scopus.com/inward/record.uri?eid=2-s2.0-85056736537&doi=10.1016%2Fj.biortech.2018.10.084&partnerID=40&md5=0a36d9fe8f9dc454f04db3d50ff0f1e7","This work studied the influence of pyrolysis temperature on the energy and mass balance of pyrolysis of rice husk (RH), cotton stalk (CS) and fruit branch (FB) in a pilot-scale biomass pyrolytic poly-generation plant. The paper presents energy balance and self-sufficiency assessment of pilot-scale pyrolysis plant processing different types of biomass. The results also include characterization of the pyrolysis products. The volatile matter varied from 6.5 to 25.8% at different temperatures for the three feed stocks, which can be used as indexes for the degree of carbonization of biochar. The yield of pyrolysis gases enriched with H<inf>2</inf>, CH<inf>4</inf> and other alkanes, and olefins increased significantly with increasing pyrolysis temperature from 550 to 650 °C. With a lower heating value >17.1 MJ/m3, an energy self-sufficient system is possible using only the pyrolysis gas. Biomass pyrolytic poly-generation technology offers a promising means of converting abundant agricultural residues into energy and added-value products. © 2020 Elsevier B.V., All rights reserved.","Energy Self-sufficient; Performance; Pilot Plant; Poly-generation; Slow Pyrolysis; Charcoal; Methane; Biochar; Charcoal; Gases; Agricultural Wastes; Biomass; Calorific Value; Carbonization; Pilot Plants; Added Value Products; Energy Self-sufficient; Lower Heating Value; Performance; Poly-generation; Pyrolysis Products; Pyrolysis Temperature; Slow Pyrolysis; Pyrolysis; Alkane Derivative; Alkene Derivative; Charcoal; Methane; Biochar; Assessment Method; Biomass; Energy Balance; Energy Efficiency; Performance Assessment; Power Plant; Pyrolysis; Article; Biomass Conversion; Carbonization; Fruit Branch; Nonhuman; Plant Stem; Plant Structures; Priority Journal; Rice Husk; Temperature; Agriculture; Chemistry; Erratum; Gas; Heat; Oryza; Retraction Notice; Gossypium Hirsutum; Agriculture; Charcoal; Gases; Hot Temperature; Temperature","Agricultural wastes; Biomass; Calorific value; Carbonization; Pilot plants; Added value products; Energy self-sufficient; Lower heating value; Performance; Poly-generation; Pyrolysis products; Pyrolysis temperature; Slow pyrolysis; Pyrolysis; alkane derivative; alkene derivative; charcoal; methane; biochar; assessment method; biomass; energy balance; energy efficiency; performance assessment; power plant; pyrolysis; Article; biomass conversion; carbonization; fruit branch; nonhuman; plant stem; plant structures; priority journal; rice husk; temperature; agriculture; chemistry; erratum; gas; heat; Oryza; retraction notice; Gossypium hirsutum; Agriculture; Charcoal; Gases; Hot Temperature; Temperature","Retracted","Final","","Scopus","2-s2.0-85056736537"
"Y., Lin, Yuyu; K., Zheng, Kai; L., Liu, Lijuan; Y., Chen, Yang; J., Guo, Jiahao; S., Li, Shuo; C., Yao, Cheng; F., Ying, Fangtian","Lin, Yuyu (57209305945); Zheng, Kai (58985607300); Liu, Lijuan (57203514499); Chen, Yang (58257449000); Guo, Jiahao (59854355500); Li, Shuo (58985980900); Yao, Cheng (55420927900); Ying, Fangtian (35338282100)","57209305945; 58985607300; 57203514499; 58257449000; 59854355500; 58985980900; 55420927900; 35338282100","OlfacEnhancer: A Vision-Based Scented Necklace for Cross-Modal Perception and Olfaction Augmentation","2019","International Conference on Design and Semantics of Form and Movement","","","","237","240","0","1","10.21428/5395bc37.9450319d","https://www.scopus.com/inward/record.uri?eid=2-s2.0-85190383366&doi=10.21428%2F5395bc37.9450319d&partnerID=40&md5=62a2813153a11d07d8749f2e2b4e8c64","Smell disorders are common, which can impair the quality of life. In this paper, we propose OlfacEnhancer, a pendant for hyposmia patients, which augments real-world olfactory perception synchronizing visual information. We present the compact hardware design that can release seven different scents and the implementation of a machine-vision-based self-sufficient system, which includes automatic image capture and real-time object recognition. Besides, we discussed its validity in promoting healthy olfaction and pleasantness through a brief user study. Finally, we present other application possibilities of OlfacEnhancer in the future. © 2024 Elsevier B.V., All rights reserved.","Cross-modal Perception; Mobile Object Recognition; Olfaction Augmentation; Olfactory Interface; Smell Dysfunction","","Conference paper","Final","All Open Access; Green Final Open Access; Green Open Access","Scopus","2-s2.0-85190383366"
"E., Siemens, Eduard; S., Krause, Stephan; S., Dittmann, Sebastian; C., Wittmann, Claus; J., Palacios, Jose","Siemens, Eduard (15072090400); Krause, Stephan (55615222100); Dittmann, Sebastian (55217353200); Wittmann, Claus (58411028300); Palacios, Jose (58411028400)","15072090400; 55615222100; 55217353200; 58411028300; 58411028400","A Concept for a Self-Sufficient Off-Grid and Backup Solutions for Power Supply and Grid Stabilization in Rural Areas with Wind-Solar-Hydropower for Central Asia","2019","Proceedings of International Conference on Applied Innovation in IT","7","2","","1","6","0","0","","https://www.scopus.com/inward/record.uri?eid=2-s2.0-85163788283&partnerID=40&md5=b32521b6454e7f4d896c17f6cfd35a9c","The purpose of this work is to present a concept how to realize a decentral energy-efficient and self-sufficient energy supply system, consisting of a wind-photovoltaic (PV) or PV- micro-hydro power plants for a stable local energy supply. This comprises of subsystems for controlling the energy flows between power generators and consumers, sensor networks for keeping energy balance and to predict failures in particular subsystems (so called predictive maintenance), and optimization of energy demand tailored to remote areas in Central Asia. The energy production of this self-sufficient system shall be based on regenerative energy sources only such as wind, hydro and photovoltaic. The system will be supported by an appropriate energy storage system with, e.g., lithium ion or lead-gel or even lead-acid batteries. This study presents a higher-level management system based on IIoT networks and machine learning methods which control the individual energy generators (wind, hydro and photovoltaic) together with the connected consumers (load management) to avoid peak loads and to trigger suitable processes in case of energy surplus or deficiency. The dimensioning of each subsystem has to consider specific local energy demands and specific climate conditions with dedicated forecasting and machine learning methods. © 2023 Elsevier B.V., All rights reserved.","Central Asia; Decentralized Energy Systems; Iiot; Micro-wind-power Stations; Pv Systems","","Conference paper","Final","","Scopus","2-s2.0-85163788283"
"K., Theologou, Konstantinos; R., Mertz, Rainer; E., Lauien, Eckart; J., Starflinger, Jörg","Theologou, Konstantinos (57211391593); Mertz, Rainer (7004242479); Lauien, Eckart (59133022900); Starflinger, Jörg (8296908300)","57211391593; 7004242479; 59133022900; 8296908300","AN ASSESSMENT OF THE CRITERIA FOR THE ONSET OF HEAT TRANSFER DETERIORATION WITH SUPERCRITICAL CO2 IN VERTICAL HEATED SIGLE CIRCULAR TUBES","2019","Conference Proceedings of the European sCO2 Conference","","","","39","48","0","4","10.17185/duepublico/48875","https://www.scopus.com/inward/record.uri?eid=2-s2.0-85130236333&doi=10.17185%2Fduepublico%2F48875&partnerID=40&md5=e7e71bb49852b8d3100d8848518f5ae2","In the sCO2-QA project (Qualification of analysis tools for the evaluation of residual heat-driven, self-sufficient system for decay heat removal) a residual heat-driven self-sufficient sCO2-operated decay heat removal system is simulated with the German reactor code ATHLET (Analysis of thermal-hydraulics of leaks and transients). The decay heat removal system is a simple Brayton cycle consisting of a turbo compressor system located in the reactor building, a heat exchanger in the outdoor area and a compact-heat-exchanger in the containment. For a better understanding of the heat transfer characteristics of sCO2 inside the compact heat exchanger and for the validation of ATHLET and other numerical codes experimental data are needed. The experimental results will be used for validation and/or improvement of heat transfer and pressure drop correlations in case of variable fluid properties. All experiments were performed in the test facility SCARLETT (Supercritical Carbon Dioxide Loop at IKE Stuttgart) at the IKE (Institute of Nuclear Technology and Energy Systems), which provides sCO2 under defined conditions. The heat transfer and pressure drop characteristics of carbon dioxide near the critical point were investigated in a vertical flow by basic heating experiments on two directly electrical heated circular tubes with the inner diameters of 4 and 8 mm and with a pressure of 7.75 MPa. Variations of the mass flux were chosen with 400 and 800 kg/m2s with a heat flux up to 110 kW/m2. In experiments with sCO<inf>2</inf> three different heat transfer mechanism (HTM) exist: The enhanced, the normal and the deteriorated heat transfer (DHT). In some applications e.g. for the operation of a supercritical pressure heat exchanger it is necessary to be able to predict the onset of DHT. In this publication, some of these criteria are presented and validated: One criterion based on the effect of flow acceleration, two criteria based on the effect of buoyancy and four more general criteria based on the heat flux to mass flux ratio. © 2024 Elsevier B.V., All rights reserved.","","","Conference paper","Final","","Scopus","2-s2.0-85130236333"
"N., Escobar, Natalia; N.J., Romero, N. J.; C.I., Jaramillo-Barrios, Camilo Ignacio","Escobar, Natalia (57052952500); Romero, N. J. (58425987600); Jaramillo-Barrios, Camilo Ignacio (57210340295)","57052952500; 58425987600; 57210340295","Typology of small producers in transition to agroecological production","2019","Agronomy Research","17","6","","2242","2259","0","12","10.15159/AR.19.221","https://www.scopus.com/inward/record.uri?eid=2-s2.0-85076465346&doi=10.15159%2FAR.19.221&partnerID=40&md5=5531e6f0bf5152bb8fc57a7542e10422","Agroecology is now emerging as the fundamental science to guide the conversion of conventional production systems to more diversified and self-sufficient systems. The agroecological transition is defined as the gradual change that farmers undergo to adapt and move from more conventional towards agroecological farming principles, encompassing technological, societal, institutional and organisational changes in the food system. To analyze a transition process, it is initially necessary to understand how agroecosystems work (their structure and processes), and the different ways human beings intervene an ecosystem in order to transform it for productive purposes.Farm systems typology and classification techniques are used to guide strategic lines of research, sectorial policies, and promote sustainable development in response to farmer’s needs. Determining multidimensional classification methods in agricultural systems is necessary, considering both the variables inherent to the production system and those of an external nature that indirectly impact the development and long-term sustainability of production systems. One of the purposes of this research was to characterize agricultural production based on sustainability systems and environmental, social, and economic indicators. The study was carried out based on data collected from 71 farm surveys, considering the social, economic, environmental, and technological dimensions. Multiple correspondence and cluster analysis were done. Three types of production systems were obtained: Group I, organic producers in transition; Group II, conventional producers in transition to organic production; and Group III, conventional producers interested in organic production. Producers need to focus on processes that allow them to improve their skills to develop human talent and social capital in terms of integration, collaborative work, trust, political and cultural capital, so that they can make progress easily and start implementing agroecological, infrastructure, and natural resources management practices, while improving their living standards. The information yielded by a typology process allows for us to know the current state of agricultural production systems based on the implementation of agroecological practices; thus facilitating the preparation and implementation of participatory plans and/or integrative proposals that promote agrofood sustainability. © 2019 Elsevier B.V., All rights reserved.","Organic Agriculture; Rural Development; Sustainability","","Article","Final","","Scopus","2-s2.0-85076465346"
"K., Theologou, Konstantinos; R., Mertz, Rainer; J., Starflinger, Jörg","Theologou, Konstantinos (57211391593); Mertz, Rainer (7004242479); Starflinger, Jörg (8296908300)","57211391593; 7004242479; 8296908300","Experimental investigations on the heat transfer characteristics of supercritical CO2 in sigle circular tube with direct electrical heating","2019","","","","","2601","2614","0","0","","https://www.scopus.com/inward/record.uri?eid=2-s2.0-85073714133&partnerID=40&md5=2471a1ef8678f57799493d6baa5738a0","In the frame of the sCO<inf>2</inf>-QA project (Qualification of analysis tools for the evaluation of residual heat-driven, self-sufficient system for decay heat removal), a residual heat-driven self-sufficient sCO<inf>2</inf>-operated decay heat removal system, based on a Brayton cycle, shall be simulated by a numerical model. For the validation of this model more experimental data are needed. The model will be implemented in the German numerical code ATHLET (Analysis of thermal-hydraulics of leaks and transients). Furthermore, the experimental results will be used for validation and/or improvement of heat transfer and pressure drop correlations for the working fluid sCO<inf>2</inf>. The experiments are performed in the SCARLETT (Supercritical Carbondioxide Loop at IKE Stuttgart) facility at the IKE (Institute of Nuclear Technology and Energy Systems), which provides sCO<inf>2</inf> under defined conditions. The heat transfer and pressure drop characteristics of carbon dioxide near the critical point were investigated by basic experiments on two directly electrical heated circular tubes with the inner diameters of 4 and 8 mm, inlet temperatures of 25 and 30 °C and a pressure of 7.75 MPa of sCO<inf>2</inf>. The heat flux to mass flux ratios were between 18 to 130 J/kg. For the better understanding of the buoyancy effects and flow acceleration, which leads to thermally stable and unstable turbulent flow and their influence on the heat transfer and pressure losses, the experiments were performed in upward and downward flow orientations. The measured parameters are the flow rate, the pressure, the bulk temperature, and the outer surface temperature along the test tube. © 2020 Elsevier B.V., All rights reserved.","Buoyancy; Downward / Upward Flow; Flow Acceleration; Heat Transfer Of Supercritical Co2; Pressure Losses; Brayton Cycle; Buoyancy; Drops; Electric Heating; Heat Flux; Hydraulics; Nuclear Reactors; Pressure Drop; Downward/upward Flow; Flow Acceleration; Heat Transfer And Pressure Drop; Heat Transfer And Pressure Drop Characteristics; Heat Transfer Characteristics; Pressure Loss; Supercritical Carbon Dioxides; Supercritical Co2; Carbon Dioxide","Brayton cycle; Buoyancy; Drops; Electric heating; Heat flux; Hydraulics; Nuclear reactors; Pressure drop; Downward/upward flow; Flow acceleration; Heat transfer and pressure drop; Heat transfer and pressure drop characteristics; Heat transfer characteristics; Pressure loss; Supercritical carbon dioxides; Supercritical CO2; Carbon dioxide","Conference paper","Final","","Scopus","2-s2.0-85073714133"
"Q., Yu, Qi; T., Huang, Tianci; C., Liu, Chao; M., Zhao, Menglong; M., Xie, Mingjuan; G., Li, Guo; S., Liu, Shujuan; W.H., Huang, Wei H.; Q., Zhao, Qiang","Yu, Qi (56298256900); Huang, Tianci (57192092372); Liu, Chao (57211313845); Zhao, Menglong (59775588300); Xie, Mingjuan (57203121291); Li, Guo (59858483300); Liu, Shujuan (55663133300); Huang, Wei H. (57199044991); Zhao, Qiang (57210814369)","56298256900; 57192092372; 57211313845; 59775588300; 57203121291; 59858483300; 55663133300; 57199044991; 57210814369","Oxygen self-sufficient NIR-activatable liposomes for tumor hypoxia regulation and photodynamic therapy","2019","Chemical Science","10","39","","9091","9098","0","99","10.1039/c9sc03161h","https://www.scopus.com/inward/record.uri?eid=2-s2.0-85073441937&doi=10.1039%2Fc9sc03161h&partnerID=40&md5=3779ec59bf180cbf4ab2319b869e3bed","The inherent hypoxic environment in tumors severely resists the efficacy of photodynamic therapy. To address this problem, herein, the strategy of using oxygen self-sufficient liposomes (denoted as CaO<inf>2</inf>/B1/NH<inf>4</inf>HCO<inf>3</inf> lipo), which contained aza-BODIPY dye (B1) and CaO<inf>2</inf> nanoparticles in the hydrophobic layer and NH<inf>4</inf>HCO<inf>3</inf> in the hydrophilic cavity, was presented to overcome hypoxia-associated photodynamic resistance. Under near-infrared (NIR) irradiation, NIR-absorbable B1 was activated to induce hyperthermia and further triggered the decomposition of NH<inf>4</inf>HCO<inf>3</inf>. Subsequently, with the aid of NH<inf>4</inf>HCO<inf>3</inf> and CaO<inf>2</inf> nanoparticles, oxygen was rapidly and self-sufficiently generated, during which clean by-products were produced. Furthermore, the increased amount of oxygen promoted the singlet oxygen production in the presence of B1, which served as a photosensitizer because of the heavy atom effect. The oxygen self-sufficient system improved the anticancer efficiency and alleviated the hypoxic environment in vivo, which demonstrated a valuable attempt to regulate intratumoral hypoxia and overcome the limitation of current photodynamic therapy systems. To our knowledge, this highlights the first example of using NIR light to activate CaO<inf>2</inf> nanoparticle-containing liposomes for the modulation of the hypoxic environment in tumors. © 2020 Elsevier B.V., All rights reserved.","Calcium Compounds; Infrared Devices; Liposomes; Nanoparticles; Oxygen; Photosensitizers; Tumors; Bodipy Dyes; Heavy Atom Effects; Hydrophobic Layers; Hypoxic Environments; In-vivo; Near Infra Red; Singlet Oxygen Production; Tumor Hypoxia; Photodynamic Therapy","Calcium compounds; Infrared devices; Liposomes; Nanoparticles; Oxygen; Photosensitizers; Tumors; Bodipy dyes; Heavy atom effects; Hydrophobic layers; Hypoxic environments; In-vivo; Near infra red; Singlet oxygen production; Tumor hypoxia; Photodynamic therapy","Article","Final","All Open Access; Gold Open Access; Green Final Open Access; Green Open Access","Scopus","2-s2.0-85073441937"
"N.A., Bodneva, Natalya A.; T.A., Sribnaya, Tatiana A.; D., Fursova, Dilara; N.V., Starostenkov, Nikolai V.; K., Esaulova, Kira","Bodneva, Natalya A. (57210408541); Sribnaya, Tatiana A. (57210411219); Fursova, Dilara (57211295240); Starostenkov, Nikolai V. (56610196900); Esaulova, Kira (57211299327)","57210408541; 57210411219; 57211295240; 56610196900; 57211299327","Psychological and pedagogical foundations of forming environmental culture among students by means of tourist activities","2019","Journal of Environmental Management and Tourism","10","3","","523","529","0","0","10.14505/jemt.v10.3(35).07","https://www.scopus.com/inward/record.uri?eid=2-s2.0-85073335450&doi=10.14505%2Fjemt.v10.3%2835%29.07&partnerID=40&md5=43aef6e1a06a3e8d07257b65d3831e22","Regardless of the development of human society and the introduction of new technologies (information, informationtelecommunication), a person is mainly a biosocial being. Besides significant social characteristics and virtues, the main feature of each person is belonging to a large self-sufficient system. Thus, human beings differ from other species since they can exist in nature while creating their own culture and living conditions by means of mental and physical work. With the course of time and the emergence of innovations, the environment where people live undergoes global changes. The speed and extent of technological impact on the environment cannot be assessed due to many factors, including the multiplicative negative effect on the environment caused by products of modern civilization. In this regard, such science as ecology has become especially relevant. Environmental knowledge is vital to make the dream of many generations of thinkers come true and create a decent human environment ensuring the harmony of people and nature. Ecology helps analyze the impact of human life on the environment. The study of ecology cannot be conducted only at the level of the scientific community; each person should know its elementary problems and ways to build their personal life to effectively promote the harmonious development of society. Therefore, this article addresses the problem of environmental education, including the use of modern achievements, such as information, information and telecommunication technologies. The formation of environmental consciousness is necessary so that global problems are not regarded as mythical threats. © 2020 Elsevier B.V., All rights reserved.","Ecology; Education; Environmental Consciousness; Environmental Culture; Information Technologies; Internet; Pedagogy; Psychology; Students; Technologies; Tourism; Youth","","Article","Final","","Scopus","2-s2.0-85073335450"
"R., Rakshit, Roopa; C.K., Shahi, Chander K.; P.M., Smith, Peggy M.; A., Cornwell, Adam","Rakshit, Roopa (57199864078); Shahi, Chander K. (14630855600); Smith, Peggy M. (55723664500); Cornwell, Adam (7003309961)","57199864078; 14630855600; 55723664500; 7003309961","Energy transition complexities in rural and remote Indigenous communities: a case study of Poplar Hill First Nation in northern Ontario*","2019","Local Environment","24","9","","809","824","0","10","10.1080/13549839.2019.1648400","https://www.scopus.com/inward/record.uri?eid=2-s2.0-85071089697&doi=10.1080%2F13549839.2019.1648400&partnerID=40&md5=df6a0704294eb96311f9f3d198780a87","The First Nation communities in northern Ontario have unique energy-related challenges within an interdisciplinary context, including historical, geographic, cultural, technological, and regulatory. Presently, undergoing an energy systems transition from off-grid to grid-connection and scoping renewable energy options, these remote communities are exhibiting characteristics of complex adaptive system principles. This is exhibited through non-linear interactions and connectedness among agents and components in the emerging energy system. This paper explores these interfaces through a case study of Poplar Hill First Nation, an Independent Power Authority community. The potentials of the complexity science through a community engagement process is used to encode and enhance understanding of the “contextual” complexities in the development of local economies, adapting to technology advancement, and social changes. The findings will help better appreciate the efforts made by Poplar Hill in their transition to self-sufficient systems with deliberations that may provide practical outcomes. This paper reflects on the deeper trajectories of the human elements embedded within the energy transition process. In conclusion, the paper adds to the academic dialogue on energy system transition adaptations in marginalised Indigenous communities in rural and remote locations. © 2019 Elsevier B.V., All rights reserved.","Complex Adaptive System; Energy Transition; Indigenous Communities; Rural And Remote Communities; Self-emergence; Complexity; Energy Use; Indigenous Population; Local Participation; Rural Area; Technology Adoption; Canada; Ontario [canada]","complexity; energy use; indigenous population; local participation; rural area; technology adoption; Canada; Ontario [Canada]","Article","Final","","Scopus","2-s2.0-85071089697"
"X., Xiao, Xianbin; X., Wang, Xueying; Z., Zheng, Zongming; W., Qin, Wu; Y., Zhou, Yumengqiu","Xiao, Xianbin (35489359200); Wang, Xueying (57208676032); Zheng, Zongming (35313239300); Qin, Wu (35311803700); Zhou, Yumengqiu (57208670176)","35489359200; 57208676032; 35313239300; 35311803700; 57208670176","Catalytic coal gasification process simulation with alkaline organicwastewater in a fluidized bed reactor using aspen plus","2019","Energies","12","7","1367","","","0","13","10.3390/en12071367","https://www.scopus.com/inward/record.uri?eid=2-s2.0-85065492211&doi=10.3390%2Fen12071367&partnerID=40&md5=dc84d158e2892c84ad66879f5e5972ea","A co-gasification process was proposed both for treating alkaline organic wastewater and to promote coal gasification by the alkaline substances in situ. A catalytic gasification model was developed by introducing a catalytic correction factor to describe the catalytic effects quantitatively. An integrated process simulation was carried out using Aspen Plus equipped with FORTRAN subroutines. The model was verified using the root mean square error between the simulation results and experimental data from the literature. Syngas composition, cold gas effciency, and carbon conversion efficiency were analyzed with respect to different operating conditions (reaction temperature, steam/coal ratio, and equivalence ratio). The optimal conditions are summarized based on a self-sufficient system by using sensitivity analysis: Gasification temperature of 700 °C, steam/coal ratio = 1.0, and equivalence ratio = 0.4. © 2019 Elsevier B.V., All rights reserved.","Alkaline Organic Wastewater; Aspen Plus; Catalytic Correction Factors; Coal; Gasification; Chemical Reactors; Coal; Coal Gasification; Computer Software; Fluidized Beds; Gasification; Mean Square Error; Sensitivity Analysis; Wastewater Treatment; Aspen Plus; Catalytic Gasification; Correction Factors; Different Operating Conditions; Fluidized Bed Reactors; Gasification Temperatures; Organic Wastewater; Root Mean Square Errors; Fluidized Bed Process","Chemical reactors; Coal; Coal gasification; Computer software; Fluidized beds; Gasification; Mean square error; Sensitivity analysis; Wastewater treatment; ASPEN PLUS; Catalytic gasification; Correction factors; Different operating conditions; Fluidized bed reactors; Gasification temperatures; Organic wastewater; Root mean square errors; Fluidized bed process","Article","Final","All Open Access; Gold Open Access; Green Final Open Access; Green Open Access","Scopus","2-s2.0-85065492211"
"X., Rui, Xiaobo; Y., Li, Yibo; Y., Liu, Yue; X., Zheng, Xiaolei; Z., Zeng, Zhoumo","Rui, Xiaobo (57205104165); Li, Yibo (24721782700); Liu, Yue (57858890200); Zheng, Xiaolei (57205104452); Zeng, Zhoumo (7402647223)","57205104165; 24721782700; 57858890200; 57205104452; 7402647223","Experimental study and parameter optimization of a magnetic coupled piezoelectric energy harvester","2018","Applied Sciences (Switzerland)","8","12","2609","","","0","27","10.3390/app8122609","https://www.scopus.com/inward/record.uri?eid=2-s2.0-85058508232&doi=10.3390%2Fapp8122609&partnerID=40&md5=c0a7e817747752deaa8be0ae3cd8ad80","Piezoelectric energy harvesting is a promising way to develop self-sufficient systems. Structural design and parameter optimization are key issues to improve the performance in applications. This paper presents a magnetic coupled piezoelectric energy harvester to increase the output and bandwidth. A lumped parameter model considering the static position is established and various modes are simulated. This paper focuses on the ""Low frequency repulsion mode"", which is more practical. The experiment platform is built with the Macro Fiber Composite (MFC) material, and the results are consistent with the analytical simulation. The optimization process of some key parameters, such as magnets spacing and flux density, is carried out. The results show that there is a corresponding optimal spacing for each flux density, which is positive correlated. With the optimized parameter design, the system achieves peak electrical power of 3.28 mW under the harmonic excitation of 4 m/s2. Compared with the conventional single cantilever harvester, the operated bandwidth is increased by 66.7% and the peak output power is increased by 35.0% in experiment. © 2018 Elsevier B.V., All rights reserved.","Energy Harvesting; Magnetic Coupled; Parameter Optimization; Piezoelectric","","Article","Final","All Open Access; Gold Open Access; Green Accepted Open Access; Green Open Access","Scopus","2-s2.0-85058508232"
"X., Tong, Xin; T., Wang, Tao; Y., Chen, Yanguang; Y., Wang, Yutao","Tong, Xin (55462608100); Wang, Tao (58907986400); Chen, Yanguang (7601434785); Wang, Yutao (35207058700)","55462608100; 58907986400; 7601434785; 35207058700","Towards an inclusive circular economy: Quantifying the spatial flows of e-waste through the informal sector in China","2018","Resources, Conservation and Recycling","135","","","163","171","0","93","10.1016/j.resconrec.2017.10.039","https://www.scopus.com/inward/record.uri?eid=2-s2.0-85034766902&doi=10.1016%2Fj.resconrec.2017.10.039&partnerID=40&md5=926c846db4108dafbec5d6eaa81de427","China has built a territory-based formal e-waste recycling system as a response to the global e-waste challenge. This system created a division of labor between the informal sector and formal recycling plants by providing a subsidy to the latter to buy waste products collected by the former. Using provincial data of formal e-waste recycling plants in China in 2014, this paper quantifies the contribution of the informal sector to e-waste transportation at the national level. Despite the intention to plan a regional self-sufficient system for e-waste recycling at the provincial level, we find that significant interprovincial flows exist due to the complex market transactions within the informal collection network, which reveals the deep conflicts between market mechanism and public intervention in the evolvement of e-waste governance structure. We built a spatial interaction model to depict the interregional flows of e-waste that can quantitatively illustrate the change of spatial pattern of this network due to the introduction of the formal WEEE regulation in China. In conclusion, we discuss the policy implications for optimizing regional allocation of the e-waste recycling capacity as well as for improving the transparency of the reverse logistic system to include the informal sector in the future. © 2023 Elsevier B.V., All rights reserved.","E-waste; Informal Sector; Reverse Logistics; Spatial Interaction Model; Commerce; Logistics; Public Policy; Recycling; Wastes; Circular Economy; Division Of Labor; E-waste Recycling; E-wastes; Informal Sector; Recycling Plant; Recycling Systems; Reverse Logistics; Spatial Interaction Model; Waste Products; Electronic Waste; Electronic Waste; Governance Approach; Informal Sector; Logistics; Modeling; Quantitative Analysis; Recycling; Regulatory Framework; China; Market","Commerce; Logistics; Public policy; Recycling; Wastes; Circular economy; Division of labor; E-waste recycling; E-wastes; Informal sector; Recycling plant; Recycling systems; Reverse logistics; Spatial interaction model; Waste products; Electronic Waste; electronic waste; governance approach; informal sector; logistics; modeling; quantitative analysis; recycling; regulatory framework; China; market","Article","Final","","Scopus","2-s2.0-85034766902"
"Ö.B., Akan, Özgür Bariş; O., Cetinkaya, Oktay; C., Koca, Caglar; M., Ozger, Mustafa","Akan, Özgür Bariş (9433722100); Cetinkaya, Oktay (56597831800); Koca, Caglar (57103100600); Ozger, Mustafa (55837432500)","9433722100; 56597831800; 57103100600; 55837432500","Internet of Hybrid Energy Harvesting Things","2018","IEEE Internet of Things Journal","5","2","","736","746","0","187","10.1109/JIOT.2017.2742663","https://www.scopus.com/inward/record.uri?eid=2-s2.0-85028506562&doi=10.1109%2FJIOT.2017.2742663&partnerID=40&md5=79f832b5900b8373309cde68c9c53e7f","Internet of Things (IoT) is a perfect candidate to realize efficient observation and management for Smart City concept. This requires deployment of large number of wireless devices. However, replenishing batteries of thousands, maybe millions of devices may be hard or even impossible. In order to solve this problem, Internet of Energy Harvesting Things (IoEHT) is proposed. Although the first studies on IoEHT focused on energy harvesting (EH) as an auxiliary power provisioning method, now completely battery-free and self-sufficient systems are envisioned. Taking advantage of diverse sources that the concept of Smart City offers helps us to fully appreciate the capacity of EH. In this way, we address the primary shortcomings of IoEHT; availability, unreliability, and insufficiency by the Internet of Hybrid EH Things (IoHEHT). In this paper, we survey the various EH opportunities, propose an hybrid EH system, and discuss energy and data management issues for battery-free operation. We mathematically prove advantages of hybrid EH compared to single source harvesting as well. We also point out to hardware requirements and present the open research directions for different network layers specific to IoHEHT for Smart City concept. © 2018 Elsevier B.V., All rights reserved.","Hybrid Energy Harvesting (eh); Internet Of Things (iot); Smart Cities; Wireless Networks; Electric Batteries; Information Management; Internet Of Things; Network Layers; Sensors; Smart City; Wireless Networks; Wireless Sensor Networks; Wireless Telecommunication Systems; Auxiliary Power; Battery-free; Battery-free Operations; Internet Of Things (iot); Management Issues; Single Source; Wireless Communications; Wireless Devices; Energy Harvesting","Electric batteries; Information management; Internet of things; Network layers; Sensors; Smart city; Wireless networks; Wireless sensor networks; Wireless telecommunication systems; Auxiliary power; Battery-free; Battery-free operations; Internet of Things (IOT); Management issues; Single source; Wireless communications; Wireless devices; Energy harvesting","Article","Final","","Scopus","2-s2.0-85028506562"
"F., Sembiring, Ferdianta; C.W., Purnomo, Chandra Wahyu; S., Purwono, Suryo","Sembiring, Ferdianta (57201674784); Purnomo, Chandra Wahyu (37041534700); Purwono, Suryo (6506448140)","57201674784; 37041534700; 6506448140","Catalytic Pyrolysis of Waste Plastic Mixture","2018","IOP Conference Series: Materials Science and Engineering","316","1","012020","","","0","24","10.1088/1757-899X/316/1/012020","https://www.scopus.com/inward/record.uri?eid=2-s2.0-85045620190&doi=10.1088%2F1757-899X%2F316%2F1%2F012020&partnerID=40&md5=705924a4bda9c65395a24a4a5be39406","Inorganic waste especially plastics still become a major problem in many places. Low biodegradability of this materials causes the effort in recycling become very difficult. Most of the municipal solid waste (MSW) recycling facilities in developing country only use composting method to recover the organic fraction of the waste, while the inorganic fraction is still untreated. By pyrolysis, plastic waste can be treated to produce liquid fuels, flammable gas and chars. Reduction in volume and utilization of the liquid and gas as fuel are the major benefits of the process. By heat integration actually this process can become a self-sufficient system in terms of energy demand. However, the drawback of this process is usually due to the diverse type of plastic in the MSW creating low grade of liquid fuel and harmful gases. In this study, the mixture of plastics i.e. polypropylene (PP) and polyethylene terephthalate (PET) is treated using pyrolysis with catalyst in several operating temperature. PET is problematic to be treated using pyrolysis due to wax-like byproduct in liquid which may cause pipe clogging. The catalyst is the mixture of natural zeolite and bentonite which is able to handle PP and PET mixture feed to produce high grade liquid fuels in terms of calorific value and other fuel properties. © 2018 Elsevier B.V., All rights reserved.","Catalytic Pyrolysis; Natural Zeolite; Waste Plastics; Biodegradability; Catalysts; Developing Countries; Elastomers; Liquid Fuels; Liquids; Mixtures; Plastic Bottles; Plastic Recycling; Plastics; Polyethylene Terephthalates; Polypropylenes; Pyrolysis; Zeolites; Catalytic Pyrolysis; Inorganic Fractions; Municipal Solid Waste (msw); Natural Zeolites; Operating Temperature; Polyethylene Terephthalates (pet); Recycling Facilities; Waste Plastic; Municipal Solid Waste","Biodegradability; Catalysts; Developing countries; Elastomers; Liquid fuels; Liquids; Mixtures; Plastic bottles; Plastic recycling; Plastics; Polyethylene terephthalates; Polypropylenes; Pyrolysis; Zeolites; Catalytic pyrolysis; Inorganic fractions; Municipal solid waste (MSW); Natural zeolites; Operating temperature; Polyethylene terephthalates (PET); Recycling facilities; Waste plastic; Municipal solid waste","Conference paper","Final","All Open Access; Gold Open Access","Scopus","2-s2.0-85045620190"
"H., Qiao, Hongzhi; D., Fang, Dong; L., Zhang, Lei; X., Gu, Xiaochen; Y., Lu, Yin; M., Sun, Minjie; C., Sun, Chunmeng; Q., Ping, Qineng; J., Li, Junsong; Z., Chen, Zhipeng","Qiao, Hongzhi (57189003257); Fang, Dong (57205769548); Zhang, Lei (59644876700); Gu, Xiaochen (7403204137); Lu, Yin (57198799604); Sun, Minjie (15021502400); Sun, Chunmeng (55308827800); Ping, Qineng (7003976260); Li, Junsong (27171583000); Chen, Zhipeng (8698057800)","57189003257; 57205769548; 59644876700; 7403204137; 57198799604; 15021502400; 55308827800; 7003976260; 27171583000; 8698057800","Nanostructured Peptidotoxins as Natural Pro-Oxidants Induced Cancer Cell Death via Amplification of Oxidative Stress","2018","ACS Applied Materials and Interfaces","10","5","","4569","4581","0","44","10.1021/acsami.7b18809","https://www.scopus.com/inward/record.uri?eid=2-s2.0-85041893647&doi=10.1021%2Facsami.7b18809&partnerID=40&md5=a9c208342fee4617aef6c493c75e9430","Melittin (Mel), one of the host defense peptides derived from the venom of honeybees, demonstrates substantial anticancer properties, which is attributed to augmenting reactive oxygen species (ROS) generation. However, little has been reported on its pro-oxidation capacity in cancer oxidation therapy. In this study, an ROS amplifying nanodevice was fabricated through direct complexation of two natural pro-oxidants, Mel and condensed epigallocatechin gallate (pEGCG). The obtained nanocomplex (NC) was further covered with phenylboronic acid derivatized hyaluronic acid (pHA) through the ROS-responsive boronate ester coordination bond to produce pHA-NC. Upon undergoing receptor-mediated endocytosis into cancer cells, the inner cores of pHA-NC will be partially uncovered once pHA corona is degraded by hyaluronidase and will then escape from the lysosome by virtue of cytolytic Mel. The elevated ROS level in the tumor cytoplasm can disrupt the boronate ester bond to facilitate drug release. Both Mel and pEGCG could synergistically amplify oxidative stress and prolong ROS retention in cancer cells, leading to enhanced anticancer efficacy. This ROS cascade amplifier based on selective coordination bond and inherent pro-oxidation properties of natural ingredients could detect and elevate intracellular ROS signals, potentiating to move the tumor away from its homeostasis and make the tumor vulnerable. Compared to previously reported chemosynthetic pro-oxidants, the ROS self-sufficient system, fully composed of natural medicine, from this study provides a new insight in developing cancer oxidation therapy. © 2021 Elsevier B.V., All rights reserved.","Drug Delivery; Melittin; Oxidation Therapy; Oxidative Stress; Peptidotoxins; Polyphenols; Peptides; Reactive Oxygen Species; Cell Death; Controlled Drug Delivery; Drug Delivery; Esters; Hyaluronic Acid; Molecular Biology; Organic Acids; Oxidants; Oxidation; Oxidative Stress; Peptides; Targeted Drug Delivery; Tumors; Anticancer Properties; Epigallocatechin Gallate; Melittin; Oxidation Properties; Peptidotoxins; Polyphenols; Receptor-mediated Endocytosis; Selective Coordination; Diseases; Nanomaterial; Peptide; Reactive Oxygen Metabolite; Animal; Cell Death; Neoplasm; Oxidation Reduction Reaction; Oxidative Stress; Animals; Cell Death; Nanostructures; Neoplasms; Oxidation-reduction; Oxidative Stress; Reactive Oxygen Species","Cell death; Controlled drug delivery; Drug delivery; Esters; Hyaluronic acid; Molecular biology; Organic acids; Oxidants; Oxidation; Oxidative stress; Peptides; Targeted drug delivery; Tumors; Anticancer properties; Epigallocatechin gallate; Melittin; Oxidation properties; peptidotoxins; Polyphenols; Receptor-mediated endocytosis; Selective coordination; Diseases; nanomaterial; peptide; reactive oxygen metabolite; animal; cell death; neoplasm; oxidation reduction reaction; oxidative stress; Animals; Cell Death; Nanostructures; Neoplasms; Oxidation-Reduction; Oxidative Stress; Reactive Oxygen Species","Article","Final","","Scopus","2-s2.0-85041893647"
"Y., Mutlu, Yaşar; M., Çakan, Murat","Mutlu, Yaşar (56441703900); Çakan, Murat (57150922700)","56441703900; 57150922700","Evaluation of in-pipe turbine performance for turbo solenoid valve system","2018","Engineering Applications of Computational Fluid Mechanics","12","1","","625","634","0","16","10.1080/19942060.2018.1506364","https://www.scopus.com/inward/record.uri?eid=2-s2.0-85063865266&doi=10.1080%2F19942060.2018.1506364&partnerID=40&md5=33afa73e7ce3e33e7ae114cecda08dbb","This study is related to the newly developed and patented turbo solenoid turbine system. In this context, a numerical study was conducted on turbines with Darrieus, Gorlov and Lucid® configurations. As a result of the tests made on turbines with a NACA0018 aerofoil profile, the Lucid® turbine produced the highest moment and also highest pressure loss. Although a 10° twisted aerofoil Gorlov turbine produced 31.3% less moment than the Lucid® turbine, it also caused 51.4% less pressure loss. Also, it was observed that a Darrieus turbine with NACA0021 profile produced 1.5% less moment and 3.3% more pressure loss than a NACA0018 profile and turbine with NACA0015 profile, which produced 9% more moment and 1.4% more pressure loss than NACA0018. On the performance impact studies of the aerofoil twist angle, 20° twisted Gorlov turbines produced 19.1% more moment and 5.5% less pressure loss than a 10° twisted aerofoil turbine. Finally, a 20° twisted Gorlov turbine with NACA0015 aerofoil profile was analyzed. Following the studies, it was observed that the 20° twisted Gorlov turbine with NACA0015 aerofoil profile gave the best result by creating a 49.3% less pressure loss, in spite of only producing 4.7% less moment than the Lucid® turbine. © 2019 Elsevier B.V., All rights reserved.","Cfd; Flow Control; In-pipe Turbine; Process Automation; Self-sufficient System; Solenoid Valve","","Article","Final","All Open Access; Gold Open Access","Scopus","2-s2.0-85063865266"
"D.V., Rudenkin, Dmitry V.","Rudenkin, Dmitry V. (57204317745)","57204317745","Promotion of healthy lifestyle in social media: Potential effects and reality","2018","Proceedings of the European Conference on e-Learning, ECEL","2018-November","","","731","733","0","0","","https://www.scopus.com/inward/record.uri?eid=2-s2.0-85057954389&partnerID=40&md5=9e92a48cbc65402d24f54787a0d79b1a","Using of social media for e-learning in the area healthy lifestyle looks like a very attractive and fresh idea. Social media is widely used by professional trainers and teachers, who are ready to explain and to show basic practices of healthy lifestyle. Besides, social media is very popular among youth. The Internet is not so popular in Russia as it is in the US and Europe. But the recent researches show, that even in our country 90-95% of young people use social media every day. So, it looks like potentially social media can be described as a ready-made tool for e-learning in healthy lifestyle. There is no doubt, that it can be used by teachers and trainers for spreading of information about practices of healthy lifestyle among young people. And there is also no doubt, that such information can be seen by many young users of social media. But do these facts make social media an effective instrument of popularization of healthy lifestyle among users? This question concerns complicated nature of social media. Using the combination of theory of self-referential systems of N. Luman and the dramaturgical analysis of E. Goffman, we can describe social media as an autonomous and self-sufficient system of social interaction, which allows any person to create his own strategy of communication to respond to the requirements of the social system. So, on the one hand, spreading of information about practices of healthy way of life creates special requirements for promotion of a healthy lifestyle, which cannot be simply ignored by ordinary users. However, on the other hand, there is no guarantee, that such requirements stimulate real popularization of healthy lifestyle among users. Users create their own way of communication and they always can respond for these requirements only by fabrication of a healthy lifestyle, not by implementation of real activities. In this paper we present a sociological project, aimed for evaluation of potential effectiveness of using of social media as a tool of e-learning in the area of healthy way of life. The main purpose of our project is to identify possible patterns of popularization of healthy lifestyle in the context of youth interaction in such social media as Facebook; Instagram; YouTube. Our hypothesis is that potentially social media can be used for popularization of healthy lifestyle among young people, but the effect of this popularization is compensated by the presence of a large number of users who only fabricate their healthy lifestyle in social media and do not implement any relevant activities in reality. © 2019 Elsevier B.V., All rights reserved.","Healthy Lifestyle; Internet; Social Media; Youth; E-learning; Internet; Healthy Lifestyles; Large Number Of Users; Potential Effects; Recent Researches; Social Interactions; Social Media; Social Systems; Youth; Social Networking (online)","E-learning; Internet; Healthy lifestyles; Large number of users; Potential effects; Recent researches; Social interactions; Social media; Social systems; Youth; Social networking (online)","Conference paper","Final","","Scopus","2-s2.0-85057954389"
"R., Becker, R.","Becker, R. (57204356435)","57204356435","Preventive Explosion Protection in coal and secondary fuel combustible dust environments: Monitoring and control","2018","Cement International","16","4","","60","67","0","0","","https://www.scopus.com/inward/record.uri?eid=2-s2.0-85055248767&partnerID=40&md5=6f39f7968ef07bd5845077c1e52ceaf5","A preventive explosion protection system can only be effective when it is a total system. The adjustment of the oxygen and carbon monoxide limit concentrations in relation to the process temperature is necessary. The evaluation of the measured values and an alignment with typical trial processes are guaranteed in robecco systems. This makes operating reactions possible, e.g. Sealing of leakages or prevention of a further entry of oxygen into silos, mills and bag filters. A safe switching over of the fuel plant from 'automatic mode' into 'manual mode' during process conditions, like test run, maintenance, revision to avoid accidents must be guaranteed, robecco monitoring and control systems are able to take over self-sufficient system functions in case of failure situations of master systems: The monitoring of all system-relevant functions of the sensor system and the inerting plant with dosing station is necessary. An accurate inert gas dosing regarding effectiveness and environment must be considered. Maintaining of the existing inert gas stock and the future procurement of gas storage must be guaranteed. The functionality of the components has to be supervised, relevant errors or failures must be signalled to alarms. The automatic determination of the maintenance intervals, the maintenance dates and maintenance work of individual components in dependence of the actual working time and operating frequency guarantees operability and with this leads to a safe and productive process. © 2018 Elsevier B.V., All rights reserved.","Carbon Monoxide; Coal Dust; Explosionproofing; Inert Gases; Maintenance; Automatic Determination; Explosion Protection; Explosion Protection System; Individual Components; Maintenance Intervals; Monitoring And Control; Monitoring And Control Systems; Operating Frequency; Monitoring","Carbon monoxide; Coal dust; Explosionproofing; Inert gases; Maintenance; Automatic determination; Explosion protection; Explosion protection system; Individual components; Maintenance intervals; Monitoring and control; Monitoring and control systems; Operating frequency; Monitoring","Article","Final","","Scopus","2-s2.0-85055248767"
"P., Zylka, Pawel; P., Wawrzyniak, Piotr","Zylka, Pawel (6602899669); Wawrzyniak, Piotr (57225349969)","6602899669; 57225349969","Supplying remote measurement systems installed on overhead transmission lines; Zasilanie zdalnych układów pomiarowych instalowanych na napowietrznych liniach przesyłowych","2018","Przeglad Elektrotechniczny","2018","10","","77","80","0","0","10.15199/48.2018.10.18","https://www.scopus.com/inward/record.uri?eid=2-s2.0-85054569636&doi=10.15199%2F48.2018.10.18&partnerID=40&md5=68f8636c9812b7dfebaee0763cd6a0bb","The paper presents a laboratory model of a remote microelectronic sensor devices, supplied by a hybrid electrostatic-piezoelectric energy harvester, accommodated in a coaxial capacitor installed on the overhead transmission line. The system was laboratory-tested using a model of single-phase overhead transmission line up to 60 kV. Developed energy self-sufficient system is part of a global IoT network, suitable for integration with smart power grid IT solutions. © 2018 Elsevier B.V., All rights reserved.","Energy Harvesting; Piezoelectric Transducer; Sensor; Smart Grid","","Article","Final","","Scopus","2-s2.0-85054569636"
"H., Lu, Hongbo; X., Li, Xinyi; W., Zhang, Wei; S., Hu, Shuhong; N., Dai, Ning; Z., Qian, Ziqing; G., Li, Ge","Lu, Hongbo (56351704000); Li, Xinyi (54787885900); Zhang, Wei (59063516800); Hu, Shuhong (7404287319); Dai, Ning (7005754939); Qian, Ziqing (35332807300); Li, Ge (59853971100)","56351704000; 54787885900; 59063516800; 7404287319; 7005754939; 35332807300; 59853971100","Internal polyhedron configuration energy self-sufficient system for sphere mobile platform","2018","Proceedings of SPIE - The International Society for Optical Engineering","10835","","108351P","","","0","0","10.1117/12.2505647","https://www.scopus.com/inward/record.uri?eid=2-s2.0-85053469310&doi=10.1117%2F12.2505647&partnerID=40&md5=05df1a03e5ef9da2cfd25c4d068fd792","Under the requirements of flexible, stealthy and miniaturize, the energy system has become the most critical factor that constraint the performance of smart unmanned equipment. Due to its advantages of convenient movement and strong environmental adaptability, the sphere platform shows broad prospects in military and civilian application. This paper designed an energy self-sufficient sphere platform equipped with intelligence reconnaissance device. The energy module of the device consists of an inscribed polyhedron solar cell array. The high power density energy storage component inside the sphere realizes energy storage and power supply for the signal transmission module. The sphere is equipped with an autonomous mobile unit and a detection unit, activated by outside trigger signal, and can be used in close reconnaissance, short-range detection and strategic destruction. The output power of the prototype machine produced by 3D printing is close to the theoretical result, and it maintained in high value during device rotation, laying the technical foundation for the practical application of this spherical platform. © 2018 Elsevier B.V., All rights reserved.","Energy Self-sufficient; Polyhedron; Solar Cell; Spherical Platform; 3d Printers; Energy Storage; Solar Cells; Energy Self-sufficient; Energy Storage Components; Environmental Adaptability; High Power Density; Polyhedron; Prototype Machine; Signal Transmission; Spherical Platform; Spheres","3D printers; Energy storage; Solar cells; Energy self-sufficient; Energy storage components; Environmental adaptability; High power density; Polyhedron; Prototype machine; Signal transmission; Spherical platform; Spheres","Conference paper","Final","","Scopus","2-s2.0-85053469310"
"M., Kim, Minsoo","Kim, Minsoo (57203262337)","57203262337","A study on the distribution environment and consumer behavior of smartphone","2018","Journal of Distribution Science","16","4","","67","74","0","1","10.15722/JDS.16.4.201804.67","https://www.scopus.com/inward/record.uri?eid=2-s2.0-85051064929&doi=10.15722%2FJDS.16.4.201804.67&partnerID=40&md5=16743e627064ffb2207fd1be03f9368d","Purpose - Most of the amendments to the law on the improvement of the distribution structure of mobile communication terminal equipment, the fully self-sufficient system of terminals, and the separated disclosure system on the terminals are aimed at securing transparency of the distribution structure by eliminating or reducing handset subsidies. This study investigates what items are important for the purchase of mobile phones in various and rapidly changing mobile phone markets from the consumer's point of view and tries to make a strategic suggestion for future mobile distribution strategies. Research design, data, and methodology - The procedure of this study takes place in four steps. In step 1, only the SF type respondents selected for this study were extracted through MBTI analysis. In step 2, they were divided into three hierarchies for the AHP analysis and each element was arranged. In step 3, the AHP analysis was converted to a Fuzzy-AHP number using the trigonometric centroid method. This was to eliminate the ambiguity of the response by converting into a fuzzy number even if data consistency was maintained with CI value below 0.1. In step 4, the number of converted 2-layer and 3-layer was combined to derive the priority when the final handset is selected. Results - First, the highest importance among the four items in the second tier was the terminal function item, followed by brand, price, and design item. Second, in the third tier, the highest importance was level of after-sales service, followed by device price, processing speed, ease of use, usefulness, and rate system. Third, the arithmetic average of the determinant of the fuzzy function showed that processing speed, ease of use and usefulness in the function item, level of after-sales service in the brand item, and device price in the price item were the five most important factors among 16 choice factors. Conclusions - First, there will be a change in the consumption patterns of consumers who have compared distributors and dealers to purchase handsets with more subsidies. Second, it is highly likely that people will purchase new handsets only when they need to change their devices because they can not receive subsidies by switching phone brands any more. © 2018 Elsevier B.V., All rights reserved.","Customer Attitudes; Fuzzy-ahp Analysis; Smartphone Distribution","","Article","Final","All Open Access; Gold Open Access","Scopus","2-s2.0-85051064929"
"F., López-Gallego, Fernando; E., Jackson, Erienne; L., Betancor, Lorena","López-Gallego, Fernando (8554191200); Jackson, Erienne (56583444200); Betancor, Lorena (35554463600)","8554191200; 56583444200; 35554463600","Heterogeneous Systems Biocatalysis: The Path to the Fabrication of Self-Sufficient Artificial Metabolic Cells","2017","Chemistry - A European Journal","23","71","","17841","17849","0","44","10.1002/chem.201703593","https://www.scopus.com/inward/record.uri?eid=2-s2.0-85034781034&doi=10.1002%2Fchem.201703593&partnerID=40&md5=c532ff0ec874f8df3d722dd486d61464","Industrial biocatalysis is playing a key role in the development of the global bio-economy that must change our current productive model to pair the socio-economical development with the preservation of our already harmed planet. The exploitation of isolated multi-enzyme systems and the discovery of novel biocatalytic activities are leading us to manufacture chemicals that were inaccessible through biological routes in the early past. These endeavors have been grouped under the concept of systems biocatalysis. However, by using isolated biological machineries, fundamental features underlying the protein confinement found inside the living cells are missed. To re-gain these properties, such concepts can be expanded to a new concept; heterogeneous systems biocatalysis. This new concept is based on the fabrication of heterogeneous biocatalysts inspired by the spatial organization and compartmentalization that orchestrate metabolic pathways within cells. By assembling biological machineries (including enzymes and cofactors) into artificial solid chassis, one can fabricate self-sufficient and robust cell-free systems able to catalyze orchestrated chemical processes. Furthermore, the confinement of enzymes and and “artificial cofactor” inside solid materials has also attracted our attention because these self-sufficient systems exert de novo and non-natural functionalities. Here, we intend to go beyond immobilization of multi-enzyme systems, discussing only those enzymatic systems that have been co-immobilized with their cofactor or exogenous partners to enhance their cooperative action. In this article, we review the latest architectures developed to fabricate self-sufficient heterogeneous biocatalysts with application in chemical manufacturing, biosensing or energy production. © 2017 Elsevier B.V., All rights reserved.","Biocatalysis; Cofactor; Enzymes; Immobilization; Solid Materials; Laccase; Triacylglycerol Lipase; Coenzymes; Enzymes, Immobilized; Fungal Proteins; Laccase; Lipase; Lipase B, Candida Antarctica; Polymers; Biocatalysts; Catalysis; Cells; Cytology; Enzyme Immobilization; Fabrication; Machinery; Manufacture; Metabolism; Radioactive Waste Vitrification; Biocatalysis; Biocatalytic Activity; Chemical Manufacturing; Cofactors; Economical Development; Heterogeneous Systems; Industrial Biocatalysis; Solid Material; Enzymes; Fungal Protein; Immobilized Enzyme; Laccase; Lipase B, Candida Antarctica; Nanomaterial; Polymer; Triacylglycerol Lipase; Artificial Cell; Biocatalysis; Candida; Chemistry; Coenzyme; Enzymology; Metabolism; Trametes; Artificial Cells; Coenzymes; Enzymes, Immobilized; Fungal Proteins; Laccase; Lipase; Nanostructures; Polymers","Biocatalysts; Catalysis; Cells; Cytology; Enzyme immobilization; Fabrication; Machinery; Manufacture; Metabolism; Radioactive waste vitrification; Biocatalysis; Biocatalytic activity; Chemical manufacturing; Cofactors; Economical development; Heterogeneous systems; Industrial biocatalysis; Solid material; Enzymes; fungal protein; immobilized enzyme; laccase; lipase B, Candida antarctica; nanomaterial; polymer; triacylglycerol lipase; artificial cell; biocatalysis; Candida; chemistry; coenzyme; enzymology; metabolism; Trametes; Artificial Cells; Coenzymes; Enzymes, Immobilized; Fungal Proteins; Laccase; Lipase; Nanostructures; Polymers","Article","Final","","Scopus","2-s2.0-85034781034"
"I.O., Kuznetsova, Irina O.; L.V., Rosliakova, L. V.; V.L., Zakharchuk, V. L.; N.V., Samosudova, Natalia V.","Kuznetsova, Irina O. (57197814632); Rosliakova, L. V. (57197815343); Zakharchuk, V. L. (57197822394); Samosudova, Natalia V. (57194454630)","57197814632; 57197815343; 57197822394; 57194454630","Special aspects for forming the interiors of thai shopping malls through the use of the biological approach","2017","IOP Conference Series: Earth and Environmental Science","90","1","012215","","","0","0","10.1088/1755-1315/90/1/012215","https://www.scopus.com/inward/record.uri?eid=2-s2.0-85035039272&doi=10.1088%2F1755-1315%2F90%2F1%2F012215&partnerID=40&md5=a206c40e85bca3d14bfbde9bd3e55c13","This study reviews the biological approach to Thai shopping mall's interior design planning. The authors defined the principles of the mall's design optimization in Thailand on the basis of the imitation of biological samples at constructive, art-compositional, organizational and ecological levels. The analysis of forming the shopping malls interiors and space-planning solutions is based on the imitation of eight basic levels of organization of living things: molecules, cells, tissues, organs, organisms, populations, ecosystem and biosphere. The examples of the direct and implicit application of biological analogues were demonstrated in the architecture and design of Thai shopping malls. In the study, the shopping mall is regarded as an open self-sufficient system with a high level of autonomy and a fortified structural organization that includes various functional components. On the basis of the analysis of existing Thai shopping malls, a list of the basic requirements for the design of the malls was compiled. This corresponds to the needs and desires of the modern customer and ensures the competitiveness of the establishment. The phenomenon of multisensory design approach that enhances the psychophysical comfort of the shopping mall visitors is described. Socio-cultural and geographical factors were identified which determine the development of biodesign in Thailand. The article reveals the potential for a combination of biology and design to enhance the aesthetics, ergonomics and efficiency of the shopping malls. The prospects within the development of this field and the possibility of applying the solutions in practice were explored. © 2017 Elsevier B.V., All rights reserved.","Architectural Design; Ecology; Energy Management; Ergonomics; Motor Transportation; Biological Approach; Biological Samples; Design Approaches; Design Optimization; Functional Components; Interior Designs; Level Of Autonomies; Structural Organization; Shopping Centers","Architectural design; Ecology; Energy management; Ergonomics; Motor transportation; Biological approach; Biological samples; Design approaches; Design optimization; Functional components; Interior designs; Level of autonomies; Structural organization; Shopping centers","Conference paper","Final","All Open Access; Gold Open Access","Scopus","2-s2.0-85035039272"
"P., Wang, Pengchao; X., Yang, Xinwei; B., Lin, Baixue; J., Huang, Jianzhong; Y., Tao, Yong","Wang, Pengchao (59840058400); Yang, Xinwei (55873466700); Lin, Baixue (55945818000); Huang, Jianzhong (35210198300); Tao, Yong (56493830200)","59840058400; 55873466700; 55945818000; 35210198300; 56493830200","Cofactor self-sufficient whole-cell biocatalysts for the production of 2-phenylethanol","2017","Metabolic Engineering","44","","","143","149","0","79","10.1016/j.ymben.2017.09.013","https://www.scopus.com/inward/record.uri?eid=2-s2.0-85042682755&doi=10.1016%2Fj.ymben.2017.09.013&partnerID=40&md5=79f8f9d86901132cd7cbb5acddb7a919","The efficiency of biocatalysis is often affected by an insufficient supply and regeneration of cofactors and redox equivalents. To alleviate this shortcoming, a cofactor self-sufficient system was developed for enhanced production of 2-phenylethanol (2-PE) in E. coli. A “bridge” between the amino acid and its corresponding alcohol was designed in the system using glutamate dehydrogenase. By coupling glutamate dehydrogenase with transaminase and alcohol dehydrogenase, the cosubstrate (2-oxoglutarate) and redox equivalents (NAD(P)H) were regenerated simultaneously, so that no external cofactor or redox source was required. Thus, a cofactor self-sufficient system was developed, which improved the biocatalyst efficiency 3.8-fold. The ammonium generated in this process was removed using zeolite, which further improved the biosynthetic efficiency and resulted in a cleaner system. To the best of our knowledge, this system yielded the highest titer of 2-PE ever obtained in E. coli. Additionally, the wider applicability of this self-sufficient strategy was demonstrated in the production of D-phenyllactic acid. This study thus offers a new method to resolve the cofactor/redox imbalance problem and demonstrates the feasibility of the cofactor self-sufficient strategy for enhanced production of diverse chemicals. © 2018 Elsevier B.V., All rights reserved.","2-oxoglutarate; 2-phenylethanol; Cofactor; Redox; Self-sufficient; Whole-cell Biocatalyst; Alcohol Dehydrogenase; Aminotransferase; Glutamate Dehydrogenase; Phenethyl Alcohol; Alcohol Dehydrogenase; Coenzymes; Escherichia Coli Proteins; Glutamate Dehydrogenase; Phenylethyl Alcohol; Transaminases; Efficiency; Escherichia Coli; Zeolites; 2-oxoglutarate; 2-phenylethanol; Cofactors; Redox; Self-sufficient; Whole Cell Biocatalysts; Biocatalysts; Alcohol Dehydrogenase; Aminotransferase; Glutamate Dehydrogenase; Phenethyl Alcohol; Zeolite; Escherichia Coli Protein; Article; Bacterial Strain; Bacterium Culture; Biocatalysis; Biosynthesis; Biotransformation; Molecular Cloning; Nonhuman; Priority Journal; Scale Up; Whole Cell; Coenzyme; Genetics; Metabolism; Alcohol Dehydrogenase; Coenzymes; Escherichia Coli Proteins; Glutamate Dehydrogenase; Phenylethyl Alcohol; Transaminases","Efficiency; Escherichia coli; Zeolites; 2-oxoglutarate; 2-phenylethanol; Cofactors; Redox; Self-sufficient; Whole cell biocatalysts; Biocatalysts; alcohol dehydrogenase; aminotransferase; glutamate dehydrogenase; phenethyl alcohol; zeolite; Escherichia coli protein; Article; bacterial strain; bacterium culture; biocatalysis; biosynthesis; biotransformation; molecular cloning; nonhuman; priority journal; scale up; whole cell; coenzyme; genetics; metabolism; Alcohol Dehydrogenase; Coenzymes; Escherichia coli Proteins; Glutamate Dehydrogenase; Phenylethyl Alcohol; Transaminases","Article","Final","","Scopus","2-s2.0-85042682755"
"M., Vallone, Mariangela; G., Aiello, Giuseppe; R., Sciortino, R.; P., Catania, Pietro","Vallone, Mariangela (35369110700); Aiello, Giuseppe (36785734900); Sciortino, R. (56725577800); Catania, Pietro (35368174900)","35369110700; 36785734900; 56725577800; 35368174900","First results of iButton® loggers and infrared camera application inside a greenhouse","2017","Acta Horticulturae","1170","","","283","291","0","2","10.17660/ActaHortic.2017.1170.34","https://www.scopus.com/inward/record.uri?eid=2-s2.0-85029580528&doi=10.17660%2FActaHortic.2017.1170.34&partnerID=40&md5=6c11ab1d53f12f9a73c49b31076c2ca3","Greenhouse microclimate management (temperature, relative humidity) plays a very important role in order to optimize the production process improving pest and disease control, irrigation and energy efficiency. The systems mostly used in Sicily (south Italy) to record the ambient parameters are made up of fixed measuring stations able to give useful information about the climate inside the greenhouse limited to some pre-fixed points. In this study we texted a novel system made up of humidity and temperature data loggers (iButton®) placed inside a greenhouse. The iButton® temperature/humidity logger (DS1923) is a rugged, self-sufficient system that measures temperature and/or humidity and records the result in a protected memory section. The DS1923 is configured and communicates with a host-computing device through the serial 1-Wire® protocol, which requires only a single data lead and a ground return. A total of 8192 8-bit readings or 4096 16-bit readings taken at equidistant intervals ranging from 1 s to 273 hours can be stored. The data loggers reduced dimensions (16.3 mm diameter and 5.9 mm tall) allow to not disturb vegetation in positioning them. In this study, twenty iButton® loggers were uniformly distributed inside the greenhouse also near to the vegetation and gave the opportunity of accurately control the ambient parameters with great flexibility due to the facility in positioning and moving them. Furthermore, the infrared camera FLIR P640 was used to obtain accurate temperature measurements in correspondence with the vegetation. The iButton® data were also overlapped to those obtained by the infrared camera. They together allowed to identify the critical points of the ambient parameters as useful tool for the management of the farming operations inside the greenhouse. © 2017 Elsevier B.V., All rights reserved.","Control; Greenhouse; Ibutton®; Infrared Camera; Temperature","","Conference paper","Final","","Scopus","2-s2.0-85029580528"
"A., Astapova, Anastasiya","Astapova, Anastasiya (55657539400)","55657539400","Rumor, humor, and other forms of election folklore in non-democratic societies: The case of Belarus","2017","Folklore (Estonia)","69","","","15","48","0","5","10.7592/FEJF2017.69.astapova","https://www.scopus.com/inward/record.uri?eid=2-s2.0-85033800153&doi=10.7592%2FFEJF2017.69.astapova&partnerID=40&md5=339b34bc2f49615466f0b31199f6d559","This article focuses on folk expressions on “the election without choice”, as the state elections in authoritarian societies are often labeled. The research is based on the case of Belarus, where the electoral fraud has become a matter of common knowledge both for the Belarusians themselves and outside observers. Yet, even though the independent opinion polls are not exactly as positive for the Belarusian president as the official results of the election, they show that Alexander Lukashenko wins within the self-sufficient system he has created. This hegemony is nurtured, for instance, by various manifestations of the election sham reproduced by Belarusians. At the same time, the election rumors and jokes circulating in the oral communication and on the Internet question the existing hegemony. By means of fieldwork examples I show in this article how the genres of rumors and jokes are interconnected, sometimes to the point of being indiscernible. Rather than looking at the borders of the two genres, I will concentrate on their interplay, intertextual bridges between them, the ideologies they share, and new directions for understanding the non-verifiable folklore they provide. © 2017 Elsevier B.V., All rights reserved.","Belarus; Election Folklore; Election Fraud; Genres; Humor; Intertextuality; Jokes; Rumors","","Article","Final","All Open Access; Gold Open Access","Scopus","2-s2.0-85033800153"
"R., Bayindir, Ramazan; I., Çolak, Ilhami; G., Fulli, Gianluca; K., Demirtas, Kenan","Bayindir, Ramazan (6506084880); Çolak, Ilhami (6602990030); Fulli, Gianluca (55924499600); Demirtas, Kenan (55923911200)","6506084880; 6602990030; 55924499600; 55923911200","Smart grid technologies and applications","2016","Renewable and Sustainable Energy Reviews","66","","","499","516","0","240","10.1016/j.rser.2016.08.002","https://www.scopus.com/inward/record.uri?eid=2-s2.0-84983430437&doi=10.1016%2Fj.rser.2016.08.002&partnerID=40&md5=64d6a497477a6e08d5a369a8cdc21b10","Smart grid technologies can be defined as self-sufficient systems that can find solutions to problems quickly in an available system that reduces the workforce and targets sustainable, reliable, safe and quality electricity to all consumers. In this respect, different technological applications can be seen from the perspective of researchers and investors. Even though these technological application studies constitute an initial step for the structure of the smart grid, they have not been fully completed in many countries. Associations of initial studies for the next step in smart grid applications will provide an economic benefit for the authorities in the long term, and will help to establish standards to be compatible with every application so that all smart grid applications can be coordinated under the control of the same authorities. In this study, a review has been made of technological methods of data transmission and the energy efficiency in smart grids as well as smart grid applications. Therefore, this study is expected to be an important guiding source for researchers and engineers studying the smart grid. It also helps transmission and distribution system operators to follow the right path as they are transforming their classical grids to smart grids. © 2023 Elsevier B.V., All rights reserved.","Energy Efficiency; Self-sufficient Systems; Smart Grid; Structure Of The Smart Grid; Electric Power Transmission Networks; Smart Power Grids; Application Studies; Economic Benefits; Self-sufficient System; Smart Grid; Smart Grid Applications; Smart Grid Technologies; Structure Of The Smart Grid; Technological Applications; Technologies And Applications; Energy Efficiency","Electric power transmission networks; Smart power grids; Application studies; Economic benefits; Self-sufficient system; Smart grid; Smart grid applications; Smart Grid technologies; Structure of the smart grid; Technological applications; Technologies and applications; Energy efficiency","Letter","Final","","Scopus","2-s2.0-84983430437"
"T., Tomono, Takao","Tomono, Takao (7003875860)","7003875860","Design consideration of sustainable self-sufficient energy system using ferroelectric material for wearable healthcare","2016","International Journal of Energy Research","40","15","","2176","2186","0","3","10.1002/er.3578","https://www.scopus.com/inward/record.uri?eid=2-s2.0-84976902821&doi=10.1002%2Fer.3578&partnerID=40&md5=df924400f791b86100277449cec82c30","Design of the sustainable self-sufficient energy generator and storage devices using ferroelectric material were considered for wearable healthcare device. Recently, personal health-monitoring system is expected to be one of the most important and attractive applications of wearable electronics. It becomes more important for us to develop power generator and storage devices used in monitoring our health condition status on an aging society. The power generator and storage devices are desirable to be embedded into clothes or textile intangibly. In this paper, button type solar cell for power generator and film capacitor on fiber for power storage were considered by using ferroelectric material. The target power consumption for wearable healthcare device is more than 3.6 mW for communication means and sensing ECG, SpO<inf>2</inf>, temperature, heart rate, and blood pressure that were essential for our health condition monitoring. The target capacity of power storage is more than 150 mAh for 5 days' operation. Clothes are thought to be suitable for embedding sufficient energy system. One proposed circuit that consists of solar cell and film capacitor is considered. The button type solar cell of the four pieces of 20 mm diameter and the film capacitor on fiber are proposed as power generator and storage. The proposed circuit will make it possible to use the healthcare devices more than 5 days without sunshine when we put on clothes of more than 160 g such as thin coat or outerwear. Moreover, the proposed circuit will make it possible to use the devices more than 30 days without sunshine when we put on clothes of more than 960 g such as thick coat or outerwear. As we don't forget to put on clothes that embedded the self-sufficient energy system, the self-sufficient system will become useful for sustainable society in the future. Copyright © 2016 John Wiley & Sons, Ltd. © 2017 Elsevier B.V., All rights reserved.","Capacitor; Ferroelectric Material; Fiber; Personal Healthcare; Solar Cell; Blood Pressure; Capacitors; Condition Monitoring; Copyrights; Ferroelectricity; Fibers; Health; Health Care; Reconfigurable Hardware; Solar Cells; Storage (materials); Virtual Storage; Wearable Technology; Aging Societies; Design Considerations; Energy Systems; Film Capacitors; Health Condition; Personal Health; Personal Health Care; Sustainable Society; Ferroelectric Materials","Blood pressure; Capacitors; Condition monitoring; Copyrights; Ferroelectricity; Fibers; Health; Health care; Reconfigurable hardware; Solar cells; Storage (materials); Virtual storage; Wearable technology; Aging societies; Design considerations; Energy systems; Film capacitors; Health condition; Personal health; Personal health care; Sustainable society; Ferroelectric materials","Article","Final","","Scopus","2-s2.0-84976902821"
"F., Gao, Fen; H., Ding, Haitao; X., Xu, Xiaohong; Y., Zhao, Yuhua","Gao, Fen (55831754700); Ding, Haitao (48662052000); Xu, Xiaohong (55832419900); Zhao, Yuhua (55726077500)","55831754700; 48662052000; 55832419900; 55726077500","A self-sufficient system for removal of synthetic dye by coupling of spore-displayed triphenylmethane reductase and glucose 1-dehydrogenase","2016","Environmental Science and Pollution Research","23","21","","21319","21326","0","12","10.1007/s11356-016-7330-9","https://www.scopus.com/inward/record.uri?eid=2-s2.0-84981194164&doi=10.1007%2Fs11356-016-7330-9&partnerID=40&md5=09bb4263ae0bef297ce46bae1528f135","Biodegradation of triphenylmethane dyes by microorganisms is hampered by the transport barrier imposed by cell membranes. On the other hand, cell-free systems using enzyme-based biodegradation strategy are costly. Therefore, an efficient and inexpensive approach circumventing these problems is highly desirable. Here, we constructed a self-sufficient system for synthetic dye removal by coupling of spore surface-displayed triphenylmethane reductase (TMR) and glucose 1-dehydrogenase (GDH) for the first time. Display of both TMR and GDH significantly enhanced their stability under conditions of extreme pH and temperature. These engineered spores also exhibited more robust long-term stability than their purified counterparts. Furthermore, we observed that a high ratio of spore-displayed GDH is necessary for high dye degradation efficiency. These results indicate that this continuous dye removal system with cofactor regeneration offers a promising solution for dye biodegradation applications. © 2016 Elsevier B.V., All rights reserved.","Bacillus Subtilis; Biodegradation; Cofactor Regeneration; Glucose 1-dehydrogenase (gdh); Spore Surface Display (ssd); Triphenylmethane Dye; Triphenylmethane Reductase (tmr); Glucose Dehydrogenase; Oxidoreductase; Triphenylmethane; Coloring Agents; Environmental Pollutants; Glucose 1-dehydrogenase; Oxidoreductases; Triphenylmethane; Trityl Compounds; Bacterium; Biodegradation; Cells And Cell Components; Dye; Enzyme; Enzyme Activity; Glucose; Pollutant Removal; Regeneration; Bacillus Subtilis; Coloring Agent; Glucose Dehydrogenase; Oxidoreductase; Pollutant; Triphenylmethane; Trityl Derivative; Bacterial Spore; Bioremediation; Isolation And Purification; Metabolism; Temperature; Biodegradation, Environmental; Coloring Agents; Environmental Pollutants; Glucose 1-dehydrogenase; Oxidoreductases; Spores, Bacterial; Temperature; Trityl Compounds","bacterium; biodegradation; cells and cell components; dye; enzyme; enzyme activity; glucose; pollutant removal; regeneration; Bacillus subtilis; coloring agent; glucose dehydrogenase; oxidoreductase; pollutant; triphenylmethane; trityl derivative; bacterial spore; bioremediation; isolation and purification; metabolism; temperature; Biodegradation, Environmental; Coloring Agents; Environmental Pollutants; Glucose 1-Dehydrogenase; Oxidoreductases; Spores, Bacterial; Temperature; Trityl Compounds","Article","Final","","Scopus","2-s2.0-84981194164"
"I., Çolak, Ilhami","Çolak, Ilhami (6602990030)","6602990030","Introduction to smart grid","2016","","","","7548265","","","0","50","10.1109/ISGWCP.2016.7548265","https://www.scopus.com/inward/record.uri?eid=2-s2.0-84988405291&doi=10.1109%2FISGWCP.2016.7548265&partnerID=40&md5=24a8646c46601d92a9425e8c30dd68b0","Smart grid can be defined as self-sufficient systems, which allows integration of any type and any scale generation sources to the grid that reduces the workforce targeting sustainable, reliable, safe and quality electricity to all consumers. Associations of initial studies for the next step in smart grid applications will provide an economical benefit for the authorities in the long term, and will help to establish standards to be compatible with every application. So that all smart grid applications can be coordinated under the control of same authorities. Even though these technological application studies constitute an initial step for the structure of the smart grid, they have not been fully accomplished in many countries. In this study, the introduction to smart grids is given as an overview. © 2017 Elsevier B.V., All rights reserved.","Distributed Energy Resources; Powergrid; Renewable Energy; Smartgrid; Electric Power Transmission Networks; Energy Resources; Distributed Energy Resources; Economical Benefits; Power Grids; Renewable Energies; Smart Grid; Smart Grid Applications; Technological Applications; Smart Power Grids","Electric power transmission networks; Energy resources; Distributed Energy Resources; Economical benefits; Power grids; Renewable energies; Smart grid; Smart grid applications; Technological applications; Smart power grids","Conference paper","Final","","Scopus","2-s2.0-84988405291"
"E., Uhlmann, Eckart; S., Salein, Sebastian","Uhlmann, Eckart (7006700765); Salein, Sebastian (57194146106)","7006700765; 57194146106","Concepts of self-sufficient cooling systems for linear direct drives; Konzepte zur energieautarken Kühlung von Lineardirektantrieben","2016","ZWF Zeitschrift fuer Wirtschaftlichen Fabrikbetrieb","111","7-8","","411","415","0","5","10.3139/104.111562","https://www.scopus.com/inward/record.uri?eid=2-s2.0-85018938052&doi=10.3139%2F104.111562&partnerID=40&md5=2cd9cb0af6b0e796e957af91ccfcc059","In addition to accuracy, dynamic, flexibility and productivity there is a growing importance of energy consumption in the design process of machine tools. Due to this, the research objective of the Institute for Machine Tools and Factory Management (IWF) of the Technische Universität Berlin is to improve the energy efficiency of high dynamic machine tools with linear direct drives. The suggested approach employs a concept for the recuperation of the thermal loss in linear motors. Thermoelectric generators (TEGs) are placed in the heat flow to convert the heat into electricity which is supplied to the cooling system of the device. In this paper concepts of self-cooling and thereby self-sufficient systems are presented. © 2017 Elsevier B.V., All rights reserved.","Cooling; Energy Efficiency; Energy Utilization; Linear Motors; Machine Tools; Plant Shutdowns; Production Control; Thermoelectric Equipment; Design Process; Direct Drive; High Dynamic; Research Objectives; Self-cooling; Thermal Loss; Thermoelectric Generators; Cooling Systems","Cooling; Energy efficiency; Energy utilization; Linear motors; Machine tools; Plant shutdowns; Production control; Thermoelectric equipment; Design process; Direct drive; High dynamic; Research objectives; Self-cooling; Thermal loss; Thermoelectric generators; Cooling systems","Article","Final","","Scopus","2-s2.0-85018938052"
"K.M.R., Haque, Karima M.Ragibul; M.R., Khan, Mahmudur Rahman; N., Nowrin, Narisha; H.U., Zaman, Hasan U.","Haque, Karima M.Ragibul (57190860491); Khan, Mahmudur Rahman (57188756999); Nowrin, Narisha (57190854730); Zaman, Hasan U. (57188762911)","57190860491; 57188756999; 57190854730; 57188762911","Smart street lights using piezoelectric materials","2016","","","","7522506","","","0","6","10.1109/MicroCom.2016.7522506","https://www.scopus.com/inward/record.uri?eid=2-s2.0-84983517962&doi=10.1109%2FMicroCom.2016.7522506&partnerID=40&md5=b1311ea8de9eb0f61bc11c2398c8f4a1","This paper describes the design of a self-sufficient system for lighting street lights using piezoelectric renewable energy source. In modern times, renewable energy sources are more desirable because of the lack of more direct sources of energy. In this project, we make use of piezoelectric materials to generate practically usable electricity from wasted mechanical energy. Piezoelectric harvesters are becoming increasingly popular because the produced piezoelectricity now can supply up to 10-100's of W of available power. In this paper, we describe the use of full-wave bridge rectifiers to improve the power extraction capability from piezoelectric harvesters and the further steps required to provide sufficient energy to light up smart street lights. © 2017 Elsevier B.V., All rights reserved.","Arduino Microcontroller; Full Wave Bridge Rectifier; Piezoelectric Materials; Supercapacitors; Bridge Circuits; Crystallography; Electric Rectifiers; Harvesters; Microelectronics; Natural Resources; Piezoelectric Materials; Rectifying Circuits; Renewable Energy Resources; Available Power; Full Wave Bridge Rectifiers; Mechanical Energies; Piezoelectric Harvester; Power Extraction; Renewable Energy Source; Sources Of Energy; Super Capacitor; Piezoelectricity","Bridge circuits; Crystallography; Electric rectifiers; Harvesters; Microelectronics; Natural resources; Piezoelectric materials; Rectifying circuits; Renewable energy resources; Available power; Full wave bridge rectifiers; Mechanical energies; Piezoelectric harvester; Power extraction; Renewable energy source; Sources of energy; Super capacitor; Piezoelectricity","Conference paper","Final","","Scopus","2-s2.0-84983517962"
"Q., Yang, Qing-Yu; Z., Tan, Zhengan; D., An, Dou; W., Yu, Wei; X., Yang, Xinyu","Yang, Qing-Yu (36731735900); Tan, Zhengan (57189759402); An, Dou (55838522700); Yu, Wei (34973528100); Yang, Xinyu (55683797600)","36731735900; 57189759402; 55838522700; 34973528100; 55683797600","On optimal electric vehicles penetration in a novel Archipelago microgrids","2016","","","","7515921","331","336","0","3","10.1109/SNPD.2016.7515921","https://www.scopus.com/inward/record.uri?eid=2-s2.0-84983268802&doi=10.1109%2FSNPD.2016.7515921&partnerID=40&md5=51911e732cc11dc498a4afd828ee6fd1","Islanded Microgrids (IMG) have attracted much attention in the research and development of the smart grid, which is a large-scale distributed cyber-physical system. To overcome the limitations of the single IMG on energy efficiency and economic, In this paper, we first proposed a novel self-sufficient system, namely Archipelago microgrid (MG), which is comprised of multi-microgrids while disconnected with the utility grid. We formalized the EV (electric vehicle) penetration problem as an optimization mixed integer nonlinear programming, which aims to minimize the emission and operation cost in the system. To enable a reasonable deployment of EV in each MGs, we developed two scheduling schemes, namely Unlimited Coordinated Scheme (UCS) and Limited Coordinated Scheme (LCS), respectively. A decentralized algorithm was also developed to solve the optimization model in LCS. A simulation study based on an modified IEEE-9 bus system with three MGs show that our proposed schemes can reduce both the environmental pollution created by CO2 emission and operation cost. Especially, with the consideration of peak load limits and resident preferences, the LCS scheme can obtain better results than the UCS scheme, leading to the reduction of the environmental pollution by 15.2% raised by CO2 emission, as well as the total cost by 10.8% in the system. © 2017 Elsevier B.V., All rights reserved.","Archipelago Microgrid; Electric Vehicles (evs); Penetration; Scheduling; Smart Grid; Artificial Intelligence; Carbon Dioxide; Cost Reduction; Costs; Electric Power Transmission Networks; Electric Vehicles; Embedded Systems; Energy Efficiency; Integer Programming; Nonlinear Programming; Operating Costs; Optimization; Pollution; Scheduling; Software Engineering; Vehicles; Cyber Physical Systems (cpss); Electric Vehicles (evs); Environmental Pollutions; Micro Grid; Mixed-integer Nonlinear Programming; Penetration; Research And Development; Smart Grid; Smart Power Grids","Artificial intelligence; Carbon dioxide; Cost reduction; Costs; Electric power transmission networks; Electric vehicles; Embedded systems; Energy efficiency; Integer programming; Nonlinear programming; Operating costs; Optimization; Pollution; Scheduling; Software engineering; Vehicles; Cyber physical systems (CPSs); Electric Vehicles (EVs); Environmental pollutions; Micro grid; Mixed-integer nonlinear programming; Penetration; Research and development; Smart grid; Smart power grids","Conference paper","Final","","Scopus","2-s2.0-84983268802"
"W., Sun, Wen; L., Wang, Lida; T., Wu, Tingting; T., Zhu, Tianzhen; H., Xie, Hongbin; Y., Pan, Yanqiu; G., Liu, Guichang","Sun, Wen (55586794600); Wang, Lida (35738111600); Wu, Tingting (55455640400); Zhu, Tianzhen (57002048800); Xie, Hongbin (52864886400); Pan, Yanqiu (14047377900); Liu, Guichang (35280459300)","55586794600; 35738111600; 55455640400; 57002048800; 52864886400; 14047377900; 35280459300","A Catalyst-Based Self-Sufficient System with Durable Self-Healing Functionality","2016","Advanced Engineering Materials","18","6","","923","931","0","13","10.1002/adem.201500494","https://www.scopus.com/inward/record.uri?eid=2-s2.0-84950261374&doi=10.1002%2Fadem.201500494&partnerID=40&md5=e15fbc3de6b89b9722dec851309886b7","A novel self-sufficient self-healing system for metal protection is demonstrated in this work. The system is sustainable and can provide effective and durative protection for metal through autonomously healing the protective layer on metal surface while without adding any additional consumable reagents or external powers. As the system is fabricated on the basis of stable oxygen reduction reaction catalyst, the self-healing process can be repeated many times. Furthermore, the combination of catalyst-induced repeatable self-healing of metal passivation and serviceability of polymers makes this system ideal for intelligent metal protection. © 2016 Elsevier B.V., All rights reserved.","Catalysts; Electrolytic Reduction; Durative; Metal Protections; Metal Surfaces; Oxygen Reduction Reaction; Protective Layers; Self-healing; Self-healing Process; Self-healing Systems; Metals","Catalysts; Electrolytic reduction; Durative; Metal protections; Metal surfaces; Oxygen reduction reaction; Protective layers; Self-healing; Self-healing process; Self-healing systems; Metals","Article","Final","","Scopus","2-s2.0-84950261374"
"S., Rödel, S.; T., Krätzig, Thomas; L., Meyer, L.","Rödel, S. (57189695972); Krätzig, Thomas (57189696805); Meyer, L. (58428063300)","57189695972; 57189696805; 58428063300","Testing and developing energy harvester systems for operation of energy-self-sufficient measurement and control units in drinking water supply","2016","Water Supply","16","2","","263","273","0","3","10.2166/ws.2015.132","https://www.scopus.com/inward/record.uri?eid=2-s2.0-84974711058&doi=10.2166%2Fws.2015.132&partnerID=40&md5=013ab287ce371eebba172969216b1c8f","In recent years, wireless measurement and control units have become more popular for monitoring water distribution systems in the drinking water supply. Electric power supply for a higher number of devices through fixed connections to the public electrical grid is technically complex and requires large investments. Powering monitoring devices, which are installed in areas where electrical power supply is lacking, is difficult and considerably increases personnel and operational costs due to frequent battery changes. In such cases, harvesting energy from the water distribution systems or the environment would be an attractive option. In this work, an energy-self-sufficient system has been developed to solve these problems. The system transforms, by use of an energy harvester, the kinetic and hydraulic energy of water flow in a pipeline to electrical energy, stores this energy, and uses it via a micro-controller unit for measurements and wireless data transmission to a central server. © 2017 Elsevier B.V., All rights reserved.","Energy Harvesting; Energy Self-sufficient; Hydraulic Energy; Water Distribution Networks; Complex Networks; Electric Power Systems; Energy Harvesting; Flow Of Water; Investments; Potable Water; Water; Water Supply; Water Supply Systems; Electrical Power Supply; Energy Self-sufficient; Hydraulic Energy; Measurement And Control; Micro Controller Units; Water Distribution Networks; Wireless Data Transmission; Wireless Measurements; Water Distribution Systems; Drinking Water; Electrical Power; Energy Balance; Environmental Monitoring; Equipment; Measurement Method; Operations Technology; Pipeline; Testing Method; Water Flow; Water Supply; Article; Controlled Study; Energy; Energy Consumption; Energy Yield","Complex networks; Electric power systems; Energy harvesting; Flow of water; Investments; Potable water; Water; Water supply; Water supply systems; Electrical power supply; Energy self-sufficient; Hydraulic energy; Measurement and control; Micro controller units; Water distribution networks; Wireless data transmission; Wireless measurements; Water distribution systems; drinking water; electrical power; energy balance; environmental monitoring; equipment; measurement method; operations technology; pipeline; testing method; water flow; water supply; Article; controlled study; energy; energy consumption; energy yield","Article","Final","","Scopus","2-s2.0-84974711058"
"X., Liu, Xuezhi; J., Wu, Jianzhong; N.P., Jenkins, Nick P.; A., Bagdanavicius, Audrius","Liu, Xuezhi (55874495200); Wu, Jianzhong (55713564500); Jenkins, Nick P. (57203175201); Bagdanavicius, Audrius (35730106000)","55874495200; 55713564500; 57203175201; 35730106000","Combined analysis of electricity and heat networks","2016","Applied Energy","162","","","1238","1250","0","722","10.1016/j.apenergy.2015.01.102","https://www.scopus.com/inward/record.uri?eid=2-s2.0-84924706549&doi=10.1016%2Fj.apenergy.2015.01.102&partnerID=40&md5=cbcd9cefaf94638b2626ed6e557d8aa2","Energy supply systems are usually considered as individual sub-systems with separate energy vectors. However, the use of Combined Heat and Power (CHP) units, heat pumps and electric boilers creates linkages between electricity and heat networks. Two combined analysis methods were developed to investigate the performance of electricity and heat networks as an integrated whole. These two methods were the decomposed and integrated electrical-hydraulic-thermal calculation techniques in the forms of power flow and simple optimal dispatch. Both methods were based on models of the electrical network, hydraulic and thermal circuits, and the coupling components, focusing on CHP units and circulation pumps. A case study of Barry Island electricity and district heating networks was conducted, showing how both electrical and heat demand in a self-sufficient system (no interconnection with external systems) were met using CHP units. The comparison showed that the integrated method requires less iteration than the decomposed method. © 2017 Elsevier B.V., All rights reserved.","Combined Analysis; Combined Heat And Power (chp); District Heating; Energy Supply Networks; Power Flow; District Heating; Electric Lines; Energy Resources; Networks (circuits); Combined Analysis; Combined Heat And Power; Combined Heat And Power Units; District Heating Networks; Electrical Networks; Energy Supply Networks; Energy Supply System; Power Flows; Iterative Methods; Analytical Method; Electrical Power; Electricity; Electricity Supply; Electronic Equipment; Heat Production; Heating; Hydraulics; United Kingdom; Vale Of Glamorgan; Wales; Chandipura Virus","District heating; Electric lines; Energy resources; Networks (circuits); Combined analysis; Combined heat and power; Combined heat and power units; District heating networks; Electrical networks; Energy supply networks; Energy supply system; Power flows; Iterative methods; analytical method; electrical power; electricity; electricity supply; electronic equipment; heat production; heating; hydraulics; United Kingdom; Vale of Glamorgan; Wales; Chandipura virus","Article","Final","All Open Access; Green Accepted Open Access; Green Open Access; Hybrid Gold Open Access","Scopus","2-s2.0-84924706549"
"J., Zahour, Jiri; J., Křivka, Jindřich; K., Kosturik, Kamil; S., Fredholm, Sten","Zahour, Jiri (56043484900); Křivka, Jindřich (56042992000); Kosturik, Kamil (16047510100); Fredholm, Sten (57216734551)","56043484900; 56042992000; 16047510100; 57216734551","Self-sufficient system for NOx reduction","2016","","","","7377550","646","649","0","0","10.1109/TELFOR.2015.7377550","https://www.scopus.com/inward/record.uri?eid=2-s2.0-84964533657&doi=10.1109%2FTELFOR.2015.7377550&partnerID=40&md5=c3b2b5a6850264200086ba22318ffdbe","This paper describes a SCR system which is being developed for using with the diesel engines. Unlike the commercial products this system has not to be connected with the electrical control units or sensors of the target engine. It means the system is not dependent on the vehicle type. The goal of this project is to develop a self-sufficient system for the reduction of nitrogen oxides. This feature enables using the same system in wide range of projects, including retrofitting. It also describes whole hardware principle and the interconnection between modules. Additionally the basic behavior of the catalytic convertor is described and demonstrated by the results of several tests on the test bench. © 2019 Elsevier B.V., All rights reserved.","Diesel Engine; Exhaust System; Nox Measuring; Scr; Diesel Engines; Nitrogen Oxides; Thyristors; Catalytic Convertors; Commercial Products; Electrical Control Units; Nox Measuring; Nox Reduction; Scr Systems; Test Benches; Vehicle Types; Exhaust Systems (engine)","Diesel engines; Nitrogen oxides; Thyristors; Catalytic convertors; Commercial products; Electrical control units; NOx measuring; Nox reduction; SCR systems; Test benches; Vehicle types; Exhaust systems (engine)","Conference paper","Final","","Scopus","2-s2.0-84964533657"
"C., Dominte, Carmen","Dominte, Carmen (57203513794)","57203513794","The invisible city as possible world","2016","University of Bucharest Review: Literary and Cultural Studies Series","6","2","","152","166","0","0","","https://www.scopus.com/inward/record.uri?eid=2-s2.0-85052011734&partnerID=40&md5=ae7526a3d4e9b49dacb025caf201107d","The invisible cities represent the urban spaces built upon the individuals’ memory and imagination. Placed in the field of arts, the invisible city becomes an act of creation rather than discovery, involving both the creator and the receiver. It is not reality that generates this city but imagination. As a polymorphic form, the invisible city does not exist in itself but needs to be revealed in the process of artistic creation and reception. Being defined as the artist’s subjective and selective views upon an alternative space, the invisible city appears not only as an imaginary but also as an intentional state. The artist and the receptor are connected through the artistic representation of the invisible city. Italo Calvino’s Invisible Cities, Piet Mondrian’s Broadway Boogie Woogie and Wim Wender’s Wings of Desire are only three examples of invisible cities becoming possible worlds on the basis of representational space theory. The study intends to apply the concept of possible world on the artistic representations of the invisible city as a mental product of literature, painting and cinematography in order to define it as a self-sufficient system of structures and relations, meant to create other possible worlds in the same artistic field or linking one art to another. © 2024 Elsevier B.V., All rights reserved.","Cinematography; Invisible City; Literature; Painting; Possible World","","Article","Final","","Scopus","2-s2.0-85052011734"
"M., Taghavi, Majid; A., Stinchcombe, Andrew; J., Greenman, John; V., Mattoli, Virgilio; L., Beccai, Lucia; B., Mazzolai, Barbara; C., Melhuish, Chris; I.A., Ieropoulos, Ioannis A.","Taghavi, Majid (55807930000); Stinchcombe, Andrew (55572654100); Greenman, John (57203050763); Mattoli, Virgilio (9844469700); Beccai, Lucia (8891416700); Mazzolai, Barbara (6507602081); Melhuish, Chris (55031651100); Ieropoulos, Ioannis A. (55880836000)","55807930000; 55572654100; 57203050763; 9844469700; 8891416700; 6507602081; 55031651100; 55880836000","Self sufficient wireless transmitter powered by foot-pumped urine operating wearable MFC","2015","Bioinspiration and Biomimetics","11","1","016001","","","0","28","10.1088/1748-3190/11/1/016001","https://www.scopus.com/inward/record.uri?eid=2-s2.0-84957999079&doi=10.1088%2F1748-3190%2F11%2F1%2F016001&partnerID=40&md5=6ac49ef7a38de5a2f1f1c26caefb41bb","The first self-sufficient system, powered by a wearable energy generator based on microbial fuel cell (MFC) technology is introduced. MFCs made from compliant material were developed in the frame of a pair of socks, which was fed by urine via a manual gaiting pump. The simple and single loop cardiovascular fish circulatory system was used as the inspiration for the design of the manual pump. A wireless programmable communication module, engineered to operate within the range of the generated electricity, was employed, which opens a new avenue for research in the utilisation of waste products for powering portable as well as wearable electronics. © 2016 Elsevier B.V., All rights reserved.","Foot Pump; Microbial Fuel Cell; Urine; Wearable; Wireless Transmitter; Body Fluids; Cardiovascular System; Fuel Cells; Microbial Fuel Cells; Pumps; Transmitters; Circulatory Systems; Communication Modules; Compliant Materials; Single Loop; Urine; Waste Products; Wearable; Wireless Transmitter; Wearable Technology; Animal; Bioenergy; Biomimetics; Chemistry; Clothing; Device Failure Analysis; Devices; Equipment Design; Fish; Flow Kinetics; Human; Microelectromechanical System; Physiology; Wireless Communication; Animals; Bioelectric Energy Sources; Biomimetics; Clothing; Equipment Design; Equipment Failure Analysis; Fishes; Humans; Micro-electrical-mechanical Systems; Rheology; Urine; Wireless Technology","Body fluids; Cardiovascular system; Fuel cells; Microbial fuel cells; Pumps; Transmitters; Circulatory systems; Communication modules; Compliant materials; Single loop; urine; Waste products; wearable; Wireless transmitter; Wearable technology; animal; bioenergy; biomimetics; chemistry; clothing; device failure analysis; devices; equipment design; fish; flow kinetics; human; microelectromechanical system; physiology; wireless communication; Animals; Bioelectric Energy Sources; Biomimetics; Clothing; Equipment Design; Equipment Failure Analysis; Fishes; Humans; Micro-Electrical-Mechanical Systems; Rheology; Urine; Wireless Technology","Article","Final","All Open Access; Green Accepted Open Access; Green Open Access","Scopus","2-s2.0-84957999079"
"L., Randall, Leisa; S., Turner, Susannah; L., McLafferty, Lyn","Randall, Leisa (7101999233); Turner, Susannah (39362826700); McLafferty, Lyn (57196197482)","7101999233; 39362826700; 57196197482","A colourful dot on a dreary economic canvas: Building capacity for innovation in schools through the Coach Consult Programme","2015","Educational and Child Psychology","32","4","","69","80","0","2","10.53841/bpsecp.2015.32.4.69","https://www.scopus.com/inward/record.uri?eid=2-s2.0-85032210462&doi=10.53841%2Fbpsecp.2015.32.4.69&partnerID=40&md5=672c953c34bdd8421c2690adcd2c9b2c","Aim: This paper demonstrates that Educational Psychologists (EPs) are well placed to support the objectives of local authority Education/Childrens' Services in bringing about sustainable, embedded and cost effective systemic change in schools. Method: An innovative method to promoting self-sufficient systemic change owned by school staff is the Coach Consult Programme, described by Balchin et al. (2006). This approach has been used by a Scottish local authority Educational Psychology Service (EPS) since 2002 to train teachers as Project Managers (PMs) to design, deliver, evaluate and disseminate their own tailor-made school projects. Findings: Early results indicated that the Coach Consult Programme was effective in delivering change and had a positive impact on pupils, staff and at the whole school level. Long-term data demonstrated that it is highly effective as a method of professional development and that project management skills developed throughout the training were transferable to other problem areas within the school. There is also evidence that the impact of the projects was sustained in many schools. This demonstrates value for money as a method of continuing professional development, and also effective use of EPs' time. Limitations: The model has adapted and evolved in response to changing priorities with the drive to improve continually in response to feedback. The original evaluation framework was modified, and the process altered depending on the sector taking part, and also the EPs delivering the course. The evaluation was carried out by participants themselves and therefore may be subject to confirmation bias. Conclusions: The impact, value and cost effectiveness of the Programme has been realised by Education/Childrens' Service Managers and EPSs. This model of project management training is now taking root in other local authorities in Scotland and England. © 2024 Elsevier B.V., All rights reserved.","Action Research; Practitioner-led Systemic Change; Practitioner-researchers; Professional Development; School Improvement","","Review","Final","","Scopus","2-s2.0-85032210462"
"A., Naji, Ammar; M.C., Galetz, M. Christian; M., Schuẗze, Michael","Naji, Ammar (55213546500); Galetz, M. Christian (16315559300); Schuẗze, Michael (7005510255)","55213546500; 16315559300; 7005510255","Improvements in the thermodynamic and kinetic considerations on the coating design for diffusion coatings formed via pack cementation","2015","Materials and Corrosion","66","9","","863","868","0","15","10.1002/maco.201407810","https://www.scopus.com/inward/record.uri?eid=2-s2.0-84940796425&doi=10.1002%2Fmaco.201407810&partnerID=40&md5=551eb43b4c4989d010658ce73056f97a","An enhanced coating design model for the pack cementation process was applied in order to acquire the appropriate process parameters, which lead to the formation of optimized aluminide coatings. This coating design model was derived from former considerations, which were based on austenitic AISI 321 steel. Due to further developments in the thermodynamic and kinetic approach of the underlying model, which include the incorporation of thermodynamic calculations for the considered Fe-Al and Ni-Al intermetallic systems and a new analysis method of their diffusion properties, the Al activities within the intermetallic phases, the pre-factor of the diffusion coefficient D<inf>0</inf> and the activation energy E<inf>A</inf> can be determined. Based on new considerations, the coating design model is a self-sufficient system, in which the thermodynamic and kinetic values determined showed good agreement with literature values. © 2021 Elsevier B.V., All rights reserved.","Activation Analysis; Activation Energy; Aluminum Alloys; Aluminum Coated Steel; Austenitic Stainless Steel; Binary Alloys; Cementing (shafts); Diffusion; Intermetallics; Kinetics; Diffusion Properties; Further Development; Intermetallic Phasis; Ni-al Intermetallics; Pack Cementation Process; Process Parameters; Thermodynamic And Kinetic Considerations; Thermodynamic Calculations; Diffusion Coatings","Activation analysis; Activation energy; Aluminum alloys; Aluminum coated steel; Austenitic stainless steel; Binary alloys; Cementing (shafts); Diffusion; Intermetallics; Kinetics; Diffusion properties; Further development; Intermetallic phasis; Ni-Al intermetallics; Pack cementation process; Process parameters; Thermodynamic and kinetic considerations; Thermodynamic calculations; Diffusion coatings","Article","Final","","Scopus","2-s2.0-84940796425"
"A., Teibinger, Andreas; H., Marbler-Gores, Harald; H., Schluder, Harald; V., Conrad, Veit; H., Steffan, Hermann; J., Schmidauer, Josef","Teibinger, Andreas (56440129100); Marbler-Gores, Harald (56748023700); Schluder, Harald (52964315600); Conrad, Veit (6701635111); Steffan, Hermann (6602640402); Schmidauer, Josef (56747955200)","56440129100; 56748023700; 52964315600; 6701635111; 6602640402; 56747955200","Further Development of a Method to Reproduce Highly Dynamic Force Distance Based Intrusions of Vehicle Side Structure Components","2015","SAE Technical Papers","2015-April","April","","","","0","1","10.4271/2015-01-1487","https://www.scopus.com/inward/record.uri?eid=2-s2.0-84938405938&doi=10.4271%2F2015-01-1487&partnerID=40&md5=048af93bb1edc2d6391a1785f1e235d1","Structural component testing is essential for the development process to have an early knowledge of the real world behaviour of critical structural components in crash load cases. The objective of this work is to show the development for a self-sufficient structural component test bench, which can be used for different side impact crash load cases and can reflect the dynamic behaviour, which current approaches are not able. An existing basic system is used, which includes pneumatic cylinders with a controlled hydraulic brake and was developed for non-structural deformable applications only (mainly occupant assessments). The system is extended with a force-distance control. The method contains the analysis of a whole vehicle FEM simulation to develop a methodology for controlled force transmission with the pneumatic cylinders for a structural component test bench. The results of the simulation analysis provide the necessary and realizable pulses for the controlled pneumatic cylinders and the positioning of the cylinders. The applicability is shown and the good correlation of the acceleration between test and simulation is demonstrated. This new approach considers the dynamic behaviour and is hence more complex and time-consuming as other approaches. Nevertheless the methodology is universally applicable for different side impact load cases and vehicles. The main advantages of this new approach are to reflect the dynamic behaviour on a self-sufficient system. The methodology is easy to apply in other load cases and vehicles. Moreover it is possible to increase the prediction of FEM simulations, based on the results from the component test bench. © 2019 Elsevier B.V., All rights reserved.","Cylinders (shapes); Hydraulic Brakes; Pneumatic Drives; Pneumatics; Development Process; Distance Control; Dynamic Behaviours; Force Transmission; Good Correlations; Pneumatic Cylinders; Simulation Analysis; Structural Component; Vehicle Transmissions","Cylinders (shapes); Hydraulic brakes; Pneumatic drives; Pneumatics; Development process; Distance control; Dynamic behaviours; Force transmission; Good correlations; Pneumatic Cylinders; Simulation analysis; Structural component; Vehicle transmissions","Conference paper","Final","","Scopus","2-s2.0-84938405938"
"E., Rohrer, Emil; X., Cseh, Xénia; M., Kersken, Matthias","Rohrer, Emil (56685176700); Cseh, Xénia (56685872500); Kersken, Matthias (42161763000)","56685176700; 56685872500; 42161763000","The new façade generation - Seele iconic skin SCF; Eine neue Fassadengeneration - Seele iconic skin SCF","2015","Stahlbau","84","S1","","443","453","0","0","10.1002/stab.201590101","https://www.scopus.com/inward/record.uri?eid=2-s2.0-84931093033&doi=10.1002%2Fstab.201590101&partnerID=40&md5=18996a7461c4741c974343e0fae36bab","The iconic skin is a new integral double skin façade concept. Its main advantage is a wide range of combination possibilities with the transparent and opaque façade parts within one unit, while a minimum amount of visible joints between the elements are necessary. The façade has a homogeneous appearance. The shading device could be incorporated in the transparent part of the cavity of the double skin façade. The pressure equalization of the façade cavity is realized by the newly developed system of self conditioning façade (SCF). The SCF concept is a passive, self-sufficient system, which enables the design of large façade cavities without condensation. © 2021 Elsevier B.V., All rights reserved.","Multi-layered Façade; Pressure Equalization; Scf; Civil Engineering; Construction; Double Skin; Multi-layered; Pressure Equalization; Shading Devices; Equalizers","Civil engineering; Construction; Double skin; Multi-layered; Pressure equalization; Shading devices; Equalizers","Article","Final","","Scopus","2-s2.0-84931093033"
"M.V., Markussen, Mads Ville; S., Pugesgaard, Siri; P., Oleskowicz-Popiel, Piotr; J.E., Schmidt, Jens Ejbye; H., Østergård, Hanne","Markussen, Mads Ville (55905415100); Pugesgaard, Siri (56105638600); Oleskowicz-Popiel, Piotr (23098282500); Schmidt, Jens Ejbye (55946080900); Østergård, Hanne (6701568215)","55905415100; 56105638600; 23098282500; 55946080900; 6701568215","Net-energy analysis of integrated food and bioenergy systems exemplified by a model of a self-sufficient system of dairy farms","2015","Frontiers in Energy Research","3","NOV","49","","","0","5","10.3389/fenrg.2015.00049","https://www.scopus.com/inward/record.uri?eid=2-s2.0-85058053932&doi=10.3389%2Ffenrg.2015.00049&partnerID=40&md5=f0f878bcb501c32604e08ff50393eea0","Agriculture is expected to contribute in substituting of fossil fuels in the future. This constitutes a paradox as agriculture depends heavily on fossil energy for providing fuel, fodder, nutrients, and machinery. The aim of this paper is to investigate whether organic agriculture is capable of providing both food and surplus energy to the society as evaluated from a model study. We evaluated bioenergy technologies in a Danish dairy-farming context in four different scenarios: (1) vegetable oil based on oilseed rape, (2) biogas based on cattle manure and grass-clover lays, (3) bioethanol from rye grain and whey, and (4) a combination of (1) and (2). When assessing the energetic net-contribution to society from bioenergy systems, two types of problems arise: how to aggregate non-equivalent types of energy services and how to account for non-equivalent types of inputs and coproducts from the farming? To avoid the first type, the net output of liquid fuels, electricity, useful heat, and food were calculated separately. Furthermore, to avoid the second type, all scenarios were designed to provide self-sufficiency with fodder and fertilizer and to utilize coproducts within the system. This approach resulted in a transparent assessment of the net-contribution to society, which is easy to interpret. We conclude that if 20% of land is used for energy crops, farm-gate energy self-sufficiency can be achieved at the cost of 17% reduction in amount of food produced. These results demonstrate the strong limitations for (organic) agriculture in providing both food and surplus energy. © 2019 Elsevier B.V., All rights reserved.","Bioethanol; Biogas; Dairy Farms; Net-energy; Organic Farming; Self-sufficiency; Vegetable Oil; Bioethanol; Biogas; Crops; Ethanol; Fertilizers; Fossil Fuels; Machinery; Manures; Vegetable Oils; Bioenergy Technology; Dairy Farms; Energy Self-sufficiency; Net Energy; Net Energy Analysis; Organic Agriculture; Organic Farming; Self-sufficiency; Farms","Bioethanol; Biogas; Crops; Ethanol; Fertilizers; Fossil fuels; Machinery; Manures; Vegetable oils; Bioenergy technology; Dairy farms; Energy self-sufficiency; Net energy; Net energy analysis; Organic agriculture; Organic farming; Self-sufficiency; Farms","Article","Final","All Open Access; Gold Open Access; Green Final Open Access; Green Open Access","Scopus","2-s2.0-85058053932"
"D., Banitt, David; J., Horn, Julie","Banitt, David (57189294826); Horn, Julie (57189294576)","57189294826; 57189294576","Producing synthetic fuel from CO2 emissions and excess heat from the steel industry","2015","","","","","940","942","0","0","","https://www.scopus.com/inward/record.uri?eid=2-s2.0-84983208725&partnerID=40&md5=b2fc2a2d8b59ba58392354b6177e5dfc","NewCO<inf>2</inf>Fuels (NCF) is developing an innovative, high efficiency, self-sufficient system to produce fuel from CO<inf>2</inf> and renewable energy. The core technology is a high temperature driven process that dissociates CO<inf>2</inf> and water to produce syngas (mixture of CO and H<inf>2</inf>), from which different synthetic fuels can be produced. NCF system can significantly help the steel industry to reduce CO<inf>2</inf> emission by using the industry's excess heat and providing a highly profitable fuel. The produced syngas can directly be used by the steel industry or further converted to many types of fuels or chemicals. © 2017 Elsevier B.V., All rights reserved.","Carbon Dioxide; Fuels; Intelligent Control; Steelmaking; Synthesis Gas; Core Technology; Excess Heats; High Temperature; High-efficiency; Renewable Energies; Syn-gas; Synthetic Fuels","Carbon dioxide; Fuels; Intelligent control; Steelmaking; Synthesis gas; Core technology; Excess heats; High temperature; High-efficiency; Renewable energies; Syn-gas; Synthetic fuels","Conference paper","Final","","Scopus","2-s2.0-84983208725"
"O., Akhavan, Omid; E., Zohdi, Esmaeil","Akhavan, Omid (56946547300); Zohdi, Esmaeil (56946744600)","56946547300; 56946744600","Mo Yan’s Life and death are wearing me out: A conceptual integration analysis","2015","International Journal of Applied Linguistics and English Literature","4","1","","79","88","0","0","10.7575/aiac.ijalel.v.4n.1p.79","https://www.scopus.com/inward/record.uri?eid=2-s2.0-84946397110&doi=10.7575%2Faiac.ijalel.v.4n.1p.79&partnerID=40&md5=b3698948f47fa010869f73b1e8452253","Cognitive linguistics is a modern school of linguistic thought that originated in the late seventies out of the work of a number of researchers who were interested in the relation of language and mind. It is a new linguistic paradigm which sees language not as an independent, self-sufficient system but as an instrument for organizing, processing, and conveying information. Recent studies and investigations in the field of cognitive linguistics have increased the range of possibilities for linguistic research regarding language and culture. Conceptual Integration Theory, proposed by Gilles Fauconnier and Mark Turner (2002), is a further development of this line of research. It is a basic mental operation which is central to human thought, imagination, and the way we think. Conceptual integration performs an important role in construction of meaning in everyday life, in science, and even in literature. Mo Yan’s Life and Death Are Wearing Me Out (2006) is a historical fiction exploring China’s development during the latter half of the twentieth century. The author himself asserts that the novel encapsulates his writing styles and reflects his exploration in the arts of novel writing. The present study examined the Conceptual Integration Theory in Mo Yan’s Life and Death Are Wearing Me Out. It also demonstrated the way the author made use of personification and conceptual blending in order to create a satirical atmosphere and to criticize totalitarian states. © 2015 Elsevier B.V., All rights reserved.","Cognitive Linguistics; Conceptual Integration Theory; Life And Death Are Wearing Me Out; Mo Yan","","Article","Final","All Open Access; Gold Open Access","Scopus","2-s2.0-84946397110"
