"Document Title",Authors,"Author Affiliations","Publication Title",Date Added To Xplore,"Publication Year","Volume","Issue","Start Page","End Page","Abstract","ISSN",ISBNs,"DOI",Funding Information,PDF Link,"Author Keywords","IEEE Terms","Mesh_Terms",Article Citation Count,Patent Citation Count,"Reference Count","License",Online Date,Issue Date,"Meeting Date","Publisher",Document Identifier
"The Influence of Spatio-temporal Based Human-Machine Interface Design on Driver Workload - A Case Study of Adaptive Cruise Control Using in Cutting-in Scenarios","W. Wang; F. You; Y. Li; S. Feuerstack; J. Wang","Car Interaction Design Lab, Tongji University, Shanghai, China; Car Interaction Design Lab, Tongji University, Shanghai, China; Car Interaction Design Lab, Tongji University, Shanghai, China; Car Interaction Design Lab, Tongji University, Shanghai, China; Car Interaction Design Lab, Tongji University, Shanghai, China",2022 IEEE/SICE International Symposium on System Integration (SII),"16 Feb 2022","2022","","","155","160","One of the major challenges that the drivers are facing today is increasing amount of information and multi-displays in vehicles. It results in drivers’ distraction, over workload and bad performance in driver-vehicle interaction, which may decrease the acceptance of novel technologies on autonomous vehicles. In this paper, based on the in-vehicle information systems (IVIS), we analyzed the in-vehicle dynamic information. We focused on Adaptive Cruise Control (ACC) using in the cutting-in driving scenario as a case study. Optimized HMIs on the head-up display and dashboard integrating basic vehicle information i.e., speed and ACC were designed. We proposed two HMIs: in HMI1, there was a temporal change, which means the detection information on ACC was displayed earlier; In HMI2, redundant information is spatially considered and distributed. Both HMIs were tested against a BASE HMI design, which displays all ACC-related information on the dashboard and the HUD. In a driving simulator study with a total of 30 participants, each participant performed in cutting-in scenarios with all three designs followed by a subjective workload assessment. The drivers’ lateral control behavior driving in the ego-car was measured. The results indicated that participants’ workload with HMI1 has a significant decrease compared to base HMI, while HMI2 did not show a significant difference. Neither HMI1 nor HMI2 affected driver behavior compared to the base HMI.","2474-2325","978-1-6654-4540-5","10.1109/SII52469.2022.9708771","Research and Development; China Scholarship Council; ","https://ieeexplore.ieee.org/stamp/stamp.jsp?arnumber=9708771","","System integration;Aerospace electronics;Particle measurements;Trajectory;Safety;Vehicle dynamics;Optimization","","2","","24","IEEE","16 Feb 2022","","","IEEE","IEEE Conferences"
"Towards Adaptive AR Interfaces for Passengers of Autonomous Urban Air Mobility Vehicles: Analyzing the Impact of Flight Phases and Visibility Conditions on User Experience Through Simulation","L. Valente; F. G. Pratticó; M. Nobile; F. Lamberti","Politecnico di Torino, Italy; Politecnico di Torino, Italy; Politecnico di Torino, Italy; Politecnico di Torino, Italy",2024 IEEE Conference on Virtual Reality and 3D User Interfaces Abstracts and Workshops (VRW),"29 May 2024","2024","","","351","359","This work compares four possible designs of Augmented Reality (AR) interfaces for passengers of an Autonomous Aerial Vehicle (AAV) envisioned as an air taxi in the Urban Air Mobility (UAM) context. The four designs were evaluated and compared through a video-based study considering two potentially influential factors: flight phases (namely takeoff, cruise, and landing) and visibility conditions (i.e. clear daylight, night, and foggy). Dimensions in-cluded in the analysis were perceived safety, anxiety, situational awareness, cognitive workload, trust, predictability, and preference. The results showed that preferred interface by the passengers may vary depending on the considered combination of the two factors.","","979-8-3503-7449-0","10.1109/VRW62533.2024.00070","","https://ieeexplore.ieee.org/stamp/stamp.jsp?arnumber=10536217","advanced air mobility;autonomous transportation systems;augmented reality;Computing methodologies-Modeling and simulation-Simulation types and techniques-Interactive simulation;Computing methodologies-Computer graphics-Graphics systems and interfaces-Mixed / augmented reality;Humancentered computing-Human computer interaction (HCI)-HCI design and evaluation methods-User studies","Visualization;Three-dimensional displays;Design methodology;Conferences;Anxiety disorders;User interfaces;Market research","","1","","37","IEEE","29 May 2024","","","IEEE","IEEE Conferences"
"Conceptual Design of Virtual Avatars Based on Intelligent Human-Machine Interface in Autonomous Driving","R. Tang; J. Wang","College of Arts and Media, Tongji University, Shanghai, China; College of Arts and Media, Tongji University, Shanghai, China",2024 5th International Conference on Intelligent Computing and Human-Computer Interaction (ICHCI),"27 Dec 2024","2024","","","469","473","This study explores the conceptual design of virtual avatars in autonomous driving and their trigger mechanisms in the context of the Intelligent Human-Machine Interface (HMI). Through the intelligent system's perception of the situation, virtual avatars can be dynamically triggered based on vehicle status, environmental information, and driver behavior, enabling precise information delivery and real-time feedback. The research indicates that users have high expectations for virtual avatars in terms of safety notifications, emotional expression, and personalized design. This study provides a reference for the design of virtual avatars in future autonomous driving systems and proposes prospects for further adaptive optimization.","","979-8-3503-6828-4","10.1109/ICHCI63580.2024.10807967","","https://ieeexplore.ieee.org/stamp/stamp.jsp?arnumber=10807967","Autonomous Driving;Augmented Reality;Intelligent Human-Machine Interface;Virtual Avatars","Human computer interaction;Surveys;Avatars;Human-machine systems;Real-time systems;Safety;Intelligent systems;Driver behavior;Autonomous vehicles;Vehicles","","","","16","IEEE","27 Dec 2024","","","IEEE","IEEE Conferences"
"(NBCI) Natural Brain (Human) and Computer Interaction: Development of User Experience with Computers through Adaptive Interface Method","A. P. A. A. Packia; M. Babu; A. Al-Khalidi; M. M. Abdulhasan; D. Erudiyanathan; A. Naqvi","Department of Management Studies, P.S.R Engineering College, Sivakasi; Department of Computer Science and Engineering, Rajalakshmi Institute of Technology (Autonomous), TN; Al-Hadi University College, Baghdad, Iraq; Department of Medical Laboratories Technology, AL-Nisour University College, Baghdad, Iraq; Department of Management, Kristu Jayanti College (Autonomous), K. Narayanapura, Kothanur, Bengaluru; Department of Chemical Engineering, MS Ramaiah Institute of Technology MSR Nagar, Bangalore, Karnataka",2024 4th International Conference on Advance Computing and Innovative Technologies in Engineering (ICACITE),"9 Aug 2024","2024","","","1135","1139","In the current digital dispensation, Human-Computer Interaction (HCI) fronts itself as key to the user experiences across all the other technological platforms. Human-Computer Interaction will continue rising to the fore with rapid advancements experienced in technology and demand for seamless interactions between man and machine growing. Adaptive interfaces have been designed to meet the manifold demands and preferences of users, with the sole aim of improving the overall user experience. This paper thus goes further to try and understand the importance of adaptive interfaces within the domain of HCI toward improving user experience. How do adaptive interfaces optimally change their behavior with user inputs, context, and other determining factors to optimize a user’s interaction with the system. It synthesizes prior knowledge and extracts main principles and methodologies of adaptive interface design from an extensive literature review. The basic ideas of adaptive interfaces and their roles in HCI are described. The theory could be, in return, a guide for the designers and developers for the efficient use of the adaptive techniques to develop interfaces more in accordance with users. It further explores several adaptive approaches based on advanced context-awareness, user modeling, and machine learning algorithms, and their implication on HCI. It further outlines various case studies and examples in their respective application domains, from web browsing to mobile applications and assistive technology, showing adaptive interfaces in use.","","979-8-3503-6016-5","10.1109/ICACITE60783.2024.10617342","","https://ieeexplore.ieee.org/stamp/stamp.jsp?arnumber=10617342","Human-Computer Interaction;adaptive interfaces;user experience;technology;seamless interactions;user preferences;machine learning algorithms;context-awareness;user modeling;HCI research","Human computer interaction;Adaptation models;Computational modeling;Bibliographies;User experience;Real-time systems;Mobile applications","","","","35","IEEE","9 Aug 2024","","","IEEE","IEEE Conferences"
"Human-Machine Interfaces a Dual Perspective on Innovation and Complexity","S. M. M. Matias","Eulogio “Amang” Rodriguez Institute of Science and Technology Nagtahan Street, Sampaloc, Manila, Philippines",2025 9th International Conference on Robotics and Automation Sciences (ICRAS),"19 Aug 2025","2025","","","1","6","HMIs, or human-machine interfaces, are at the forefront of contemporary technological advancement and are essential for connecting people to ever-more sophisticated systems. This study examines HMIs from two perspectives: complexity and innovation. It emphasizes the potential and difficulties of creating interfaces that are both technologically sophisticated and easy to use. A comprehensive framework is proposed for the design, evaluation, and continuous improvement of adaptive and intelligent HMI systems. The paradigm prioritizes a user-centered approach that is backed by real-time feedback systems, cognitive load measurement, and usability heuristics. The study also looks at how machine learning methods might be incorporated to improve customer happiness, responsiveness, and personalization. This study aids in the creation of more effective, accessible, and morally sound interfaces by assessing usability, adaptability, and cognitive impact across a variety of HMI technologies.","2694-3506","979-8-3503-9249-4","10.1109/ICRAS65818.2025.11108939","","https://ieeexplore.ieee.org/stamp/stamp.jsp?arnumber=11108939","Human-Machine Interfaces (HMI);Usability Evaluation;Machine Learning;Adaptive Systems;User-Centered Design;Interface Complexity;Innovation in Interaction Design;Intelligent Interfaces;Human Factors Engineering","Technological innovation;Ethics;User centered design;Machine learning;Human factors;Cognitive load;Real-time systems;Complexity theory;Iterative methods;Usability","","","","42","IEEE","19 Aug 2025","","","IEEE","IEEE Conferences"
"Designing for Mixed-Initiative Interactions between Human and Autonomous Systems in Complex Environments","M. J. Barnes; J. Y. C. Chen; F. Jentsch","Human Research & Engineering Directorate, U.S. Army Research Laboratory, Ft. Huachuca, AZ, USA; Human Research & Engineering Directorate, U.S. Army Research Laboratory, Orlando, FL, USA; Psychology Department and Institute for Simulation & Training, University of Central Florida, Orlando, FL, USA","2015 IEEE International Conference on Systems, Man, and Cybernetics","14 Jan 2016","2015","","","1386","1390","The purpose of the paper is to discuss human centered design implications for shared decision making between humans and autonomous systems in complex environments. Design implications are generated based on empirical results from two research paradigms. In the first paradigm, an intelligent agent (RoboLeader) supervised multiple subordinate systems and was in turn supervised by the human operator. The Robo Leader research varied number of subordinate units, task difficulty, agent reliability, type of agent errors, and partial autonomy. The second paradigm involved human interaction with partially and fully autonomous systems. Design implications from both paradigms are evaluated -- relating to multitasking, adaptive systems, false alarms, individual differences, operator trust, and allocation of human and agent tasks for partial autonomy. We conclude that mixed-initiative decision sharing depends on designing interfaces that support human-agent transparency.","","978-1-4799-8697-2","10.1109/SMC.2015.246","","https://ieeexplore.ieee.org/stamp/stamp.jsp?arnumber=7379378","autonomous agents;human-centered design;mixed-initiative decision making","Robots;Vehicles;Reliability;User interfaces;Monitoring;Collaboration;Manuals","","17","","28","IEEE","14 Jan 2016","","","IEEE","IEEE Conferences"
"Conceptual Design of Driver-Adaptive Human-Machine Interface for Digital Cockpit","J. -K. Choi; Y. -J. Kwon; J. Jeon; K. Kim; H. Choi; B. Jang","Intelligent Robotics Research Division, Electronics and Telecommunications Research Institute (ETRI), Daejeon, Republic of Korea; Intelligent Robotics Research Division, Electronics and Telecommunications Research Institute (ETRI), Daejeon, Republic of Korea; Intelligent Robotics Research Division, Electronics and Telecommunications Research Institute (ETRI), Daejeon, Republic of Korea; Intelligent Robotics Research Division, Electronics and Telecommunications Research Institute (ETRI), Daejeon, Republic of Korea; Intelligent Robotics Research Division, Electronics and Telecommunications Research Institute (ETRI), Daejeon, Republic of Korea; Intelligent Robotics Research Division, Electronics and Telecommunications Research Institute (ETRI), Daejeon, Republic of Korea",2018 International Conference on Information and Communication Technology Convergence (ICTC),"18 Nov 2018","2018","","","1005","1007","In this paper we introduce the conceptual design of vehicular digital cockpit that adaptively changes contents of the voice guidance and the digital cluster according to the driver 's age, gender and driving experience. Based on this conceptual design, we propose the necessary functional requirements to realize driver-adaptive human machine interface. In order to complete the digital cockpit adapted to the driver, it is necessary to measure and learn about the driver's condition, driving ability, and the cognitive response to the human machine interfaces as well as adapting to driver's preference and characteristics.","2162-1233","978-1-5386-5041-7","10.1109/ICTC.2018.8539644","","https://ieeexplore.ieee.org/stamp/stamp.jsp?arnumber=8539644","Human-machine interface;HMI;Human-driver interface;HVI;digital cockpit","Vehicles;Instruments;Speech recognition;Man-machine systems;Roads;Visualization","","7","","17","IEEE","18 Nov 2018","","","IEEE","IEEE Conferences"
"Brain computer interface: A review","P. Prashant; A. Joshi; V. Gandhi","Mechatronics Department, TeamLease Skills University, Vadodara, India; Mechatronics Department, G. H. Patel College of Engg. & Tech, Vallabh Vidyanagar, India; Department of Design Engineering and Mathematics, Middlesex University, London, UK",2015 5th Nirma University International Conference on Engineering (NUiCONE),"9 Apr 2016","2015","","","1","6","A brain-computer interface (BCI), also referred to as a mind-machine interface (MMI) or a brain-machine interface (BMI), provides a non-muscular channel of communication between the human brain and a computer system. With the advancements in low-cost electronics and computer interface equipment, as well as the need to serve people suffering from disabilities of neuromuscular disorders, a new field of research has emerged by understanding different functions of the brain. The electroencephalogram (EEG) is an electrical activity generated by brain structures and recorded from the scalp surface through electrodes. Researchers primarily rely on EEG to characterise the brain activity, because it can be recorded non-invasively by using portable equipment. The EEG or the brain activity can be used in real time to control external devices via a complete BCI system. A typical BCI scheme generally consists of a data acquisition system, pre-processing of the acquired signals, feature extraction process, classification of the features, post-processing of the classifier output, and finally the control interface and device controller. The post-processed output signals are translated into appropriate commands so as to control output devices, with several applications such as robotic arms, video games, wheelchair etc.","","978-1-4799-9991-0","10.1109/NUICONE.2015.7449615","","https://ieeexplore.ieee.org/stamp/stamp.jsp?arnumber=7449615","Brain-Computer Interface;Electroencephalography;Neural Activity","Electroencephalography;Electrodes;Brain;Neurons;Brain-computer interfaces;Adaptive filters;Band-pass filters","","32","","46","IEEE","9 Apr 2016","","","IEEE","IEEE Conferences"
"Adaptive Algorithm Based Text to Braille Conversion for Visually Impaired People","D. R. Thomas; P. Mervin A; S. Kumareswaran; D. Srivishall; V. Prabhu; V. Peroumal","Dept. of ECE Vel Tech Multi Tech, Dr. Rangarajan Dr. Sakunthala Engineering College (Autonomous), Chennai, India; Dept. of ECE Vel Tech Multi Tech, Dr. Rangarajan Dr. Sakunthala Engineering College (Autonomous), Chennai, India; Dept. of ECE Vel Tech Multi Tech, Dr. Rangarajan Dr. Sakunthala Engineering College (Autonomous), Chennai, India; Dept. of ECE Vel Tech Multi Tech, Dr. Rangarajan Dr. Sakunthala Engineering College (Autonomous), Chennai, India; Dept. of ECE Vel Tech Multi Tech, Dr. Rangarajan Dr. Sakunthala Engineering College (Autonomous), Chennai, India; School of Electronics Engineering, Vellore Institute of Technology, Chennai, India",2024 International Conference on Brain Computer Interface & Healthcare Technologies (iCon-BCIHT),"19 Feb 2025","2024","","","1","4","This paper introduces a sophisticated communication system tailored for individuals with visual impairments, merging Braille with modern digital technology. The system employs the ESP8266 microcontroller for its WiFi capabilities, serving as the central processor. Text inputs received via WiFi are processed by the ESP8266, activating six solenoid valves positioned to produce Braille patterns. This seamless integration of traditional Braille with WiFi connectivity allows real-time text-to-Braille conversion, enhancing accessibility. Advanced error detection and correction mechanisms ensure accuracy, while adaptive algorithms adjust valve activation for consistent tactile feedback in various environments. The system's flexibility enables integration with additional sensory feedback mechanisms, like audio cues, enriching user interaction. By meticulously combining hardware and software, this Paper sets a new standard in Braille communication systems for visually impaired individuals.","","979-8-3315-4006-7","10.1109/iCon-BCIHT63907.2024.10882411","","https://ieeexplore.ieee.org/stamp/stamp.jsp?arnumber=10882411","Text to Braille Conversion;Tactile Feedback Generation;Error Detection and Correction;Adaptive Algorithm","Braille;Sign language;Communication systems;Visual impairment;Adaptive algorithms;Valves;Software;Hardware;Iterative methods;Wireless fidelity","","","","15","IEEE","19 Feb 2025","","","IEEE","IEEE Conferences"
"Unstable Teams: Management of Remote User Interface Evaluation in Adaptive Software Development","E. Dudysheva; I. Skopin","Scientific Laboratory of Interdisciplinary Research in Education, Shukshin Altai State University for Humanities and Pedagogy, Biysk, Russia; Parallel Program Synthesis Laboratory, Institute of Computational Mathematics and Mathematical Geophysics SB RAS, Novosibirsk, Russia",2023 3rd International Conference on Technology Enhanced Learning in Higher Education (TELE),"21 Jul 2023","2023","","","104","108","The paper considers problems of management of remote unstable teams in agile software development. The purpose is to discuss the modified model of Adaptive Software Development (ASD) complemented with interface evaluation procedures in the conditions of development by unstable development teams with remote participation and the possibilities of experimental implementation of the model. We propose to add each iteration of the ASD model with autonomous tasks for remote evaluation of the user interface, which are carried out by remotely involved performers. Methods may include behavioral and psychophysiological metrics based on eye-tracking and emotion detection in remote user experience. We justify the effectiveness of experimental verification of the model for remote teams of students undergoing software development training using modified ASD methodology. As a result, the additional problem of ensuring sufficient selection of qualified users for evaluating professional projects interface with behavioral and psychophysiological methods can be solved: the possible way is to involve students undergoing software development training and performing remote autonomous tasks within unstable professional teams.","","979-8-3503-2656-7","10.1109/TELE58910.2023.10184341","","https://ieeexplore.ieee.org/stamp/stamp.jsp?arnumber=10184341","agile software development;management of unstable development teams;students’ software development learning;methods of user interface evaluation;behavioral and psychophysiological evaluation devices","Training;Measurement;Adaptation models;Agile software development;Project management;Organizations;Software","","","","18","IEEE","21 Jul 2023","","","IEEE","IEEE Conferences"
"Development of Design Patterns with Adaptive User Interface for Cloud Native Microservice Architecture Using Deep Learning With IoT","B. R. Cherukuri",NA,"2024 IEEE International Conference on Computing, Power and Communication Technologies (IC2PCT)","8 Apr 2024","2024","5","","1866","1871","The development of design patterns with adaptive user interfaces using deep learning provides an innovative solution to address the demands of modern software systems. The design patterns play an essential role in obtaining scalability and reliability in the systems. The various challenges in the architectural designs and automatic decision-making techniques are attained through the aid of Adam optimization techniques integrated with the Internet of Things. Through the process of integration with an adaptive user interface, the changing user needs are monitored by the system. The deep learning techniques help to automatically adapt and optimize itself without any external parameters. This helps to analyze the user interactions and to promote system efficiency with an enhanced performance ratio. The generation of constant streams of data is obtained through the Internet of Things. The real-time decisions are adopted by analyzing the user behaviour. The Adam optimization techniques are well-known for the training of neural networks. This helps to maintain and adopt fine-tuning of the system and maintaining optimum performance. Thus the integration of deep learning with cloud-native microstructure architecture provides self-optimizing networks for each user in the dynamic nature of the IoT data in real-time environments.","","979-8-3503-8354-6","10.1109/IC2PCT60090.2024.10486720","","https://ieeexplore.ieee.org/stamp/stamp.jsp?arnumber=10486720","Design patterns;Adaptive user interface;Software systems;Deep learning;Adam algorithm;Decision-making;Internet of Things","Deep learning;Cloud computing;Scalability;Microservice architectures;Computer architecture;User interfaces;Real-time systems","","","","28","IEEE","8 Apr 2024","","","IEEE","IEEE Conferences"
"Developing Usable Software Applications for Users with Autism: User Analysis, User Interface Design Patterns and Interface Components","A. Mejía-Figueroa; M. De Los Angeles Quezada Cisnero; J. R. Juárez-Ramírez","School of Chemical Sciences and Engineering, Autonomous University of Baja California, Tijuana, Baja California, México; School of Chemical Sciences and Engineering, Autonomous University of Baja California, Tijuana, Baja California, Mexico; School of Chemical Sciences and Engineering, Autonomous University of Baja California, Tijuana, Baja California, México",2016 4th International Conference in Software Engineering Research and Innovation (CONISOFT),"26 May 2016","2016","","","195","203","Human Factors have a huge impact on usability and user acceptance of a software. For this reason, knowing the user's characteristics is essential in the software development life cycle. This is a particular challenge for users with Autism, since the nature of the affliction makes each person unique. Adaptive Interfaces can be implemented to solve the usability problem for those cases, but first we need to define what characteristics to consider and the adaptations. In this paper we present the initial experimentation of a larger study of trying to determine a user model and interaction model for Adaptive Interfaces for persons with Autism Spectrum Disorder based on Executive Function measurements.","","978-1-5090-1074-5","10.1109/CONISOFT.2016.36","","https://ieeexplore.ieee.org/stamp/stamp.jsp?arnumber=7477930","Autism Spectrum Disorder;Autism;Adaptive Interfaces;User Model;Interaction Model;Usability","Autism;Usability;Adaptation models;Planning;Human computer interaction","","15","","21","IEEE","26 May 2016","","","IEEE","IEEE Conferences"
"Adaptive user interface for higher education based on web technology","M. Ciolacu; R. Beer","Faculty of Business Informatics, Deggendorf Institute of Technology, Deggendorf, Germany; Informatics Faculty, University Passau, Passau, Germany",2016 IEEE 22nd International Symposium for Design and Technology in Electronic Packaging (SIITME),"8 Dec 2016","2016","","","300","303","We present an Adaptive User Interface (AUI) for online courses in higher education as a method for solving the challenges posed by the different knowledge levels in a heterogeneous group of students. The scenario described in this paper is an online beginners' course in Mathematics which is extended by an adaptive course layout to better fit the needs of every individual student. The course offers an entry-level test to check each student's prior knowledge and skills. The results are used to automatically determine which parts of the course are relevant for the student and which ones can be hidden, based on parameters set by the course teachers. Initial results are promising; the new adaptive learning platform in mathematics is leading to higher student satisfaction and better performance.","","978-1-5090-4445-0","10.1109/SIITME.2016.7777299","","https://ieeexplore.ieee.org/stamp/stamp.jsp?arnumber=7777299","Adaptive User Interface;Industry 4.0 in Education;blended learning;innovation;digitalisation;interactivity;mathematics;higher education;mobile learning","Education;Mathematics;Industries;Production;User interfaces;Business;Adaptive systems","","19","","13","IEEE","8 Dec 2016","","","IEEE","IEEE Conferences"
"Collapsible Underwater Docking Station Design and Evaluation","B. R. Page; J. Naglak; C. Kase; N. Mahmoudian","Department of Mechanical Engineering-Engineering Mechanics, Michigan Technological University, Houghton, MI, USA; Department of Mechanical Engineering-Engineering Mechanics, Michigan Technological University, Houghton, MI, USA; Department of Mechanical Engineering-Engineering Mechanics, Michigan Technological University, Houghton, MI, USA; Department of Mechanical Engineering-Engineering Mechanics, Michigan Technological University, Houghton, MI, USA",OCEANS 2018 MTS/IEEE Charleston,"10 Jan 2019","2018","","","1","6","Persistent undersea operation is dependent on effective and accessible underwater docking and charging mechanisms for autonomous underwater vehicles (AUVs). Existing docking stations are able to support extended operations with one specific AUV and generally require extensive modification to the AUV to function. This paper presents a new underwater docking station that can support a wide range of AUVs with minimal modification required. Key aspects of the docking station design are the simplified funnel design that reduces manufacturing and deployment complexity and the docking adapter. The adapter can be used as a drop-in replacement for a more traditional AUV antenna with the addition of recharging electronics. It is the only component that contacts the docking station meaning that one station can support AUVs over a wide range of designs and sizes. This work is focused on optimization of the terminal homing stage for docking. Specifically, the effect of impact velocity relative to capture envelope and impact force is studied. Based on the initial optimization of the docking system, a target impact velocity of 1.0m/sresults in the largest effective capture envelope and the minimum impact force when using a Dolphin II AUV.","0197-7385","978-1-5386-4814-8","10.1109/OCEANS.2018.8604745","","https://ieeexplore.ieee.org/stamp/stamp.jsp?arnumber=8604745","Marine Robotics;Optimization and Optimal Control;Mechanism Design;Docking;Dynamics","Computer interfaces;Force;Vehicle dynamics;Adaptive arrays;Optimization;Navigation;Receivers","","8","1","16","IEEE","10 Jan 2019","","","IEEE","IEEE Conferences"
"Adaptive Human-Machine Interaction for Autonomous Passenger Vehicles: Towards Personalization and Enhanced User Experience","A. L. Florentino; P. T. Aquino-Junior","Electrical Engineering Department, Centro Universitario FEI - Fund. Educ. Inaciana, Sao Paulo, Brazil; Computer Science Department, Centro Universitario FEI - Fund. Educ. Inaciana, Sao Paulo, Brazil",2025 Brazilian Conference on Robotics (CROS),"9 Jul 2025","2025","1","","1","6","Autonomous passenger vehicles represent a transformative step towards intelligent mobility solutions. This study focuses on developing adaptive human-machine interaction (HMI) systems for these vehicles, aiming to address user needs through personalization, contextual modeling, and intelligent interaction mechanisms. The proposed system integrates user modeling, context-awareness, and adaptive user interface techniques to create a seamless and humanized experience. Key features include voice- and touch-based interaction with an articulated touch screen, real-time context adaptation, and compliance with data protection regulations. The research highlights the importance of user-centric design in ensuring comfort, usability, and engagement while leveraging well-established technologies like collaborative filtering, deep transfer learning, and pervasive computing. Based on the theoretical model developed, it is anticipated that the proposed solution will enhance user satisfaction and operational efficiency. This work contributes to the broader field of autonomous robotics by exploring innovative approaches to interaction design for intelligent systems in smart cities.","","979-8-3315-5288-6","10.1109/CROS66186.2025.11066094","","https://ieeexplore.ieee.org/stamp/stamp.jsp?arnumber=11066094","Cognitive Human-Robot Interaction;Human-Centered Automation;Learning and Adaptive Systems;Autonomous Vehicle Navigation;Social Human-Robot Interaction","Human computer interaction;Adaptation models;Adaptive systems;Smart cities;Computational modeling;Human-robot interaction;Usability;Robots;Autonomous vehicles;Context modeling","","","","14","IEEE","9 Jul 2025","","","IEEE","IEEE Conferences"
"The Best Rated Human–Machine Interface Design for Autonomous Vehicles in the 2016 Grand Cooperative Driving Challenge","O. Benderius; C. Berger; V. Malmsten Lundgren","Department of Mechanics and Maritime Sciences, Chalmers University of Technology, Göteborg, Sweden; Department of Computer Science and Engineering, University of Gothenburg, Göteborg, Sweden; RISE Viktoria, Göteborg, Sweden",IEEE Transactions on Intelligent Transportation Systems,"27 Mar 2018","2018","19","4","1302","1307","This paper provides an in-depth description of the best rated human-machine interface that was presented during the 2016 Grand Cooperative Driving Challenge. It was demonstrated by the Chalmers Truck Team as the envisioned interface to their open source software framework OpenDLV, which is used to power Chalmers' fleet of self-driving vehicles. The design originates from the postulate that the vehicle is fully autonomous to handle even complex traffic scenarios. Thus, by including external and internal interfaces, and introducing a show, don't tell principle, it aims at fulfilling the needs of the vehicle occupants as well as other participants in the traffic environment. The design also attempts to comply with, and slightly extend, the current traffic rules and legislation for the purpose of being realistic for full-scale implementation.","1558-0016","","10.1109/TITS.2017.2749970","","https://ieeexplore.ieee.org/stamp/stamp.jsp?arnumber=8057581","Human–machine interface;autonomous autonomous;external interface","Autonomous vehicles;Safety;Roads;Bars;Legislation;Wheels","","63","","13","IEEE","3 Oct 2017","","","IEEE","IEEE Journals"
"Anthropomorphic External Human-Machine Interface Design of Autonomous Vehicles in Roblox to Change Road Users’ Behavior","D. Lim; Y. Kim; H. Gwon; Y. Shin","Department of Mechanical and System, Design Engineering, Hongik University, Seoul, Republic of Korea; Department of Industrial Design, Hongik University, Seoul, Republic of Korea; Department of Industrial Design, Hongik University, Seoul, Republic of Korea; Department of Mechanical and System, Design Engineering, Hongik University, Seoul, Republic of Korea",2023 11th International Conference on Affective Computing and Intelligent Interaction Workshops and Demos (ACIIW),"16 Jan 2024","2023","","","1","4","Can autonomous vehicles (AVs) interact emotionally with other road users to influence their behavior? To address this question, we developed an AV with external human–machine interfaces (eHMIs) in Roblox. The anthropomorphic facial expressions of the AV which conveyed the emotional state of the AV were designed. We assumed that people would behave better with an anthropomorphic AV, resulting in better traffic flow. In this paper, the late-breaking results of our pilot A/B test conducted to select appropriate emojis are presented. The results show that participants felt positive about the anthropomorphic eHMI because of the intuitiveness of the emojis, which made them feel better and less stressed in traffic situations.","","979-8-3503-2745-8","10.1109/ACIIW59127.2023.10388139","National Research Foundation; ","https://ieeexplore.ieee.org/stamp/stamp.jsp?arnumber=10388139","autonomous vehicles;external human-machine interface;other road users;behavior change;Roblox","Pedestrians;Metaverse;Roads;Human-machine systems;Mouth;Behavioral sciences;Autonomous vehicles","","2","","17","IEEE","16 Jan 2024","","","IEEE","IEEE Conferences"
"Design Abstraction for Autonomous Adaptive Hardware Systems on FPGAs","S. A. Fahmy","School of Engineering, University of Warwick, Coventry, United Kingdom",2018 NASA/ESA Conference on Adaptive Hardware and Systems (AHS),"22 Nov 2018","2018","","","142","147","Adaptive hardware is gaining importance with the emergence of more autonomous systems that must process large volumes of sensor data and react within tight deadlines. To support such computation within the constraints of embedded deployments, a blend of high throughput hardware processing and adaptive control is required. FPGAs offer an ideal platform for implementing such systems by virtue of their hardware flexibility and sensor interfacing capabilities. FPGA SoCs are specifically well suited offering capable embedded processors that are tightly coupled with a flexible high performance FPGA fabric. This paper explores existing work on adaptive hardware systems before proposing a general model and implementation approach tailored towards these modern FPGA architectures, concluding with pointers for research in this emerging field.","2471-769X","978-1-5386-7753-7","10.1109/AHS.2018.8541489","","https://ieeexplore.ieee.org/stamp/stamp.jsp?arnumber=8541489","","Hardware;Field programmable gate arrays;Adaptive systems;Adaptation models;Runtime;Software;Process control","","3","","33","IEEE","22 Nov 2018","","","IEEE","IEEE Conferences"
"Adaptive Interface Model with Eye-Tracking Evaluation","B. A. Bagustari; F. N. Sari; D. I. Sensuse; H. B. Santoso","Faculty of Computer Science, Universitas Indonesia, Depok, Jawa Barat, Indonesia; Faculty of Computer Science, Universitas Indonesia, Depok, Jawa Barat, Indonesia; Faculty of Computer Science, Universitas Indonesia, Depok, Jawa Barat, Indonesia; Faculty of Computer Science, Universitas Indonesia, Depok, Jawa Barat, Indonesia",2019 International Conference on Advanced Computer Science and information Systems (ICACSIS),"6 Feb 2020","2019","","","77","82","Adaptive interface has become one of the possible ways to consider a variety of users characteristic in managing the design process. By focusing on the skill of each user, this research showed the beginner-advanced user model of adaptive design can be able to recover the incapability of universal design. The study is objected to look up a new paradigm of universal design that should meet an adaptive design based on users skill characteristics, supported by eye-tracking evaluation. We develop a model of an interface design by using a case study of Student Centered E-Learning Environment (SCELE) Faculy of Computer Science, Universitas Indonesia with rapid contextual design (RCD) methodology. By using Eye Tribe tool, the proposed model proved the significance of beginner and advanced users’ model through the differences behavior while doing the task. Based on the result, we conclude that adaptive design can be developed based on users skill characteristics over a universal design.","2330-4588","978-1-7281-5292-9","10.1109/ICACSIS47736.2019.8979898","","https://ieeexplore.ieee.org/stamp/stamp.jsp?arnumber=8979898","adaptive;interface;design;eye tracking;user model","Computer science;Adaptation models;Adaptive systems;Electronic learning;Computational modeling;Design methodology;Focusing;Gaze tracking;Information systems;Context modeling","","1","","18","IEEE","6 Feb 2020","","","IEEE","IEEE Conferences"
"Design and Implementation of Smart Multi-Touch Interface Using Special Purpose CORDIC Processor","C. -I. Li; G. -D. Chen; T. -Y. Sung; H. -F. Tsai","Department of Computer Science and Information Engineering, National Central University, Taoyuan, Taiwan; Department of Computer Science and Information Engineering, National Central University, Taoyuan, Taiwan; Aether Precision Technology Inc., Taoyuan, Taiwan; Aether Precision Technology Inc., Taoyuan, Taiwan",IEEE Transactions on Consumer Electronics,"24 Oct 2019","2019","65","4","516","525","This paper presents a smart and embedded multi-touch system for consumer electronics. The infrared (IR) camera is utilized to capture the coordinate of the IR blob from IR stylus or human finger in an emitted IR field. This system allows the consumer to easily convert large surface, projector screen, or conference table into multi-touch interface. The keystone distortion of IR camera is compensated by using homography. To improve the user experience, the calibration of homography is automatically triggered by accelerometer sensor. The special purpose (SP) processor with the parallel COordinate Rotation Digital Computer (CORDIC) architecture computes the observation-to-track association, and the computation result updates the motion status of each tracked trajectory. These motion data support the multi-touch tracking system to evaluate the sliding window of each tracked trajectory for reducing the tracking error. Additionally, the motion data are reused by the adaptive trajectory estimation (TE) system to smooth the touch trajectory and mitigate the measurement noise. This research presents multiple autonomous functions to provide a user-friendly multi-touch interface for consumer electronics. These include the automatic calibration system, the multi-touch tracking architecture with motion estimation system, and the adaptive TE system.","1558-4127","","10.1109/TCE.2019.2932465","","https://ieeexplore.ieee.org/stamp/stamp.jsp?arnumber=8784277","CORDIC;homography;multi-touch interface;trajectory estimation","Cameras;Trajectory;Tracking;Calibration;Consumer electronics;Computer architecture;Graphical user interfaces","","4","","41","IEEE","1 Aug 2019","","","IEEE","IEEE Journals"
"The Design and Evaluation of User-Interface Prototypes for a Next-Generation Dishwasher Mobile Application","S. Chappidi; L. Gustad; A. Hu; K. Kyaw; S. L. Riggs","Department of Engineering Systems and Environment, University of Virginia, Charlottesville, USA; Department of Electrical and Computer Engineering, University of Virginia, Charlottesville, USA; Department of Engineering Systems and Environment, University of Virginia, Charlottesville, USA; Department of Engineering Systems and Environment, University of Virginia, Charlottesville, USA; Department of Engineering Systems and Environment, University of Virginia, Charlottesville, USA",2021 Systems and Information Engineering Design Symposium (SIEDS),"16 Jul 2021","2021","","","1","6","Dishwashers have become an integral part of most American households and with the advent of technology, there is an opportunity to integrate smart features such as Wi-Fi connectivity, new user interfaces, and autonomous operation. The focus of our work is to inform the design of a next generation dishwasher. Here we provide research on how the smart technologies may change the paradigm in which users interact with their dishwasher and present an initial mobile prototype based on our research to improve the dishwashing experience. This study included three phases. For phase 1, we gathered data to inform the design of a mobile application prototype that included data information gathering from 31 user interviews, seven user daily-use diary interviews, and 164 questionnaires. For phase 2, we developed a mobile application prototype. For phase 3, we evaluated the mobile application prototype with 10 users. Our results thus far have shown that users are frustrated with the lack of transparency and understanding of all the functions available with their dishwasher, but have positively responded to using a mobile application to improve their understanding of their dishwasher. Overall, we believe that smart technologies have a potential to revolutionize the dishwashing experience; however, we believe that an effective UI design is critical towards that goal.","","978-1-6654-1250-6","10.1109/SIEDS52267.2021.9483711","","https://ieeexplore.ieee.org/stamp/stamp.jsp?arnumber=9483711","user interface;design;smart home appliance","Home appliances;Prototypes;User interfaces;Mobile applications;Interviews;Next generation networking;Wireless fidelity","","","","5","IEEE","16 Jul 2021","","","IEEE","IEEE Conferences"
"Runtime Abstraction for Autonomous Adaptive Systems on Reconfigurable Hardware","A. R. Bucknall; S. A. Fahmy","School of Engineering, University of Warwick, Coventry, UK; King Abdullah University of Science and Technology (KAUST), Thuwal, Saudi Arabia","2021 Design, Automation & Test in Europe Conference & Exhibition (DATE)","16 Jul 2021","2021","","","1616","1621","Autonomous systems increasingly rely on on-board computation to avoid the latency overheads of offloading to more powerful remote computing. This requires the integration of hardware accelerators to handle the complex computations demanded by data-intensive sensors. FPGAs offer hardware acceleration with ample flexibility and interfacing capabilities when paired with general purpose processors, with the ability to reconfigure at runtime using partial reconfiguration (PR). Managing dynamic hardware is complex and has been left to designers to address in an ad-hoc manner, without first-class integration in autonomous software frameworks. This paper presents an abstracted runtime for managing adaptation of FPGA accelerators, including PR and parametric changes, that presents as a typical interface used in autonomous software systems. We present a demonstration using the Robot Operating System (ROS), showing negligible latency overhead as a result of the abstraction.","1558-1101","978-3-9819263-5-4","10.23919/DATE51398.2021.9474199","","https://ieeexplore.ieee.org/stamp/stamp.jsp?arnumber=9474199","","Runtime;Adaptive systems;Program processors;Autonomous systems;Linux;Software systems;Sensors","","2","","34","","16 Jul 2021","","","IEEE","IEEE Conferences"
"Interface Design for Small Vessels in Autonomous Navigation Systems","R. Imai; A. Ishibashi; T. Takemoto; A. Yang; T. Furuya","Graduate School of Marine Science and Technology, Tokyo University of Marine Science and Technology, Tokyo, Japan; Department of Maritime Systems Engineering, Tokyo University of Marine Science and Technology, Tokyo, Japan; Department of Maritime Systems Engineering, Tokyo University of Marine Science and Technology, Tokyo, Japan; Graduate School of Marine Science and Technology, Tokyo University of Marine Science and Technology, Tokyo, Japan; Department of Maritime Systems Engineering, Tokyo University of Marine Science and Technology, Tokyo, Japan",2025 6th International Conference on Machine Learning and Human-Computer Interaction (MLHMI),"23 Jul 2025","2025","","","102","107","As the development of MASS(Maritime Autonomous Surface Ships) progresses, AI(artificial intelligence)-based systems have become a cornerstone of autonomous navigation technologies. However, the complexity and unpredictability of the marine environment limit the reliability of AI-based decision-making. Consequently, even with the advancement of autonomous ship technologies, interfaces that enable continuous monitoring of AI systems and allow human intervention when necessary remain essential. This study focuses on the design and implementation of a tablet-based interface for small vessels, enabling real-time visualization of AI decisionmaking processes. The interface supports users in monitoring and intervening as required, thereby enhancing the safety and efficiency of autonomous navigation. By addressing these challenges, the proposed interface aims to ensure a reliable operational environment for autonomous ships, even under fully autonomous conditions.","","979-8-3315-3573-5","10.1109/MLHMI66056.2025.00022","","https://ieeexplore.ieee.org/stamp/stamp.jsp?arnumber=11083000","Autonomous Surface Ships (MASS);Small Vessel;AI Monitoring Interface;Human-Machine Collaboration","Visualization;Human-machine systems;Machine learning;Real-time systems;Safety;Reliability;Marine vehicles;Monitoring;Autonomous vehicles;Autonomous robots","","","","14","IEEE","23 Jul 2025","","","IEEE","IEEE Conferences"
"Design and implementation of adaptive signal processing systems using Markov decision processes","L. Li; A. E. Sapio; J. Wu; Y. Liu; K. Lee; M. Wolf; S. S. Bhattacharyya","ECE Department, College Park, College Park, MD, USA; ECE Department, College Park, College Park, MD, USA; ECE Department, College Park, College Park, MD, USA; ECE Department, College Park, College Park, MD, USA; ECE Department, College Park, College Park, MD, USA; Georgia Institute of Technology, Georgia, USA; Dept. Electronics and Communications Engineering, Tampere University of Technology, Finland","2017 IEEE 28th International Conference on Application-specific Systems, Architectures and Processors (ASAP)","31 Jul 2017","2017","","","170","175","In this paper, we propose a novel framework, called Hierarchical MDP framework for Compact System-level Modeling (HMCSM), for design and implementation of adaptive embedded signal processing systems. The HMCSM framework applies Markov decision processes (MDPs) to enable autonomous adaptation of embedded signal processing under multidimensional constraints and optimization objectives. The framework integrates automated, MDP-based generation of optimal reconfiguration policies, dataflow-based application modeling, and implementation of embedded control software that carries out the generated reconfiguration policies. HMCSM systematically decomposes a complex, monolithic MDP into a set of separate MDPs that are connected hierarchically, and that operate more efficiently through such a modularized structure. We demonstrate the effectiveness of our new MDP-based system design framework through experiments with an adaptive wireless communications receiver.","2160-052X","978-1-5090-4825-0","10.1109/ASAP.2017.7995275","","https://ieeexplore.ieee.org/stamp/stamp.jsp?arnumber=7995275","","Adaptation models;Adaptive signal processing;Adaptive systems;Tools;Receivers;Stochastic processes","","","","12","IEEE","31 Jul 2017","","","IEEE","IEEE Conferences"
"On the Importance of Spatial Perception for the Design of Adaptive User Interfaces","T. Deuschel; T. Scully","Department of Media, University of Applied Sciences Darmstadt, Dieburg, Germany; Department of Computing, Cork Institute of Technology, Bishopstown, Cork, Ireland",2016 IEEE 10th International Conference on Self-Adaptive and Self-Organizing Systems (SASO),"8 Dec 2016","2016","","","70","79","Automatically changing interfaces, such as Adaptive User Interfaces, are employed in state of the art software products, applications for mobile devices and web sites. While previous work has reported that some adaptive approaches to user interfaces achieve a low user satisfaction score, it has also been shown that they obtain a higher user performance score when compared with their static equivalent. This phenomenon has not been further investigated by previous research. The motivation of this paper is to further investigate this issue and consequently propose design principles for automatically changing interfaces. This is achieved by a fourfold contribution: a literature review of the current state of the art research of interface adaptation methods, the identification of the importance of spatial properties of interface elements (such as position, orientation and size) based on the review, a second literature review of human capabilities and limits that affect the perception and interpretation of spatial changes and lastly design principles for Adaptive User Interfaces are proposed that are derived based on the two literature reviews.","1949-3681","978-1-5090-3534-2","10.1109/SASO.2016.13","","https://ieeexplore.ieee.org/stamp/stamp.jsp?arnumber=7774388","Adaptive User Interfaces;Human Factors;User Experience Design","Visualization;User interfaces;Human factors;Color;Bibliographies;Runtime;Cognitive science","","6","","64","IEEE","8 Dec 2016","","","IEEE","IEEE Conferences"
"Designing an Architecture for a Brain-Computer Interface Operating System: Addressing Neural Input Complexity","Y. Choi","Independent Researcher, Seoul, Republic of Korea",2025 13th International Conference on Brain-Computer Interface (BCI),"27 Mar 2025","2025","","","1","6","The unique complexities of neural inputs, such as signal variability, noise sensitivity, and multimodal integration, demand a specialized architecture for Brain-Computer Interface (BCI) Operating Systems. This paper proposes a modular, scalable, and real-time BCI OS designed to address these challenges. By incorporating advanced signal preprocessing, adaptive AI-based interpretation, and synchronized multimodal input fusion, the system ensures accurate and efficient handling of neural inputs. The architecture supports the separation of processing layers, enabling flexibility for various hardware configurations and application domains. This design bridges the gap between traditional input devices and neural interfaces, paving the way for seamless interaction in healthcare, virtual reality, and smart environments [2].","2572-7672","979-8-3315-2192-9","10.1109/BCI65088.2025.10931583","","https://ieeexplore.ieee.org/stamp/stamp.jsp?arnumber=10931583","BCI OS;modular design;edge computing;lightweight AI;real-time processing;multimodal input integration;adaptive functionality","Adaptive systems;Operating systems;Computer architecture;Medical services;Virtual reality;Real-time systems;Brain-computer interfaces;Multisensory integration;Complexity theory;Synchronization","","1","","11","IEEE","27 Mar 2025","","","IEEE","IEEE Conferences"
"Data-Driven Adaptive Optimal Control of Connected Vehicles","W. Gao; Z. -P. Jiang; K. Ozbay","Control and Networks Lab, New York University, Brooklyn, NY, USA; Control and Networks Lab, New York University, Brooklyn, NY, USA; Department of Civil and Urban Engineering, New York University, Brooklyn, NY, USA",IEEE Transactions on Intelligent Transportation Systems,"1 May 2017","2017","18","5","1122","1133","In this paper, a data-driven non-model-based approach is proposed for the adaptive optimal control of a class of connected vehicles that is composed of n human-driven vehicles only transmitting motional data and an autonomous vehicle in the tail receiving the broadcasted data from preceding vehicles by wireless vehicle-to-vehicle (V2V) communication devices. Considering the cases of range-limited V2V communication and input saturation, several optimal control problems are formulated to minimize the errors of distance and velocity and to optimize the fuel usage. By employing an adaptive dynamic programming technique, the optimal controllers are obtained without relying on the knowledge of system dynamics. The effectiveness of the proposed approaches is demonstrated via the online learning control of the connected vehicles in Paramics' traffic microsimulation.","1558-0016","","10.1109/TITS.2016.2597279","US National Science Foundation(grant numbers:ECCS-1230040,ECCS-1501044); ","https://ieeexplore.ieee.org/stamp/stamp.jsp?arnumber=7548322","Adaptive dynamic programming (ADP);connected vehicles;input saturation;adaptive optimal control","Vehicles;Connected vehicles;Optimal control;Vehicular ad hoc networks;Vehicle dynamics;Adaptive systems;Fuels","","148","","54","IEEE","24 Aug 2016","","","IEEE","IEEE Journals"
"Designing an Adaptive Interface: Using Eye Tracking to Classify How Information Usage Changes Over Time in Partially Automated Vehicles","A. Ulahannan; P. Jennings; L. Oliveira; S. Birrell","WMG, University of Warwick, Coventry, U.K.; WMG, University of Warwick, Coventry, U.K.; WMG, University of Warwick, Coventry, U.K.; Coventry University, Coventry, U.K.",IEEE Access,"28 Jan 2020","2020","8","","16865","16875","While partially automated vehicles can provide a range of benefits, they also bring about new Human Machine Interface (HMI) challenges around ensuring the driver remains alert and is able to take control of the vehicle when required. While humans are poor monitors of automated processes, specifically during `steady state' operation, presenting the appropriate information to the driver can help. But to date, interfaces of partially automated vehicles have shown evidence of causing cognitive overload. Adaptive HMIs that automatically change the information presented (for example, based on workload, time or physiologically), have been previously proposed as a solution, but little is known about how information should adapt during steady-state driving. This study aimed to classify information usage based on driver experience to inform the design of a future adaptive HMI in partially automated vehicles. The unique feature of this study over existing literature is that each participant attended for five consecutive days; enabling a first look at how information usage changes with increasing familiarity and providing a methodological contribution to future HMI user trial study design. Seventeen participants experienced a steady-state automated driving simulation for twenty-six minutes per day in a driving simulator, replicating a regularly driven route, such as a work commute. Nine information icons, representative of future partially automated vehicle HMIs, were displayed on a tablet and eye tracking was used to record the information that the participants fixated on. The results found that information usage did change with increased exposure, with significant differences in what information participants looked at between the first and last trial days. With increasing experience, participants tended to view information as confirming technical competence rather than the future state of the vehicle. On this basis, interface design recommendations are made, particularly around the design of adaptive interfaces for future partially automated vehicles.","2169-3536","","10.1109/ACCESS.2020.2966928","Jaguar Land Rover; ","https://ieeexplore.ieee.org/stamp/stamp.jsp?arnumber=8960362","Intelligent vehicles;autonomous vehicles;interface;eye tracking;information requirements;HMI","Vehicles;Monitoring;Steady-state;Gaze tracking;Load modeling;Industries;Accidents","","31","","63","CCBY","15 Jan 2020","","","IEEE","IEEE Journals"
"IEEE Standard for Autonomous Robotics (AuR) Ontology","",,IEEE Std 1872.2-2021,"12 May 2022","2022","","","1","49","This standard extends IEEE Std 1872-2015, IEEE Standard for Ontologies for Robotics and Automation, to represent additional domain-specific concepts, definitions, and axioms commonly used in Autonomous Robotics (AuR). This standard is general and can be used in many ways--for example, to specify the domain knowledge needed to unambiguously describe the design patterns of AuR systems; to represent AuR system architectures in a unified way; or as a guideline to build autonomous systems consisting of robots operating in various environments.","","978-1-5044-7988-2","10.1109/IEEESTD.2022.9774339","","https://ieeexplore.ieee.org/stamp/stamp.jsp?arnumber=9774339","automation;autonomous robots;IEEE1872.2;ontology;robotics","IEEE Standards;Ontologies;Robotics and automation;Autonomous systems","","5","","","","12 May 2022","","","IEEE","IEEE Standards"
"Distributed Adaptive Control Framework for Enhanced Voltage and Frequency Regulation in Inverter Interfaced Autonomous Distribution Network","D. Pal; B. K. Panigrahi; S. Bhasin","Department of Electrical Engineering, Indian Institute of Technology Delhi, Delhi, India; Department of Electrical Engineering, Indian Institute of Technology Delhi, Delhi, India; Department of Electrical Engineering, Indian Institute of Technology Delhi, Delhi, India",IEEE Systems Journal,"8 Jun 2023","2023","17","2","2892","2903","This article presents a unique design method for an adaptive neural network based backstepping-like control (ANNBC) scheme. The technique is employed for synthesizing the primary controller for inverter interfaced distributed generators (IIDGs) integrated to an autonomous distribution network. Further, an optimal distributed secondary control framework is developed for a multiple IIDGs-based autonomous distribution network. The secondary controller facilitates optimal gain selection to regulate the frequency of the system and voltage of the critical bus to their desired set points. The framework also achieves accurate real and reactive power sharing among the IIDGs according to their power ratings. The novel design procedure of the proposed control framework takes into account the entire system dynamics of the IIDG including the uncertain terms (viz., load current and network dynamics) and is completely independent of the system parameters information. Suitable update laws are designed for estimating the unknown weights of the neural network and the uncertain system parameters. Lyapunov analysis is used to show that the tracking errors and parameter estimation errors are uniformly ultimately bounded. Finally, case studies are conducted on a typical autonomous distribution network having a single and multiple IIDGs modeled in MATLAB/Simulink platform.","1937-9234","","10.1109/JSYST.2022.3215760","Department of Science and Technology, India(grant numbers:RP03443G); Prime Minister's Research Fellowship Scheme, Government of India; ","https://ieeexplore.ieee.org/stamp/stamp.jsp?arnumber=9933931","Adaptive backstepping control;autonomous distribution network;inverter interfaced distributed generators (IIDGs);neural network;optimal distributed secondary control","Frequency control;Voltage control;Three-dimensional displays;Reactive power;Adaptive systems;Inverters;Distribution networks","","5","","38","IEEE","1 Nov 2022","","","IEEE","IEEE Journals"
"An Elderly-Oriented Design of HMI in Autonomous Driving Cars Based on Rough Set Theory and Backpropagation Neural Network","Z. Chen","School of Design Art and Media, Nanjing University of Science and Technology, Nanjing, China",IEEE Access,"23 Feb 2024","2024","12","","26800","26818","As the issues of social sustainability and the aging of population becomes increasingly severe, Autonomous Driving technology is increasingly being seen as an important issue for future travel. At present, the Human Machine Interface (HMI) of Autonomous Driving system has certain difficulties for middle-aged and elderly users, which further affects their perception of cars status and operation experience. Therefore, in order to design an elderly-oriented HMI design of Autonomous Driving cars that meets the Kansei needs of middle-aged and elderly users, a design flow based on Kansei Engineering/ Rough Set Theory/ Backpropagation Neural Network is proposed. The HMI of Autonomous Driving cars is taken as an example in this paper. Under the framework of Kansei Engineering research, Kansei intention analysis is carried out. Factor Analysis is used to reduce dimension and cluster the collected Kansei words. By using the morphological analysis method, the HMI samples are deconstructed into 14 different design features. The attribute reduction algorithm in Rough Set Theory is used to identify the key design features of HMI that have important influence on the elderly-oriented level. Backpropagation Neural Network is used to establish the mapping model between the Kansei intention of middle-aged and elderly users and the key design features of HMI. The mapping model demonstrates good fit as the errors between the predicted and actual values in the 4 types of kansei semantic evaluation tests are all less than 5%. So that it could meet the needs of middle-aged and elderly users and obtain the design combination with the highest Kansei average value. Based on the experimental results, it is found that the optimal emotion of middle-aged and elderly users could be obtained by overall color type three, mode of speed display type three, font display of rotate speed type three, reminding color of turning type four and mode of fuel indicator display one in the morphological deconstruction table. The research results show that the elderly-oriented HMI design constructed by Kansei Engineering/ Rough Set Theory/ Backpropagation Neural Network can meet the sentimental needs of middle-aged and elderly users and can provide a reference example for relevant elderly-oriented design.","2169-3536","","10.1109/ACCESS.2024.3366548","Nanjing University of Science and Technology; ","https://ieeexplore.ieee.org/stamp/stamp.jsp?arnumber=10438432","Elderly-oriented design;kansei engineering;rough set theory;backpropagation neural network;human machine interface;autonomous driving","Older adults;Automobiles;Aging;Autonomous vehicles;Rough sets;Sustainable development;Statistics;Backpropagation;Neural networks;Human-machine systems;Autonomous driving;Social implications of technology;Sustainable development;Design engineering","","15","","59","CCBYNCND","16 Feb 2024","","","IEEE","IEEE Journals"
"Iterative Software Design for an Autonomous Underwater Vehicle with Novel Propulsion Capabilities and Vision-Based Object Tracking","R. Z. Govostes; R. H. Littlefield; F. Jaffre; J. W. Kaeli","Woods Hole Oceanographic Institution, Woods Hole, MA, USA; ARMADA Marine Robotics, Falmouth, MA, USA; Woods Hole Oceanographic Institution, Woods Hole, MA, USA; ARMADA Marine Robotics, Falmouth, MA, USA",OCEANS 2021: San Diego – Porto,"15 Feb 2022","2021","","","1","4","We present ongoing work on developing autonomy software for an Autonomous Underwater Vehicle (AUV) equipped with Asymmetric Propulsion. Asymmetric Propulsion uses a single-bladed propeller controlled by a single motor to provide thrust as well as steering for a streamlined AUV. The iterative approach to software development we present allows electrical and mechanical validation of the vehicle’s design in parallel to evolving software capabilities. We discuss the value of operator interfaces and obstacles to accelerated computing in robotics.","0197-7385","978-0-692-93559-0","10.23919/OCEANS44145.2021.9705883","Small Business Technology Transfer; ","https://ieeexplore.ieee.org/stamp/stamp.jsp?arnumber=9705883","Autonomous Underwater Vehicle;AUV;Propulsion;Robot Operating System;ROS;Computer Vision;Object Tracking;Software Design","Autonomous underwater vehicles;Software design;Propellers;Process control;Human factors;Propulsion;Software","","2","","16","","15 Feb 2022","","","IEEE","IEEE Conferences"
"Adaptive User Interface Generation Through Reinforcement Learning: A Data-Driven Approach to Personalization and Optimization","Q. Sun; Y. Xue; Z. Song","Carnegie Mellon University, Pittsburgh, USA; Pratt Institute, New York, USA; Parsons School of Design, New York, USA",2024 6th International Conference on Frontier Technologies of Information and Computer (ICFTIC),"13 Mar 2025","2024","","","1386","1391","This study introduces an adaptive user interface generation technology, emphasizing the role of Human-Computer Interaction (HCI) in optimizing user experience. By focusing on enhancing the interaction between users and intelligent systems, this approach aims to automatically adjust interface layouts and configurations based on user feedback, streamlining the design process. Traditional interface design involves significant manual effort and struggles to meet the evolving personalized needs of users. Our proposed system integrates adaptive interface generation with reinforcement learning and intelligent feedback mechanisms to dynamically adjust the user interface, better accommodating individual usage patterns. In the experiment, the OpenAI CLIP Interactions dataset was utilized to verify the adaptability of the proposed method, using click-through rate (CTR) and user retention rate (RR) as evaluation metrics. The findings highlight the system's ability to deliver flexible and personalized interface solutions, providing a novel and effective approach for user interaction design and ultimately enhancing HCI through continuous learning and adaptation.","","979-8-3315-4175-0","10.1109/ICFTIC64248.2024.10913228","","https://ieeexplore.ieee.org/stamp/stamp.jsp?arnumber=10913228","Reinforcement learning;adaptive generation;user interface;interaction design;human-computer interaction;artificial intelligence","Human computer interaction;Adaptation models;Adaptive systems;Layout;Focusing;Reinforcement learning;System integration;Real-time systems;User experience;Optimization","","6","","29","IEEE","13 Mar 2025","","","IEEE","IEEE Conferences"
"User interface design of floor sweeping robot based on the background of aging society","T. Zhang; Q. Deng","School of Design and Art, Shenyang Jianzhu University, Shenyang, China; School of Design and Art, Shenyang Jianzhu University, Shenyang, China",2023 4th International Conference on Intelligent Design（ICID）,"24 Jan 2024","2023","","","263","267","The article summarizes the characteristics and needs of the elderly population and provides design ideas. through analyzing the visual patterns and behavioral trends of the elderly when using sweeping robots by understanding their needs and abilities. Optimization in terms of colors, fonts, and interface typography and layout is carried out so that the sweeping robot UI can be designed to be more easy to use and accessible, and to provide appropriate support and auxiliary functions in order to improve the aging-friendly design of the sweeping robot touch interface. This will help older people better integrate into the digital society and enjoy the convenience of smart home technology.","","979-8-3503-4257-4","10.1109/ICID60307.2023.10396702","","https://ieeexplore.ieee.org/stamp/stamp.jsp?arnumber=10396702","Adaptive Design;UI Design;Sweeping Robot","Visualization;Smart homes;Aging;User interfaces;Market research;Older adults;Robots","","","","10","IEEE","24 Jan 2024","","","IEEE","IEEE Conferences"
"Deep Sandscapes: Design Tool for Robotic Sand-Shaping with GAN-Based Heightmap Predictions","K. Tsuruta; S. J. Griffioen; J. M. Ibáñez; R. L. Johns","ETH Zurich, Stefano-Franscini-Platz 1, Zurich, SWITZERLAND; ETH Zurich, Stefano-Franscini-Platz 1, Zurich, SWITZERLAND; ETH Zurich, Stefano-Franscini-Platz 1, Zurich, SWITZERLAND; ETH Zurich, Stefano-Franscini-Platz 1, Zurich, SWITZERLAND",2022 Annual Modeling and Simulation Conference (ANNSIM),"23 Aug 2022","2022","","","730","741","The aim of this research is to develop an adaptive and interactive design workflow for robotic sand-shaping. One of the challenges of working with natural materials is the increased level of complexity due to uncertain material behaviour. In this work, a generative adversarial network (GAN) is used to expedite material simulations. We train an image-to-image GAN to learn the relationship between planned excavation trajectories in existing sand states (input) and the modified sand states after excavation (ground truth). Data is collected prior to learning by an autonomous excavation routine. This routine (1) generates random trajectories that are executed by a robotic-arm; (2) uses an RGB-D camera to capture sand states as heightmaps before and after robotic interaction. Our GAN-assisted design tool predicts rearranged sandscapes by providing robotic excavation trajectories. Integrated into CAD software, an interactive and iterative design environment is realised for robotic sand-shaping.","","978-1-71-385288-9","10.23919/ANNSIM55834.2022.9859472","","https://ieeexplore.ieee.org/stamp/stamp.jsp?arnumber=9859472","digital fabrication;sand;GAN;image-to-image;design tool","Fabrication;Solid modeling;Excavation;Generative adversarial networks;Software;Data models;Trajectory","","3","","23","","23 Aug 2022","","","IEEE","IEEE Conferences"
"Autonomous Vehicle Control: Teaching Tool and Simulation","M. O’Brien; K. Gupta; B. Emran; H. Najjaran","The University of British Columbia Okanagan, Kelowna, BC, CA; Faculty of Applied Science, University of British Columbia Okanagan, Kelowna, Canada; Faculty of Applied Science, University of British Columbia Okanagan, Kelowna, Canada; Faculty of Applied Science, University of British Columbia Okanagan, Kelowna, Canada",2018 IEEE Frontiers in Education Conference (FIE),"7 Mar 2019","2018","","","1","9","This Research to Practice Category Full Paper presents a teaching tool for users to design and practice different features and parameters of the longitudinal control of autonomous vehicles. The proposed platform is composed of four modules: vision-based perception, decision-making, speed control and simulation. The teaching tool provides the ability for users to work with individual modules and then integrate these modules to visualize their effect on the vehicle performance in simulation. Each module has its own MATLAB graphical user interface for users to simplify the learning procedure and intuitively update system parameters. The output of the teaching tool, autonomous vehicle longitudinal control, is visualized using the MATLAB 3D World Simulator. The proposed teaching tool was presented in a fourth-year engineering control system class and the students’ feedback was used to improve the teaching tool for a better learning experience.","2377-634X","978-1-5386-1174-6","10.1109/FIE.2018.8659182","","https://ieeexplore.ieee.org/stamp/stamp.jsp?arnumber=8659182","teaching tool;fuzzy logic;image processing;longitudinal control;autonomous vehicles","Tools;Image edge detection;Decision making;Fuzzy logic;Education;Graphical user interfaces;Matlab","","1","","31","IEEE","7 Mar 2019","","","IEEE","IEEE Conferences"
"Design of adaptive dimming power control system for civil aircraft lightplates","Q. Li","Science and Technology Development department, Shanghai Aircraft Design and Research Institute, Shanghai, China",2021 6th Asia Conference on Power and Electrical Engineering (ACPEE),"24 May 2021","2021","","","988","992","The aircraft lightplates are used to provide backlight lighting for the control panels in the cockpit of the aircraft. The flight crew needs to adjust the backlight brightness by switching knobs with the change of the external light environment of the aircraft. In this paper, an adaptive dimming power control system of aircraft lightplates is proposed, which can significantly reduce the operating burden of flight crew. Based on a microprocessor, the system detects the change of ambient illumination in each area of the cockpit by multiple light intensity sensors distributed in the cockpit. The processor synthetically processes the light intensity sensor signals in different positions. Finally, it outputs PWM (Pulse width modulation) signals according to the given dimming curve, to provide dimming control of the aircraft lightplates. The simulation results show that the dimming power control system can adjust the brightness of the aircraft lightplates adaptively with the change of ambient light, and achieve the purpose of reducing the burden of the flight crew.","","978-1-7281-9159-1","10.1109/ACPEE51499.2021.9436871","","https://ieeexplore.ieee.org/stamp/stamp.jsp?arnumber=9436871","lightplate;power;adaptive dimming","Adaptive systems;Power control;Brightness;Lighting;Switches;Pulse width modulation;Control systems","","","","5","IEEE","24 May 2021","","","IEEE","IEEE Conferences"
"Interface Design of a Physical Human–Robot Interaction System for Human Impedance Adaptive Skill Transfer","C. Yang; C. Zeng; P. Liang; Z. Li; R. Li; C. -Y. Su","Key Laboratory of Autonomous Systems and Networked Control, College of Automation Science and Engineering, South China University of Technology, Guangzhou, China; Key Laboratory of Autonomous Systems and Networked Control, College of Automation Science and Engineering, South China University of Technology, Guangzhou, China; State Key Laboratory of Robotics Systems, Harbin Institute of Technology, Harbin, China; Key Laboratory of Autonomous Systems and Networked Control, College of Automation Science and Engineering, South China University of Technology, Guangzhou, China; State Key Laboratory of Robotics Systems, Harbin Institute of Technology, Harbin, China; School of Automation, Guangdong University of Technology, Guangzhou, China",IEEE Transactions on Automation Science and Engineering,"4 Jan 2018","2018","15","1","329","340","It has been established that the transfer of human adaptive impedance is of great significance for physical human-robot interaction (pHRI). By processing the electromyography (EMG) signals collected from human muscles, the limb impedance could be extracted and transferred to robots. The existing impedance transfer interfaces rely only on visual feedback and, thus, may be insufficient for skill transfer in a sophisticated environment. In this paper, physical haptic feedback mechanism is introduced to result in muscle activity that would generate EMG signals in a natural manner, in order to achieve intuitive human impedance transfer through a designed coupling interface. Relevant processing methods are integrated into the system, including the spectral collaborative representation-based classifications method used for hand motion recognition; fast smooth envelop and dimensionality reduction algorithm for arm endpoint stiffness estimation. The tutor's arm endpoint motion trajectory is directly transferred to the robot by the designed coupling module without the restriction of hands. Haptic feedback is provided to the human tutor according to skill learning performance to enhance the teaching experience. The interface has been experimentally tested by a plugging-in task and a cutting task. Compared with the existing interfaces, the developed one has shown a better performance.","1558-3783","","10.1109/TASE.2017.2743000","National Nature Science Foundation(grant numbers:61473120); Guangdong Provincial Natural Science Foundation(grant numbers:2014A030313266); International Science and Technology Collaboration(grant numbers:2015A050502017); Science and Technology Planning Project of Guangzhou(grant numbers:201607010006); State Key Laboratory of Robotics and System(grant numbers:SKLRS-2017-KF-13); Fundamental Research Funds for the Central Universities(grant numbers:2017ZD057); ","https://ieeexplore.ieee.org/stamp/stamp.jsp?arnumber=8036245","Haptic feedback;human impedance adaptive skill transfer;physical human–robot interaction (pHRI);stiffness estimation","Impedance;Electromyography;Manipulators;Haptic interfaces;Robot sensing systems;Couplings","","197","","38","IEEE","13 Sep 2017","","","IEEE","IEEE Journals"
"Squads of Adaptive Robots (SoAR): an architecture for operating heterogeneous fleets of marine robots","G. Salavasidis; T. Saeharaseelan; D. Jones; J. Kirk; D. Fenucci; S. Ramdhanie; I. Kamarudzaman; A. W. Morris; M. Kingsland; A. Lorenzo; O. Jones; T. Wood; A. Phillips; B. Sportich; S. Bernardini; S. Gibbs; I. Godfrey; T. Bennetts; D. So; M. Boghurst; T. Rooney; J. Law; I. Vincent; A. Gould; R. Simmonds; R. Wilson-Nash","Marine Autonomous & Robotic Systems, National Oceanography Centre, Southampton, UK; Marine Autonomous & Robotic Systems, National Oceanography Centre, Southampton, UK; Marine Autonomous & Robotic Systems, National Oceanography Centre, Southampton, UK; Marine Autonomous & Robotic Systems, National Oceanography Centre, Southampton, UK; Marine Autonomous & Robotic Systems, National Oceanography Centre, Southampton, UK; Marine Autonomous & Robotic Systems, National Oceanography Centre, Southampton, UK; Marine Autonomous & Robotic Systems, National Oceanography Centre, Southampton, UK; Marine Autonomous & Robotic Systems, National Oceanography Centre, Southampton, UK; Marine Autonomous & Robotic Systems, National Oceanography Centre, Southampton, UK; Marine Autonomous & Robotic Systems, National Oceanography Centre, Southampton, UK; Marine Autonomous & Robotic Systems, National Oceanography Centre, Southampton, UK; Marine Autonomous & Robotic Systems, National Oceanography Centre, Southampton, UK; Marine Autonomous & Robotic Systems, National Oceanography Centre, Southampton, UK; Department of Computer Science, Royal Holloway University of London, London, UK; Department of Computer Science, Royal Holloway University of London, London, UK; HydroSurv Ltd., Exeter, UK; HydroSurv Ltd., Exeter, UK; Sonardyne International Ltd., Yateley, UK; Sonardyne International Ltd., Yateley, UK; Sonardyne International Ltd., Yateley, UK; ecoSUB Robotics, A Division of Planet Ocean Ltd., Southampton, UK; ecoSUB Robotics, A Division of Planet Ocean Ltd., Southampton, UK; ecoSUB Robotics, A Division of Planet Ocean Ltd., Southampton, UK; ecoSUB Robotics, A Division of Planet Ocean Ltd., Southampton, UK; Offshore Renewable Energy Catapult, Glasgow, UK; Offshore Renewable Energy Catapult, Glasgow, UK",OCEANS 2023 - Limerick,"12 Sep 2023","2023","","","1","9","Fleets of Marine Autonomous Systems are increasingly utilised for ocean surveying and monitoring, since they provide both spatial and temporal coverage at a significantly lower cost than conventional methods. Facilitating this mode of operation requires further developments in the field of heterogeneous fleet mission planning, control system interoperability and acoustic networking infrastructure. The Squads of Adaptive Robots project is tackling these challenges to bring together a fleet consisting of light weight microAUVs, a high-powered mapping AUV and an Uncrewed Surface Vehicle to efficiently, by utilising a fleet-level intelligent mission planning system, triage and map areas of the seabed. This paper provides an overview of the aspirations and design of the solution.","","979-8-3503-3226-1","10.1109/OCEANSLimerick52467.2023.10244648","Innovate UK; ","https://ieeexplore.ieee.org/stamp/stamp.jsp?arnumber=10244648","Autonomous Underwater Vehicles;Heterogeneous Fleets;Mission Planning;Acoustic Networks","Sea surface;Adaptive systems;Costs;Control systems;Acoustics;Planning;Monitoring","","","","23","IEEE","12 Sep 2023","","","IEEE","IEEE Conferences"
"Passive BCI in Operational Environments: Insights, Recent Advances, and Future Trends","P. Aricò; G. Borghini; G. Di Flumeri; N. Sciaraffa; A. Colosimo; F. Babiloni","BrainSigns Co. Ltd., Rome, Italy; IRCCS Fondazione Santa Lucia; Department of Anatomical, Histological, Forensic and Orthopedic Sciences, Sapienza University of Rome; Department of Anatomical, Histological, Forensic and Orthopedic Sciences, Sapienza University of Rome; Department of Anatomical, Histological, Forensic and Orthopedic Sciences, Sapienza University of Rome; BrainSigns Co. Ltd.",IEEE Transactions on Biomedical Engineering,"15 Jun 2017","2017","64","7","1431","1436","Goal: This minireview aims to highlight recent important aspects to consider and evaluate when passive brain-computer interface (pBCI) systems would be developed and used in operational environments, and remarks future directions of their applications. Methods: Electroencephalography (EEG) based pBCI has become an important tool for real-time analysis of brain activity since it could potentially provide covertly-without distracting the user from the main task-and objectively-not affected by the subjective judgment of an observer or the user itself-information about the operator cognitive state. Results: Different examples of pBCI applications in operational environments and new adaptive interface solutions have been presented and described. In addition, a general overview regarding the correct use of machine learning techniques (e.g., which algorithm to use, common pitfalls to avoid, etc.) in the pBCI field has been provided. Conclusion: Despite recent innovations on algorithms and neurotechnology, pBCI systems are not completely ready to enter the market yet, mainly due to limitations of the EEG electrodes technology, and algorithms reliability and capability in real settings. Significance: High complexity and safety critical systems (e.g., airplanes, ATM interfaces) should adapt their behaviors and functionality accordingly to the user' actual mental state. Thus, technologies (i.e., pBCIs) able to measure in real time the user's mental states would result very useful in such “high risk” environments to enhance human machine interaction, and so increase the overall safety.","1558-2531","","10.1109/TBME.2017.2694856","European Commission by Horizon2020 projects Sesar-01-2015 Automation in ATM; “Stress,”(grant numbers:699381); High Performing Airport Operations, “MOTO,”(grant numbers:699379); Italian Minister of University and Education(grant numbers:2012WAANZJ); Pietro Aricò, Gianluca Borghini, and Gianluca Di Flumeri; ","https://ieeexplore.ieee.org/stamp/stamp.jsp?arnumber=7902094","Adaptive automation;human-machine interaction (HMI);machine learning techniques;mental states;operational environments;passive brain-computer interface (pBCI)","Electroencephalography;Real-time systems;Electrocardiography;Machine learning algorithms;Electrooculography;Brain","Algorithms;Brain Mapping;Brain-Computer Interfaces;Electroencephalography;Equipment Design;Forecasting;Humans;Man-Machine Systems;Pattern Recognition, Automated;Software;Technology Assessment, Biomedical","139","","36","IEEE","17 Apr 2017","","","IEEE","IEEE Journals"
"A multimodal human-machine interface enabling situation-adaptive control inputs for highly automated vehicles","U. E. Manawadu; M. Kamezaki; M. Ishikawa; T. Kawano; S. Sugano","Department of Modern Mechanical Engineering, Waseda University, Tokyo, Japan; Department of Modern Mechanical Engineering, Waseda University, Tokyo, Japan; Department of Modern Mechanical Engineering, Waseda University, Tokyo, Japan; Research Institute for Science and Engineering (RISE), Waseda University, Tokyo, Japan; Department of Modern Mechanical Engineering, Waseda University, Tokyo, Japan",2017 IEEE Intelligent Vehicles Symposium (IV),"31 Jul 2017","2017","","","1195","1200","Intelligent vehicles operating in different levels of automation require the driver to fully or partially conduct the dynamic driving task (DDT) and to conduct fallback performance of the DDT, during a trip. Such vehicles create the need for novel human-machine interfaces (HMIs) designed to conduct high-level vehicle control tasks. Multimodal interfaces (MMIs) have advantages such as improved recognition, faster interaction, and situation-adaptability, over unimodal interfaces. In this study, we developed and evaluated a MMI system with three input modalities; touchscreen, hand-gesture, and haptic to input tactical-level control commands (e.g. lane-changing, overtaking, and parking). We conducted driving experiments in a driving simulator to evaluate the effectiveness of the MMI system. The results show that multimodal HMI significantly reduced the driver workload, improved the efficiency of interaction, and minimized input errors compared with unimodal interfaces. Moreover, we discovered relationships between input types and modalities: location-based inputs-touchscreen interface, time-critical inputs-haptic interface. The results proved the functional advantages and effectiveness of multimodal interface system over its unimodal components for conducting tactical-level driving tasks.","","978-1-5090-4804-5","10.1109/IVS.2017.7995875","","https://ieeexplore.ieee.org/stamp/stamp.jsp?arnumber=7995875","","Vehicles;Haptic interfaces;Visualization;Automation;Roads;Vibrations;Vehicle dynamics","","19","","21","IEEE","31 Jul 2017","","","IEEE","IEEE Conferences"
"An open source adaptive user interface for network monitoring","S. W. Kortschot; D. Sovilj; H. Soh; G. A. Jamieson; S. Sanner; C. Carrasco; S. Ralph; S. Langevin","Mechanical and Industrial Engineering, University of Toronto, Toronto, Canada; Mechanical and Industrial Engineering, University of Toronto, Toronto, Canada; Mechanical and Industrial Engineering, University of Toronto, Toronto, Canada; University of Toronto, Toronto, ON, CA; Uncharted Software, Toronto, Canada; Uncharted Software, Toronto, Canada; Mechanical and Industrial Engineering, University of Toronto, Toronto, Canada; Mechanical and Industrial Engineering, University of Toronto, Toronto, Canada","2017 IEEE International Conference on Systems, Man, and Cybernetics (SMC)","30 Nov 2017","2017","","","1535","1539","Decision support systems for network security represent a critical element in the safe operation of computer networks. Unfortunately, due to their complexity, it can be difficult to implement and empirically assess novel techniques for displaying networks. This paper details an open source adaptive user interface that hopes to fill this gap. This system supports agile development and offers a wide latitude for human factors and machine learning design modifications. The intent of this system is to serve as an experimental testbed for determining the efficacy of different human factors and machine learning initiatives on operator performance in network monitoring.","","978-1-5386-1645-1","10.1109/SMC.2017.8122832","","https://ieeexplore.ieee.org/stamp/stamp.jsp?arnumber=8122832","adaptive user interface;active network monitoring;experimental platform;open-source","Human factors;Data models;Visualization;Computational modeling;Communication networks;Spread spectrum communication","","2","","16","IEEE","30 Nov 2017","","","IEEE","IEEE Conferences"
"Designing Intuitive User Interfaces in Human-Computer Interaction for Enhanced Digital Experience","V. S. A. Devi; P. Agrawal; R. S. Sengar; A. Nagpal; T. A. A. U. Abedi; K. C. Mouli; A. Sangeetha","Departmento of Applied Sciences, New Horizon College of Engineering, Bangalore, India; Department of Electrical, Electronics & Communication Engineering, Galgotias university, Gerater Noida, Uttar Pradesh; Department of Electrical & Electronics Engineering, GL Bajaj Group of Institutions Mathura; Lovely Professional University, Phagwara, India; Medical Technology, The Islamic University, Najaf, Iraq; Department of CSE, GRIET, Bachupally, Hyderabad, Telangana, India; Department of Computer Science and Engineering, MLR Institute of Technology, Hyderabad, Telangana, India","2025 International Conference on Intelligent Control, Computing and Communications (IC3)","16 Apr 2025","2025","","","637","643","The article “Designing Intuitive User Interfaces in Human-Computer Interaction for Enhanced Digital Experience” describes a novel approach. By incorporating cutting-edge technologies and user-centric design principles into this innovative interface design, a significant advancement has been made. An inventive approach to creating user interfaces for any profession is suggested. It is the most amazing thing you have ever seen. Focusing on oneself clarifies the complexity of the mind. User-centered designs most likely represent their way of thinking. This improves the interface's usability by strengthening links. By showing how interfaces should be user extensions rather than just tools, this idea revolutionizes user interface design. The goal of this method is to respond to user input as soon as possible. Interfaces that combine mood analysis and real-time monitoring can potentially sense a user's emotions and actions in real time. Definitely not. Therefore, user interfaces could change depending on how the user interacts with the system. Because this approach allows for fully immersive experiences, virtual and augmented reality will be revolutionized. Integrating physical settings with virtual environments may trap people in experiences that are only available through a finite number of one-way paths. This quality attracts customers and makes it easier to create creative digital experiences. It is also recommended to use machine learning to allow for interface customization. Through personalization, screens could adapt, through reinforcement learning, to the words and actions of the user. The adaptive learning of the suggested approach might provide clients with a novel experience. To summarize, the proposed methodology reassesses cutting-edge technologies in relation to user-intuitive designs by prioritizing user-centric principles and adjusting based on feedback from users. These advancements have improved digital interactions, which has led to the expansion of computer functionality and the introduction of new applications.","","979-8-3315-2749-5","10.1109/IC363308.2025.10956353","","https://ieeexplore.ieee.org/stamp/stamp.jsp?arnumber=10956353","Adaptive Learning;Augmented Reality;Digital Experience;Human-Computer Interaction;Immersive Interfaces;Innovation;Interface Design;Machine Learning;Real-Time Feedback;Responsive Design;Spatial Awareness;Technological;Advancements;User-Centric Design;User Experience;Virtual Reality","Human computer interaction;Adaptive learning;Mood;User centered design;Virtual environments;Reinforcement learning;Real-time systems;User experience;Usability;Augmented reality","","1","","52","IEEE","16 Apr 2025","","","IEEE","IEEE Conferences"
"A Protocol for Human-Centric Adaptive User Interfaces: From Static Interaction to Behaviour-Driven Adaptation","D. Matteri; S. Masiero; S. Dell'Oca; E. Montini; V. Cutrona; L. Canetta","Department of Innovative Technologies, SUPSI, Viganello, Switzerland; Department of Innovative Technologies, SUPSI, Viganello, Switzerland; Department of Innovative Technologies, SUPSI, Viganello, Switzerland; Department of Innovative Technologies, SUPSI, Viganello, Switzerland; Department of Innovative Technologies, SUPSI, Viganello, Switzerland; Department of Innovative Technologies, SUPSI, Viganello, Switzerland","2025 IEEE International Conference on Engineering, Technology, and Innovation (ICE/ITMC)","13 Aug 2025","2025","","","1","10","Manufacturing production systems widely employ Human Machine Interfaces to guide workers and enable interactions with machines. The design of such interfaces often prioritize technological capabilities over User Experience design principles, resulting in standardized interfaces that do not adequately address user needs and provide them with excessive information. Adaptive User Interfaces present significant opportunities for enhancing traditional interfaces and improving the interactions with automation systems. In this work, a novel protocol is proposed to guide the design of adaptive, user-centered interfaces tailored to manufacturing contexts, shifting traditional static User Interfaces to advanced interfaces capable of adapting to users' behavior and characteristics. The protocol was applied in a controlled laboratory environment simulating an industrial assembly task, and 40 participants completed assembly tasks with the support of static and adaptive interfaces. The results demonstrated the protocol's effectiveness, highlighting that adaptive interfaces significantly reduce assembly time variability and errors, while enhancing user satisfaction by personalizing interactions based on user behavior.","2693-8855","979-8-3315-8534-1","10.1109/ICE/ITMC65658.2025.11106653","European Union(grant numbers:101135209); ","https://ieeexplore.ieee.org/stamp/stamp.jsp?arnumber=11106653","Adaptive User Interface;Industry 5.0;Human-Machine Interaction;User Experience;Human-Centered Design","Productivity;Technological innovation;Protocols;Adaptive systems;Target tracking;Refining;User centered design;User experience;Usability;Assembly","","","","37","IEEE","13 Aug 2025","","","IEEE","IEEE Conferences"
"A novel framework for adaptive user interface","S. Ahmad; M. Rahman; M. H. Khan; M. S. Umar","Department of Computer Engineering, Aligarh Muslim University, Aligarh, India; Department of Computer Engineering, Aligarh Muslim University, Aligarh, India; Department of Computer Engineering, Aligarh Muslim University, Aligarh, India; Department of Computer Engineering, Aligarh Muslim University, Aligarh, India","2015 Communication, Control and Intelligent Systems (CCIS)","24 Mar 2016","2015","","","427","432","User interface design is an important component of human-computer interface. User interface continues to evolve and the emphasis is on imparting more control to end-user and at the same time to facilitate ease of use. This paper proposes a framework for design of an adaptive user interface. The adaptive user interface allows automatic generation of elements of the interface such as buttons, text fields, data fields, menus etc. Moreover, it allows sharing of user screen for design of the interface from distributed locations at the same time. Further, in view of growing importance and widespread use of mobile devices, the framework incorporates portability across different platforms including mobile view. An additional feature is the incorporation of an inbuilt database pertinent to the application to allow the user to develop and design the interface quickly and easily. Mandel's Golden rules for interface design remain the backbone of the proposed framework.","","978-1-4673-7541-2","10.1109/CCIntelS.2015.7437954","","https://ieeexplore.ieee.org/stamp/stamp.jsp?arnumber=7437954","Mandel's Golden Rules;user Interface Design;Interportability;Database Integration","Mobile communication;Computational modeling;Adaptation models;Computers;Schedules;Encoding","","","","20","IEEE","24 Mar 2016","","","IEEE","IEEE Conferences"
"Advanced Simulation Control and Real-Time Monitoring for Carla: Agile Development of a Web-Based Interface","N. Pombo; M. Aleixo","Instituto de Telecomunicações, Universidade da Beira Interior, Covilhã, Portugal; Universidade da Beira Interior, Covilhã, Portugal",2025 5th Asia Conference on Information Engineering (ACIE),"8 Apr 2025","2025","","","26","31","CARLA, an open-source simulator for autonomous vehicle research, is known for its comprehensive capabilities but also its complexity, which requires substantial technical expertise and limits broader usage. This paper introduces a web-based user interface (UI) designed to simplify access to CARLA's advanced features, enabling users to control simulation parameters and monitor simulations in real-time without extensive programming skills. Employing an agile development methodology, the UI was developed through iterative sprints, allowing for continuous feedback and incremental improvements. Key features include advanced simulation control, dynamic real-time monitoring, and seamless integration with CARLA's environment. Extensive testing ensured the system's reliability, efficiency, and scalability. The new web-based UI for CARLA significantly lowers the entry barrier for users, enhancing the simulator's overall effectiveness. This development is poised to accelerate innovation in autonomous driving technologies by making CARLA more accessible, fostering collaboration, and enabling wider participation in the field.","","979-8-3315-2840-9","10.1109/ACIE64499.2025.00011","","https://ieeexplore.ieee.org/stamp/stamp.jsp?arnumber=10948233","CARLA Simulator;Web-Based User Interface;Autonomous Vehicle;Real-Time Monitoring;Agile Development","Technological innovation;Scalability;User interfaces;Solids;Real-time systems;Reliability;Vehicle dynamics;Usability;Autonomous vehicles;Testing","","","","7","IEEE","8 Apr 2025","","","IEEE","IEEE Conferences"
"A simulation platform for characteristic model-based adaptive control systems","L. Shi; Z. Lin; Y. Li","Department of Automation, Shanghai Jiao Tong University, Shanghai, China; Charles L. Brown Department of Electrical and Computer Engineering, University of Virginia, Charlottesville, VA, U. S. A.; Department of Automation, Shanghai Jiao Tong University, Shanghai, China",2015 34th Chinese Control Conference (CCC),"14 Sep 2015","2015","","","1984","1989","Characteristic modeling and the adaptive control design based on it have attracted increasing attention from the research community due to their many successful practical applications that have been reported. This paper presents a Matlab simulation platform that has been developed to facilitate the study of characteristic model based adaptive control systems. The simulation platform consists of two interweaving components: for a given continuous-time linear time-invariant plant, represented by a transfer function, and a specified sampling period, the simulation platform calculates a discretized model of the plant, and the corresponding characteristic model, and with a specified set of initial conditions of the characteristic model and its coefficients, along with the specified duration of simulation and reference input, the simulation platform will adaptively tune the coefficients of the characteristic model and calculate the outputs of the plant and the characteristic model. All the data needed for the simulation will be entered through a graphic user interface, which also plots the evolution of the outputs of the plant and the characteristic model as well as the evolution of the coefficients of the characteristic model. The simulation results can also be saved for off line plotting and analysis through the graphic user interface.","1934-1768","978-9-8815-6389-7","10.1109/ChiCC.2015.7259936","","https://ieeexplore.ieee.org/stamp/stamp.jsp?arnumber=7259936","Characteristic model;adaptive control;simulation","Adaptation models;Mathematical model;Adaptive control;Graphical user interfaces;Transfer functions;Difference equations;Data models","","","","15","","14 Sep 2015","","","IEEE","IEEE Conferences"
"Optimization Algorithm for Intelligent Cockpit Human Computer Interaction Interface Design Based on Neural Network Model","L. Wang; J. Meng","CATARC Intelligent and Connected Technology Co., LTd, Tianjin, China; CATARC Intelligent and Connected Technology Co., LTd, Tianjin, China","2024 International Conference on Electrical Drives, Power Electronics & Engineering (EDPEE)","31 May 2024","2024","","","738","742","Against the backdrop of increasingly mature artificial intelligence technology, intelligent cabins have become an important development direction for the modern automotive industry. Therefore, studying how to optimize the design of human-computer interaction (HCI) interfaces in intelligent cabins is of great significance for improving the overall performance and user experience of intelligent vehicles. This article applies the Artificial Neural Network (ANN) model to the optimization of HCI interface design in intelligent car cabins, and proposes an interactive interface image optimization algorithm based on ANN. This algorithm will automatically adjust the size, position, and color attributes of interface elements based on the driver's attention distribution and information needs, in order to improve the usability and user experience of the interface. The HCI interface constructed using the method described in this article achieved the highest subjective rating, with an average score of over 85. This result verifies the effectiveness of the method proposed in this paper in optimizing the HCI interface design of intelligent cabins. The effectiveness and potential of the proposed method were verified through comparative experiments and subjective scoring results, providing useful reference and support for the optimization design of the HCI interface in intelligent cabins.","","979-8-3503-9563-1","10.1109/EDPEE61724.2024.00142","","https://ieeexplore.ieee.org/stamp/stamp.jsp?arnumber=10539820","Neural network;Intelligent cockpit;Human-computer interaction;Interface design","Human computer interaction;Support vector machines;Interactive systems;Artificial neural networks;Gesture recognition;User experience;Safety","","","","11","IEEE","31 May 2024","","","IEEE","IEEE Conferences"
"Intelligent Transportation Scheme for Autonomous Vehicle in Smart Campus","L. C. Básaca-Preciado; N. A. Orozco-Garcia; J. M. Terrazas-Gaynor; A. S. Moreno-Partida; O. A. Rosete-Beas; J. Rizzo-Aguirre; L. F. Martinez-Grijalva; M. A. Ponce-Camacho","Center of Innovation and Design (CEID), CETYS University, Mexicali, México; Center of Innovation and Design (CEID), CETYS University, Mexicali, México; Center of Innovation and Design (CEID), CETYS University, Mexicali, México; Center of Innovation and Design (CEID), CETYS University, Mexicali, México; Center of Innovation and Design (CEID), CETYS University, Mexicali, México; Center of Innovation and Design (CEID), CETYS University, Mexicali, México; Center of Innovation and Design (CEID), CETYS University, Mexicali, México; Center of Innovation and Design (CEID), CETYS University, Mexicali, México",IECON 2018 - 44th Annual Conference of the IEEE Industrial Electronics Society,"30 Dec 2018","2018","","","3193","3199","Autonomous Vehicles are being introduced to our society on a daily basis, the whole concept of IoT has an ever growing presence, by combining the two concepts into one “Quasi-Smart City” control and communication scheme, we can get an integrated system whose first design approach is presented in this paper along with the analysis of integration techniques and protocols to develop a smart vehicle inside a state of the art communication environment which is a Smart Campus, where autonomous cars, different sensors, school data, and smart signaling combined, conform a whole new network to offer new services to the academic community such as transporting across the University Campus, smart energy appliances and smart parking among other benefits which are intended to assist general and impaired individuals who are exposed to a very high temperature during the summer time.","2577-1647","978-1-5090-6684-1","10.1109/IECON.2018.8592824","","https://ieeexplore.ieee.org/stamp/stamp.jsp?arnumber=8592824","Autonomous vehicles;smart campus;control systems;IoT;kinect;LIDAR;self-driving car","Autonomous vehicles;Laser radar;Sensor systems;Navigation;Three-dimensional displays","","7","","34","IEEE","30 Dec 2018","","","IEEE","IEEE Conferences"
"A human machine interface framework for autonomous vehicle control","T. Nakagawa; R. Nishimura; Y. Iribe; Y. Ishiguro; S. Ohsuga; N. Kitaoka","Tokushima University, Japan; Tokushima University, Japan; Aichi Prefectural University, Japan; Nagoya University, Japan; Aisin Seiki Co. Ltd, Japan; Tokushima University, Japan",2017 IEEE 6th Global Conference on Consumer Electronics (GCCE),"21 Dec 2017","2017","","","1","3","The recent development of autonomous vehicles has attracted much attention. The technologies for persons without technical knowledge to handle autonomous vehicles easily are highly demanded. We are developing an intuitive multimodal interface system using speech, gesture, and eye-gaze recognition. We designed a multimodal understanding component and dialog control component of the interface system separately using finite state transducers. As for implementation, conventional dialogue systems are controlled by a finite state transducer with user actions as inputs and system actions as outputs. Our multimodal understanding and dialog control component can be seen as a cascade of two separate transducers. Cascaded transducers can be composed to one transducer. Our system can operate a virtual car in an autonomous car simulator.","","978-1-5090-4045-2","10.1109/GCCE.2017.8229312","","https://ieeexplore.ieee.org/stamp/stamp.jsp?arnumber=8229312","Multimodal interaction;speech;gesture;eye-gaze;finite state transducer;autonomous vehicle","Speech recognition;Transducers;Speech;Autonomous vehicles;Automobiles;Conferences;Face recognition","","6","","10","IEEE","21 Dec 2017","","","IEEE","IEEE Conferences"
"Research on Human-Computer Interaction Interface Design Based on User Experience","X. Yang; W. Zeng; Y. Zhang; R. Zhu; Z. Ren; Z. Yu","College of Mechanical Engineering, North China University of Science and Technology, Tangshan, China; Dalian University of Technology, Dalian, China; College of Mechanical Engineering, North China University of Science and Technology, Tangshan, China; College of Artificial Intelligence, North China University of Science and Technology, Tangshan, China; College of Mechanical Engineering, North China University of Science and Technology, Tangshan, China; School of Innovation Design, China Academy of Art, Hangzhou, China",2024 International Conference on Artificial Intelligence and Power Systems (AIPS),"17 Oct 2024","2024","","","73","77","In the human-machine collaboration (HRC) environment, the collaboration of robots and humans is crucial. This study aims to shift the research focus of interface design from the technical to the user aspects by introducing the user experience (UX) design cycle to optimize the assisted task execution of robots in modern factories. We developed a UX-based toolset for analyzing human-robot conversations in shared task execution and to derive effective interface design requirements accordingly. In a case of industrial assembly involving human operators, humanoid robots, and automated guided vehicles (AGVs), we verified the utility of these tools. By creating interdisciplinary teams and applying methods such as the user / task matrix and experience maps, we detailed the interaction process and identified design requirements. The results show that the proposed UX design tool can effectively reveal the key elements of human-computer interaction and provide support for the design of practical and effective HMI. This work not only strengthens the role of UX in HRC interface design, but also provides new directions for future design practices and research.","","979-8-3503-9221-0","10.1109/AIPS64124.2024.00023","","https://ieeexplore.ieee.org/stamp/stamp.jsp?arnumber=10710068","Man-machine collaboration;User experience;Industrial assembly","Human computer interaction;Service robots;Human-machine systems;Collaboration;Humanoid robots;Solids;User experience;Production facilities;Design tools;Assembly","","","","10","IEEE","17 Oct 2024","","","IEEE","IEEE Conferences"
"GPS-Aided Auto Navigation System for Autonomous Vehicles","M. Shivamani; K. C. M. Reddy; S. Shakeera; H. Venkataraman","Smart Transportation Research Group, Indian Institute of Information Technology, Sricity, India; Smart Transportation Research Group, Indian Institute of Information Technology, Sricity, India; Smart Transportation Research Group, Indian Institute of Information Technology, Sricity, India; Smart Transportation Research Group, Indian Institute of Information Technology, Sricity, India",2023 11th International Symposium on Electronic Systems Devices and Computing (ESDC),"29 Jun 2023","2023","1","","1","6","Autonomous Vehicles (AV) are the future of the smart digital world. Auto Navigation is the heart of AVs. However, researchers have been working on precise auto navigation control of AVs for many years. Hence, In this paper, a GPS-aided auto navigation system is proposed with position control and heading control of AV. Further, to test the proposed algorithm an AV is designed and developed with low-cost sensors and actuators. The real-time testing of the proposed adaptive control auto navigation mechanism has been performed with three test cases such as straight line, L-shaped and Semi-circular. The results shown in this paper are the deviation between the travelled path and the defined path of the vehicle in different trajectories by assuming no obstacles in the path. The deviation of the path travelled by AV with respect to the defined path using the proposed algorithm is less than 0.5m. Finally, the telemetry of AV has been monitored by the developed Graphical User Interface (GUI). This work is very useful in auto navigation of vehicles where humans can not be sustained.","","978-1-6654-5572-5","10.1109/ESDC56251.2023.10149881","","https://ieeexplore.ieee.org/stamp/stamp.jsp?arnumber=10149881","Autonomous Vehicle;Auto Navigation;GPS;Heading Control;Position Control","Navigation;Sensor systems;Sensors;Trajectory;Safety;Telemetry;Autonomous vehicles","","1","","11","IEEE","29 Jun 2023","","","IEEE","IEEE Conferences"
"Swarm Intelligence based Recommendation Algorithm for Adaptive Optimization of APP Interface Design","K. Chen","College of Artificial Intelligence, Chengdu Polytechnic, Chengdu, China",2025 4th International Conference on Distributed Computing and Electrical Circuits and Electronics (ICDCECE),"18 Jun 2025","2025","","","1","7","Optimization of APP interface design is challenging with dynamic user preferences, heterogeneous interaction patterns, and the subjective evaluation of usability. Conventional interface design methods depend on user feedback and manual analysis, which tend to be erratic and non-adjusting to changing user needs. Current automated design models mostly use rule-based and statistical models but are unable to adequately capture sophisticated user behavior and design flexibility. To overcome these disadvantages, this work introduces a future-proof swarm intelligence recommendation algorithm that dynamically optimizes APP interface design. Based on user interaction statistics, behavioral analysis, and situational preferences, the introduced mechanism maximizes usability, personalization, and usage engagement. Experiments conducted over actual application interface designs prove the introduced approach shows a 97.3% accuracy of user satisfaction and interaction efficiency rates against traditional models of design. This work offers an intelligent and scalable solution that helps develop adaptive APP interface design methodologies.","","979-8-3315-3366-3","10.1109/ICDCECE65353.2025.11035509","","https://ieeexplore.ieee.org/stamp/stamp.jsp?arnumber=11035509","APP interface design;swarm intelligence;recommendation algorithm;user interaction analysis;adaptive UI;automated usability assessment;intelligent design optimization","Design methodology;Heuristic algorithms;Computational modeling;Manuals;Usability;Particle swarm optimization;Integrated circuit modeling;Distributed computing;Optimization;Design optimization","","","","20","IEEE","18 Jun 2025","","","IEEE","IEEE Conferences"
"Impact of Adding, Removing and Modifying Driving and Non-Driving Related Information on Trust in Autonomous Vehicles","T. T. H. Tran; E. Peillard; J. Walsh; G. Moreau; B. H. Thomas","Lab-STICC, IMT Atlantique, Brest, France; Lab-STICC, IMT Atlantique, Brest, France; University of South Australia, Adelaïde, Australia; Lab-STICC, IMT Atlantique, Brest, France; University of South Australia, Adelaïde, Australia",2025 IEEE Conference on Virtual Reality and 3D User Interfaces Abstracts and Workshops (VRW),"24 Apr 2025","2025","","","1262","1263","Integrating Autonomous Vehicles (AVs) into daily life requires a fundamental shift in user trust and acceptance. Previous studies show that Augmented Reality (AR) visualization can improve trust in AVs. However, those studies primarily focus on adding information related to the driving task. The question then must be asked: What happens if we remove unnecessary information or modify information unrelated to the driving task? Our work presents six AR visualizations within AVs, including adding, modifying, and removing information related to or non-related to the driving task. We evaluate the influence of these visualizations on trust, technology acceptance, and Situational Awareness (SA) in AVs by conducting a study employing a custom-developed driving simulator. Results show that using AR to add, modify, or remove information can significantly increase trust in AVs.","","979-8-3315-1484-6","10.1109/VRW66409.2025.00277","","https://ieeexplore.ieee.org/stamp/stamp.jsp?arnumber=10972751","Trust;Visualization design and evaluation methods;Augmented Reality;Virtual reality;Autonomous vehicle","Visualization;Solid modeling;Three-dimensional displays;Pedestrians;User interfaces;Safety;Vehicle dynamics;Autonomous vehicles;Augmented reality;Testing","","","","9","IEEE","24 Apr 2025","","","IEEE","IEEE Conferences"
"Adaptive User Interfaces for Software Supporting Chronic Diseases","W. Wang; H. Khalajzadeh; J. Grundy; A. Madugalla","Dept of Software Systems and Cybersecurity, Monash University, Melbourne, Australia; School of Information Technology, Deakin University, Melbourne, Australia; Dept of Software Systems and Cybersecurity, Monash University, Melbourne, Australia; Dept of Software Systems and Cybersecurity, Monash University, Melbourne, Australia",2023 IEEE Symposium on Visual Languages and Human-Centric Computing (VL/HCC),"7 Nov 2023","2023","","","215","218","The rising prevalence of chronic diseases necessitates effective self-management strategies. mHealth interventions have shown promise in supporting self-management, but their under-utilization remains a challenge. Individuals with chronic diseases exhibit significant variations in their conditions, severity levels, and associated complications, highlighting the need for more tailored approaches. Adaptive User Interfaces (AUIs) can be used as a solution to address the diverse and dynamic needs of individuals with chronic diseases. We have created an AUI prototype based on existing literature, incorporating presentation, content, and behaviour adaptation. Our user study employs a mixed-method research approach to gather insights from users by interacting with our prototype. The future plans of the study aim to utilise insights obtained from the data analysis to automatically generate AUIs using a model-driven approach.","1943-6106","979-8-3503-2946-9","10.1109/VL-HCC57772.2023.00034","","https://ieeexplore.ieee.org/stamp/stamp.jsp?arnumber=10305689","adaptive user interface;chronic disease;mHealth applications;model-driven approach","Visualization;Analytical models;Adaptation models;Data analysis;Computational modeling;Prototypes;User interfaces","","3","","12","IEEE","7 Nov 2023","","","IEEE","IEEE Conferences"
"Deep Learning-Enhanced Adaptive Interface for Improved Accessibility in E-Government Platforms","X. Li; Y. Wang","The school of visual and performing arts, Long Island University Post, Brookville, USA; School of Systems and Enterprises, Stevens Institute of Technology, New Jersey, USA",2024 6th International Conference on Frontier Technologies of Information and Computer (ICFTIC),"13 Mar 2025","2024","","","1692","1695","The advent of e-government platforms has highlighted the pressing need to enhance the accessibility of digital services for individuals with low literacy rates and special needs. The objective of this study is to design and develop an adaptive interface system utilising deep learning technology with the intention of markedly enhancing the accessibility and user-friendliness of e-government platforms, particularly for users with low literacy rates and special needs. The proposed model incorporates multimodal learning and reinforcement learning mechanisms, enabling automatic adjustments to the interface layout, text size, colour contrast and voice assistance functions to align with the personalised requirements of users. In particular, when integrated with sentiment analysis and speech recognition modules, the system is capable of identifying and predicting the user's operational intent in real time, thereby enabling dynamic interface adjustments. The model's innovative aspect lies in its adaptive adjustment capability and high efficiency in low-resource environments. The experimental results demonstrate that the proposed model can markedly enhance the operational efficiency and satisfaction of individuals with low literacy rates and special needs, while also improving the user experience.","","979-8-3315-4175-0","10.1109/ICFTIC64248.2024.10912984","","https://ieeexplore.ieee.org/stamp/stamp.jsp?arnumber=10912984","Deep learning;Adaptive interfaces;E-government;Low literacy rates;Special needs","Deep learning;Adaptation models;Sentiment analysis;Adaptive systems;Speech recognition;Reinforcement learning;User experience;Stability analysis;Real-time systems;Electronic government","","3","","11","IEEE","13 Mar 2025","","","IEEE","IEEE Conferences"
"Towards A Standardized Framework For Developing Trustworthy Self-Adaptive Robotic Systems","S. N. Nezhad; B. V. Acker; P. D. Meulenaere","Faculty of Applied Engineering, Cosys-Lab, University of Antwerp; Faculty of Applied Engineering, Cosys-Lab, University of Antwerp; Faculty of Applied Engineering, Cosys-Lab, University of Antwerp",2025 Annual Modeling and Simulation Conference (ANNSIM),"19 Aug 2025","2025","","","1","13","The use of robotic applications is rapidly expanding, with robots increasingly operating in unpredictable environments and in close proximity to humans. While traditionally confined to controlled settings, modern robots must operate in unpredictable real-world scenarios, raising the need for the robots to self-adapt to unprecedented situations. Self-adaptive systems, often realized through the MAPE-K loop, are essential for managing these uncertainties. However, MAPE-K is frequently implemented in an ad hoc manner, which is insufficient for developing trustworthy and reliable self-adaptive systems. The lack of a standardized framework complicates the deployment of adaptive robotic applications, making systematic trust integration challenging.We propose a standardized framework that aids robotic engineers in developing and deploying trust-integrated, distributed MAPE-K systems. Our approach explicitly incorporates a Trust component into the MAPE-K loop to enhance the trustworthiness of adaptive robotic applications. We demonstrate our framework in a real-world MAPE-K scenario using a TurtleBot4.","","979-8-3313-1616-7","","European Commission; ","https://ieeexplore.ieee.org/stamp/stamp.jsp?arnumber=11118755","self-adaptive systems;trustworthiness;MAPE-K;robotics;Model-Based Systems Engineering","Adaptive systems;Uncertainty;Systematics;Laser radar;Computational modeling;Computer architecture;Model driven engineering;Digital twins;Reliability;Robots","","","","23","","19 Aug 2025","","","IEEE","IEEE Conferences"
"IIP framework: A tool for reuse-centric analog circuit design","B. Prautsch; U. Eichler; S. Rao; B. Zeugmann; A. Puppala; T. Reich; J. Lienig","Division Engineering of Adaptive Systems EAS, Fraunhofer Institute for Integrated Circuits IIS, Dresden, Germany; Division Engineering of Adaptive Systems EAS, Fraunhofer Institute for Integrated Circuits IIS, Dresden, Germany; Division Engineering of Adaptive Systems EAS, Fraunhofer Institute for Integrated Circuits IIS, Dresden, Germany; Division Engineering of Adaptive Systems EAS, Fraunhofer Institute for Integrated Circuits IIS, Dresden, Germany; Division Engineering of Adaptive Systems EAS, Fraunhofer Institute for Integrated Circuits IIS, Dresden, Germany; Division Engineering of Adaptive Systems EAS, Fraunhofer Institute for Integrated Circuits IIS, Dresden, Germany; Dresden University of Technology, Dresden, Germany","2016 13th International Conference on Synthesis, Modeling, Analysis and Simulation Methods and Applications to Circuit Design (SMACD)","28 Jul 2016","2016","","","1","4","Current design of analog integrated circuits is still a time-consuming manual process resulting in static analog blocks which can hardly be reused. In order to address this problem, a new framework to ease reuse-centric bottom-up design of analog integrated circuits is introduced. Our IIP Framework (IIP: Intelligent Intellectual Property) enables the development of highly technology-independent analog circuit generators applicable in multiple design environments. IIP Generators are parameterizable descriptions of each view of an analog block, i.e., layout, schematic, and symbol. They allow the adaptation of complex layouts within seconds to minutes in order to incorporate hardly estimable parasitics and further considerations into the design flow. Due to the abstract generator description, valid design data is created for very different technologies such as 28 nm and 180 nm bulk CMOS, 28 nm FD-SOI, and others. The design experiment shows that procedural generators can be an effective tool for the efficient design of analog integrated circuits.","","978-1-5090-0490-4","10.1109/SMACD.2016.7520725","","https://ieeexplore.ieee.org/stamp/stamp.jsp?arnumber=7520725","Layout;Analog Design Automation;Generator;Technology Independence;Reuse;Efficient Design;FD-SOI","Generators;Layout;Routing;Analog circuits;Libraries;Manuals;Databases","","15","","26","IEEE","28 Jul 2016","","","IEEE","IEEE Conferences"
"Adaptive Back Thrusting Active Steering Control Strategy based on Haptic Sharing","G. Xu; Y. Li; J. Feng; J. Liang; C. Zhou","School of Automotive Engineering, Liaocheng University, Liaocheng, China; Beijing Hydrogen Pu Chuangneng Technology Co., LTD, Beijing, China; School of Automotive Engineering, Liaocheng University, Liaocheng, China; Department of Civil and Environmental Engineering, National University of Singapore, Singapore; College of Mechano-Electronic Engineering, Lanzhou University of Technology, Lanzhou, China",2024 12th International Conference on Information Systems and Computing Technology (ISCTech),"22 Jan 2025","2024","","","1","6","The performance of active steering technology directly affects the safety of the vehicle. Therefore, an adaptive back thrusting active steering control strategy based on haptic sharing is proposed. Aiming at the disturbance caused by driver's steering torque intervention and unknown steering resistance moment. Firstly, the perturbations are divided into known time-varying perturbations and unknown time-varying bounded perturbations, and then the adaptive law is designed for the unknown time-varying bounded perturbations. Finally, an adaptive backthrust control strategy based on haptic sharing is designed, and the parameter adaptive law is designed for the parameters. Through the joint simulation experiment based on CarSim/MATLAB, the effect of the active steering motion control of the vehicle is verified. The results show that the proposed strategy can ensure the precise lateral motion control of intelligent vehicles on roads with different adhesion coefficients and at different speeds, while improving the robustness of the system to unknown disturbances and parameter changes.","","979-8-3503-7986-0","10.1109/ISCTech63666.2024.10845401","","https://ieeexplore.ieee.org/stamp/stamp.jsp?arnumber=10845401","Autonomous vehicle;Active steering control;Adaptive backward inference theory;haptic sharing control","Motion planning;Adaptation models;Torque;Intelligent vehicles;Adhesives;Perturbation methods;Roads;Robustness;Mathematical models;Haptic interfaces","","","","16","IEEE","22 Jan 2025","","","IEEE","IEEE Conferences"
"Research on Multi-Source Adaptive Navigation Information Acquisition System","H. Yang; W. Zhao","College of Automation Engineering, Nanjing University of Aeronautics and Astronautics, Nanjing, China; College of Automation Engineering, Nanjing University of Aeronautics and Astronautics, Nanjing, China",2024 11th International Forum on Electrical Engineering and Automation (IFEEA),"18 Feb 2025","2024","","","1307","1312","Multi-source fusion autonomous navigation involves a variety of navigation information sources, which can switch dynamically according to environmental changes. To address this need, an embedded multi-core processor is utilized to design a navigation information acquisition system that implements both multi-source navigation information collection and adaptive plug-and-play functionality at the hardware and software levels. Through platform setup and testing, the system can perform adaptive matching of navigation information and support plug-and-play functionality, with a certain degree of interface scalability.","","979-8-3315-1661-1","10.1109/IFEEA64237.2024.10878762","","https://ieeexplore.ieee.org/stamp/stamp.jsp?arnumber=10878762","Multi-source Autonomous Navigation;Parallel Acquisition;Plug-and-Play;Multi-core ARM;Bare-metal","Adaptive systems;Navigation;Scalability;Stars;Switches;Real-time systems;Software;Topology;Autonomous robots;Testing","","1","","11","IEEE","18 Feb 2025","","","IEEE","IEEE Conferences"
"Research on Adaptive Software Development System Driven by ODBAM Tools and Network Software Analysis","Y. Lan","School of Computing, Beijing Jiaotong University, Weihai, China","2024 IEEE 4th International Conference on Electronic Technology, Communication and Information (ICETCI)","18 Jul 2024","2024","","","1221","1225","This paper proposes an implementation method of software interface based on functional modeling. Then according to the characteristics of SVG, the corresponding interface is automatically generated. It can effectively improve the work efficiency of developers. The generated SVG interface and JavaScript script work together to realize the full capabilities of the entire software. The main research contents include the abstraction and construction of network structure software based on agents, the adaptive and self-evolution mechanism of dynamic binding, the design and implementation of ODAM software based on organizational abstraction, the strategic expression language SADL based on self-adaptation and self-evolution and other core technologies. The system consists of ODBAM Tools, a network software analysis and development tool set, a programming tool set, and an operation support platform. An abstract interface designer allows users to intuitively specify the functional features of a software interface; it can automatically generate interfaces that match the display features of various terminals based on the functional features of the user interface. This paper uses SVG files to show the appearance of the final application interface, and uses JavaScript scripts to complete specific processing logic. With this tool, developers can write one program at a time. In this way, program interfaces are automatically generated multiple times for different devices.","","979-8-3503-6164-3","10.1109/ICETCI61221.2024.10594344","","https://ieeexplore.ieee.org/stamp/stamp.jsp?arnumber=10594344","Adaptive arrangement;network structure;agent;adaptive filtering algorithm;functional model","Analytical models;Adaptation models;Adaptive systems;Software algorithms;User interfaces;Programming;Software systems","","","","11","IEEE","18 Jul 2024","","","IEEE","IEEE Conferences"
"Canvas as a design tool for autonomous operations: With application to net inspection of a sea based fish farm using an underwater vehicle","E. I. Gr⊘tli; M. Bjerkeng; P. Rundtop; M. Vagia; F. B. Haugli; A. A. Transeth","SINTEF Digital & SINTEF Ocean, Trondheim, Norway; SINTEF Digital & SINTEF Ocean, Trondheim, Norway; SINTEF Digital & SINTEF Ocean, Trondheim, Norway; SINTEF Digital & SINTEF Ocean, Trondheim, Norway; SINTEF Digital & SINTEF Ocean, Trondheim, Norway; SINTEF Digital & SINTEF Ocean, Trondheim, Norway",OCEANS 2017 - Aberdeen,"26 Oct 2017","2017","","","1","5","Several design methods and principles have been proposed in the literature in order to guide the design of autonomous operations. Putting the required efforts into learning and using the methods is a daunting task, and experiences have shown that the use of methods meant to the help the design process are often ignored. The reason could be that the design guidelines are too complex and contain information that is not relevant for the project at hand, and that there is no easy way to distinguish what is important from what is not. In this article, we propose a canvas as a tool to support the use of Autonomous Job Analysis (AJA). The authors have previously developed AJA as a structured method for designing an autonomous operation by breaking it down in to sub-operations in order to reveal challenges, needs and limitations regarding autonomous behavior. The canvas contains the categories of the AJA method on a single page — the canvas — and each category is supported with questions to be asked during the design procedure, as well as example answers. We will describe the AJA canvas in detail, and show how it can be applied to design an autonomous operation for inspection of the net of a sea based fish farm using an underwater vehicle.","","978-1-5090-5278-3","10.1109/OCEANSE.2017.8084583","","https://ieeexplore.ieee.org/stamp/stamp.jsp?arnumber=8084583","Design for autonomy;Maritime operations;Underwater vehicles;Aquaculture","Fish;Inspection;Tools;Underwater vehicles;Design methodology;Aquaculture","","2","","14","IEEE","26 Oct 2017","","","IEEE","IEEE Conferences"
"Evaluation of Control Modalities in Highly Automated Vehicles: A Virtual Reality Simulation-Based Study","C. Sun; A. Singh; S. Samuel","Department of Systems Design Engineering, University of Waterloo, Waterloo, ON, Canada; Department of Systems Design Engineering, University of Waterloo, Waterloo, ON, Canada; Department of Systems Design Engineering, University of Waterloo, Waterloo, ON, Canada",IEEE Transactions on Intelligent Vehicles,"4 Sep 2025","2025","10","5","3494","3503","The integration of effective control modalities is paramount for enhancing user experience and safety in autonomous vehicles. This study investigates the performance and user experience of three control modalities i.e., voice, hand gesture, and physical button controls in high-level autonomous vehicles (Levels 4 and 5), under both distraction and non-distraction conditions. Our objective was to evaluate error rates, physiological responses, and subjective workload across these control modalities. The results revealed that distraction significantly increases error rates and perceived workload across all models. Voice control exhibited the lowest error rates without distraction but was most affected by it, whereas Hand Gesture control showed the highest error rates and workload in both scenarios. Physical Button control demonstrated moderate error rates and the least impact from distraction. Physiological data supported these findings, with significant increases in heart rate under distraction for all models, particularly in the voice control model. The NASA Task Load Index scores indicated higher workload under distraction, with hand gesture control being the most demanding. Our findings suggest that a combination of Physical Button and Voice control may offer the most effective solution, with recommendations for adaptive and multimodal interaction designs to mitigate distraction effects and enhance overall user satisfaction.","2379-8904","","10.1109/TIV.2024.3454608","Natural Sciences and Engineering Research Council Discovery(grant numbers:RGPIN 2019-05304); ","https://ieeexplore.ieee.org/stamp/stamp.jsp?arnumber=10666098","Autonomous vehicles;virtual driving simulation;control modalities;distraction;driver behaviour;physiological responses;subjective workload;road safety","Autonomous vehicles;Solid modeling;User experience;Safety;Visualization;Automation;Haptic interfaces","","","","55","IEEE","4 Sep 2024","","","IEEE","IEEE Journals"
"Evolution of Human-Machine Translation: From Early Interface to Modern AI","Y. E. Ogunwale","Department of Computer Science, University of Ilesa, Ilesa, Nigeria",2024 IEEE 5th International Conference on Electro-Computing Technologies for Humanity (NIGERCON),"24 Mar 2025","2024","","","1","5","The evolution of Human-Machine Interaction (HMI) has been a transformative journey, marked by significant advancements in technology and a deepening understanding of user needs. This review paper explores the historical progression of HMI, tracing its origins from early mechanical and command-line interfaces to the sophisticated, AI-driven systems of today. By examining key milestones and technological breakthroughs, the paper highlights the transition from basic interaction models to more intuitive, adaptive, and user-centric designs. The review also discusses the impact of these developments on various industries, alongside the challenges and opportunities that have emerged in the quest for seamless human-machine collaboration. The paper concludes with insights into the future trajectory of HMI, emphasizing the potential of emerging technologies to further revolutionize the way humans interact with machines.","2377-2697","979-8-3315-4255-9","10.1109/NIGERCON62786.2024.10927385","","https://ieeexplore.ieee.org/stamp/stamp.jsp?arnumber=10927385","Human-Machine Interaction;Interface Evolution;Artificial Intelligence;User-Centric Design;Interactive Systems","Human computer interaction;Privacy;Ethics;Reviews;Personal voice assistants;Virtual reality;Market research;Natural language processing;User experience;Artificial intelligence","","","","28","IEEE","24 Mar 2025","","","IEEE","IEEE Conferences"
"Augmented Reality Interfaces for Semi-Autonomous Drones","C. Hutton",IIIusioneering Lab University of Minnesota,2019 IEEE Conference on Virtual Reality and 3D User Interfaces (VR),"15 Aug 2019","2019","","","1361","1362","With recent advances in hardware technology, drones are increasingly present in research activities outside of robotics, performing a multitude of tasks such as image capture and sample collection. However, user interfaces for task-oriented drones have not kept pace with hardware breakthroughs. Current planning and control interfaces for drones are not intuitive and often place a large cognitive burden on those who are not highly trained in their use. This paper proposes a course of research that seeks to leverage natural user interfaces in augmented reality (AR) for controlling drones completing task-oriented objectives.","2642-5254","978-1-7281-1377-7","10.1109/VR.2019.8797893","","https://ieeexplore.ieee.org/stamp/stamp.jsp?arnumber=8797893","Human-centered computing;Mixed/augmented reality;Visualization techniques;Treemaps;Visualization;Visualization design and evaluation methods","Drones;Task analysis;User interfaces;Robots;Augmented reality;Planning","","2","","16","IEEE","15 Aug 2019","","","IEEE","IEEE Conferences"
"Adaptive Navigation Design Model for Education Learning System","W. N. Liyana Wan Husain; A. H. Jantan","Human-Computer Interaction (HCI) Research Lab, Faculty of Computer Science and Information Technology, Universiti Putra Malaysia, UPM Serdang, Selangor, Malaysia; Faculty of Computer Science and Information Technology, Universiti Putra Malaysia, UPM Serdang, Selangor, Malaysia",2021 International Conference on Electrical Engineering and Informatics (ICEEI),"25 Nov 2021","2021","","","1","5","Adaptive user interface (AUI) is an evolving research area that offers personalized user experiences based on user activities. It can be implemented in a variety of ways and one of them is the implementation of Adaptive Navigation technique. Even though several approaches were proposed, there are still limitations and issues in supporting navigation such as complex navigation structure can decrease user's satisfaction. Minimal navigation also can be the potential for users to get lost. The purpose of this study is to determine and analyze the element of adaptive navigation in terms of user model and its baseline which are required to improve existing adaptive navigation model in order to enhance AUI. Results of the study would include the suitable design adaptive navigation model which how they affect the user experience despite their increasingly common use. This is to understand user's preferences, abilities, needs, interests, and knowledge by providing navigation that are most relevant to the user in an effort to shape the user's cognitive load. The results are expected to lead towards comprehensive adaptive navigation model-based, which will be more competent, concise and satisfaction to user.","2155-6830","978-1-6654-0555-3","10.1109/ICEEI52609.2021.9611123","","https://ieeexplore.ieee.org/stamp/stamp.jsp?arnumber=9611123","Adaptive Navigation;Learning Styles;Adaptive Education Learning System;Human-Computer Interaction;Multimedia Application","Learning systems;Adaptation models;Analytical models;Adaptive systems;Navigation;Shape;Education","","2","","25","IEEE","25 Nov 2021","","","IEEE","IEEE Conferences"
"Introducing a road interaction-focused approach towards autonomous driving cargo bikes as a new urban mobility offer","D. Manoeva; F. Gehlmann; A. Maiwald; M. Riestock; S. Schmidt","FDIBA Postgraduate school, Technical University of Sofia, 8 Kliment Ohridski blvd., Sofia, Bulgaria; Department for Environmental Psychology, Otto-von-Guericke University Magdeburg, Universitätsplatz 2, Magdeburg, Germany; Department for Environmental Psychology, Otto-von-Guericke University Magdeburg, Universitätsplatz 2, Magdeburg, Germany; Institute of Mobile Systems, Otto-von-Guericke University Magdeburg, Universitätsplatz 2, Magdeburg, Germany; Institute of Mobile Systems, Otto-von-Guericke University Magdeburg, Universitätsplatz 2, Magdeburg, Germany",2020 XXIX International Scientific Conference Electronics (ET),"5 Nov 2020","2020","","","1","4","The project AuRa (autonomes Rad, engl. autonomous bicycle) is motivated by the real-world problem of availability and accessibility of bicycles in bike-sharing schemes in urban environments. Autonomous driving offers completely new possibilities to overcome it. With autonomous cargo-bikes as an efficient and ecological mobility solution, we can take a big step towards mobility transition. However, one of the major challenges they will be facing is the ability to interact with other road users as the most vulnerable - pedestrians. Yet, especially in terms of bikes, few studies investigated the timely topic of interaction concepts for autonomous vehicles. With our research in progress, we aim to contribute to research on the interaction of humans and autonomous cargo-bikes and gain findings helpings us design a communication interface for the autonomous bike. To this end, we designed a road interaction-focused approach involving three scientific sections: computer science, design engineering, and environmental psychology. This paper is introducing the overall interdisciplinary approach design including a series of studies for developing an interaction concept via visual and auditive signaling for the autonomous bike. It presents the current research state and some first findings of the research practice.","","978-1-7281-7426-6","10.1109/ET50336.2020.9238253","European Regional Development Funds (EFRE); ","https://ieeexplore.ieee.org/stamp/stamp.jsp?arnumber=9238253","autonomous bicycle;interaction design;non-verbal communication;signaling urban;environment","Visualization;Design engineering;Roads;Urban areas;Psychology;Bicycles;Autonomous vehicles","","2","","22","IEEE","5 Nov 2020","","","IEEE","IEEE Conferences"
"Adaptive user interface optimization for multi-screen based on machine learning","H. -Z. Tan; W. Zhao; H. -H. Shen",University of Chinese Academy of Sciences; University of Chinese Academy of Sciences; University of Chinese Academy of Sciences,2018 IEEE 22nd International Conference on Computer Supported Cooperative Work in Design ((CSCWD)),"16 Sep 2018","2018","","","743","748","As the ubiquity and power of mobile devices continue rapid developing, smartphone vendors introduce more and more types of portable electronics into the market. Since these smart portable devices have different capabilities (performance, screen size, screen resolution, etc.), it is challenging to develop tailored user interfaces for multiple devices. In this paper, we propose an intelligent user interface transformation (IUIT) framework, using the machine-learning algorithm to transform the layout, appearance, and content of user interfaces dynamically regarding device profiles. Besides, we design the prototype system, and by evaluating the usability and feasibility of the system, we demonstrate it can deliver an ideal viewing experience (suitable for reading and navigation) across a wide range of devices.","","978-1-5386-1482-2","10.1109/CSCWD.2018.8465348","","https://ieeexplore.ieee.org/stamp/stamp.jsp?arnumber=8465348","Adaptive User Interface;Smart Devices;Machine Learning","Mobile handsets;User interfaces;Optimization;Semantics;Middleboxes;Servers;Machine learning","","5","","19","IEEE","16 Sep 2018","","","IEEE","IEEE Conferences"
"A Study in Virtual Reality on (Non-)Gamers' Attitudes and Behaviors","S. Stadler; H. Cornet; F. Frenkler","TUMCREATE Singapore; TUMCREATE Singapore; Ludwig-Maximilians-Universitat Munchen, Munchen, Bayern, DE",2019 IEEE Conference on Virtual Reality and 3D User Interfaces (VR),"15 Aug 2019","2019","","","1169","1170","Virtual Reality (VR) constitutes an advantageous alternative for research considering scenarios that are not feasible in real-life conditions. Thus, this technology was used in the presented study for the behavioral observation of participants when being exposed to autonomous vehicles (AVs). Further data was collected via questionnaires before, directly after the experience and one month later to measure the impact that the experience had on participants' general attitude towards AVs. Despite a nonsignificance of the results, first insights suggest that participants with low prior gaming experience were more impacted than gamers. Future work will involve bigger sample size and refined questionnaires.","2642-5254","978-1-7281-1377-7","10.1109/VR.2019.8797750","","https://ieeexplore.ieee.org/stamp/stamp.jsp?arnumber=8797750","Virtual Reality;Autonomous vehicles;Human-centered design;H.5.1 [Information Interfaces and Presentation]: Multimedia Information Systems – Artificial, augmented and virtual realities;H.1.2 [User/Machine Systems]: Human factors;H.5.2 [User Interfaces]: User-centered design","Autonomous vehicles;Virtual environments;Atmospheric measurements;Particle measurements;Data collection;User interfaces","","2","","11","IEEE","15 Aug 2019","","","IEEE","IEEE Conferences"
"Autonomous Robot Navigation with SLAM, AMCL, and Real-Time User Interaction for Task Management and Identity Verification","M. Ibrahim; M. Salem; I. Hossain; A. Sarbabidya; S. K. Saha","CIS Tech Ltd., Dhaka, Bangladesh; CIS Tech Ltd., Dhaka, Bangladesh; CIS Tech Ltd., Dhaka, Bangladesh; CIS Tech Ltd., Dhaka, Bangladesh; CIS Tech Ltd., Dhaka, Bangladesh","2024 IEEE 3rd International Conference on Robotics, Automation, Artificial-Intelligence and Internet-of-Things (RAAICON)","24 Mar 2025","2024","","","252","257","This paper presents the development of an autonomous robot system utilizing the Nvidia Jetson Nano, designed for efficient self-navigation and task management. The system integrates Simultaneous Localization and Mapping (SLAM), Adaptive Monte Carlo Localization (AMCL), and LiDAR for accurate real-time mapping and localization. Microcontrollers are employed for task execution, user interaction, and real-time monitoring via a web portal, with task completion verified through QR code scanning and voice notifications to the user. The system allows users to send requests for item retrieval or delivery, with the robot autonomously carrying out the tasks. The robot was tested in various environments, demonstrating high task accuracy, energy efficiency, and reliable performance. Future work will focus on priority-based task execution, energy-efficient path planning, and advanced user identification systems.","","979-8-3315-3440-0","10.1109/RAAICON64172.2024.10928347","","https://ieeexplore.ieee.org/stamp/stamp.jsp?arnumber=10928347","Autonomous robot system;ROS;indoor mapping;Nvidia Jetson Nano;navigation;task management;SLAM;AMCL;LiDAR;real-time mapping;microcontroller;task execution;voice update;user interaction;web interface;QR code verification;task accuracy;energy efficiency","Location awareness;Simultaneous localization and mapping;Accuracy;Laser radar;Navigation;Microcontrollers;QR codes;Real-time systems;Energy efficiency;Autonomous robots","","1","","24","IEEE","24 Mar 2025","","","IEEE","IEEE Conferences"
"Designing adaptive learning support through machine learning techniques","R. O. Oboko; E. M. Maina; P. W. Waiganjo; E. I. Omwenga; R. D. Wario","University of Nairobi, Nairobi, Kenya; Kenyatta University, Nairobi, Kenya; University of Free State, Kestell, Republic of South Africa; University of Nairobi, Nairobi, Kenya; University of Free State, Kestell, Republic of South Africa",2016 IST-Africa Week Conference,"8 Aug 2016","2016","","","1","9","The use of web 2.0 technologies in web based learning systems has made learning more learner-centered. In a learner centered environment, there is need to provide appropriate support to learners based on individual learner characteristics in order to maximize learning. This requires a Web-based learning system to have an adaptive interface to suit individual learner characteristics in order to accommodate diversity of learner needs and abilities and to maintain an appropriate context for interaction and for achieving personalized learning. The purpose of this paper is to discuss how machine learning techniques can provide adaptive learning support in a Web-based learning system. In this research, two machine learning algorithms namely: Heterogeneous Value Difference Metric (HVDM) and Naive Bayes Classifier (NBC) were used. HVDM was used to determine those learners who were similar to the current learner while NBC was used to estimate the likelihood that the learner would need to use additional materials for the current concept. To demonstrate the concept we used a course in object oriented programming (OOP).","","978-1-9058-2455-7","10.1109/ISTAFRICA.2016.7530676","","https://ieeexplore.ieee.org/stamp/stamp.jsp?arnumber=7530676","Web-based learning system;Machine learning;Heterogeneous Value Difference Metric;Naive Bayes Classifier;Adaptive interface","Adaptation models;Object oriented modeling;Adaptive systems;Learning systems;Machine learning algorithms;User interfaces;Navigation","","2","","13","","8 Aug 2016","","","IEEE","IEEE Conferences"
"Human Machine Interface Design to Support Safety Risk Monitoring of Autonomous Small Unmanned Aircraft Systems – Results from a Mock-Up Evaluation","M. Friedrich","Institute of Flight Guidance, German Aerospace Center (DLR), Braunschweig, Germany",2021 IEEE/AIAA 40th Digital Avionics Systems Conference (DASC),"15 Nov 2021","2021","","","1","7","Numerous research papers propose the operation of highly automated or autonomous small Unmanned Aircraft Systems (UAS) in low-altitude urban airspace. However, the operation of autonomous UAS introduces safety risks, such as unsafe proximity to people and property or collision with other traffic and obstacles. In order to approach these safety risks, technical means were proposed, including geo-fencing systems and autonomous collision avoidance systems. Humans will most likely stay an essential component in assuring safety during autonomous UAS operations, analyzing and supervising the output of the technical safety assurance systems. In a previous study, a Human Machine Interface (HMI) was developed, aiming to comprehensively visualize information stemming from the aforementioned safety assurance systems. The HMI enables an operator to simultaneously supervise multiple autonomous UAS in low-altitude urban airspace. An evaluation of the HMI was conducted with an online study using mock-ups of the HMI. Seven UAS pilots took part in the evaluation study and completed four experimental scenarios. This paper focuses on the usability and acceptability of the HMI. Further, its main advantages, disadvantages and suggestions for improvement obtained in an online questionnaire are presented. The findings of the evaluation show satisfying results for usability and acceptability. Even though, various suggestions for improvement of the HMI were obtained. Based on the results, the HMI will be improved for future studies and will ultimately be integrated into a simulation environment.","2155-7209","978-1-6654-3420-1","10.1109/DASC52595.2021.9594511","","https://ieeexplore.ieee.org/stamp/stamp.jsp?arnumber=9594511","human machine interface;unmanned aircraft systems;interface evaluation","Visualization;Atmospheric modeling;Aerospace electronics;Real-time systems;Safety;Complexity theory;Aircraft","","2","","22","IEEE","15 Nov 2021","","","IEEE","IEEE Conferences"
"An Open-Source Scenario Architect for Autonomous Vehicles","T. Stahl; J. Betz","Chair of Automotive Technology, Technical University of Munich, Garching, Germany; Chair of Automotive Technology, Technical University of Munich, Garching, Germany",2020 Fifteenth International Conference on Ecological Vehicles and Renewable Energies (EVER),"2 Nov 2020","2020","","","1","8","The development of software components for autonomous driving functions should al-ways include an extensive and rigorous evaluation. Since real-world testing is expensive and safety-critical - especially when facing dynamic racing scenarios at the limit of handling - a favored approach is simulation-based testing. In this work, we pro-pose an open-source graphical user interface, which allows the generation of a multi-vehicle scenario in a regular or even a race environment. The under-lying method and implementation is elaborated in detail. Furthermore, we showcase the potential use-cases for the scenario-based validation of a safety assessment module, integrated into an autonomous driving software stack. Within this scope, we introduce three illustrative scenarios, each focusing on a different safety-critical aspect.","","978-1-7281-5641-5","10.1109/EVER48776.2020.9243029","","https://ieeexplore.ieee.org/stamp/stamp.jsp?arnumber=9243029","Autonomous vehicles;safety assessment;scenario-based testing;scenario architect","Focusing;Safety;Vehicle dynamics;Autonomous vehicles;Open source software;Testing;Graphical user interfaces","","7","","18","IEEE","2 Nov 2020","","","IEEE","IEEE Conferences"
"Robust Adaptive Modular Perception System (RAMPS): A Node-Based Processing Framework for Training and Testing Vehicle Perception Systems","D. Kent; D. Mazza; H. Radha","Electrical and Computer Engineering, Michigan State University, East Lansing, Michigan; Electrical and Computer Engineering, Michigan State University, East Lansing, Michigan; Electrical and Computer Engineering, Michigan State University, East Lansing, Michigan",2024 IEEE 100th Vehicular Technology Conference (VTC2024-Fall),"28 Nov 2024","2024","","","1","7","Neural network-based algorithms have advanced the state-of-the-art in many perception-related tasks such as detection, tracking, and prediction, which are critically important for autonomous vehicles, ADAS, and other related technologies. However, integrating disparate neural network-based algorithms together can be challenging due to varying system-level requirements, non-standard network input and output formats, and custom network features. In this paper, we introduce RAMPS, a framework for developing a node-based system for integrating datasets, perception algorithms, and other processing modules in a single cohesive graph-based system. This system represents a novel framework architecture for constructing and evaluating perception pipelines. We first outline the design philosophy of this system, then we explain the design decisions we made in developing a functioning prototype, then outline algorithms and functions that we have already integrated into RAMPS, and lastly demonstrate some practical examples and benchmarks that show how our proposed framework operates and benefits current and future state-of-the-art perception systems. We intend to release our framework as open source software in the near future for the benefit of the autonomous vehicle, ADAS, and overall computer vision communities.","2577-2465","979-8-3315-1778-6","10.1109/VTC2024-Fall63153.2024.10757677","","https://ieeexplore.ieee.org/stamp/stamp.jsp?arnumber=10757677","","Training;Vehicular and wireless technologies;Technological innovation;Adaptive systems;Source coding;Software algorithms;Pipelines;Prototypes;Prediction algorithms;Autonomous vehicles","","","","22","IEEE","28 Nov 2024","","","IEEE","IEEE Conferences"
"Derivation Method for Reliable Initial Design in Design Optimization Using Dot Sensitivity","S. G. Hong; J. Seong Lee; J. H. Wang; I. Han Park","Department of Electrical and Computer Engineering, Sungkyunkwan University, Suwon, South Korea; Department of Electrical and Computer Engineering, Sungkyunkwan University, Suwon, South Korea; Department of Electrical and Computer Engineering, Sungkyunkwan University, Suwon, South Korea; Department of Electrical and Computer Engineering, Sungkyunkwan University, Suwon, South Korea",2019 22nd International Conference on Electrical Machines and Systems (ICEMS),"5 Dec 2019","2019","","","1","4","In design optimization, an improper initial design can make the final design converge to a local optimum and increase the time required to obtain an optimal design. Therefore, it is important to determine an appropriate initial design. This paper proposes a novel technique to obtain a proper initial design, using a dot sensitivity analysis. The obtained initial design is close to the optimal design, in most cases, because it is obtained based on a sensitivity analysis. Thus, it can prevent the problems caused by improper initial design. A design optimization problem is tested to demonstrate the validity of the proposed method.","2642-5513","978-1-7281-3398-0","10.1109/ICEMS.2019.8922477","","https://ieeexplore.ieee.org/stamp/stamp.jsp?arnumber=8922477","reliable initial design;design optimization;continuum shape sensitivity;dot sensitivity","Shape;Level set;Linear programming;Design optimization;Sensitivity analysis;Magnetostatics","","","","6","IEEE","5 Dec 2019","","","IEEE","IEEE Conferences"
"Visualizing Functional Verification in Adaptive AUTOSAR","J. Jovičić; M. Kotur; M. Z. Bjelica; I. Papp","RT-RK Institute for Computer Based Systems, Novi Sad, Serbia; RT-RK Institute for Computer Based Systems, Novi Sad, Serbia; Faculty of Technical Sciences, Novi Sad, Serbia; Faculty of Technical Sciences, Novi Sad, Serbia",2018 IEEE 8th International Conference on Consumer Electronics - Berlin (ICCE-Berlin),"16 Dec 2018","2018","","","1","4","The automotive industry is developing more and more these days. New features and functions like autonomous driving, digital cockpit, communication between vehicle and cloud, software updates over the air and many other requiring an increasing amount of software. Such a complex software environment is difficult to verify. There are many solutions in this regard in the industry, however, the problem of software testing and verification is still huge. It can also be challenging to demonstrate feature set and assist functional verification procedures, which are very relevant in agile development practices which require sprint-based demonstrations. In this paper, we present an approach to functionally verify software through visualization, in the scope of Adaptive AUTOSAR stack.","2166-6822","978-1-5386-6095-9","10.1109/ICCE-Berlin.2018.8576232","","https://ieeexplore.ieee.org/stamp/stamp.jsp?arnumber=8576232","automotive;software;software testing;Adaptive AUTOSAR;system testing;SOME/IP protocol;QT framework","Software;Automotive engineering;Visualization;Industries;Vehicles;Adaptive systems;Standards","","1","","11","IEEE","16 Dec 2018","","","IEEE","IEEE Conferences"
"Data Interface for an Interactable Ship Bridge towards Maritime Autonomous Surface Ships at Human-in-the-loop Levels","B. Wu; L. I. Hatledal; A. Madsen; T. Wang; A. Brandsæter; O. L. Osen","Department of ICT and Natural Science, Norwegian University of Science and Technology, Larsgårdsvegen 2, Ålesund, Norway; Department of ICT and Natural Science, Norwegian University of Science and Technology, Larsgårdsvegen 2, Ålesund, Norway; Department of Ocean Operations and Civil Engineering, Norwegian University of Science and Technology, Larsgårdsvegen 2, Ålesund, Norway; Department of Ocean Operations and Civil Engineering, Norwegian University of Science and Technology, Larsgårdsvegen 2, Ålesund, Norway; Department of ICT and Natural Science, Norwegian University of Science and Technology, Larsgårdsvegen 2, Ålesund, Norway; Department of ICT and Natural Science, Norwegian University of Science and Technology, Larsgårdsvegen 2, Ålesund, Norway",2024 IEEE 4th International Conference on Human-Machine Systems (ICHMS),"19 Jun 2024","2024","","","1","6","This article presents a data interface for maritime simulators to facilitate the development of ship Automatic Navigational Systems (ANS) at different autonomy levels. The core architecture of this data interface consists of the simulator, Sim-PC, and downstream clients. Two data transmission channels are established between the simulator and SimPC using UDP and Modbus TCP/IP protocols, while data interaction between Sim-PC and clients is achieved through websockets. The article provides technical details of each data channel and demonstrates their application through relevant examples. These examples include supporting Decision Support Systems (DSS) development through UDP-based NMEA data publishing, external control of the simulator using Modbus, and remote control or decision support of the simulator through websockets from downstream clients. This data interface offers opportunities for ANS testing on simulators and provides the necessary conditions for the development and testing of all Maritime autonomous surface ships (MASS) autonomy levels defined by the International Maritime Organization (IMO).","","979-8-3503-1579-0","10.1109/ICHMS59971.2024.10555708","","https://ieeexplore.ieee.org/stamp/stamp.jsp?arnumber=10555708","Maritime autonomous surface ships (MASS);Human-in-the-loop (HITL);Human-autonomy cooperation;Interaction-centered design;Onboard decision support","Decision support systems;Protocols;Portable computers;Navigation;Data models;Behavioral sciences;Logic","","1","","11","IEEE","19 Jun 2024","","","IEEE","IEEE Conferences"
"An Architecture for Autonomic Networks","P. Djukic","Office of the CTO Ciena Canada, Ottawa, Canada",2022 IEEE Future Networks World Forum (FNWF),"8 Mar 2023","2022","","","117","124","We elucidate our approach to top-down design of Application Programming Interfaces (APIs) for AI-enabled autonomic network slices. We start with the notion that an API design follows from the underlying software and hardware network architecture and the function and role of each architectural block. We then proceed to describe an adaptive and fully autonomic software architecture for hybrid (software and hardware) network slices, which has recently been a topic of interest for 6G networks. The architecture uses several software design and architectural patterns, which show how the architectural blocks behave and interact with each other. The knowledge of behaviour leads to required APIs. The APIs are further specified in the pattern definitions. We provide two examples of how the architecture is used to achieve network intent with self-adapting network slices.","2770-7679","978-1-6654-6250-1","10.1109/FNWF55208.2022.00030","","https://ieeexplore.ieee.org/stamp/stamp.jsp?arnumber=10056694","Network Intelligence;Orchestration;Assurance;Network Intent;6G","6G mobile communication;Software design;Adaptive systems;Software architecture;Computer architecture;Network architecture;Software","","","","25","IEEE","8 Mar 2023","","","IEEE","IEEE Conferences"
"ROS-Based Indoor Autonomous Exploration and Navigation Wheelchair","Z. Li; Y. Xiong; L. Zhou","Ministry of Education, Key Laboratory of Fiber Optic Sensing Technology and Information Processing (Wuhan University of Technology), Wuhan, Hubei, China; School of Information Engineering, Wuhan University of Technology, Wuhan, Hubei, China; Ministry of Education, Key Laboratory of Fiber Optic Sensing Technology and Information Processing (Wuhan University of Technology), Wuhan, Hubei, China",2017 10th International Symposium on Computational Intelligence and Design (ISCID),"8 Feb 2018","2017","2","","132","135","Aiming at the current situation of high cost, complicated construction and poor reusability of the autonomous navigation system, an indoor wheelchair autonomous exploration and navigation system with low cost and high reusability is realized in this paper. The host computer program is based on the Robot Operating System (ROS), an extensible Arduino microcontroller is used to control wheelchair motors. The wheelchair adopts two-wheel differential control structure. Compared to expensive laser sensors, a cost-effective RGB-D camera is used to perceive environment. The depth point cloud from RGB-D camera is cast to laser data and then used for map building and obstacle detection of Gmapping algorithm. The position and orientation of wheelchair are estimated by Adaptive Monte Carlo Localization (AMCL) algorithm. A* algorithm is applied to global path planning; Dynamic Window Approach (DWA) algorithm is used for local path planning. Frontier-Based approach for autonomous exploration is used to explore unknown regions automatically. Finally, an Android APP is developed to provide friendly human-computer interaction interfaces.","2473-3547","978-1-5386-3675-6","10.1109/ISCID.2017.55","","https://ieeexplore.ieee.org/stamp/stamp.jsp?arnumber=8283240","intelligent wheelchair;autonomous exploration;ROS;simultaneous localization and mapping (SLAM);human-computer interaction","Wheelchairs;Navigation;Cameras;Algorithm design and analysis;Smart phones;Image edge detection;Heuristic algorithms","","32","","10","IEEE","8 Feb 2018","","","IEEE","IEEE Conferences"
"A Simplified Volume of Fluid Method for Interface Tracking on Adaptive Cartesian Grids","G. T. Suwito; J. Vorspohl; E. Juntasaro","Mechanical Engineering Simulation and Design Group, The Sirindhorn International Thai-German Graduate School of Engineering King Mongkut's University of Technology North Bangkok, Bangkok, Thailand; Institute of Aerodynamics, RWTH Aachen University, Aachen, Germany; Mechanical Engineering Simulation and Design Group, The Sirindhorn International Thai-German Graduate School of Engineering King Mongkut's University of Technology North Bangkok, Bangkok, Thailand","2023 Research, Invention, and Innovation Congress: Innovative Electricals and Electronics (RI2C)","21 Dec 2023","2023","","","229","234","The interface tracking method is one of the most critical issues in computational fluid dynamics (CFD) fields. This research extends a simplified volume of fluid (SVOF) method for interface tracking on multiphase flow to adaptive Cartesian grids. The SVOF method for uniform meshes is modified to ensure the accurate calculation of fluxes between cells at different resolutions. The adaptive mesh refinement (AMR) enables the grid to be refined in specific areas during the simulation to reduce the necessary computational effort. Several benchmark cases are carried out for validation, including linear and vortex advection cases. This study discusses the outcomes between uniform meshes and adaptively refined meshes. Different types of interpolation weights of the SVOF and the bandwidth size of the AMR are also varied to find the effect on the accuracy of the simulation. This study shows that the AMR technique can provide robust, conservative, and accurate interface tracking and is a promising candidate for the use in multiphase flow simulations.","","979-8-3503-3061-8","10.1109/RI2C60382.2023.10356018","Deutscher Akademischer Austauschdienst e.V. (DAAD); ","https://ieeexplore.ieee.org/stamp/stamp.jsp?arnumber=10356018","Adaptive mesh refinement;SVOF;interface tracking;multiphase flow;CFD","Technological innovation;Interpolation;Fluids;Computational fluid dynamics;Bandwidth;Benchmark testing;Adaptive mesh refinement","","","","14","IEEE","21 Dec 2023","","","IEEE","IEEE Conferences"
"Adaptive Event Driven Framework for Real Time Multi-Agent Missions","J. A. Bonache-Seco; J. A. Lopez-Orozco; E. B. Portas; J. L. Risco Martín","Computer Science Architecture and Automatic Systems, Complutense University of Madrid, Madrid, Spain; Computer Science Architecture and Automatic Systems, Complutense University of Madrid, Madrid, Spain; Computer Science Architecture and Automatic Systems, Complutense University of Madrid, Madrid, Spain; Computer Science Architecture and Automatic Systems, Complutense University of Madrid, Madrid, Spain",2018 IEEE/ACM 22nd International Symposium on Distributed Simulation and Real Time Applications (DS-RT),"6 Jan 2019","2018","","","1","5","A Ground Control Station (GCS) is an essential element to supervise and control autonomous vehicles performing complex missions in real time. In the new era of Internet of Things, where systems are highly connected, these missions demand enormous amounts of computational power to correctly manage the coordination of all the vehicles involved. In this scope, the set of Unmanned Vehicles (UVs) included in the mission must achieve more difficult tasks everyday. As a consequence, the development of a robust, reusable and adaptable GCS framework to allow a single operator to monitor and control a team of heterogeneous agents raises a number of research and engineering challenges. In this paper we introduce an adaptive event-driven framework specially designed for GCSs involved in heterogeneous multi-agent missions that takes advantage of two features: 1) it allows the GCS to add or remove both actual or simulated agents in real time, changing the number or types of monitored agents, and 2) from a software design perspective, the graphical user interface dynamically changes its view in order to minimize operators fatigue and mental workload, facilitating the success of the mission in such complex environments. We also show one of the tests performed with the adaptive framework, where after observing how a real UV deployed in a water surface performs successfully a set of previously planned trajectories, we will see how a simulated UV joins the mission in order to fulfill a leader-follower maneuver.","1550-6525","978-1-5386-5048-6","10.1109/DISTRA.2018.8600998","","https://ieeexplore.ieee.org/stamp/stamp.jsp?arnumber=8600998","Event-Driven Architecture;Ground Control Station;Adaptive Graphics User Interface;Mental Workload","Computer architecture;Real-time systems;Adaptation models;Task analysis;Monitoring;Software;Computational modeling","","1","","25","IEEE","6 Jan 2019","","","IEEE","IEEE Conferences"
"On Reading Changes under the Fragmentized Reading Environment and Application of Visual Thinking in the Design of Mobile Multimedia Reading Interface","Y. W. Hao; C. Zeng","Design & Art school, Beijing Institute of technology, Beijing, China; Design & Art school, Beijing Institute of technology, Beijing, China",2016 International Conference on Information System and Artificial Intelligence (ISAI),"16 Jan 2017","2016","","","168","171","By analyzing the generation of fragmentized reading environment in the age of multimedia information and the changes in reading psychology and reading purpose of the cognitive behaviors under such environment, it is discussed in this paper that under the fragmentized reading environment, the reading psychology of users changes from ""linearity"" to ""nonlinearity"", and the reading content and purpose also present the fragmentized interest points, matched knowledge points and scattered search points from the original ""systematic knowledge"". Therefore, it is concluded in this paper that the design of multimedia reading interface shall have a design concept adaptive to such changes. By discussing the guiding significance to the concept of visual thinking and the interface design, the design of visual hierarchical relationship in the visual thinking and its application in the interactive design of interface design, the practicality and usability values are better used under the current fragmented reading environment, and thus the use efficiency is enhanced.","","978-1-5090-1585-6","10.1109/ISAI.2016.0044","","https://ieeexplore.ieee.org/stamp/stamp.jsp?arnumber=7816697","Fragmented;Reading Changes;Visual Thinking;Design of Multimedia Interface","Visualization;Multimedia communication;Mobile communication;Psychology;Media;Art","","","","5","IEEE","16 Jan 2017","","","IEEE","IEEE Conferences"
"Autonomous Voice Recognition Wheelchair Control System","M. M. Abdulghani; W. L. Walters; K. H. Abed","Jackson State University, Jackson, Mississippi; Jackson State University, Jackson, Mississippi; Jackson State University, Jackson, Mississippi",2022 International Conference on Computational Science and Computational Intelligence (CSCI),"25 Aug 2023","2022","","","226","230","Autonomous wheelchairs are essential for improving the mobility of individuals with disabilities or physical challenges. Advances in computer and wireless communication technologies have paved the way for the design of smart wheelchairs to match the needs of disabled people. This research paper introduces the design and implementation of an electric wheelchair controller using voice recognition. This model is based on a voice recognition algorithm for classifying the essential commands to drive the wheelchair. A pre-designed adaptive neuro-fuzzy controller has been used to generate the required control signals for activating the motors of the wheelchair. This controller alters data gathered from obstacle avoidance sensors and a voice recognition classifier. Deep learning algorithms have made many technological developments and influences modern daily lives. After testing our developed deep learning algorithm, the overall classification accuracy for distinguishing between eight voice commands was 98 %.","2769-5654","979-8-3503-2028-2","10.1109/CSCI58124.2022.00043","","https://ieeexplore.ieee.org/stamp/stamp.jsp?arnumber=10216452","Voice Recognition;VR;Deep Learning;DL;EEG;Brain-Computer Interface;BCI;Brain-Machine Interface;RNN;BMI;LSTM;STFT;Autonomous Wheelchairs","Deep learning;Wireless communication;Scientific computing;Wheelchairs;Computational modeling;Speech recognition;Control systems","","9","","15","IEEE","25 Aug 2023","","","IEEE","IEEE Conferences"
"Advancements in fECG: Employing Adaptive Noise Cancellation Algorithms for Signal Enhancement","A. Kiran; S. M S; S. K. K S","Department of ECE, B.M.S College of Engineering, Bangalore, India; Department of ECE, B.M.S College of Engineering, Bangalore, India; Department of ECE, B.M.S College of Engineering, Bangalore, India","2024 2nd International Conference on Networking, Embedded and Wireless Systems (ICNEWS)","29 Oct 2024","2024","","","1","6","Monitoring the fetus during pregnancy is crucial for identifying factors that could adversely affect fetal health, preventing intrauterine deaths or causing permanent harm to the fetus. Diverse approaches including fetal electrocardiography (fECG), fetal phonocardiography (fPCG), fetal echocardiography (fECHO), fetal magnetocardiography (fMCG) and cardiotocography (CTG) utilizing Doppler ultrasound are utilized in the surveillance of fetal well-being. The fECG method has been employed for extracting fetal signals. However, proper signal processing is imperative during pregnancy due to contamination by maternal components and disturbances encompassing biological elements such as maternal and fetal movements, breathing, muscle activity, uterine contractions, and technical interferences like electrostatic potentials and network disruptions contribute to the overall noise. This study focuses on the technique of extracting fetal electrocardiogram (fECG) using Active Noise Cancellation (ANC). The application of destructive interference principles is used to isolate the fetal heart signal from surrounding maternal and environmental noise. An adaptive filter is designed using three prominent algorithms: the Gradient Descent method, the Least Mean Square (LMS) Algorithm, and the Normalized Least Mean Square (NLMS) algorithm. A MATLAB Graphical User Interface (GUI) is developed to implement these algorithms, allowing the variation of parameters such as filter length and learning rate for each algorithm. The GUI provides graphical visualization of the results, facilitating a comprehensive comparison of all three algorithms. The presented research contributes to enhancing the accuracy of fetal monitoring and signal extraction during pregnancy.","","979-8-3503-6746-1","10.1109/ICNEWS60873.2024.10730961","","https://ieeexplore.ieee.org/stamp/stamp.jsp?arnumber=10730961","Adaptive Noise Cancellation (ANC);fetal ECG (fECG);maternal ECG;Gradient Descent Method;Least Mean Square Algorithm (LMS);Normalised LMS(NLMS);Graphical User Interface (GUI);fetal heart rate(fhr)","Pregnancy;Wireless communication;Visualization;Working environment noise;Signal processing algorithms;Adaptive filters;Electrocardiography;Noise cancellation;Fetus;Graphical user interfaces","","","","12","IEEE","29 Oct 2024","","","IEEE","IEEE Conferences"
"DAVINCI Descent Sphere Data Flow Design Overview and Initial Performance Estimates","J. Hageman; J. M. Pedraza; M. Garrison; C. Goodloe; S. Dutta","Goddard Space Flight Center, Greenbelt, MD, USA; Goddard Space Flight Center, Greenbelt, MD, USA; Goddard Space Flight Center, Greenbelt, MD, USA; Goddard Space Flight Center, Greenbelt, MD, USA; Langley Research Center, Hampton, VA, USA",2025 IEEE Aerospace Conference,"14 Jul 2025","2025","","","1","11","This paper provides a design overview and initial performance estimates related to the data flow from the Descent Sphere (DS) instruments to the relay spacecraft for the Deep Atmosphere Venus Investigation of Noble gasses, Chemistry, and Imaging (DAVINCI) mission, targeting a launch in the early 2030s To maximize high value science data return during descent over the range of possible scenarios, the descent sphere to spacecraft relay link will utilize an autonomous adaptive data rate scheme and data flow will be managed via a data prioritization algorithm. The data prioritization algorithm is implemented in autonomous flight software on the descent sphere, assisted by firmware to offload low latency frame processing supporting the radio interface. Driving concepts that justify the initial design are covered along with initial results from implementing bounding data rate scenarios in a flight software prototype and supporting simulation environment to support design validation and analysis. Data generation, queuing, transmission, and storage estimates by type and priority are included to illustrate the approach to ensuring mission success over a variety of scenarios.","2996-2358","979-8-3503-5597-0","10.1109/AERO63441.2025.11068453","GSFC; ","https://ieeexplore.ieee.org/stamp/stamp.jsp?arnumber=11068453","","Space vehicles;Software algorithms;Venus;Prototypes;Throughput;Software;Robustness;Relays;Resilience;Microprogramming","","","","6","USGov","14 Jul 2025","","","IEEE","IEEE Conferences"
"Re-design of the Household Appliance UI to make it an Adaptive System","F. Gullà; A. Brunzini; M; A. Papetti; M. Germani","Department of Industrial Engineering and Mathematical Sciences, Università Politecnica delle Marche, Ancona, Italy; Department of Industrial Engineering and Mathematical Sciences, Università Politecnica delle Marche, Ancona, Italy; Department of Industrial Engineering and Mathematical Sciences, Università Politecnica delle Marche, Ancona, Italy; Department of Industrial Engineering and Mathematical Sciences, Università Politecnica delle Marche, Ancona, Italy; Department of Industrial Engineering and Mathematical Sciences, Università Politecnica delle Marche, Ancona, Italy",2019 IEEE 23rd International Symposium on Consumer Technologies (ISCT),"14 Nov 2019","2019","","","63","67","Everyday life is increasingly rich in man-machine interactions and new challenges in user interface design arise. In particular, it emerges the need of adaptable solutions that learn from the user's behavior to improve their experience. In this context, the paper aims to redesign an existing UI to make it an Adaptive System. The introduction of an adaptive module allows finding the optimal interface features combination based on the user profile and previously interactions. The experimentation results demonstrate the adaptability and versatility of the proposed application by evaluating the user satisfaction and the perceived adaptability with respect to the native application.","2159-1423","978-1-7281-3570-0","10.1109/ISCE.2019.8901020","","https://ieeexplore.ieee.org/stamp/stamp.jsp?arnumber=8901020","adaptive interfaces;usability;user-centered;household appliances","Home appliances;Adaptive systems;System performance;Human-machine systems;Decision making;User interfaces;User experience;Usability;Wireless fidelity;Monitoring","","","","16","IEEE","14 Nov 2019","","","IEEE","IEEE Conferences"
"Driving Toward Inclusion: A Systematic Review of AI-Powered Accessibility Enhancements for People With Disability in Autonomous Vehicles","A. Bastola; H. Wang; S. P. H. Boroujeni; J. Brinkley; A. J. Moshayedi; A. Razi","School of Computing, Clemson University, Clemson, SC, USA; School of Computing, Clemson University, Clemson, SC, USA; School of Computing, Clemson University, Clemson, SC, USA; School of Computing, Clemson University, Clemson, SC, USA; School of Information Engineering, Jiangxi University of Science and Technology, Nanchang, China; School of Computing, Clemson University, Clemson, SC, USA",IEEE Access,"10 Apr 2025","2025","13","","61384","61415","This paper provides a comprehensive and, to our knowledge, the first review of inclusive human-computer interaction (HCI) within autonomous vehicles (AVs) and human-driven cars with partial autonomy, emphasizing accessibility and user-centered design principles. We explore the current technologies and HCI systems designed to enhance passenger experience, particularly for individuals with accessibility needs. Key technologies discussed include brain-computer interfaces, anthropomorphic interaction, virtual reality, augmented reality, mode adaptation, voice-activated interfaces, haptic feedback, etc. Each technology is evaluated for its role in creating an inclusive in-vehicle environment. Furthermore, we highlight recent interface designs by leading companies and review emerging concepts and prototypes under development or testing, which show significant potential to address diverse accessibility requirements. Safety considerations, ethical concerns, and adoption of AVs are other major issues that require thorough investigation. Building on these findings, we propose an end-to-end design framework that addresses accessibility requirements across diverse user demographics, including older adults and individuals with physical or cognitive impairments. This work provides actionable insights for designers, researchers, and policymakers aiming to create safer and more comfortable environments in autonomous and regular vehicles accessible to all users.","2169-3536","","10.1109/ACCESS.2025.3555923","National Science Foundation(grant numbers:2204721); Virtual Prototyping of Autonomy-Enabled Ground Systems (VIPR-GS) Project(grant numbers:2016670,2017237); ","https://ieeexplore.ieee.org/stamp/stamp.jsp?arnumber=10945350","Autonomous vehicles;in-vehicle systems;AI-based accessibility accommodation;human-computer interaction","Reviews;Transportation;Safety;Autonomous vehicles;People with disabilities;Human computer interaction;Accidents;User experience;Systematic literature review;Older adults","","3","","233","CCBY","31 Mar 2025","","","IEEE","IEEE Journals"
"Adaptive Voltage-Guaranteed Control of DC/DC-Buck-Converter-Interfaced DC Microgrids With Constant Power Loads","X. Wang; J. Huang; Y. Cao; T. Yang; Q. Xu; C. Zhang; X. Zhang","School of Automation Science and Engineering, Xi'an Jiaotong University, Xi'an, China; School of Automation Science and Engineering, Xi'an Jiaotong University, Xi'an, China; School of Automation Science and Engineering, Xi'an Jiaotong University, Xi'an, China; Intelligent Autonomous Systems Lab, Shanghai University of Electric Power, Shanghai, China; Electric Power and Energy Systems Division, KTH Royal Institute of Technology, Stockholm, Sweden; Intelligent Autonomous Systems Lab, Shanghai University of Electric Power, Shanghai, China; School of Electrical, Electronic and Computer Engineering, University of Western Australia, Perth, WA, Australia",IEEE Transactions on Industrial Electronics,"19 Aug 2024","2024","71","11","14926","14936","Bus voltage control is a crucial issue in dc microgrids. Constant power loads (CPLs) exhibit negative incremental impedance characteristics and tend to affect the operation of the microgrid system. To this end, most of the existing methods concentrate on ensuring the steady-state performance of the system while the transient performance is often overlooked. Hence, this article proposes an adaptive voltage-guaranteed controller for the dc/dc buck converter feeding CPLs to enhance both steady-state and transient performances. First, a constrained function is utilized to incorporate the voltage constraint into the modeling of a buck converter. Second, the adaptive update laws are constructed to estimate uncertainties/disturbances for different operation conditions. Finally, the design guideline of the proposed adaptive controller is presented using the backstepping theory. Through the aforementioned design procedures, the proposed controller can keep the bus voltage working within the prespecified range even when large-signal disturbances happen. The stability of the closed-loop system is proved by using the Lyapunov stability theory. Both simulations and experimental studies are conducted to verify the efficacy of the proposed controller.","1557-9948","","10.1109/TIE.2024.3371003","National Key Research and Development Program of China(grant numbers:2023YFB2407903); National Natural Science Foundation of China(grant numbers:U2106218,62192754,62103322,62233006); Natural Science Basic Research Program of Shaanxi(grant numbers:2024JC-JCQN-70); CAST-Young Elite Scientists Sponsorship Program(grant numbers:2023QNRC001); Fundamental Research Funds for the Central Universities(grant numbers:xzy022023056,xzy012022091); ","https://ieeexplore.ieee.org/stamp/stamp.jsp?arnumber=10472613","Backstepping design;constant power load (CPL);dc/dc buck converter;voltage-guaranteed regulation","Voltage control;Microgrids;Stability analysis;Buck converters;Load modeling;Backstepping;Adaptation models","","16","","31","IEEE","14 Mar 2024","","","IEEE","IEEE Journals"
"NASA-TLX Assessment for a Haptic Adaptive Platform for Upper Extremity Motor Rehabilitation","J. D. Ramirez-Zamora; O. A. Dominguez-Ramirez; G. Sepulveda-Cervantes; L. E. Ramos-Velasco; J. M. Fernandez-Ramirez","Autonomous University of the State of Hidalgo - UAEH, Hidalgo, Mexico; Autonomous University of the State of Hidalgo - UAEH, Hidalgo, Mexico; Center for Innovation and Technological Development in Computing - CIDETEC IPN, Mexico City, Mexico; Metropolitan Polytechnic, University of Hidalgo - UPMH, Hidalgo, Mexico; Autonomous University of the State of Hidalgo - UAEH, Hidalgo, Mexico",2022 XXIV Robotics Mexican Congress (COMRob),"28 Nov 2022","2022","","","36","41","With the help of platforms with haptic devices, rehabilitation areas for cerebrovascular accident patients can be attended with practices such as upper and lower extremity training. The application of training and/or rehabilitation protocols generates in disabled people the capacity for motor learning (movements executed quickly and accurately through practice). In this research article, we present the integration of a rehabilitation platform for upper limb, which is used by a pilot sample of users, who perform the evaluation of the user’s workload during human-robot interaction using the NASA-TLX protocol, which is based on the assessment of load and mental fatigue. To generate the rehabilitation tasks from trajectory planning in the workspace of the haptic device and guarantee position convergence, a wavenet control (Multiresolution PID control based on wavelet transform and second generation neural networks as identification scheme) was implemented. The proposed adaptive control is evaluated on a 6-degree-of-freedom haptic device with high technological performance (Cyberforce) designed to position an exoskeleton CyberGrasp with the human operator in the loop.","","979-8-3503-3149-3","10.1109/COMRob57154.2022.9962313","","https://ieeexplore.ieee.org/stamp/stamp.jsp?arnumber=9962313","CyberForce;Force Feedback;Haptic Interface;NASA TLX","Performance evaluation;Training;Wavelet transforms;Protocols;Uncertainty;Trajectory planning;Haptic interfaces","","5","","28","IEEE","28 Nov 2022","","","IEEE","IEEE Conferences"
"Real World Modeling and Design of Novel Simulator for Affective Computing Inspired Autonomous Vehicle","M. Kabeer; F. Riaz; S. Jabbar; M. Aloqaily; S. Abid","Mirpur University of Science and Technology, Kashmir, Pakistan; Mirpur University of Science and Technology, Kashmir, Pakistan; Gnowit Inc., Ottawa, ON, Canada; National Textile University, Pakistan; Mirpur University of Science and Technology, Kashmir, Pakistan",2019 15th International Wireless Communications & Mobile Computing Conference (IWCMC),"22 Jul 2019","2019","","","1923","1928","Since years, road collisions are a public issue which needs to be dealt. In this regard, the researchers have worked on developing autonomous vehicles. In this way, the number of collisions have been reduced to a great extent. But their is a need to develop the autonomous simulator which helps to pretest the autonomous vehicles in different road scenarios before launching them in the market. Hence, in this research work, we propose an autonomous simulator which helps to pre-train the autonomous vehicles in the real world. The effectiveness of the simulator has been proved through performing extensive experiments.","2376-6506","978-1-5386-7747-6","10.1109/IWCMC.2019.8766745","","https://ieeexplore.ieee.org/stamp/stamp.jsp?arnumber=8766745","Autonomous vehicles;autonomous simulator;stoping side distance;collision avoidance;collision detection","Color;Autonomous vehicles;Roads;Collision avoidance;Road accidents;Fuzzy logic","","7","","29","IEEE","22 Jul 2019","","","IEEE","IEEE Conferences"
"The design of multi-interface protocol adaptive conversion distribution network communication device based on wireless communication technology","C. Pei-xian; M. Yi-ling; Z. Gui-ping; G. Qiang; L. Huan-huan; Z. Hong-hao; M. Fan-bo; F. Li-na; L. Yue-yue","State Grid Liaoning Electric Power Co., Ltd., Shenyang, Liaoning, China; State Grid Liaoning Electric Power Co., Ltd., Electric Power Research Institute, Shenyang, Liaoning, China; State Grid Liaoning Electric Power Co., Ltd., Shenyang, Liaoning, China; State Grid Liaoning Electric Power Co., Ltd., Shenyang, Liaoning, China; State Grid Liaoning Electric Power Co., Ltd., Shenyang, Liaoning, China; Shanghai Electric Cable Research Institute Co., Ltd, Shanghai, China; State Grid Liaoning Electric Power Co., Ltd., Electric Power Research Institute, Shenyang, Liaoning, China; State Grid Liaoning Electric Power Co., Ltd., Electric Power Research Institute, Shenyang, Liaoning, China; State Grid Liaoning Electric Power Co., Ltd., Shenyang Electric Power Supply Company, Shenyang, Liaoning, China",2017 IEEE Conference on Energy Internet and Energy System Integration (EI2),"4 Jan 2018","2017","","","1","4","At present, the distribution network access network lacks uniform standard, which makes the communication protocols of manufacturers are not compatible with each other, and dues to the different services and scenarios need to adapt to different communication devices and systems. These reasons lead to extremely difficult to manage and maintain the distribution network communication system, which seriously hampered the process of comprehensive information of the power distribution. In this paper, a wireless communication device for distribution network with adaptive multi interface protocol is designed in allusion to the problem of existing technology. This device has a variety of interfaces and protocol adaptive conversion function, which can adapt to the power distribution terminal with a variety of interface types and communication protocols, and it provides a strong support for constructing the unified access specification for the distribution communication network of the multi scene and service.","","978-1-5386-1427-3","10.1109/EI2.2017.8245222","","https://ieeexplore.ieee.org/stamp/stamp.jsp?arnumber=8245222","protocol adaptive conversion;distribution network communication;wireless communication;communication access unit","Protocols;Wireless communication;Automation;Power distribution;Adaptive systems","","3","","9","IEEE","4 Jan 2018","","","IEEE","IEEE Conferences"
"Design and Implementation of a Voice Controlled Indoor Autonomous Robot Kit","R. Zhong; Z. Tian; Q. Wang; M. Guo; W. Shi","Computer Science, Wayne State University; University of Delaware; University of Delaware; University of Delaware; University of Delaware","2025 IEEE 3rd International Conference on Mobility, Operations, Services and Technologies (MOST)","15 Jul 2025","2025","","","89","99","The integration of voice interaction and autonomous driving into robotic systems holds immense potential for enhancing mobility aids in environments such as homes and healthcare facilities. Despite advancements in voice technology and navigation systems, existing indoor robots and mobility aids often lack intuitive, secure, and adaptive functionalities. This paper introduces VOCAR (Voice-Controlled Autonomous Robot Kit), a modular system designed to enable natural voice-based interaction and efficient autonomous navigation for mobile robots. VOCAR features personalized voiceprint authentication, a large language model (LLM)-based intent recognition pipeline, and advanced planning modules for obstacle avoidance, narrow passage traversal, and energy-efficient trajectory generation. It employs a unified CAN bus protocol to ensure compatibility with diverse robotic platforms. The feasibility of VOCAR is demonstrated through its implementation on a powered wheelchair, showcasing its ability to enhance user autonomy and interaction in dynamic indoor environments. This work highlights VOCAR's potential to transform mobility aids by providing a secure, adaptive, and energy-conscious solution for voice-controlled autonomous navigation.","","979-8-3315-1160-9","10.1109/MOST65065.2025.00019","","https://ieeexplore.ieee.org/stamp/stamp.jsp?arnumber=11071445","large language model application;energy-efficient indoor autonomous driving;human-machine interaction","Protocols;Large language models;Wheelchairs;Transforms;Energy efficiency;Trajectory;Mobile robots;Autonomous vehicles;Spectrogram;Autonomous robots","","","","47","IEEE","15 Jul 2025","","","IEEE","IEEE Conferences"
"IEEE Draft Standard for the Classification of Adaptive Instructional Systems","",,"IEEE P2247.1/D20, December 2020","28 Jun 2021","2021","","","1","28","This goal of this standard is to define and classify the components and functionality of adaptive instructional systems (AISs) as it is applied to individual learners. A conceptual model of AIS for team, collective and collaborative instruction will be the subject of a future standard. This standard also defines parameters used to describe AISs and establishes requirements and guidance for the use and measurement of these parameters. The expected outcome of this standardization project is an AIS conceptual model that describes AIS features, processes, and events for individual learners.","","978-1-5044-7787-1","","","https://ieeexplore.ieee.org/stamp/stamp.jsp?arnumber=9466924","adaptive instruction;adaptive instructional system;conceptual model;individual learner","IEEE Standards;Learning systems;Adaptive learning","","","","","","28 Jun 2021","","","IEEE","IEEE Standards"
"Receive, Reason, and React: Drive as You Say, With Large Language Models in Autonomous Vehicles","C. Cui; Y. Ma; X. Cao; W. Ye; Z. Wang","College of Engineering, Purdue University, West Lafayette, IN, USA; College of Engineering, Purdue University, West Lafayette, IN, USA; Department of Computer Science, University of Illinois Urbana-Champaign, Champaign, IL, USA; Department of Computer Science, University of Virginia, Charlottesville, VA, USA; College of Engineering, Purdue University, West Lafayette, IN, USA",IEEE Intelligent Transportation Systems Magazine,"8 Jul 2024","2024","16","4","81","94","The fusion of human-centric design and artificial intelligence capabilities has opened up new possibilities for next-generation autonomous vehicles that go beyond traditional transportation. These vehicles can dynamically interact with passengers and adapt to their preferences. This article proposes a novel framework that leverages large language models (LLMs) to enhance the decision-making process in autonomous vehicles. By utilizing LLMs’ contextual understanding abilities with specialized tools, we aim to integrate the language and reasoning capabilities of LLMs into autonomous vehicles. Our research includes experiments in HighwayEnv, a collection of environments for autonomous driving and tactical decision-making tasks, to explore LLMs’ interpretation, interaction, and reasoning in various scenarios. We also examine some well-defined real-time personalized driving tasks, demonstrating how LLMs can influence driving behaviors based on drivers’ verbal commands. Our empirical results highlight the substantial advantages of utilizing chain-of-thought prompting, leading to improved driving decisions and showing the potential for LLMs to enhance personalized driving experiences through ongoing verbal feedback. The proposed framework aims to transform autonomous vehicle operations, offering personalized support, transparent decision making, and continuous learning to enhance safety and effectiveness. We achieve user-centric, transparent, and adaptive autonomous driving ecosystems supported by the integration of LLMs into autonomous vehicles. Experiment videos are available at https://youtube.com/playlist?list=PLgcRcf9w8BmLJi_fqTGq-7KCZsbpEIE4a&si=dhH9lgaeSmB5K94t.","1941-1197","","10.1109/MITS.2024.3381793","","https://ieeexplore.ieee.org/stamp/stamp.jsp?arnumber=10491134","","Autonomous vehicles;Decision making;Task analysis;Cognition;Adaptation models;Human computer interaction;User centered design;Large language models;Vehicle safety","","63","","61","IEEE","4 Apr 2024","","","IEEE","IEEE Magazines"
"Route Control of Four-rotor UAV based on Brain-Computer Interface in Virtual Reality","L. Niu; J. Bin; J. Wang; G. Zhan; H. Jiang; Z. Dong; L. Zhang; X. Kang","Laboratory for Neural Interface and Brain Computer Interface, Engineering Research Center of AI & Robotics, Ministry of Education, Shanghai Engineering Research Center of AI & Robotics, MOE Frontiers Center for Brain Science, State Key Laboratory of Medical Neurobiology, Institute of AI and Robotics, Academy for Engineering & Technology, Fudan University, Shanghai, China; Laboratory for Neural Interface and Brain Computer Interface, Engineering Research Center of AI & Robotics, Ministry of Education, Shanghai Engineering Research Center of AI & Robotics, MOE Frontiers Center for Brain Science, State Key Laboratory of Medical Neurobiology, Institute of AI and Robotics, Academy for Engineering & Technology, Fudan University, Shanghai, China; Laboratory for Neural Interface and Brain Computer Interface, Engineering Research Center of AI & Robotics, Ministry of Education, Shanghai Engineering Research Center of AI & Robotics, MOE Frontiers Center for Brain Science, State Key Laboratory of Medical Neurobiology, Institute of AI and Robotics, Academy for Engineering & Technology, Fudan University, Shanghai, China; Laboratory for Neural Interface and Brain Computer Interface, Engineering Research Center of AI & Robotics, Ministry of Education, Shanghai Engineering Research Center of AI & Robotics, MOE Frontiers Center for Brain Science, State Key Laboratory of Medical Neurobiology, Institute of AI and Robotics, Academy for Engineering & Technology, Fudan University, Shanghai, China; Shanghai Mental Center, Shanghai Jiao Tong University, School of Medicine, Shanghai, China; Laboratory for Neural Interface and Brain Computer Interface, Engineering Research Center of AI & Robotics, Ministry of Education, Shanghai Engineering Research Center of AI & Robotics, MOE Frontiers Center for Brain Science, State Key Laboratory of Medical Neurobiology, Institute of AI and Robotics, Academy for Engineering & Technology, Fudan University, Shanghai, China; Laboratory for Neural Interface and Brain Computer Interface, Engineering Research Center of AI & Robotics, Ministry of Education, Shanghai Engineering Research Center of AI & Robotics, MOE Frontiers Center for Brain Science, State Key Laboratory of Medical Neurobiology, Institute of AI and Robotics, Academy for Engineering & Technology, Fudan University, Shanghai, China; Laboratory for Neural Interface and Brain Computer Interface, Engineering Research Center of AI & Robotics, Ministry of Education, Shanghai Engineering Research Center of AI & Robotics, MOE Frontiers Center for Brain Science, State Key Laboratory of Medical Neurobiology, Institute of AI and Robotics, Academy for Engineering & Technology, Fudan University, Shanghai, China","2022 12th International Conference on CYBER Technology in Automation, Control, and Intelligent Systems (CYBER)","17 Oct 2022","2022","","","958","962","This article presented an experiment to determine the effect of dynamic 3D vision-evoked modules on the performance of the system we designed to steer a four-rotor unmanned aerial vehicle (UAV). Nowadays, UAV system is widely used in various industries, and UAV control has always been a focus of research. The Brain-Computer Interface (BCI) system was based on the well-known steady-state visually evoked potentials (SSVEP). The specificity of the interface was the integration of dynamic 3D paradigms in virtual reality. In order to achieve a more immersive and interactive scene, VR scenes were moving synchronously with the UAV. Users can achieve remote control of four-rotor UAV through virtual scenarios. Ten subjects participated in the experiment and operated the UAV to complete a specific track. The dynamic paradigm based on the experimenter's feedback may indeed affect their attention, we proposed an effective solution to overcome this problem. The detailed results of these experiments were reported in this paper and we discussed the possible causes of performance loss under such conditions.","2642-6633","978-1-6654-7267-8","10.1109/CYBER55403.2022.9907254","National Natural Science Foundation of China(grant numbers:61904038,U1913216); National Key R&D Program of China(grant numbers:2021YFC0122702); Shanghai Municipal Science and Technology Commission(grant numbers:19441907600,19441908200,19511132000); Zhejiang Lab(grant numbers:2021MC0AB01); Fudan University-CIOMP(grant numbers:FC2019-002); ","https://ieeexplore.ieee.org/stamp/stamp.jsp?arnumber=9907254","","Industries;Three-dimensional displays;Virtual reality;Autonomous aerial vehicles;Control systems;Brain-computer interfaces;Steady-state","","2","","24","IEEE","17 Oct 2022","","","IEEE","IEEE Conferences"
"A Feature-Rich and Modular Aft Section for Autonomous Underwater Vehicles: The Trident Series of Tailcones","R. Turrisi; M. R. Benjamin","Department of Mechanical Engineering, Massachusetts Institute of Technology, Cambridge, MA, USA; Department of Mechanical Engineering, Massachusetts Institute of Technology, Cambridge, MA, USA",OCEANS 2024 - Halifax,"25 Nov 2024","2024","","","1","9","This paper presents the Trident series of tailcones developed by the MIT Marine Autonomy Lab, a novel 3-axis aft section design for Autonomous Underwater Vehicles (AUVs), developed through three design iterations and tested on nine assemblies across three different AUV platforms. The design features a modular, field-configurable architecture that supports multiple manufacturing methods and includes innovations such as a pluggable drive module, swappable fins, and a comprehensive interface system for vehicle operations. Key contributions include a feature-rich aft section that simplifies AUV design, A-Size compatibility, and an open design approach for academic and educational applications. The paper discusses design rationale, manufacturing considerations, and presents a sample of preliminary performance data, highlighting the tailcone's potential to advance low-cost, modular AUV research and development.","2996-1882","979-8-3315-4008-1","10.1109/OCEANS55160.2024.10754284","","https://ieeexplore.ieee.org/stamp/stamp.jsp?arnumber=10754284","autonomous underwater vehicle design;multi-axis tailcone;field robotics;aft section design;propulsion;Trident Tailcone","Autonomous underwater vehicles;Technological innovation;Oceans;Propulsion;Research and development;Assembly","","1","","13","IEEE","25 Nov 2024","","","IEEE","IEEE Conferences"
"Analysis of CAD tools in VLSI Physical design","D. Bharath; A. Jagadeesh; U. Chaitanya M; T. Jaya","Department of Electronics and Communication Engineering, Saveetha Engineering College, Chennai, Tamil Nadu; Department of Electronics and Communication Engineering, Saveetha Engineering College, Chennai, Tamil Nadu; Department of Electronics and Communication Engineering, Saveetha Engineering College, Chennai, Tamil Nadu; Department of Electronics and Communication Engineering, Saveetha Engineering College, Chennai, Tamil Nadu","2025 IEEE International Students' Conference on Electrical, Electronics and Computer Science (SCEECS)","2 Apr 2025","2025","","","1","6","The increasing complexity of VLSI physical design has elevated the need for advanced CAD tools capable of efficiently managing tasks such as floor planning, placement, routing, and optimization. This study presents a detailed evaluation of prominent CAD tools, analyzing their effectiveness in addressing the critical demands of modern VLSI design, including power efficiency, performance, and scalability. By comparing the strengths and limitations of each tool, this work aims to guide practitioners in selecting optimal solutions for their specific design requirements. Additionally, emerging trends in CAD development, particularly the integration of AI and machine learning, are discussed as pathways to further enhance design automation. Our analysis provides insights that not only underscore the current capabilities of CAD tools but also suggest directions for future research to meet the evolving needs of the VLSI industry.","2688-0288","979-8-3315-2983-3","10.1109/SCEECS64059.2025.10940370","","https://ieeexplore.ieee.org/stamp/stamp.jsp?arnumber=10940370","VLSI Physical Design;CAD Tools Evaluation;Design Automation;Power Efficiency;Machine Learning Integration","Industries;Design automation;Scalability;Machine learning;Very large scale integration;Routing;Market research;Planning;Optimization;Physical design","","","","15","IEEE","2 Apr 2025","","","IEEE","IEEE Conferences"
"Mind Control of a Robotic Arm With Visual Fusion Technology","C. Yang; H. Wu; Z. Li; W. He; N. Wang; C. -Y. Su","Key Laboratory of Autonomous Systems and Networked Control, School of Automation Science and Engineering, South China University of Technology, Guangzhou, China; Key Laboratory of Autonomous Systems and Networked Control, School of Automation Science and Engineering, South China University of Technology, Guangzhou, China; Key Laboratory of Autonomous Systems and Networked Control, School of Automation Science and Engineering, South China University of Technology, Guangzhou, China; School of Automation and Electrical Engineering, University of Science and Technology Beijing, Beijing, China; Chinese University of Hong Kong Shenzhen Research Institute, Shenzhen, China; Concordia University, Montreal, QC, Canada",IEEE Transactions on Industrial Informatics,"5 Sep 2018","2018","14","9","3822","3830","This paper reports the development of an intelligent shared control system for a robotic manipulator that is commanded by the user's mind. The target objects are detected by a vision system and then displayed to the user in a video that shows them fused with flicking diamonds that are designed to excite electroencephalograph (EEG) signals at different frequency bands. Through the analysis of the invoked EEG signals, a brain-computer interface is developed to infer the exact object that is required by the user. These results are then transferred to the shared control system, which is enabled by visual servoing techniques to achieve accurate object manipulation. The task motion and self-motion (CTS) methods are coordinated to enhance the intelligence of the shared control system by equipping the robot with an autonomous obstacle avoidance function. Extensive experimental studies are performed to verify that the adaptive object tracking algorithm, the CTS method, and the least-squares method are helpful in improving the performance of the intelligent robotic system.","1941-0050","","10.1109/TII.2017.2785415","National Nature Science Foundation(grant numbers:61473120); Guangdong Provincial Natural Science Foundation(grant numbers:2014A030313266); International Science and Technology Collaboration(grant numbers:2015A050502017); Science and Technology Planning Project of Guangzhou(grant numbers:201607010006); State Key Laboratory of Robotics and System (HIT)(grant numbers:SKLRS-2017-KF-13); Fundamental Research Funds for the Central Universities(grant numbers:2017ZD057); ","https://ieeexplore.ieee.org/stamp/stamp.jsp?arnumber=8231164","Binocular vision;brain–computer interface (BCI);human–computer interaction;robot control (RC) system;steady-state visual evoked potential (SSVEP);visual servoing (VS)","Electroencephalography;Diamond;Robot control;Robot sensing systems;Manipulators","","127","","29","IEEE","20 Dec 2017","","","IEEE","IEEE Journals"
"Robust Adaptive Sliding Mode Control of Virtual Tool-tissue Interaction for Use in Surgery Simulation","Z. Rabieefard; M. Rostami; M. A. Khosravi; S. Sadeghnejad","Biomedical Engineering Amirkabir University of Technology, Tehran, Iran; Biomedical Engineering Amirkabir University of Technology, Tehran, Iran; Biomedical Engineering Amirkabir University of Technology, Tehran, Iran; Biomedical Engineering Amirkabir University of Technology, Tehran, Iran",2024 12th RSI International Conference on Robotics and Mechatronics (ICRoM),"5 Mar 2025","2024","","","275","280","Control of haptic systems with complex and unstructured environments like the endonasal sinus region, which is used in surgical simulators, puts fundamental challenges forward. This study proposes a robust adaptive sliding mode control technique for adjusting the impedance of a one-degree-of-freedom Falcon robot to a pre-defined nonlinear impedance that is an approximation of a mathematical model of sino-nasal tissue. First, this control scheme is developed for an arbitrary system with n state variables and then applied to the one-degree-of-freedom robot. The Lyapunov theorem demonstrates stability, tracking convergence, and robustness to parametric and nonparametric modeling uncertainty. To validate the effectiveness of the proposed control design, a simulation study and its results are prepared.","2572-6889","979-8-3315-2973-4","10.1109/ICRoM64545.2024.10903653","","https://ieeexplore.ieee.org/stamp/stamp.jsp?arnumber=10903653","Robust adaptive control;sliding mode control;surgery simulation;haptic system","Adaptive systems;Target tracking;Control design;Stability analysis;Mathematical models;Haptic interfaces;Impedance;Robots;Sliding mode control;Convergence","","","","33","IEEE","5 Mar 2025","","","IEEE","IEEE Conferences"
"Design and Performance Evaluation of an Adaptive Routing Algorithm for RISC-V Based NoC Architecture","B. N. Kumar Reddy; A. Sai Kumar; Y. C. Krishna","Department of ECE, National Institute of Technology, Tiruchirappalli, India; Department of ECE, VNR Vignana Jyothi Institute of Engineering and Technology, Hyderabad, India; Department of ECE, Amrita Vishwa Vidyapeetham, Chennai, India","2024 IEEE International Conference on Electronics, Computing and Communication Technologies (CONECCT)","20 Sep 2024","2024","","","1","6","Due to the increasing complexity of modern System-on-Chip (SoC) designs, classical and multi-layer bus architectures are inadequate for meeting the needs of inter-core communication. High-performance, low-power chips for a wide variety of uses, including wireless communication and multimedia processing, will benefit greatly from NoC technology. The current RISC-V architecture is based on the open ISA standard, which is seeing rapid adoption. Using oblivious permutation routing, the Network Interface (NI) architecture may port a 32-bit RISC-V core to the on-chip communication infrastructure utilized by the MPSoC. In this work, we proposed a dynamic adaptive routing algorithm that involves routers for exchanging and updating router table data, to follow changes in the traffic and topology. The main goals of adaptive routing are to help prevent packet delivery failure, enhance encryption for network efficiency, and lifetime reliability, and aid in controlling network congestion. The proposed architecture will be synthesized and simulated using Vivado Design Suite 2023.1 and realized on a Zynq 7000 SoC ZC706 Evaluation Kit.","2766-2101","979-8-3503-8592-2","10.1109/CONECCT62155.2024.10677242","","https://ieeexplore.ieee.org/stamp/stamp.jsp?arnumber=10677242","Network Interface;Network-on-Chip;FGPA;Multiprocessor System-on-Chip;RISC-V;Adaptive Router","Wireless communication;Adaptive systems;Heuristic algorithms;Computer architecture;Switches;Routing;Topology","","1","","15","IEEE","20 Sep 2024","","","IEEE","IEEE Conferences"
