"Document Title",Authors,"Author Affiliations","Publication Title",Date Added To Xplore,"Publication Year","Volume","Issue","Start Page","End Page","Abstract","ISSN",ISBNs,"DOI",Funding Information,PDF Link,"Author Keywords","IEEE Terms","Mesh_Terms",Article Citation Count,Patent Citation Count,"Reference Count","License",Online Date,Issue Date,"Meeting Date","Publisher",Document Identifier
"Optimization and Automatic Generation Algorithm of Mechanical Design Parameters Based on Deep Learning","S. Gao; R. Jiang","Harbin Huade University, Harbin, Heilongjiang, China; Harbin Huade University, Harbin, Heilongjiang, China",2024 3rd International Conference on Artificial Intelligence and Autonomous Robot Systems (AIARS),"14 Oct 2024","2024","","","374","379","The purpose of this paper is to study the optimization and automatic generation algorithm of mechanical design parameters based on deep learning, and to explore its application in engineering design field. Firstly, the paper introduces the potential application of deep learning technology in mechanical design, and reviews the related research work. Then, a parameter optimization method based on Generative Adversarial Network (GAN) is proposed. By learning the complex design space characteristics, efficient design parameter optimization is realized. Then, the automatic generation algorithm based on the Variable Automatic Encoder (VAE) is discussed, which can generate diverse and innovative design schemes. Through the evaluation and analysis of the experimental results, the effectiveness and performance advantages of the proposed method are verified and compared with the traditional methods. Finally, the future development direction of GAN-based mechanical design optimization and VAE-based generation algorithm is prospected, and its application prospect in engineering practice is discussed. This study provides new ideas and methods for the application of deep learning technology in the field of mechanical design, and is of great significance for promoting the intelligence and automation of engineering design.","","979-8-3503-7617-3","10.1109/AIARS63200.2024.00076","","https://ieeexplore.ieee.org/stamp/stamp.jsp?arnumber=10708916","Deep learning;automatic generation;mechanical design;Generative adversarial network;Variational automatic encodert","Deep learning;Training;Automation;Reviews;Generative adversarial networks;Optimization;Design optimization;Convergence;Autonomous robots","","","","12","IEEE","14 Oct 2024","","","IEEE","IEEE Conferences"
"Development of AI-Based Simulation Circuit Design and Assistance Systems","S. Cao","Jilin Engineering Normal University, Changchun, China",2024 IEEE 6th International Conference on Civil Aviation Safety and Information Technology (ICCASIT),"14 Jan 2025","2024","","","55","59","Artificial intelligence (AI) algorithms have vast application prospects in the field of analog circuit design. This paper introduces an AI algorithm-based assisted system for analog circuit design. The system adopts a modular architecture, including modules such as user interface, data processing, algorithms, simulation, and knowledge base, realizing functions such as automated design, parameter optimization, and intelligent decision-making. Key technologies include circuit modeling based on Verilog-A, integration of various algorithms (such as genetic algorithms, support vector machines, etc.) for intelligent optimization, and modern human-machine interaction interface design. Extensive test results demonstrate that compared to traditional manual design methods, this system can significantly shorten the design cycle, reduce power consumption, decrease circuit area, and significantly improve design effectiveness. This system organically combines artificial intelligence with the analog circuit design process, providing an effective solution to enhance the automation and intelligence of circuit design.","","979-8-3503-8941-8","10.1109/ICCASIT62299.2024.10828016","","https://ieeexplore.ieee.org/stamp/stamp.jsp?arnumber=10828016","Analog circuit design;Artificial intelligence algorithms;Automated design;Parameter optimization;Intelligent decision-making","Human computer interaction;Machine learning algorithms;Power demand;Design methodology;Decision making;Manuals;Analog circuits;Artificial intelligence;Hardware design languages;Optimization","","","","13","IEEE","14 Jan 2025","","","IEEE","IEEE Conferences"
"Automated Metaheuristic Algorithm Design With Autoregressive Learning","Q. Zhao; T. Liu; B. Yan; Q. Duan; J. Yang; Y. Shi","Department of Computer Science and Engineering, Southern University of Science and Technology, Shenzhen, China; Department of Computer Science and Engineering, Southern University of Science and Technology, Shenzhen, China; Research Institute of Trustworthy Autonomous Systems, Southern University of Science and Technology, Shenzhen, China; Department of Computer Science and Engineering, Southern University of Science and Technology, Shenzhen, China; Department of Computer Science and Engineering, Southern University of Science and Technology, Shenzhen, China; Department of Computer Science and Engineering, Southern University of Science and Technology, Shenzhen, China",IEEE Transactions on Evolutionary Computation,"","2024","PP","99","1","1","Automated design of metaheuristic algorithms offers an attractive avenue to reduce human effort and gain enhanced performance beyond human intuition. Current automated methods design algorithms within a fixed structure and operate from scratch. This poses a clear gap towards fully discovering potentials over the metaheuristic family and fertilizing from prior design experience. To bridge the gap, this paper proposes an autoregressive learning-based designer for automated design of metaheuristic algorithms. Our designer formulates metaheuristic algorithm design as a sequence generation task, and harnesses an autoregressive generative network to handle the task. This offers two advances. First, through autoregressive inference, the designer generates algorithms with diverse lengths and structures, enabling to fully discover potentials over the metaheuristic family. Second, prior design knowledge learned and accumulated in neurons of the designer can be retrieved for designing algorithms for future problems, paving the way to continual design of algorithms for open-ended problem-solving. Extensive experiments on numeral benchmarks and real-world problems reveal that the proposed designer generates algorithms that outperform all human-created baselines on 24 out of 25 test problems. The generated algorithms display various structures and behaviors, reasonably fitting for different problem-solving contexts. Code is available at https://github.com/auto4opt/ALDeshttps://github.com/auto4opt/ALDes.","1941-0026","","10.1109/TEVC.2024.3464677","Shenzhen Municipal Fundamental Research Program(grant numbers:JCYJ20200109141235597); Basic and Applied Basic Research Foundation of Guangdong Province(grant numbers:2021A1515110024,2024A1515012241); Program for Guangdong Introducing Innovative and Entrepreneurial Teams(grant numbers:2017ZT07X386); Shenzhen Peacock Plan(grant numbers:KQTD2016112514355531); National Natural Science Foundation of China(grant numbers:61761136008); ","https://ieeexplore.ieee.org/stamp/stamp.jsp?arnumber=10684805","Metaheuristic;evolutionary algorithm;automated design;transformer;learning;optimization","Metaheuristics;Search problems;Vectors;Approximation algorithms;Transformers;Problem-solving;Neurons","","1","","","IEEE","20 Sep 2024","","","IEEE","IEEE Early Access Articles"
"Emergency Pull-Over Algorithm for Level 4 Autonomous Vehicles Based on Model-Free Adaptive Feedback Control With Sensitivity and Learning Approaches","J. Lee; K. Oh; S. Oh; Y. Yoon; S. Kim; T. Song; K. Yi","Department of Mechanical and Aerospace Engineering, Seoul National University, Seoul, South Korea; School of ICT, Robotics and Mechanical Engineering, Hankyong National University, Anseong-si, South Korea; School of ICT, Robotics and Mechanical Engineering, Hankyong National University, Anseong-si, South Korea; Department of Mechanical and Aerospace Engineering, Seoul National University, Seoul, South Korea; Department of Mechanical and Aerospace Engineering, Seoul National University, Seoul, South Korea; Department of Research Engineering, Smart Mobility Lab, SML Company Ltd., Seoul, South Korea; Department of Mechanical and Aerospace Engineering, Seoul National University, Seoul, South Korea",IEEE Access,"15 Mar 2022","2022","10","","27014","27030","This paper presents an emergency pullover algorithm for fail-safe systems designed for level-4 autonomous vehicles. The proposed algorithm utilizes feedback gain adaptation, based on sensitivity estimation, and cost-based learning. Vehicle failure within this paper does not encompass every type of failure and refers only to any situation where the upper controller or communications from the upper controller shuts down. When this type of failure occurs, the algorithm performs an emergency pullover maneuver. This maneuver does not require any form of independent control from the driver to be performed successfully. However, the highest control priority is still given to the driver if the driver intervenes during the maneuver. The feedback gain adaptation is comprised of two sections: Sensitivity Estimation and Gradient Descent (GD) based Adaptation. For Sensitivity Estimation, a relationship function has been designed with feedback gain, from the feedback gain adaptation, and changes in state error. The sensitivity of state error with respect to feedback gain can then be estimated. This estimation is done through the Recursive Least Squares (RLS) method with multiple forgetting factors through the directional forgetting method. For GD based Adaptation, state errors are applied with parameters for the cost-based learning to give Adaptation Gains. These Adaptation Gains are used in tandem with the estimated sensitivity to update the feedback gain. To reduce the number of tuning parameters required in the GD method, an additional distance condition has been proposed. This condition utilizes feedback change rates and state errors, obtained from the multi-dimensional plane of the feedback gain’s change rates. A proportional coefficient is also required as a tuning parameter for this condition. This parameter is tuned by a cost-based learning algorithm, also designed in this study. Resultantly, these methods allow the adaptive feedback controller to forgo any system information such as mathematical models and system parameters. This indicates that the vehicle model is not expected to hinder performance. Hence, controllers that do not require system information are indeed a preferable algorithm for fail-safe modules. Performance evaluations for the controller has also been conducted with actual vehicle tests, under longitudinal and lateral autonomous driving scenarios.","2169-3536","","10.1109/ACCESS.2022.3156275","Technology Innovation Program (Development and evaluation of automated driving systems for motorways and city roads) funded by the Korean Ministry of Trade, Industry and Energy, South Korea(grant numbers:10079730); Technology Innovation Program (Development of AI-based autonomous computing modules and demonstration of services) funded by the Ministry of Trade, Industry and Energy, South Korea(grant numbers:20005705); National Research Foundation (NRF) of Korea funded by the Ministry of Science, ICT, and Future Planning (MSIP)(grant numbers:NRF2016R1E1A1A01943543); ","https://ieeexplore.ieee.org/stamp/stamp.jsp?arnumber=9726148","Automated vehicle;fail-safe;autonomous driving;sensitivity estimation;cost-based learning;recursive least squares;forgetting factor;gradient descent (GD) method","Autonomous vehicles;Adaptation models;Safety;Vehicle dynamics;Sensitivity;Heuristic algorithms;Fault detection","","4","","59","CCBY","2 Mar 2022","","","IEEE","IEEE Journals"
"An Obstacle Avoidance Algorithm for Unmanned Surface Vehicle Based on A Star and Velocity-Obstacle Algorithms","H. Yan; Q. Zhu; Y. Zhang; Z. Li; X. Du","China Ship Development and Design Center, Wuhan, China; China Ship Development and Design Center, Wuhan, China; China Ship Development and Design Center, Wuhan, China; China Ship Development and Design Center, Wuhan, China; China Ship Development and Design Center, Wuhan, China",2022 IEEE 6th Information Technology and Mechatronics Engineering Conference (ITOEC),"23 Mar 2022","2022","6","","77","82","In order to ensure the safety of autonomous navigation of unmanned surface vehicle, it is necessary to avoid static/dynamic obstacles. Therefore, a combined obstacle avoidance algorithm for the unmanned surface vehicle based on path planning and velocity obstacle algorithm is designed in the paper. A priori sea chart and perceived static obstacles are used to obtain a sea static situation map, then we complete static obstacle avoidance through A* path planning algorithm. Using the real-time sensing of dynamic obstacles, the dynamic obstacle avoidance is completed through VO algorithm (Velocity-Obstacle). Finally, efficiency of the avoidance algorithm is proved by simulation.","2693-289X","978-1-6654-3185-9","10.1109/ITOEC53115.2022.9734642","","https://ieeexplore.ieee.org/stamp/stamp.jsp?arnumber=9734642","A star algorithm;VO algorithm;Obstacle Avoidance Algorithm;USV","Sea surface;Heuristic algorithms;Path planning;Sensors;Safety;Security;Collision avoidance","","8","","11","IEEE","23 Mar 2022","","","IEEE","IEEE Conferences"
"Multi-load AGVs scheduling algorithm in automated sorting warehouse","N. Yu; T. Li; B. Wang","School of Economics and Management, University of Science and Technology, Beijing; School of Economics and Management, University of Science and Technology, Beijing; School of Economics and Management, University of Science and Technology, Beijing",2021 14th International Symposium on Computational Intelligence and Design (ISCID),"20 Jan 2022","2021","","","126","129","Aiming at the multi-load AGVs scheduling problem in automated sorting warehouse, a two-stage heuristic algorithm is proposed with the optimization goal of minimizing the maximum handling completion time. In the first stage of the algorithm, the similarity between different packages is defined and a clustering algorithm based on package similarity is proposed to divide the packages into several groups, so that the packages contained in each group can be sorted by a multi-load AGV in one operation. In the second stage of the algorithm, a scheduling algorithm based on the idea of load balancing is designed to assign and sort the divided package groups. The efficiency and robustness of the proposed algorithm are verified by different scale computational experiments.","2473-3547","978-1-6654-3856-8","10.1109/ISCID52796.2021.00037","National Natural Science Foundation of China(grant numbers:71701016,71231001); Beijing Natural Science Foundation(grant numbers:9174038); ","https://ieeexplore.ieee.org/stamp/stamp.jsp?arnumber=9679233","automated sorting warehouse;multi-load A GVs;scheduling;heuristic algorithm","Scheduling algorithms;Heuristic algorithms;Computational modeling;Clustering algorithms;Load management;Scheduling;Robustness","","4","","9","IEEE","20 Jan 2022","","","IEEE","IEEE Conferences"
"A Survey of Standard Cell Layout Design","J. Zhou; Z. Luo; Z. Li; H. You; M. He; Z. Zhao","College of Computer Science and Technology, National University of Defense Technology, Changsha, China; College of Systems Engineering, National University of Defense Technology, Changsha, China; College of Computer Science and Technology, National University of Defense Technology, Changsha, China; College of Computer Science and Technology, National University of Defense Technology, Changsha, China; College of Computer Science and Technology, National University of Defense Technology, Changsha, China; College of Computer Science and Technology, National University of Defense Technology, Changsha, China",2025 International Symposium of Electronics Design Automation (ISEDA),"8 Aug 2025","2025","","","554","559","Standard cells serve as fundamental building blocks in the integrated circuit (IC) design flow. The efficiency and quality of standard cell layout design have consistently been a major research focus in both academia and industry. With design-technology co-optimization (DTCO) playing an increasingly critical role in advanced technology nodes, standard cell layout design is undergoing a paradigm shift from traditional approaches to system-level optimization. In this paper, we systematically review the evolution of standard cell layout design, categorizing its development into three distinct phases: manual design era, automated design era and the design-technology (DT) co-design era. Building upon this historical framework, we first introduce the general flow of standard cell layout design during the era of manual design. This flow comprises four key stage: schematic drafting, stick diagram design, layout drafting, and physical verification. Subsequently, we analyze the core challenge in transitioning from manual to automated design: formulating the transistor placement and in-cell routing as a solvable optimization problem through constraint modeling. We then provide a comprehensive review of the methods employed in related work over the past four decades, encompassing graph-based algorithms, heuristic algorithms, constraint solvers, and AI-based methods. Finally, we delve into the emerging design paradigms of the DT co-design era, offering a perspective on the future of standard cell design. This perspective encompasses: concurrent cell-level and system-level optimization; finer-grained modeling and integrated design flows; specialized, custom cell library design and AI-assisted intelligent design.","","979-8-3315-3696-1","10.1109/ISEDA65950.2025.11101049","","https://ieeexplore.ieee.org/stamp/stamp.jsp?arnumber=11101049","standard cell layout;standard cell design automation;design-technology co-optimization","Integrated circuits;Design automation;Reviews;Heuristic algorithms;Layout;Manuals;Routing;Transistors;Standards;Optimization","","","","31","IEEE","8 Aug 2025","","","IEEE","IEEE Conferences"
"Design and Develop Optimal Pathfinding Algorithm Applied in Book Accessing and Returning for Autonomous Mobile Robot in Library","V. Q. Huy; N. T. Huy; P. B. Duong; N. T. Ngoc Hai","Faculty of International Education, HCMC University of Technology and Education, Ho Chi Minh City, Vietnam; Faculty of International Education, HCMC University of Technology and Education, Ho Chi Minh City, Vietnam; Faculty of International Education, HCMC University of Technology and Education, Ho Chi Minh City, Vietnam; Faculty of International Education, HCMC University of Technology and Education, Ho Chi Minh City, Vietnam",2022 6th International Conference on Green Technology and Sustainable Development (GTSD),"29 Dec 2022","2022","","","350","354","This paper presents a visual optimal pathfinding algorithm that avoids obstacles on the way to the destination in a simulation environment, and the idea took inspiration from the optimization for solving the Traveling Salesman Problem. Firstly, using a webcam to scan the book information by QR code to know where the book's location is, what is the type of the books and use location information to send to robots for autonomous navigation duty. After that, the order list of books borrowed or returned is calculated and visualized using the K-means Clustering and Genetic algorithm. Then, to apply the optimal algorithms for a practical situation, Robot Operating System (ROS) is considered. In the ROS platform, to make sure the robots operate precisely, parameters of global, local cost maps and algorithms for global, local planners need to be adjusted. The robots will follow the order calculated path and announce when arriving at the book's location successfully. To track if the robots work correctly, a software for users to observe robot operation is created. The proposed algorithm works quite well in a simulation environment through implementing experiments. It is also a good foundation for further research into another autonomous field.","","978-1-6654-6628-8","10.1109/GTSD54989.2022.9989272","","https://ieeexplore.ieee.org/stamp/stamp.jsp?arnumber=9989272","Robot Operating System;Pathfinding;Genetic Algorithms;K-means Clustering;Traveling Salesman Problem","Visualization;Webcams;Software algorithms;Clustering algorithms;Evolutionary computation;Traveling salesman problems;Software","","1","","21","IEEE","29 Dec 2022","","","IEEE","IEEE Conferences"
"A data-driven intelligent algorithm for dynamic path design of automated-guided vehicle systems","G. Gu; Z. Hong; D. Luo","College of Mechanical and Electrical Engineering, Hohai University, Changzhou, China; College of Mechanical and Electrical Engineering, Hohai University, Changzhou, China; College of Mechanical and Electrical Engineering, Hohai University, Changzhou, China","2019 IEEE 3rd Advanced Information Management, Communicates, Electronic and Automation Control Conference (IMCEC)","6 Feb 2020","2019","","","1106","1111","The dynamic path design problem of automated-guided vehicle (AGV) systems is one of the most important but difficult issues in the advanced manufacturing system, which was proposed by Gaskins. In this paper, a mathematical model for the dynamic path design problem is developed, and an intelligent solution approach has been presented based on the big-data calculation method. Firstly, the calculation architecture of the big-data is set up. Then, a data-driven intelligent algorithm is adopted to obtain a feasibility near-to-optimal path design solution for multi-AGV system, which considers the total transportation as a main objective. Finally, a complex manufacturing environment is set to verify the efficiency of the proposed data-driven intelligent approach for dynamic path design problem of the multi-AGVs system. The experimental results indicate that the proposed approach can obtain a quite effective for dynamic path design problem.","","978-1-7281-0513-0","10.1109/IMCEC46724.2019.8983941","","https://ieeexplore.ieee.org/stamp/stamp.jsp?arnumber=8983941","Data-driven intelligent algorithm;Dynamic path design;Automated-guided vehicle systems;Logistics system","","","3","","10","IEEE","6 Feb 2020","","","IEEE","IEEE Conferences"
"Research on Intelligent Algorithms for Path Planning of Driverless Vehicles and their Applications","L. Huang; N. Lv","Xiangtan University, Xiangtan, China; Harbin University of Commerce, Harbin, China",2025 5th International Conference on Consumer Electronics and Computer Engineering (ICCECE),"15 May 2025","2025","","","358","363","Driverless technology is a crucial part of future intelligent transportation systems, and path planning is a core technology in driverless systems. This research aims to optimize existing path - planning algorithms and explore new ones. By collecting the latitude and longitude information of Chinese cities from public resources such as Baidu Maps, and after data cleaning, an inter - city distance dataset containing 1,048,574 records was constructed. The research compared the greedy algorithm, dynamic programming, and their derivative algorithms, and selected the Euclidean distance to calculate the distance between points. The results show that there are significant differences in the performance of different algorithms. The Greedy Kruskal algorithm performs relatively well among the greedy algorithm family, and the combination of dynamic programming and the Bellman - Ford algorithm stands out. Based on this, a two - stage intelligent optimization algorithm for driverless vehicles was designed. The first stage uses the Bellman - Ford algorithm for preliminary path planning, and the second stage optimizes the path with the Kruskal algorithm. This algorithm combines the advantages of different algorithms, providing a more effective solution for path planning of driverless vehicles, and is of great significance for promoting the development of autonomous driving technology and constructing intelligent transportation systems.","","979-8-3315-3311-3","10.1109/ICCECE65250.2025.10985327","","https://ieeexplore.ieee.org/stamp/stamp.jsp?arnumber=10985327","Driverless;Path Planning;Greedy Algorithm;Dynamic Programming;Intelligent Optimization Algorithm","Greedy algorithms;Heuristic algorithms;Urban areas;Euclidean distance;Path planning;Robustness;Dynamic programming;Optimization;Intelligent transportation systems;Autonomous vehicles","","1","","18","IEEE","15 May 2025","","","IEEE","IEEE Conferences"
"A Novel Visual Communication Scenario Based on Image Processing Algorithms","J. Yang; L. Hou","Xijing University, Shaanxi, Xian, China; Xijing University, Shaanxi, Xian, China",2025 International Conference on Machine Learning and Autonomous Systems (ICMLAS),"25 Apr 2025","2025","","","1130","1135","In order to comply with the trend of intelligent visual communication, this study proposed an innovative visual communication scenario based on image processing algorithms. The framework aims to optimize traditional key technologies such as the image generation, editing, style transfer and image compression. First, as the foundation of visual communication, this study proposes a generative adversarial network model based on text semantic information for image generation and editing. The model achieves stable image generation and efficient editing from a theoretical level through paired training of text and image pairs. Secondly, for image style transfer, this study designed an improved VGG19 convolutional neural network. At the same time, the adaptive instance normalization technology was combined to optimize the effect of style transfer. Finally, in terms of image compression, the study proposed an improved generative adversarial network (REVISED-GAN) model. This model can dynamically adjust the compression error based on structured information to improve image compression efficiency. Through comparative tests, the proposed image style transfer and image compression algorithms have shown excellent performance in terms of structural similarity, image quality and compression ratio.","","979-8-3315-0574-5","10.1109/ICMLAS64557.2025.10967747","","https://ieeexplore.ieee.org/stamp/stamp.jsp?arnumber=10967747","Visual Communication;Image Processing Algorithms;Novel Scenario Design;Algorithm Design","Training;Adaptation models;Image coding;Machine learning algorithms;Visual communication;Image synthesis;Heuristic algorithms;Semantics;Generative adversarial networks;Neural style transfer","","","","28","IEEE","25 Apr 2025","","","IEEE","IEEE Conferences"
"Integrating Multi-Agent Systems and Cellular Automata in Urban Block Generative Design: A Rule-Based Approach","Y. Zhang","School of Architecture, Tianjin University, China",2024 17th International Symposium on Computational Intelligence and Design (ISCID),"13 Jun 2025","2024","","","310","314","In the era of digital intelligence, urban block design methods are transitioning from traditional to automated approaches. As society's demand for spatial quality increases, urban block design methods need to meet more complex requirements. Existing methods have room for improvement in terms of result diversity and dynamic parameter response. To address these challenges, our study develops a rule-based urban block generation design method, formulating the generation rules according to urban characteristics and regulations. Our study utilizes cellular automata and multi-agent algorithms to establish an automated process for urban block generation. Additionally, we develop a multi-objective optimization model to enhance the spatial perception of urban block forms. Our findings reveal that this method effectively addresses the constraints of complexity and dynamically adapts to various parameters. It also successfully generates a diverse array of urban block forms. Overall, our research contributes a novel automated design workflow to the field of computational urban block design, offering novel perspectives and advancing the capabilities of urban planning tools.","2473-3547","979-8-3315-2725-9","10.1109/ISCID63852.2024.00077","","https://ieeexplore.ieee.org/stamp/stamp.jsp?arnumber=11027838","Urban Block Form;Generative Design;Cellular Automata;Multi-Agent;Spatial Perception","Wind energy generation;Design methodology;Heuristic algorithms;Urban planning;Automata;Morphology;Aerospace electronics;Regulation;Optimization;Multi-agent systems","","","","12","IEEE","13 Jun 2025","","","IEEE","IEEE Conferences"
"Machine Learning-Assisted Design Automation of Integrated Photonic Devices","Y. Su; H. Chen; Y. Zang; Q. Hao; Y. Ma; Y. Tong","Microelectronics Thrust HKUST(GZ), Guangzhou, China; Microelectronics Thrust HKUST(GZ), Guangzhou, China; WUXI Institute of Interconnect Technology, Wuxi, China; Chinese Academy of Sciences, Institute of Computing Technology, Beijing, China; Microelectronics Thrust HKUST(GZ), Guangzhou, China; Microelectronics Thrust HKUST(GZ), Guangzhou, China",2025 International Symposium of Electronics Design Automation (ISEDA),"8 Aug 2025","2025","","","718","723","Photonic inverse design has emerged as a trans-formative approach in the development of integrated photonic devices. The inverse design process primarily relies on two key steps: electromagnetic simulation and optimization algorithms. However, traditional numerical methods for EM simulation often face challenges such as computational inefficiencies, limited data utilization, and a lack of universality. Similarly, conventional iterative optimization algorithms used in inverse design suffer from high computational costs, susceptibility to local optima, and sensitivity to initial conditions. With the rapid advancements in artificial intelligence, machine learning offers a promising avenue to overcome these challenges, enabling efficient automated physical design of high-performance integrated photonic devices without the need for extensive photonics expertise. In this paper, we review several advanced methods that integrate ML into EM simulation and inverse design algorithms. Additionally, we emphasize the importance of incorporating manufacturing constraints to ensure the practical feasibility of the designed devices. By highlighting the potential of ML to revolutionize the design automation of integrated photonic devices, we aim to inspire further research and innovation in this field.","","979-8-3315-3696-1","10.1109/ISEDA65950.2025.11101099","Guangzhou Municipal Science and Technology Project; Natural Science Foundation of Guangdong Province; ","https://ieeexplore.ieee.org/stamp/stamp.jsp?arnumber=11101099","silicon photonics;photonic inverse design;design automation;electromagnetic simulation;optimization algorithm","Technological innovation;Design automation;Machine learning algorithms;Reviews;Manufacturing;Inverse design;Electromagnetics;Optimization;Faces;Photonics","","","","46","IEEE","8 Aug 2025","","","IEEE","IEEE Conferences"
"A co-evolutionary framework for concurrent design of machines layout and AGVs planning","Y. Shi; X. Sun; W. Chen; R. Xie; X. Zheng","School of Mechanical Engineering, Dalian University of Technology, Dalian, China; School of Mechanical Engineering, Dalian University of Technology, Dalian, China; China North Vehicle Research Institute, Beijing, China; School of Energy and Power Engineering, Dalian University of Technology, Dalian, China; School of Mechanical Engineering, Dalian Jiaotong University, Dalian, China",2017 IEEE 21st International Conference on Computer Supported Cooperative Work in Design (CSCWD),"16 Oct 2017","2017","","","498","502","We herein tackled concurrent design of machines layout and automated guided vehicle (AGV) planning in a workshop, and proposed a co-evolutionary framework for the whole design with tandem AGVs system. Our objective is to reduce the material transporting costs in the manufacturing process and realize the flexible reconfigurable. Firstly, we divide the whole workshop into several regions (or groups), and each region is a subsystem of cooperative co-evolutionary (CC) framework (Potter's CC model). Then, we employ a typical evolutionary algorithm, such as genetic algorithm, to solve the machine layout with AGV planning in each region. Also, we use a group generator to regroup the regions for improving the design. The preliminary experimental results from an example with ten parts, 30 machines and three loops in a workshop showed the effectiveness of our framework compared with noncoevolutionary framework.","","978-1-5090-6199-0","10.1109/CSCWD.2017.8066744","","https://ieeexplore.ieee.org/stamp/stamp.jsp?arnumber=8066744","Co-evolutionary framework;AGV planning;machines layout;concurrent design","Layout;Conferences;Path planning;Algorithm design and analysis;Collaboration;Optimization;Planning","","2","","12","IEEE","16 Oct 2017","","","IEEE","IEEE Conferences"
"Model-Based Systems Engineering to Design An Onboard Surround Vision System for Cooperative Automated Vehicles","N. Kemsaram; A. Das; G. Dubbelman","Department of Space Robotics, Space Robotics (SpaceR) Research Group SnT Centre University of Luxembourg, Kirchberg, Luxembourg; Department of Electrical Engineering, Mobile Perception Systems (MPS) Lab Signal Processing Systems Group Eindhoven University of Technology, Eindhoven, AZ, Netherlands; Department of Electrical Engineering, Mobile Perception Systems (MPS) Lab Signal Processing Systems Group Eindhoven University of Technology, Eindhoven, AZ, Netherlands",2021 2nd International Informatics and Software Engineering Conference (IISEC),"17 Jan 2022","2021","","","1","6","Cooperative automated vehicles have various electronic control units with multiple sensors running complex software algorithms to perceive and navigate their environment. Hence, there is a need to use advanced software engineering design methodology to reduce the software complexity and increase modularity. In this paper, we applied the SysCARS model-based systems engineering methodology to design an onboard surround vision system with a SysML modeling language using the IBM Rational Rhapsody modeling tool. The modeling methodology is described through various phases and steps with a modeling language to overcome the challenges. The modeling tool takes the information from the design model of the system and generates a skeletal code. The algorithm is written for each generated skeletal code, compiled with a C++ compiler on the host Desktop PC (Ubuntu 16.04 LTS), and deployed on the target Nvidia Drive PX2 embedded hardware platform. The designed solution fulfills the requirements of the onboard surround vision system.","","978-1-6654-0759-5","10.1109/IISEC54230.2021.9672396","","https://ieeexplore.ieee.org/stamp/stamp.jsp?arnumber=9672396","Cooperative automated vehicle;deep neural networks;model-based systems engineering;surround vision system;system modeling language;unified modeling language","Codes;Software design;Navigation;Machine vision;Computational modeling;Design methodology;Software algorithms","","2","","25","IEEE","17 Jan 2022","","","IEEE","IEEE Conferences"
"Exploring the Application of Swarm Intelligence Algorithms to Nonlinear and Non-Convex Problems in the Real-World","W. Shen","Shanghai Open University Jingan Branch; Shanghai Jingan District College, Shanghai, China",2025 8th International Conference on Advanced Algorithms and Control Engineering (ICAACE),"9 Jun 2025","2025","","","129","132","In the real world, when solving problems based on advanced artificial intelligence (AI) technology, the problem is usually first transformed into an optimization model and corresponding algorithms are designed to solve it. Usually, such problems belong to non-convex nonlinear problems with numerous parameters, which are usually solved using swarm intelligence algorithms. Therefore, in this study, we summarized the three most common non convex nonlinear problems in the real world, including drone path planning, desert crossing problem, and workshop scheduling problem. We have summarized the three problems encountered and established corresponding mathematical models. The problem of drone path planning is based on highway or infrastructure detection tasks. Crossing the Desert is a real-life game. The workshop scheduling problem is based on the background of automobile factories. On this basis, we developed an improved dragonfly algorithm (DA) and applied the improved DA algorithm to three mathematical models.","","979-8-3315-3508-7","10.1109/ICAACE65325.2025.11019656","","https://ieeexplore.ieee.org/stamp/stamp.jsp?arnumber=11019656","swarm intelligence algorithm;nonlinear optimization;non-convex model;dragonfly algorithm;workshop scheduling","Road transportation;Conferences;Scheduling;Path planning;Deserts;Resource management;Particle swarm optimization;Artificial intelligence;Optimization;Drones","","","","20","IEEE","9 Jun 2025","","","IEEE","IEEE Conferences"
"A Malicious Attack on the Machine Learning Policy of a Robotic System","G. Clark; M. Doran; W. Glisson","University of South Alabama, Mobile, AL, US; Louisiana State University in Shreveport, Shreveport, LA, US; Sam Houston State University, Huntsville, TX, US","2018 17th IEEE International Conference On Trust, Security And Privacy In Computing And Communications/ 12th IEEE International Conference On Big Data Science And Engineering (TrustCom/BigDataSE)","6 Sep 2018","2018","","","516","521","The field of robotics has matured using artificial intelligence and machine learning such that intelligent robots are being developed in the form of autonomous vehicles. The anticipated widespread use of intelligent robots and their potential to do harm has raised interest in their security. This research evaluates a cyberattack on the machine learning policy of an autonomous vehicle by designing and attacking a robotic vehicle operating in a dynamic environment. The primary contribution of this research is an initial assessment of effective manipulation through an indirect attack on a robotic vehicle using the Q learning algorithm for real-time routing control. Secondly, the research highlights the effectiveness of this attack along with relevant artifact issues.","2324-9013","978-1-5386-4388-4","10.1109/TrustCom/BigDataSE.2018.00079","","https://ieeexplore.ieee.org/stamp/stamp.jsp?arnumber=8455947","robotics, machine learning, cybersecurity, artificial intelligence","Robots;Radiofrequency identification;Machine learning;Autonomous vehicles;Machine learning algorithms;Security","","26","","","IEEE","6 Sep 2018","","","IEEE","IEEE Conferences"
"Implementation of a Navigational Path Planning Algorithm for an Autonomous Mobile Robot","A. C. Nilavar; J. Bali; A. Huggi; A. Giriyapur; A. G. K","Automation and Robotics, KLE Technological University, Hubballi, India; Automation and Robotics, KLE Technological University, Hubballi, India; Automation and Robotics, KLE Technological University, Hubballi, India; Automation and Robotics, KLE Technological University, Hubballi, India; Automation and Robotics, KLE Technological University, Hubballi, India",2021 IEEE India Council International Subsections Conference (INDISCON),"2 Nov 2021","2021","","","1","5","An Autonomous mobile robot needs to be equipped with the intelligence of autonomous navigational ability in its operating environment. The ability is mainly decided by the way the robot perceives the environment, the way it plans the navigational path to be traversed, and how it executes its motion actuation. While designing the mobile robots, the accurate perception of the environment is taken care of by intelligent sensing modules. Further, the strategy of navigational path planning is implemented by robust algorithms that ensure the shortest path traversal, hence lesser time consumption and efficient obstacle avoidance capability. The choice of a path planning algorithm depends on the needs of the application employing the mobile robot. The level of autonomy of the mobile robot depends on the way the designer exploits the advantages of the path planning algorithm. The proposed work aims at comparing the intricacies of navigational path planning algorithms, namely, Dijkstra's algorithm, Genetic algorithm and A* algorithm, that can be employed for mobile robots. The demonstrational results of navigational path planning implemented using the A* algorithm is presented","","978-1-6654-3833-9","10.1109/INDISCON53343.2021.9582210","","https://ieeexplore.ieee.org/stamp/stamp.jsp?arnumber=9582210","Autonomous mobile robot;autonomous navigational ability;accurate perception;navigational path planning;obstacle avoidance capability;A* algorithm","Navigation;Heuristic algorithms;Conferences;Robot sensing systems;Path planning;Sensors;Mobile robots","","2","","20","IEEE","2 Nov 2021","","","IEEE","IEEE Conferences"
"AI-Based Use-Pattern Generative Hybrid Spaces for Indoor and Outdoor Activities","S. Allam","Architecture Department, College of Architecture & Design, Effat University, Jedda, Saudi Arabia",2023 20th Learning and Technology Conference (L&T),"11 Apr 2023","2023","","","54","58","This research explores machine learnt use-patter of human activities in outdoor and indoor spaces. It proposes scenarios to be used through Generative Adversarial Network for AI-Based use-pattern generative spaces. The study investigates futuristic AI-based life styles and its impact on the architectural spaces and clusters agglomeration. Clusters algorithmic design includes cellular automata and fractals in regards of stable null space as green nodes. Machine learnt use-pattern from daily activities incorporates a dynamic-responsive pixelation of spaces. The research manifest machine learnt algorithmic design and demonstrates IOT generative responsive spaces. A hybrid space of extended spatial reality that complies as well architectural boundaries has resulted using cellular responsive units/cells to include an extended reality (XR) part that supply the space with extended multiple activities. This hybrid space acts as a virtual and a real space that accommodates various functionalities with flexibilities relying on IOT, AI-based and XR technologies.","","979-8-3503-0030-7","10.1109/LT58159.2023.10092345","","https://ieeexplore.ieee.org/stamp/stamp.jsp?arnumber=10092345","Keywords—Artificial Intelligence & Machine learning;Generative Space;Generative Adversarial Network;Internet of things (IOT);Green Nodes","Legged locomotion;Image quality;Machine learning algorithms;Heuristic algorithms;Learning automata;Clustering algorithms;Null space","","2","","16","IEEE","11 Apr 2023","","","IEEE","IEEE Conferences"
"Pattern Derivative Design of Black Copper Infused with Silver Using AI-based Pattern Generation and Image Style Transfer Algorithm","X. Han; Y. Liu; H. Zhang; X. Huang; X. Sun","Beijing Institute of Fashion Techonology, Beijing, China; Beijing Institute of Fashion Techonology, Beijing, China; Hangzhou Fullspeed Creative Design Co., Ltd, Hangzhou, China; Beijing Institute of Fashion Techonology, Beijing, China; Beijing Institute of Fashion Techonology, Beijing, China",2023 International Conference on Artificial Intelligence and Automation Control (AIAC),"15 Apr 2024","2023","","","177","181","This work aims to explore the innovative fusion of image style transfer technology and pattern derivative design, and seek new avenues for the integration of Artificial Intelligence (AI) technology with China's intangible cultural heritage. The batch processing and high efficiency characteristics of AI technology are adopted and derivative design is taken as a medium to effectively disseminate black copper patterns infused with silver. Generative Adversarial Network (GAN) models from deep learning are employed and tuned with appropriate parameters. The deep learning framework realizes the generation of black copper patterns infused with silver. Furthermore, by incorporating image style transfer algorithms, novel pattern aesthetics are designed while preserving the distinctive features of black copper patterns infused with silver. Expert assessments through questionnaire responses reveal that the average rating for the visual aesthetics of the images is 4 points, with a high score of 4.08 for style simulation effectiveness, and a presentation rating of 3.67 for Yunnan's cultural connotation. Expert reviews show approval for the migration results in the experiment, as the transferred pattern designs satisfy aesthetic preferences and meet the standards for simulating different styles. This work provides valuable insights for the preservation and inheritance of black copper patterns infused with silver, as well as for promoting their diversified applications.","","979-8-3503-8380-5","10.1109/AIAC61660.2023.00048","","https://ieeexplore.ieee.org/stamp/stamp.jsp?arnumber=10491869","Artificial Intelligence;pattern generation;image style transfer;black copper infused with silver;pattern derivation","Deep learning;Silver;Visualization;Reviews;Generative adversarial networks;Copper;Cultural differences","","","","19","IEEE","15 Apr 2024","","","IEEE","IEEE Conferences"
"Design and Analysis of AI based Autonomous Waste Segregator using Deep Learning","N. Muthukumaran; T. Vinoth Kumar; R. Joshua Samuel Raj; S. Allwin Devaraj","Department of ECE, Centre for Computational Imaging and Machine Vision, Sri Eshwar College of Engineering, Coimbatore, Tamil Nadu, India; Department of EEE, RVS College of Engineering and Tech, Coimbatore, Tamil Nadu, India; Faculty of EDICT, Bahrain Polytechnic, Isa Town, Kingdom of Bahrain; ECE Department, Francis Xavier Engineeing College, Tirunelveli, Tamil Nadu, India","2023 7th International Conference on I-SMAC (IoT in Social, Mobile, Analytics and Cloud) (I-SMAC)","26 Oct 2023","2023","","","524","526","Although the existing manual waste segregator method is simple, it is not effective in terms of accurate waste classification. This necessitates the need to automate the process of waste classification in order to maintain a clean environment. The proposed model is an efficient system suitable for satisfying the emerging societal and environmental requirements. The proposed system utilizes the supervised machine learning algorithms to classify the waste into the different categories such as cardboard, glass, metal, garbage, paper and plastic. Initially, the data is collected and the enhancement process will be performed. The proposed algorithm converts a set of color images available in multiple folders to grayscale by converting them into a 2D matrix. The images will be then transformed and stored in a 1-Dimensional array, which is then used for labeling the data during testing process. By using CNN, the input images are then sampled and integrated to identify the human faces present in the image. Pooling process if done iteratively to reduce the image size. The proposed system presents a simple and efficient method to perform garbage classification by using machine learning algorithms by completely eliminating the manual human intervention in the waste classification step. The testing process has achieved an 80% efficiency.","2768-0673","979-8-3503-4148-5","10.1109/I-SMAC58438.2023.10290696","","https://ieeexplore.ieee.org/stamp/stamp.jsp?arnumber=10290696","Waste segregation;Machine Learning Algorithm;2-D matrix;CNN;Pooling","Machine learning algorithms;Metals;Manuals;Glass;Gray-scale;Classification algorithms;Plastics","","5","","9","IEEE","26 Oct 2023","","","IEEE","IEEE Conferences"
"Design of Genetic Algorithms for the Simulation-Based Training of Artificial Neural Networks in the Context of Automated Vehicle Guidance","O. A. Yarom; S. Jacobitz; X. Liu-Henke","Department of Mechanical Engineering, Ostfalia University of Applied Sciences, Wolfenbuettel, Germany; Department of Mechanical Engineering, Ostfalia University of Applied Sciences, Wolfenbuettel, Germany; Department of Mechanical Engineering, Ostfalia University of Applied Sciences, Wolfenbuettel, Germany",2020 19th International Conference on Mechatronics - Mechatronika (ME),"14 Dec 2020","2020","","","1","8","This paper describes the design of a Genetic Algorithm (GA) for intelligent control systems with Artificial Neural Networks (ANNs) in the context of autonomous driving in a model-based and verification-oriented process. First, a summary of the state of the art is given on the use of ANNs and GAs in control engineering. This is followed by an explanation of the design methodology used in this paper. Then the concept of a universal GA for the (simulation-based) training of any common ANNs is presented. Afterwards the design of the GA is explained in detail. Special aspects of parameterization and algorithms are also discussed. Finally, the presented method is validated by an example of a model-based design of a driving function based on an ANN for automated lateral guidance.","","978-1-7281-5602-6","10.1109/ME49197.2020.9286464","European Regional Development Fund; ","https://ieeexplore.ieee.org/stamp/stamp.jsp?arnumber=9286464","Artificial Intelligence;AI;Artificial Neural Networks;ANN;Machine Learning;Gradient Free Reinforcement Learning;Genetic Algorithm;GA;Model-Based Design;Automated Lateral Guidance","Training;Mechatronics;Design methodology;Process control;Artificial neural networks;Genetic algorithms;Intelligent control","","1","","20","IEEE","14 Dec 2020","","","IEEE","IEEE Conferences"
"Rethinking Strategic Mechanism Design In The Age Of Large Language Models: New Directions For Communication Systems","I. Lotfi; N. Alabbasi; O. Alhussein","Department of Computer Science, Khalifa University, Abu Dhabi, UAE; Department of Computer Science, Khalifa University, Abu Dhabi, UAE; Department of Computer Science, Khalifa University, Abu Dhabi, UAE",IEEE Internet of Things Magazine,"","2025","PP","99","1","9","This paper explores the application of large language models (LLMs) in designing strategic mechanisms - including auctions, contracts, and games- for specific purposes in communication networks. Traditionally, strategic mechanism design in telecommunications has relied on human expertise to craft solutions based on game theory, auction theory, and contract theory. However, the evolving landscape of telecom networks, characterized by increasing abstraction, emerging use cases, and novel value creation opportunities, calls for more adaptive and efficient approaches. We propose leveraging LLMs to automate or semi-automate the process of strategic mechanism design, from intent specification to final formulation. This paradigm shift introduces both semi-automated and fully-automated design pipelines, raising crucial questions about faithfulness to intents, incentive compatibility, algorithmic stability, and the balance between human oversight and artificial intelligence (AI) autonomy. The paper discusses potential frameworks, such as retrieval-augmented generation (RAG)-based systems, to implement LLMdriven mechanism design in communication networks contexts. We examine key challenges, including LLM limitations in capturing domain-specific constraints, ensuring strategy proofness, and integrating with evolving telecom standards. By providing an in-depth analysis of the synergies and tensions between LLMs and strategic mechanism design within the IoT ecosystem, this work aims to stimulate discussion on the future of AI-driven information economic mechanisms in telecommunications and their potential to address complex, dynamic network management scenarios.","2576-3199","","10.1109/MIOT.2025.3576260","","https://ieeexplore.ieee.org/stamp/stamp.jsp?arnumber=11025168","Deep learning;generative AI;mechanism design;game theory;computer networks","Mechanism design;Contracts;Game theory;Telecommunications;Biological system modeling;Artificial intelligence;Resource management;Retrieval augmented generation;Generative AI;Heuristic algorithms","","","","","IEEE","5 Jun 2025","","","IEEE","IEEE Early Access Articles"
"Three-Dimension Animation Character Design Based on Probability Genetic Algorithm","Y. Gao","College of Cultural and Creative Industries, Changchun University of Architecture and Civil Engineering, Chang Chun, China",2024 International Conference on Data Science and Network Security (ICDSNS),"1 Oct 2024","2024","","","1","4","The Three-Dimension (3D) animation design typically rely on front and back information is critical component in many downstream image processing task such as activity recognition and motion tracking. However, there is currently a lack of automated approaches for generating anime character in the 2D design and 3D design is performed efficiently but computational high and many similarity characters. This paper, proposed Probability Genetic Algorithm (PGA) method is performed efficiently by using 3D animation is detecting the similarly of another animation character design. The PGA is automating a time-consuming process allowing rapid generation of diverse character designs and helps to explore a wider design specific parameter and constraints to be incorporated into the algorithm. Initial data acquire from the danbooru dataset and pre-processing using data augmentation for rotation, slipping to find the various direction of the animation character design. The proposed PGA method is evaluated using the danbooru data achieving a higher accuracy of 91.25% respectively. The existing techniques, Mask Region Convolutional Neural Network (RCNN) and Deep Neural Network (DNN) are evaluated the proposed method.","","979-8-3503-7311-0","10.1109/ICDSNS62112.2024.10690928","","https://ieeexplore.ieee.org/stamp/stamp.jsp?arnumber=10690928","deep neural network;data augmentation;three-dimensional character design;mask region convolutional neural network and probability genetic algorithm","Three-dimensional displays;Accuracy;Tracking;Image processing;Network security;Animation;Data augmentation;Convolutional neural networks;Electronics packaging;Genetic algorithms","","","","12","IEEE","1 Oct 2024","","","IEEE","IEEE Conferences"
"A Gradient Descent-Based Backend Feedback Adaptive Motion Planning Algorithm for Autonomous Mobile Robots","G. Li; S. -C. Wang; B. Cheng; Z. -P. Zhu","College of Electronics and Information Engineering, Tongji University, Shanghai, China; College of Electronics and Information Engineering, Tongji University, Shanghai, China; College of Electronics and Information Engineering, Tongji University, Shanghai, China; College of Electronics and Information Engineering, Tongji University, Shanghai, China",IEEE Transactions on Cognitive and Developmental Systems,"6 Aug 2025","2025","17","4","784","793","This article introduces an innovative motion planning algorithm for autonomous mobile robots, specifically focusing on quadrotor unmanned aerial vehicles (UAVs), utilizing a gradient descent-enhanced frontend and backend architecture. A trajectory planning algorithm is proposed for the front-end part. It relies on backend optimization feedback and memorized jump points. The algorithm builds on the jump point search (JPS) algorithm and introduces an obstacle table and jump point table. A new heuristic function is proposed, which emphasizes the weight of obstacle proportion in order to avoid getting stuck in local optimal paths. In the backend trajectory optimization part, a backend space-time trajectory optimization method based on gradient descent is proposed, and an optimization objective function is designed to ensure the smoothness and safety of the UAV trajectory. The simulation results show that the algorithm proposed in this article has significant advantages for improving real-time performance and environmental adaptability compared with the method based on ESDF and the EGO-planner. The actual flight experiments show that the proposed algorithm can avoid UAVs getting stuck in local optima during path planning. Notably, the proposed methodology also holds promise for application in path planning for other autonomous robots.","2379-8939","","10.1109/TCDS.2024.3519319","National Key Research and Development Program of China(grant numbers:2023YFB4704400); National Natural Science Foundation of China(grant numbers:62273262,62422314,62088101); Shanghai Science and Technology Commission Project(grant numbers:24ZR1492700,22QA1408500,2021SHZDZX0100); Aeronautical Science Foundation of China(grant numbers:2024M071038001); Industry-University-Research Cooperation Fund of the Eighth Research Institute of China Aerospace Science and Technology Corporation(grant numbers:SAST2023-019); China University Industry, University and Research Innovation(grant numbers:2021ZYA03004); Special Fund for Independent Innovation of Aero Engine Corporation of China(grant numbers:ZZCX-2021-007); Fundamental Research Funds for the Central Universities; ","https://ieeexplore.ieee.org/stamp/stamp.jsp?arnumber=10804587","Gradient descent;motion planning;quadrotor unmanned aerial vehicle (UAV);real time","Heuristic algorithms;Planning;Autonomous aerial vehicles;Optimization;Trajectory optimization;Path planning;Real-time systems;Quadrotors;Safety;Prediction algorithms","","","","32","IEEE","17 Dec 2024","","","IEEE","IEEE Journals"
"Generative AI Through CAS Lens: An Integrated Overview of Algorithmic Optimizations, Architectural Advances, and Automated Designs","C. Zhang; Y. You; N. Wang; J. Park; L. Zhang","LEADS, the National Mobile Communications Research Laboratory, and the Frontiers Science Center for Mobile Information Communication and Security, Southeast University, Nanjing, China; LEADS, the National Mobile Communications Research Laboratory, and the Frontiers Science Center for Mobile Information Communication and Security, Southeast University, Nanjing, China; IBM T. J. Watson Research Center, Yorktown Heights, NY, USA; School of Electrical Engineering, Korea University, Seoul, South Korea; School of Electronic and Electrical Engineering, University of Leeds, Leeds, U.K.",IEEE Journal on Emerging and Selected Topics in Circuits and Systems,"25 Jun 2025","2025","15","2","149","185","Generative artificial intelligence (GenAI) has emerged as a pivotal focus in global innovation agendas, revealing transformative potential that extends beyond technological applications to reshape diverse societal domains. Given the fundamental dependency of GenAI deployment on circuits and systems (CAS), a co-evolutionary approach integrating both technological paradigms becomes imperative. This synergistic framework confronts three interrelated challenges: 1) developing deployment-ready GenAI algorithms, 2) engineering implementation-efficient CAS architectures, and 3) leveraging GenAI for autonomous CAS designs - each representing critical innovations vectors. Given the rapid advancement of GenAI-CAS technologies, a comprehensive synthesis has become an urgent priority across academia and industry. Consequently, this timely review systematically analyzes current advancements, provides integrative perspectives, and identifies emerging research trajectories. This review endeavors to serve both AI and CAS communities, thereby catalyzing an innovation feedback loop: GenAI-optimized CAS architectures in turn accelerate GenAI evolution through algorithm-hardware co-empowerment.","2156-3365","","10.1109/JETCAS.2025.3575272","National Natural Science Foundation of China(grant numbers:62331009,62401642); Jiangsu Provincial NSF(grant numbers:BG2024004,BM2023016); Fundamental Research Funds for the Central Universities; ","https://ieeexplore.ieee.org/stamp/stamp.jsp?arnumber=11024158","Generative artificial intelligence (GenAI);circuits and systems (CAS);algorithms;architectures;autonomous design","Computational modeling;Optimization;Circuits and systems;Artificial intelligence;Hardware;Biological system modeling;Computer architecture;Adaptation models;Integrated circuit modeling;Generative adversarial networks","","","","430","CCBY","6 Jun 2025","","","IEEE","IEEE Journals"
"Evaluation of Particle Swarm Optimization, Genetic Algorithms, and Ant Colony Optimization in Autonomous Mobile Robots Scheduling: A Comparative Study","M. Wu; C. L. Lim; E. L. M. Su; C. F. Yeong; W. Holderbaum; B. Dong","Internet Branch, Jiaxing Vocational and, Technical College, Jiaxing, China; Faculty of Electrical Engineering, Universiti Teknologi Malaysia, Johor Bahru, Malaysia; Faculty of Electrical Engineering, Universiti Teknologi Malaysia, Johor Bahru, Malaysia; Faculty of Electrical Engineering, Universiti Teknologi Malaysia, Johor Bahru, Malaysia; Department of Engineering, Manchester Metropolitan University, Manchester, UK; Faculty of Electrical Engineering, Universiti Teknologi Malaysia, Johor Bahru, Malaysia",2024 IEEE International Conference on Industrial Technology (ICIT),"5 Jun 2024","2024","","","1","5","This study aims to evaluate three AI-based optimization algorithms—Particle Swarm Optimization (PSO), Genetic Algorithms (GA), and Ant Colony Optimization (ACO)—for their effectiveness in optimizing AMR scheduling in manufacturing environments. Through simulations in MATLAB, it was found that ACO demonstrated consistent performance with minimal processing times, making it suitable for real-time applications. Conversely, while GA and PSO reduced overall travel distance, they exhibited nonlinear growth in processing times, indicating potential computational challenges. The findings suggest that ACO may offer a more balanced approach for real-time Autonomous Mobile Robot(AMRs) scheduling optimization, providing a base for further exploration.","2643-2978","979-8-3503-4026-6","10.1109/ICIT58233.2024.10540680","","https://ieeexplore.ieee.org/stamp/stamp.jsp?arnumber=10540680","Automated Guided Vehicles;Scheduling;Operational Efficiency","Ant colony optimization;Job shop scheduling;Processor scheduling;Service robots;Navigation;Real-time systems;Particle swarm optimization","","3","","15","IEEE","5 Jun 2024","","","IEEE","IEEE Conferences"
"TargetTree-RRT*: Continuous-Curvature Path Planning Algorithm for Autonomous Parking in Complex Environments","M. Kim; J. Ahn; J. Park","DYROS Laboratory, Graduate School of Convergence Science and Technology, Seoul National University, Seoul, South Korea; DYROS Laboratory, Graduate School of Convergence Science and Technology, Seoul National University, Seoul, South Korea; DYROS Laboratory, Graduate School of Convergence Science and Technology, Seoul National University, Seoul, South Korea",IEEE Transactions on Automation Science and Engineering,"4 Jan 2024","2024","21","1","606","617","Rapidly-exploring random tree (RRT) has been studied for autonomous parking as it quickly finds an initial path and is easily scalable in complex environments. However, the planning time increases by searching for the path in narrow parking spots. To reduce the planning time, the target tree algorithm, which substitutes a parking goal in RRT with a set (target tree) of backward parking paths, was proposed. However, as it consists of circular and straight paths, it deteriorates parking accuracy because of curvature-discontinuity. Moreover, the planning time increases in complex environments; backward paths can be blocked by obstacles. Therefore, this paper introduces the TargetTree-RRT* algorithm for complex environments. First, a target tree is designed using clothoid paths to address such curvature-discontinuity. Second, to reduce the planning time further, a cost function is defined to initialize a proper target tree that considers obstacles. By integrating with optimal-variant RRT and searching for the shortest path, the proposed TargetTree-RRT* algorithm obtains a near-optimal path as the sampling time increases. Experiment results in real environments showed that the vehicle parked more accurately, and continuous-curvature paths were obtained more quickly and with higher success rates than those acquired using other sampling-based and other types of planning algorithms. Note to Practitioners—This work was motivated by the need to develop a fast and practical path planning algorithm for autonomous parking, not only in simple environments but also in complex environments. Sampling-based planning algorithms have been studied in this area, with the advantages of rapid planning of an initial path and easily reflecting vehicle’s constraints. Nevertheless, in cluttered environments, it needs considerable time to obtain a path for the autonomous vehicle easy for tracking and precise parking. To address the aforementioned issue, this article presents the TargetTree-RRT* algorithm. It finds a path by replacing a parking goal with a set of pre-defined continuous-curvature paths considering cluttered environments. TargetTree-RRT* achieves better performance for real parking scenarios and rapidly obtains a near-optimal parking path, compared to other parking path planners. The proposed algorithm is not limited to autonomous vehicles. It can be applied to other unmanned vehicles or robots, such as autonomous underwater vehicles (AUVs). In any application where the goal of path planning can be replaced with predefined standardized paths, the proposed algorithm can be extended.","1558-3783","","10.1109/TASE.2022.3225821","Phantom AI Inc (U.S.) through the Research Project, Automated Valet Parking Development(grant numbers:490-20200034); ","https://ieeexplore.ieee.org/stamp/stamp.jsp?arnumber=9970002","Path planning;autonomous parking;target tree algorithm;rapidly-exploring random tree","Path planning;Cost function;Target tracking;Autonomous vehicles;Trajectory;Automated parking;Algorithm design and analysis;Random forests","","32","","37","IEEE","5 Dec 2022","","","IEEE","IEEE Journals"
"Modeling and Control of an Autonomous Three Wheeled Mobile Robot with Front Steer","A. Pandey; S. Jha; D. Chakravarty","Autonomous Ground Vehicle Research Group, Indian Institute of Technology (IIT), Kharagpur, West Bengal, India; Autonomous Ground Vehicle Research Group, Indian Institute of Technology (IIT), Kharagpur, West Bengal, India; Autonomous Ground Vehicle Research Group, Indian Institute of Technology (IIT), Kharagpur, West Bengal, India",2017 First IEEE International Conference on Robotic Computing (IRC),"15 May 2017","2017","","","136","142","Modeling and control strategies for an autonomous three wheeled mobile robot with front wheel steer and front wheel drive have been presented in this paper. Although, three-wheeled vehicles with front wheel steer are commonly used automotives in public transport (especially in Asian countries), the advantages of such a design in navigation and localization of autonomous vehicles are seldom utilized. We present the system model for velocity control and autonomous trajectory control for such a robotic vehicle. Using the obtained model, the velocity control system has been designed in a digital control framework. We propose a novel trajectory control approach for accurate path following to work with the conventional motion planning high level control algorithm. The derived system model and the controllers have been validated using experimental results obtained for the robot vehicle design. Controller performance and robustness issues have also been discussed briefly.","","978-1-5090-6724-4","10.1109/IRC.2017.67","","https://ieeexplore.ieee.org/stamp/stamp.jsp?arnumber=7926529","autonomous robots;tricycle robot;control;trajectory control;velocity control;system identification","Mobile robots;Wheels;Trajectory;Velocity control;Planning;Algorithm design and analysis","","13","","18","IEEE","15 May 2017","","","IEEE","IEEE Conferences"
"Intelligent Path Planning and Obstacle Avoidance Algorithms for Autonomous Vehicles Based on Enhanced RRT Algorithm","P. Ren; S. Chen; H. Fu","Changzhou Vocational Institute of Mechatronic Technology, Changzhou, Jiangsu, China; Changzhou Vocational Institute of Mechatronic Technology, Changzhou, Jiangsu, China; Changzhou Vocational Institute of Mechatronic Technology, Changzhou, Jiangsu, China",2021 6th International Conference on Communication and Electronics Systems (ICCES),"2 Aug 2021","2021","","","1868","1871","This manuscript studies the intelligent path planning and obstacle avoidance algorithms for autonomous vehicles based on enhanced RRT algorithm. The selection of the optimal path in this research gives priority to security, so the function of the weight value of each cost function is designed according to the threshold of the security cost function. When the value of the security cost function is above the threshold, the security is low. With this replacement, the traditional RRT is implemented with the genetic algorithms and the neural computation model is combined for the accuracy concern. The designed model is tested on the random data sets. Compared with the traditional RRT, the neural network based model and the fuzzy planning based model, the proposed is efficient.","","978-1-6654-3587-1","10.1109/ICCES51350.2021.9489113","","https://ieeexplore.ieee.org/stamp/stamp.jsp?arnumber=9489113","RRT Algorithm;Path Planning;Obstacle Avoidance;Autonomous Vehicles;Data Monitoring","Electric potential;Heuristic algorithms;Computational modeling;Simulation;Cost function;Path planning;Security","","8","","22","IEEE","2 Aug 2021","","","IEEE","IEEE Conferences"
"Rack Design for an Autonomous-Steerable-Vehicle Storage and Retrieval System of a Warehouse","X. Fu; B. Zhang; H. Yu","College of Mechatronics Engineering and Automation, National University of Defense Technology, Changsha, China; General Logistics Department of PLA, Construction Engineering Research Institute, Xian, China; General Logistics Department of PLA, Construction Engineering Research Institute, Xian, China",2015 7th International Conference on Intelligent Human-Machine Systems and Cybernetics,"23 Nov 2015","2015","2","","112","116","An autonomous-steerable-vehicle storage and retrieval system is a new storage concept, in which multiple automated storage & retrieval vehicles can concurrently perform compact three-dimensional automated storage or retrieval with the help of lifters. In this paper, six regulations, two corollaries, and one algorithm are presented for the rack design of an autonomous-steerable-vehicle storage and retrieval system. The six regulations describe a framework of the rack design of the system, which avoid collision between vehicles by setting vehicles to move unidirectionally on trunk rails and to pass through rail nodes after being authorized, and avoid deadlock by restricting the trunk rail networks to ""no cut edge"" configuration. The two corollaries can help designers to check the liveness of the highroad traffic network of the rack. The algorithm illustrates an orientation of the trunk rail network, with which designers can test the rationality of the designed trunk rail network. At last, an example is shown to exhibit how the regulations, corollaries, and algorithm work in the design.","","978-1-4799-8646-0","10.1109/IHMSC.2015.67","","https://ieeexplore.ieee.org/stamp/stamp.jsp?arnumber=7334930","autonomous-steerable-vehicle storage and retrieval system;rack design;trunk rail network;orientation","Rails;Floors;System recovery;Vehicles;Mobile robots;Algorithm design and analysis;Layout","","4","","9","IEEE","23 Nov 2015","","","IEEE","IEEE Conferences"
"Path-planning of automated guided vehicle based on improved Dijkstra algorithm","G. Qing; Z. Zheng; X. Yue","College of Information Science and Technology, Beijing University of Chemical Technology, Beijing; College of Information Science and Technology, Beijing University of Chemical Technology, Beijing; College of Information Science and Technology, Beijing University of Chemical Technology, Beijing",2017 29th Chinese Control And Decision Conference (CCDC),"17 Jul 2017","2017","","","7138","7143","In the automated storage and retrieval system (AS/RS), a reasonable path-planning is fundamental for the effective work of AGV. For the rectangular environment map of the AS/RS system, the traditional Dijkstra algorithm can only find one shortest path, and skip over other paths with the same distance. An improved Dijkstra algorithm is proposed to solve the path-planning problem in the rectangular environment, which can find all equidistant shortest paths. The optimal path with both the shortest distance and time is obtained by adding running time to the path-planning evaluation. The algorithm is programmed using Visual C++, and the simulation results show that the algorithm is effective and feasible for path-planning in the AS/RS system.","1948-9447","978-1-5090-4657-7","10.1109/CCDC.2017.7978471","","https://ieeexplore.ieee.org/stamp/stamp.jsp?arnumber=7978471","AGV;path planning;Dijkstra algorithm;shortest path;shortest time","Path planning;Algorithm design and analysis;Heuristic algorithms;Shortest path problem;Turning;Autonomous vehicles;Storage automation","","92","","9","IEEE","17 Jul 2017","","","IEEE","IEEE Conferences"
"Design and Simulation of an Autonomous Mobile Robot(ScoBot): Locomotion, Perception, Navigation","V. G. R. M.V; M. N.S; R. K; R. A. R","School of Electrical and Electronics Engineering, SASTRA Deemed University, Thanjavur, India; School of Electrical and Electronics Engineering, SASTRA Deemed University, Thanjavur, India; School of Electrical and Electronics Engineering, SASTRA Deemed University, Thanjavur, India; School of Electrical and Electronics Engineering, SASTRA Deemed University, Thanjavur, India",2023 2nd International Conference on Vision Towards Emerging Trends in Communication and Networking Technologies (ViTECoN),"26 Jun 2023","2023","","","1","5","Mobile robots are extensively employed for several industrial, research, and consumer services tasks. This paper proposes the design and simulation of an Autonomous Mobile Robot (AMR) named “ScoBot (abbreviation for Scorpion Robot)”. It is a differential drive-based mobile robot whose task is to autonomously navigate the environment to traverse from one place to another without human intervention (i.e., Locomotion). At the same time, avoid the obstacles placed in the environment (i.e., Perception task) with the help of an onboard LIDAR sensor. The Adaptive Monte Carlo Localisation (AMCL) algorithm is employed for the robot's localisation. The path planning operations are handled with the help of a local planner (Dynamic-Window Analysis approach) and a global planner (Dijkstra algorithm). The design of the robot is carried out using 3D CAD modelling software. It is exported as a URDF(Universal Robot Description Format) file so that all the above-said tasks on the simulation of the autonomous motion capabilities of the robot are employed in ROS(Robotic Operating System) and Gazebo environments. Finally, the results of the simulations are observed both in the Gazebo and the live actions/ working of the employed algorithms are monitored through Rviz (ROS visualisation).","","979-8-3503-4798-2","10.1109/ViTECoN58111.2023.10157048","","https://ieeexplore.ieee.org/stamp/stamp.jsp?arnumber=10157048","AMR;autonomous navigation;URDF;AMCL;ROS;Rviz;Gazebo","Solid modeling;Visualization;Three-dimensional displays;Navigation;Service robots;Heuristic algorithms;Software algorithms","","1","","31","IEEE","26 Jun 2023","","","IEEE","IEEE Conferences"
"Design and testing of Hybrid Slime Mold Algorithm for Real-Time Adaptive Mobile Robot Path Planning in Dynamic Environments","S. Gupta; S. Gupta; S. M. Raith; A. Kumar; S. Bharany; V. Kant; Ch.Sandeep","Department of Robotics and Control Engineering, School of Electronics and Control Engineering, Lovely Professional University, Phagwara, India; Department of Chemistry, School of Chemical Engineering and Physical Sciences, Lovely Professional University, Phagwara, India; Department of Robotics and Control Engineering, School of Electronics and Control Engineering, Lovely Professional University, Phagwara, India; Department of Computer Science and Engineering, Lovely Professional University, Phagwara, Punjab, India; Chitkara University Institute of Engineering and Technology, Chitkara University, Rajpura, India; Chitkara University Institute of Engineering and Technology, Chitkara University, Rajpura, India; School of Computer Science and Artificial Intelligence, SR University, Warangal, Telangana",2025 3rd International Conference on Advancement in Computation & Computer Technologies (InCACCT),"28 May 2025","2025","","","83","88","Dynamic path planning and collision prevention is one of the key tasks for autonomous vehicles in relation to dynamic movement of obstacles. In this paper, a novel hybrid approach based on integration of Slime Mold Algorithm (SMA), Triangle Inequality Principle (TIP), and Partition Method Strategy (PMS) for solution of this problem statement. The SMA algorithm is very flexible and adaptive by nature due to its biological working mechanism which is associated with TIP and PMS strategies in relation to their optimization and efficient path planning capabilities and robust solutions. This integrated module is tested in virtual environment and the results are compared with other updated algorithms such as A*, Genetic Algorithm (GA), and Particle Swarm Optimization (PSO) for the same static and dynamic environment. It has been observed from the results that this hybrid strategy significantly improves the path planning task several times than other algorithms in terms of multiple aspects. Under testing conditions, the path length was reduced to 25% than other algorithms in a dynamic environment. During this calculation, the computational efficiency of the system has been improved to 60% than conventional methods. The chances of collision have been improved to 34.23% especially in environment where the obstacles are moving. The capability of SMA has been improved due to the synergy between TIP and PMS. The dynamic and adaptive nature of this algorithm is suitable for various applications such as search-and-rescue operations, manufacturing units’ automation and other hazardous environment exploration.","","979-8-3315-4389-1","10.1109/InCACCT65424.2025.11011380","","https://ieeexplore.ieee.org/stamp/stamp.jsp?arnumber=11011380","Autonomous Mobile Robot Navigation;Slime Mold Algorithm (SMA);Triangle Inequality Principle (TIP);Dynamic Path Planning Strategies","Navigation;Heuristic algorithms;Virtual environments;Path planning;Partitioning algorithms;Safety;Mobile robots;Vehicle dynamics;Testing;Genetic algorithms","","","","36","IEEE","28 May 2025","","","IEEE","IEEE Conferences"
"Path planning of mobile robot based on improved A* algorithm","M. Lin; K. Yuan; C. Shi; Y. Wang","College of Information Science and Engineering, Northeastern University, Shenyang; College of Information Science and Engineering, Northeastern University, Shenyang; College of Information Science and Engineering, Northeastern University, Shenyang; College of Information Science and Engineering, Northeastern University, Shenyang",2017 29th Chinese Control And Decision Conference (CCDC),"17 Jul 2017","2017","","","3570","3576","Aiming at the problem of path planning algorithm of autonomous parade robot in the indoor environment, this paper, based on Dijkstra algorithm and A∗ algorithm, introduces the influence of the current node's parent node to the heuristic function in A∗ algorithm, and seeks the optimal weight of the heuristic function to optimize the path planning algorithm. In the MATLAB environment, different scenarios were simulated, and compared with the non-improved situation in terms of path searching consumption time, path cost and traversed grid number and other indexes. After using the more reasonable heuristic function and changing the weight appropriately, the poor real-time capacity of the A∗ algorithm was improved at the expense of a small path cost.","1948-9447","978-1-5090-4657-7","10.1109/CCDC.2017.7979125","","https://ieeexplore.ieee.org/stamp/stamp.jsp?arnumber=7979125","mobile robot;path planning;A∗ algorithm;heuristic function;parent node","Heuristic algorithms;Algorithm design and analysis;Path planning;Mobile robots;MATLAB;Search methods","","46","","14","IEEE","17 Jul 2017","","","IEEE","IEEE Conferences"
"Automated Algorithm Design with Partial Reconstruction Heuristics for Solving Vehicle Routing Problems","L. Ma; X. Hao; R. Zhang; L. Chen","School of Information Science and Technology, Northwest University, Xi’an, China; School of Information Science and Technology, Northwest University, Xi’an, China; School of Information Science and Technology, Northwest University, Xi’an, China; School of Information Science and Technology, Northwest University, Xi’an, China",2024 IEEE 17th International Conference on Signal Processing (ICSP),"23 Jan 2025","2024","","","284","289","Automatic algorithm design has gained extensive research interest in addressing combinatorial optimization problems (COPs). Neural Combinatorial Optimization (NCO) is a novel application of automated algorithm design, which can be divided into two categories, i.e., the Constructive Neural Combinatorial Optimization (CNCO) that constructs solutions from scratch and Perturbative Neural Combinatorial Optimization (PNCO) that improves existing solutions via perturbing them. However, the proper integration of CNCO methods and PNCO methods into an automated algorithm design framework appears to be a research gap in the field of COPs. In this study, we propose an automatic algorithm design framework called Automatic Search Algorithm Framework (AutoSAF) that integrates CNCO into PNCO methods. AutoSAF can intelligently select the appropriate heuristics from the reconstruction pool, improvement pool, and perturbation pool, to improve the current solutions. The reconstruction pool consists of neural network heuristics. i.e., the CNCO methods, aiming at optimizing the solutions by reconstructing fragments of them. The heuristics in the improvement pool are to fine tune the solutions through minor perturbation. The heuristics in the perturbation pool are to modify the solutions significantly, preventing them from getting stuck in local optima. Additionally, we design an Adversarial Transformer Model (ATM) to provide rich learning-based meta-heuristics for the reconstruction pool. Specifically, employing a divide-and-conquer strategy, ATM iteratively reconstructs partial solutions to facilitate the optimization of the entire solution. The effectiveness of AutoSAF is validated on the Vehicle Routing Problems (VRPs).","2164-5221","979-8-3503-8738-4","10.1109/ICSP62129.2024.10846069","National Natural Science Foundation of China; Research and Development; ","https://ieeexplore.ieee.org/stamp/stamp.jsp?arnumber=10846069","Automated algorithm design;Deep reinforcement learning;Adversarial transformer Model;Combinatorial Optimization Problems","Training;Perturbation methods;Heuristic algorithms;Vehicle routing;Neural networks;Metaheuristics;Signal processing algorithms;Signal processing;Transformers;Optimization","","","","24","IEEE","23 Jan 2025","","","IEEE","IEEE Conferences"
"Simulation of mobile robot navigation utilizing reinforcement and unsupervised weightless neural network learning algorithm","Y. Yusof; H. M. A. H. Mansor; H. M. Dani Baba","Industrial Automation Section, Universiti Kuala Lumpur Malaysia France Institute, Selangor, Malaysia; Faculty of Electrical Engineering, University Technology MARA Shah Alam, Selangor, Malaysia; Faculty of Electrical Engineering, University Technology MARA, Selangor, Malaysia",2015 IEEE Student Conference on Research and Development (SCOReD),"9 Apr 2016","2015","","","123","128","The approach of transforming human expert knowledge into computer program only allow a system to solve foreseen and tested outcomes compared to a system having self-learning capabilities. This paper will summarize and discuss the research, design and implementation of a novel self-learning algorithm which combines: (a) Q-Learning - A reinforcement learning algorithm; and (b) AutoWiSARD - An unsupervised weightless neural network learning algorithm. The self-learning algorithm was implemented in an autonomous mobile robot navigation and obstacle avoidance system in a simulated environment. The AutoWiSARD algorithm identifies, differentiates and classifies the obstacles and the Q-learning algorithm learns and tries to maneuver through these obstacles. This novel hybrid technique allows the autonomous system to acquire knowledge, learn and record experience thus attaining self-learning state. The final result shows the simulated mobile robot was able to differentiate various shapes of obstacles such as corners and walls; and create complex control sequences of movements to maneuver through these obstacles.","","978-1-4673-9572-4","10.1109/SCORED.2015.7449308","","https://ieeexplore.ieee.org/stamp/stamp.jsp?arnumber=7449308","reinforcement learning;Q-learning;AutoWiSARD;autonomous navigation;unsupervised learning;weightless neural network;robot simulation","Q-learning;Classification algorithms;Robot sensing systems;Autonomous systems;Mobile robots;Robots;Neural networks;Training;Random access memory;Research and development","","4","","28","IEEE","9 Apr 2016","","","IEEE","IEEE Conferences"
"Research on Local Path Planning Algorithm for Autonomous Vehicles Based on Polynomial Curves","X. Zhang; S. Dai","Faculty of Science and Technology, Kunming University of Science and Technology, Oxbridge College, Kunming, Yunnan, China; Faculty of Science and Technology, Kunming University of Science and Technology, Oxbridge College, Kunming, Yunnan, China",2025 IEEE 3rd International Conference on Image Processing and Computer Applications (ICIPCA),"5 Sep 2025","2025","","","1378","1384","With the rapid development of artificial intelligence technology, autonomous driving technology has been widely applied in smart transportation, logistics, agriculture, and other fields. At the same time, as traffic safety and environmental issues become increasingly prominent, the emergence of autonomous driving technology can effectively address traffic safety problems caused by human factors and improve environmental issues, playing a significant role in promoting social progress and technological development. This paper proposes a local trajectory planning method based on quintic polynomial curves in the Frenet coordinate system, decoupling the trajectory planning problem into lateral and longitudinal motion planning problems. First, sampling is conducted separately for lateral and longitudinal movements to generate sets of lateral and longitudinal trajectories, and trajectory evaluation functions are designed from the perspectives of comfort, safety, and other factors. Then, the lateral and longitudinal trajectories are synthesized, and a comprehensive evaluation function is designed to assess the synthesized trajectory. Finally, the feasibility of the proposed local trajectory planning algorithm is verified through simulation tests under conditions of static obstacles on curves and dynamic obstacles on straight paths. The results show that the path planned by this algorithm has good smoothness, can reach the target speed during lane changes, and exhibits gradual speed changes during acceleration or deceleration without abrupt speed variations, meeting the driving requirements of vehicles in real-world scenarios.","","979-8-3315-2284-1","10.1109/ICIPCA65645.2025.11138762","","https://ieeexplore.ieee.org/stamp/stamp.jsp?arnumber=11138762","Autonomous driving technology;path planning;local trajectory planning;algorithm","Trajectory planning;Heuristic algorithms;Roads;Polynomials;Trajectory;Safety;Planning;Smart transportation;Vehicle dynamics;Autonomous vehicles","","","","15","IEEE","5 Sep 2025","","","IEEE","IEEE Conferences"
"Path Planning and Autonomous Navigation Algorithm of Intelligent Robot in Aviation Service","X. Qu; J. Han; R. Zhang; S. Su","Weifang Engineering Vocational College, Qingzhou, Shandong, China; Weifang Engineering Vocational College, Qingzhou, Shandong, China; Weifang Engineering Vocational College, Qingzhou, Shandong, China; Weifang Engineering Vocational College, Qingzhou, Shandong, China","2024 International Conference on Electrical Drives, Power Electronics & Engineering (EDPEE)","31 May 2024","2024","","","898","903","This paper aims to study the path planning and autonomous navigation of aviation service robot in airport environment, and proposes a set of solutions based on improved A* algorithm and SLAM technology of lidar. Aiming at the actual demand of aviation service robot, this paper first analyzes the design principles of path planning algorithm, and on this basis, proposes an improved A* algorithm with dynamic weight adjustment mechanism. The algorithm enhances real-time performance and accuracy in intricate environments by dynamically adjusting path cost weights. Concurrently, it employs a SLAM autonomous navigation algorithm utilizing lidar for precise robot positioning and autonomous navigation in unfamiliar surroundings. To validate the algorithm's effectiveness, a simulation platform utilizing ROS (Robot Operating System) and Gazebo is constructed. Various airport environment scenarios are simulated to assess its performance. Results demonstrate the algorithm's capability to swiftly plan safe and efficient paths across diverse scenarios, enabling precise autonomous navigation. Compared with traditional algorithms, this algorithm has obvious advantages in real-time, accuracy and adaptability.","","979-8-3503-9563-1","10.1109/EDPEE61724.2024.00173","","https://ieeexplore.ieee.org/stamp/stamp.jsp?arnumber=10539829","Aviation services;Intelligent robot;Path planning;Autonomous navigation algorithm","Simultaneous localization and mapping;Laser radar;Service robots;Navigation;Heuristic algorithms;Airports;Path planning","","1","","12","IEEE","31 May 2024","","","IEEE","IEEE Conferences"
"Research on the Design and Navigation Approaches of Autonomous Mobile Escort Robot Systems","X. Cheng; Z. Zhou; X. Hu; S. Ruan; X. Zhou; X. Chen; Q. Zhou","School of Electrical and Information Engineering, Southwest Petroleum University, Nanchong, China; School of Electrical and Information Engineering, Southwest Petroleum University, Nanchong, China; School of Science, Southwest Petroleum University, Nanchong, China; School of Science, Southwest Petroleum University, Nanchong, China; School of Electrical and Information Engineering, Southwest Petroleum University, Nanchong, China; School of Mechanical and Electrical Engineering, Southwest Petroleum University, Nanchong, China; School of Electrical and Information Engineering, Southwest Petroleum University, Nanchong, China",2024 4th International Conference on Electrical Engineering and Control Science (IC2ECS),"25 Mar 2025","2024","","","814","821","Stable navigation and obstacle avoidance are crucial when a home care robot moves autonomously. This paper proposes a twice-optimized navigation method (RRT-Smooth-A*). Firstly, RRT is used for preliminary path planning, and the Moore cellular automata is adopted to expand the search range and extract potential areas. Secondly, after rasterization, A* is employed for precise path planning. Finally, the Bezier curve is used to smooth the path. Through simulation and tests on a self-developed home care robot, in terms of ineffective steps, it is reduced by 73.39% compared with the traditional A* algorithm and by 27% compared with the RRT algorithm. In terms of path smoothness, the average number of inflection points is decreased by approximately 85.7% compared with the RRT algorithm and by 56.8% compared with the A* algorithm. In addition, an experiment was carried out on the self-developed home care robot in a corridor. The results show that it has a short path, fast planning, high navigation efficiency and is feasible.","","979-8-3315-1010-7","10.1109/IC2ECS64405.2024.10928553","","https://ieeexplore.ieee.org/stamp/stamp.jsp?arnumber=10928553","Companion Nursing Robot;Structural Design;Improved A* Algorithm;Random Tree Algorithm;Path Planning Algorithm","Technological innovation;Remotely guided vehicles;Navigation;Automata;Approximation algorithms;Path planning;Safety;Optimization;Standards;Logistics","","","","13","IEEE","25 Mar 2025","","","IEEE","IEEE Conferences"
"Assurance for Integrating Advanced Algorithms in Autonomous Safety-Critical Systems","M. Stafford; S. Bhattacharyya; M. Clark; N. Neogi; T. C. Eskridge","Department of Computer Science, Florida Institute of Technology, Melbourne, FL, USA; Department of Computer Science, Florida Institute of Technology, Melbourne, FL, USA; Galois Inc., Dayton, OH, USA; NASA Langley Research Center, Hampton, VA, USA; Department of Computer Science, Florida Institute of Technology, Melbourne, FL, USA",IEEE Systems Journal,"9 Dec 2021","2021","15","4","4852","4863","Although advanced algorithms are needed to enable increasingly autonomous civil aviation applications, there are limitations in assurance technologies, which must be addressed to gain trust in the performance of these algorithms. This gap emphasizes the need to guarantee safety by capturing performance boundaries, as these algorithms are integrated. Additionally, multiple similar algorithms might need to be executed sequentially or concurrently to accomplish a mission or provide guidance for safety-critical operations. The selection among algorithm functionalities is a complex and critical activity that needs to be systematically designed and analyzed before actual implementation. Toward this end, we discuss our proposed process, which includes formally modeling abstractions of the algorithms in an architectural framework, then identifying the key performance parameters, followed by verification of the composition of these algorithms with formal contracts based on assumptions and guarantees. Finally, to reduce the gap between design and implementation, an automated translation from the architectural model to source code has been developed, which is a Java-based outline of the implementation. We demonstrate our compositional approach in assuring the behavior of an autonomous aerial system via a collision avoidance case study with advanced algorithms to handle critical emerging situations.","1937-9234","","10.1109/JSYST.2020.3023286","Harris Institute of Assured Information; Florida Institute of Technology; ","https://ieeexplore.ieee.org/stamp/stamp.jsp?arnumber=9212655","Architecture design analysis;automated reasoning;autonomous system design;formal methods","Computer architecture;Monte Carlo methods;Cognition;Software engineering;Safety;Software algorithms;Autonomous systems","","","","31","IEEE","5 Oct 2020","","","IEEE","IEEE Journals"
"Design and Implementation of Autonomous Mobility Algorithm for Home Service Robot Based on Turtlebot","K. Li; H. Tu","Department of Automation, College of Electrical Engineering, Sichuan University, Chengdu, China; Department of Automation, College of Electrical Engineering, Sichuan University, Chengdu, China","2021 IEEE 5th Information Technology,Networking,Electronic and Automation Control Conference (ITNEC)","4 Nov 2021","2021","5","","1095","1099","To design a home service robot, the Turtlebot robot based on ROS platform is used to achieve the autonomous navigation and obstacle avoidance functions. The result is shown in simulation experiment. During the experiment, to complete SLAM mapping, the Gmapping algorithm is applied. On the other hand, the Dijkstra algorithm is used for global path planning, and the dynamic window algorithm is used for local path planning. Both of them are used to realize the autonomous navigation function. By carrying the depth camera Astra, the robot can autonomous navigate and avoid obstacles in the indoor environment. In addition, by writing scripts, the SLAM mapping process, which originally required manual control, has also been improved to autonomous SLAM without manual control, making it more convenient in practical applications.","2693-3128","978-1-6654-1599-6","10.1109/ITNEC52019.2021.9587138","","https://ieeexplore.ieee.org/stamp/stamp.jsp?arnumber=9587138","Turtlebot;Autonomous Navigation;Obstacle Avoidance;Home Service Robot;Path Planning","Simultaneous localization and mapping;Service robots;Navigation;Heuristic algorithms;Robot vision systems;Human factors;Cameras","","4","","5","IEEE","4 Nov 2021","","","IEEE","IEEE Conferences"
"A synthesis-parameter tuning system for autonomous design-space exploration","M. M. Ziegler; H. -Y. Liu; G. Gristede; B. Owens; R. Nigaglioni; L. P. Carloni","IBM T. J. Watson Research Center, Yorktown Heights, NY, USA; Department of Computer Science, Columbia University, NY, USA; IBM T. J. Watson Research Center, Yorktown Heights, NY, USA; IBM Systems & Technology Group, Rochester, MN, USA; IBM Systems & Technology Group, Austin, TX, USA; Department of Computer Science, Columbia University, NY, USA","2016 Design, Automation & Test in Europe Conference & Exhibition (DATE)","28 Apr 2016","2016","","","1148","1151","Advanced logic and physical synthesis tools provide a vast number of tunable parameters that can significantly impact physical design quality, but the complexity of the parameter design space requires intelligent search algorithms. To fully utilize the optimization potential of these tools, we propose SynTunSys, a system that adds a new level of abstraction between designers and design tools for managing the design space exploration process. SynTunSys takes control of the synthesis-parameter tuning process, i.e., job submission, results analysis, and next-step decision making, by automating a key portion of a human designer's decision process. We present the overall organization of SynTunSys, describe its main components, and provide results from employing it for the design of an industrial chip, the IBM z13 22nm high-performance server chip. During this major design, SynTunSys provided significant savings in human design effort and achieved a quality of results beyond what human designers alone could achieve, yielding on average a 36% improvement in total negative slack and a 7% power reduction.","1558-1101","978-3-9815-3707-9","","","https://ieeexplore.ieee.org/stamp/stamp.jsp?arnumber=7459483","","Timing;Tuning;Optimization;Space exploration;Aerospace electronics;Complexity theory;Algorithm design and analysis","","12","2","11","","28 Apr 2016","","","IEEE","IEEE Conferences"
"Artificial Intelligence for Circuit Design and Optimization: Enhancing Efficiency and Performance","S. L; S. B N; S. Acharya; S. Kudari","Dept. of Computer Science and Engineering, Alva’s Institute of Engineering and Technology, Mangalore, Karnataka, India; Dept. of Computer Science and Engineering, Alva’s Institute of Engineering and Technology, Mangalore, Karnataka, India; Dept. of Computer Science and Engineering, Alva’s Institute of Engineering and Technology, Mangalore, Karnataka, India; Dept. of Computer Science and Engineering, Alva’s Institute of Engineering and Technology, Mangalore, Karnataka, India",2025 Global Conference in Emerging Technology (GINOTECH),"17 Jul 2025","2025","","","1","6","The rapid advancements in artificial intelligence (AI) and machine learning (ML) are transforming the field of electronics design automation (EDA), enabling faster, more efficient, and highly optimized circuit designs. Traditional circuit design methods often require extensive manual effort, iterative testing, and significant expertise, leading to prolonged development cycles. AI-driven approaches, however, offer intelligent automation for circuit synthesis, design space exploration, and printed circuit board (PCB) layout optimization . By lever-aging deep learning and evolutionary algorithms, AI enhances decision-making in component placement, routing, and power-performance trade-offs, ultimately reducing design complexity and improving overall system efficiency. This research explores how AI-powered tools can revolutionize circuit design by minimizing human intervention, accelerating prototyping, and optimizing designs for power, performance, and cost. Additionally, we discuss the challenges and future directions in integrating AI into EDA, ensuring reliability, interpretability, and scalability in real-world applications. The study aims to provide insights into the transformative impact of AI in modern electronics, paving the way for more intelligent, automated, and high-performance circuit design methodologies.","","979-8-3315-0775-6","10.1109/GINOTECH63460.2025.11076866","","https://ieeexplore.ieee.org/stamp/stamp.jsp?arnumber=11076866","Artificial intelligence;Electronics Design Automation;Deep Learning in Circuit Design;Evolutionary Algorithms in EDA;Circuit Design Optimization","Deep learning;Design automation;Printed circuits;Layout;Manuals;Evolutionary computation;Routing;Circuit synthesis;Artificial intelligence;Optimization","","","","28","IEEE","17 Jul 2025","","","IEEE","IEEE Conferences"
"Automated Design of Antennas Using AI Techniques: A Review of Contemporary Methods and Applications","M. O. Akinsolu; Q. Hua; B. Liu","Faculty of Arts, Computing and Engineering, Wrexham University, U.K.; School of Computing and Engineering, University of Huddersfield, U.K.; James Watt School of Engineering, University of Glasgow, U.K.",2024 18th European Conference on Antennas and Propagation (EuCAP),"26 Apr 2024","2024","","","1","4","The automated design of antennas made possible through the use of artificial intelligence (AI) techniques is attracting much attention. This development can be mainly attributed to the reduced design time and the higher quality of design solutions that AI-driven antenna optimization methods provide in comparison to their more traditional counterparts. Due to the growing need to fulfill more stringent design specifications and functional requirements for both present-day and future wireless communication systems, the design and development of antennas and antenna systems have increased both in scope and complexity, such that conventional methodologies are often not fit for an efficient practical implementation. In this paper, a brief overview of some of the latest AI-based techniques for the design and optimization of contemporary antennas is provided with the goal of providing information on recent research to researchers in this growing area of interest.","","978-88-31299-09-1","10.23919/EuCAP60739.2024.10500986","","https://ieeexplore.ieee.org/stamp/stamp.jsp?arnumber=10500986","AI;Antenna Optimization","Wireless communication;Reviews;Europe;Ad hoc networks;Complexity theory;Artificial intelligence;Antennas","","1","","33","","26 Apr 2024","","","IEEE","IEEE Conferences"
"Generative AI Technology-Assisted Visual Design Innovation Research","G. Li; X. Zhao","School of Design and Art, Shenyang Jianzhu University, Shenyang, China; School of Design and Art, Shenyang Jianzhu University, Shenyang, China",2024 5th International Conference on Intelligent Design (ICID),"13 Jun 2025","2024","","","88","91","With the rapid development of generative artificial intelligence technology, the field of visual arts and design has been increasingly innovative, resulting in a gradual change in the established form and process of design, but how generative AI can effectively assist designers to innovate and enhance the creativity of their works is yet to be investigated. The article studies the GAN and Pix2Pix network model, uses the humancomputer collaborative design method experiments based on the Pix2Pix algorithmic model, and evaluates the innovativeness of the experimental results. The results show that generative AI shows great potential and value in the field of visual arts and design, which can not only provide designers with a variety of creative solutions, but also significantly improve design efficiency and consistency. However, further exploration of the optimal mode of human-computer collaboration is needed to give full play to its advantages and overcome its limitations, and the results can provide ideas for visual design innovation.","","979-8-3315-4149-1","10.1109/ICID64166.2024.11025107","","https://ieeexplore.ieee.org/stamp/stamp.jsp?arnumber=11025107","Generative artificial intelligence;Deep learning;Design generation;Iinnovation;Human-computer collaboration","Deep learning;Visualization;Technological innovation;Art;Generative AI;Design methodology;Collaboration;Production;Rapid prototyping;Real-time systems","","","","8","IEEE","13 Jun 2025","","","IEEE","IEEE Conferences"
"Industrial Machine Data Generation and Artificial Optimisation for Blow Molding Extrusion Machines","O. Grauberger; K. Wenz; M. Dörner; A. Schulz","IANUS Simulation GmbH, Dortmund, Germany; IANUS Simulation GmbH, Dortmund, Germany; IANUS Simulation GmbH, Dortmund, Germany; IANUS Simulation GmbH, Dortmund, Germany","2025 IEEE International Conference on Engineering, Technology, and Innovation (ICE/ITMC)","13 Aug 2025","2025","","","1","7","This paper introduces a novel framework developed under the AIDEAS project for automating the generation of simulation data and optimizing blow molding extrusion machine designs using evolutionary algorithms. The framework comprises three core components: a Machine Data Generator (MDG) for synthesizing extensive simulation datasets augmented with real or historical process data, a Machine Design Optimizer (MDO) leveraging AI-based techniques for design optimisation, and a CAx plugin enabling seamless integration with common CAD tools. By integrating digital twin technology, computational fluid dynamics (CFD) and evolutionary algorithms, the system enables iterative refinement of complex machine configurations, such as spiral distributors for blow molding, to achieve optimal performance. Engineers can efficiently define, simulate, and visualize machine designs in real-time using user-friendly front-end components and cloud-based services. Preliminary results demonstrate significant reductions in iteration cycles by up to 75%, material waste up to 66% and manual tuning efforts in manufacturer trials. Future developments will expand parametric capabilities and adapt the solution to additional polymer types and manufacturing processes, enhancing its applicability across the plastics industry.","2693-8855","979-8-3315-8534-1","10.1109/ICE/ITMC65658.2025.11106547","","https://ieeexplore.ieee.org/stamp/stamp.jsp?arnumber=11106547","Industry 4.0;Artificial Intelligence;CFDSimulation;Digital Twin;Automation;Design Optimisation;Evolutionary Algorithms;Machine Learning","Technological innovation;Spirals;Evolutionary computation;Manuals;Real-time systems;Generators;Fourth Industrial Revolution;Digital twins;Polymers;Optimization","","","","18","IEEE","13 Aug 2025","","","IEEE","IEEE Conferences"
"MAGICAL: An Open- Source Fully Automated Analog IC Layout System from Netlist to GDSII","H. Chen; M. Liu; B. Xu; K. Zhu; X. Tang; S. Li; Y. Lin; N. Sun; D. Z. Pan","The University of Texas at Austin, USA; The University of Texas at Austin, USA; The University of Texas at Austin, USA; The University of Texas at Austin, USA; The University of Texas at Austin, USA; The University of Texas at Austin, USA; The University of Texas at Austin, USA; The University of Texas at Austin, USA; Department of Electrical and Computer Engineering, The University of Texas at Austin, Austin, TX, USA",IEEE Design & Test,"8 Apr 2021","2021","38","2","19","26","This article presents MAGICAL, which is a fully automated analog IC layout system. MAGICAL takes a netlist and design rules as inputs, and it produces the final GDS layout in a fully automated fashion.","2168-2364","","10.1109/MDAT.2020.3024153","National Science Foundation(grant numbers:1704758); Defense Advanced Research Projects Agency(grant numbers:IDEA); ","https://ieeexplore.ieee.org/stamp/stamp.jsp?arnumber=9195880","analog design;layout design;design automation;optimization;open-source;machine learning","Layout;Routing;Integrated circuits;Design automation;Machine learning;Generators;Analog circuits","","49","","12","IEEE","14 Sep 2020","","","IEEE","IEEE Magazines"
"Simulation and Test of Vehicle Global Routing Planning Algorithm Based on Autonomous Driving Simulator","Y. Han; Z. Wang; M. Jiang; L. Zhang","School of Artificial Intelligence, Beijing University of Posts and Telecommunications, Beijing; School of Artificial Intelligence, Beijing University of Posts and Telecommunications, Beijing; School of Artificial Intelligence, Beijing University of Posts and Telecommunications, Beijing; School of Artificial Intelligence, Beijing University of Posts and Telecommunications, Beijing",2022 34th Chinese Control and Decision Conference (CCDC),"14 Feb 2023","2022","","","604","609","Considering the driving scenarios of real autonomous vehicles and the simulation testing of the global routing planning algorithm, this study simulated and tested the global routing planning algorithm on structured roads and unstructured roads respectively. Under the structured road, parse the high-precision map information for autonomous driving, develop the information query interface, then use the lane connection relationship, vehicle driving intention and lane center-line sampling function to complete the global routing planning. Under the unstructured road, An improved A* algorithm based on dynamic grids, named Dynamic Lattice A* Route Planning(DLRP-A*) has been proposed, which adopts the idea of local dynamic and global dynamic grid division, and completes the global routing planning by iterative loop. Finally, this research built a simulation test link based on the autonomous driving simulator LGSVL (LG Silicon Valley Lab), and designed the communication module to implement the structured road planning algorithm to receive and send simulation message packages. Test results show that structured road planning algorithm is feasible. And under the unstructured road, the DLRP-A* algorithm proposed in this paper reduces the number of grid divisions compared to the global grid division in multiple test experiments. In addition, under the complex unstructured road, the DLRP-A* algorithm keeping the planning time while ensuring the planning routing accuracy.","1948-9447","978-1-6654-7896-0","10.1109/CCDC55256.2022.10033527","","https://ieeexplore.ieee.org/stamp/stamp.jsp?arnumber=10033527","Intelligent transportation;Route planning;A* algorithm;Autonomous driving simulator;Autonomous driving simulation test","Roads;Heuristic algorithms;Vehicle driving;Lattices;Routing;Path planning;Planning","","2","","14","IEEE","14 Feb 2023","","","IEEE","IEEE Conferences"
"Automatic Driving Decision Model Based on Deep Reinforcement Learning Algorithms in Complex Environments","F. Wang","Zibo Technician College, Zibo, Shandong, China",2024 3rd International Conference on Artificial Intelligence and Autonomous Robot Systems (AIARS),"14 Oct 2024","2024","","","187","191","A decision-making model for autonomous driving based on a deep reinforcement learning algorithm is presented. We discuss the fundamentals of deep reinforcement learning and explore the advantages and challenges of applying the algorithm in complex environments. We also propose a deep reinforcement learning-based decision-making model for autonomous driving and verify its effectiveness in complex environments through experiments and case studies.","","979-8-3503-7617-3","10.1109/AIARS63200.2024.00040","","https://ieeexplore.ieee.org/stamp/stamp.jsp?arnumber=10708807","Autonomous driving;deep reinforcement learning;decision modeling;complex environments;experimental analysis","Training;Adaptation models;Roads;Decision making;Training data;Deep reinforcement learning;Data models;Robustness;Safety;Autonomous vehicles","","1","","13","IEEE","14 Oct 2024","","","IEEE","IEEE Conferences"
"Incorporating Ethical Considerations Into Automated Vehicle Control","S. M. Thornton; S. Pan; S. M. Erlien; J. C. Gerdes","Dynamic Design Laboratory, Department of Mechanical Engineering, Stanford University, Stanford, CA, USA; Dynamic Design Laboratory, Department of Mechanical Engineering, Stanford University, Stanford, CA, USA; Dynamic Design Laboratory, Department of Mechanical Engineering, Stanford University, Stanford, CA, USA; Dynamic Design Laboratory, Department of Mechanical Engineering, Stanford University, Stanford, CA, USA",IEEE Transactions on Intelligent Transportation Systems,"29 May 2017","2017","18","6","1429","1439","Not only do automated vehicles need to meet specifications for technical performance, they also need to satisfy the societal expectations for behavior in traffic with humans. Societal expectations, such as accident avoidance and adherence to traffic laws, have their foundation in core moral issues found in philosophy and ethics. Thus, engineers designing control algorithms for automated vehicles can benefit from applying principles and frameworks from philosophy to drive design decisions. In particular, we use a set of ethical frameworks to map design decisions for a model predictive control problem to philosophical principles. Deontology, a rule-based ethical framework, motivates the development of constraints on the system. Consequentialism, a cost-based ethical framework, motivates the construction of the objective function. The choice of weights is guided by the concepts of virtue ethics and role morality to determine behavior for different types of vehicles. The strong link between ethical principles and actual vehicle behavior developed through this approach is demonstrated experimentally by implementing alternative design choices on a test vehicle in a simple driving scenario.","1558-0016","","10.1109/TITS.2016.2609339","Daimler und Benz Stiftung; NSF through a Graduate Fellowship; ","https://ieeexplore.ieee.org/stamp/stamp.jsp?arnumber=7588150","Autonomous vehicles;vehicle control;ethics;model predictive control","Vehicles;Ethics;Law;Autonomous automobiles;Roads;Optimization","","84","","33","CCBY","11 Oct 2016","","","IEEE","IEEE Journals"
"Generative AI based Interior Designing","K. Thakkar; K. Vadgama; K. Ranawat; R. Sharma; M. Mangla","IT Department, DJ Sanghvi College of Engineering, Mumbai, India; IT Department, DJ Sanghvi College of Engineering, Mumbai, India; IT Department, DJ Sanghvi College of Engineering, Mumbai, India; IT Department, DJ Sanghvi College of Engineering, Mumbai, India; IT Department, DJ Sanghvi College of Engineering, Mumbai, India",2024 International Conference on Electrical Electronics and Computing Technologies (ICEECT),"4 Nov 2024","2024","1","","1","7","This study proposes an innovative AI-powered platform that aims to transform traditional interior design procedures. By combining user input with powerful AI algorithms, the platform improves design workflows and creative flexibility. Users start by designing a basic room layout and placing necessary things, which are then intelligently mapped onto the space’s structure using ControlNet and Hough transformation techniques. This provides accurate representation and rapid design iterations. The platform provides users with straightforward object manipulation controls, allowing for more personalized environment creation. Furthermore, the combination of AI-generated designs, object removal using ResNet architecture, and object replacement via stable diffusion generative AI improves user interaction and happiness. Additionally, customers can estimate product costs thanks to interaction with the Google Shopping API. This holistic approach reimagines interior design techniques, combining user input with AI technologies to achieve greater creativity and efficiency in creating living spaces.","","979-8-3503-7809-2","10.1109/ICEECT61758.2024.10739260","","https://ieeexplore.ieee.org/stamp/stamp.jsp?arnumber=10739260","interior design innovation;ai integration;design process optimization;controlnet algorithm;hough transformation;virtual design environment;user interaction;generative ai;resnet;stable diffusion;product matching","Costs;Accuracy;Generative AI;Layout;Transforms;Production;Pricing;Aerospace electronics;User interfaces;Internet","","","","25","IEEE","4 Nov 2024","","","IEEE","IEEE Conferences"
"Route Planning for Ice and Snow Tourism Based on Path Optimization Algorithm","X. Liang","The Tourism College of Changchun University, Changchun, Jilin, China","2024 International Conference on Internet of Things, Robotics and Distributed Computing (ICIRDC)","8 Sep 2025","2024","","","949","953","With the booming global ice and snow tourism, ice and snow activities have become a popular choice for many travel enthusiasts to relax and vacation. It is particularly important to plan efficient and attractive tourist routes in order to enhance the ice and snow tourism experience for tourists. However, the planning of ice and snow tourism routes is a complex and meticulous task that not only considers the distribution and characteristics of attractions, but also closely monitors the convenience of transportation networks, the unpredictable weather conditions, and the personalized needs of tourists. In the face of these challenges, this article proposes an ice and snow tourism route planning algorithm that combines ant colony algorithm (ACO) and deep learning (DL) techniques. ACO, with its powerful search capability and optimization characteristics, can find the optimal path in complex spaces; DL can process and analyze large amounts of data, improving the accuracy of predictions. The combination of the two makes tourism route planning more intelligent and personalized. The experimental results show that the algorithm not only significantly improves the efficiency of route planning, but also effectively optimizes the travel experience of tourists, injecting new vitality into the sustainable development of the ice and snow tourism industry.","","979-8-3315-3405-9","10.1109/ICIRDC65564.2024.00174","","https://ieeexplore.ieee.org/stamp/stamp.jsp?arnumber=11146152","Path optimization algorithm;Ice and snow tourism;Route planning","Snow;Tourism industry;Transportation;Prediction algorithms;Ice;Planning;Space exploration;Sustainable development;Optimization;Meteorology","","","","13","IEEE","8 Sep 2025","","","IEEE","IEEE Conferences"
"Cell-Based Local Search Heuristics for Guide Path Design of Automated Guided Vehicle Systems With Dynamic Multicommodity Flow","T. Nishi; S. Akiyama; T. Higashi; K. Kumagai","Department of Systems Innovation, Division of Mathematical Science for Social Systems, Graduate School of Engineering Science, Osaka University, Osaka, Japan; Department of Systems Innovation, Division of Mathematical Science for Social Systems, Graduate School of Engineering Science, Osaka University, Osaka, Japan; Murata Machinery, Ltd., Kyoto, Japan; Murata Machinery, Ltd., Kyoto, Japan",IEEE Transactions on Automation Science and Engineering,"7 Apr 2020","2020","17","2","966","980","This article discusses the guide path design of automated guided vehicle (AGV) systems for which we propose a model that incorporates a dynamic multicommodity flow with capacity constraints from a pickup to a delivery point. The problem is formulated as the selection of a guide path connecting a given set of pickup/delivery points. A cell-based local search that is based on an original neighborhood technique is developed. In the proposed method, the guide path is effectively optimized based on a local search of cell-based neighborhood search preserving connectivity constraints and the subsequent solution of a dynamic multicommodity flow problem. The performance of the proposed method is strengthened by the redundant elimination of arcs and intensification of search according to the concept of the flow-concentrated cell. The effectiveness of the proposed method is demonstrated by comparing it with a general-purpose solver and recent algorithms for fixed-charge capacitated multicommodity network design problems. A real case study is presented to demonstrate the applicability of the proposed method by using simulation software.","1558-3783","","10.1109/TASE.2019.2952920","Japan Society for the Promotion of Science(grant numbers:17K18951); Japan Keirin Autorace Association (JKA)(grant numbers:2017M-158); ","https://ieeexplore.ieee.org/stamp/stamp.jsp?arnumber=8932602","Automated guided vehicles (AGVs);block layout;dynamic multicommodity flow;flow path design;heuristics","Layout;Vehicle dynamics;Heuristic algorithms;Routing;Search problems;Mathematical model;Autonomous vehicles","","27","","36","IEEE","13 Dec 2019","","","IEEE","IEEE Journals"
"A Design of Longitudinal and Lateral Controllers for Autonomous Driving System in Carla Simulator","F. Wei; W. Wang; H. Liu","Dept. Engineering and Design, University of Sussex, Brighton, UK; Dept. Engineering and Design, University of Sussex, Brighton, UK; SPRU, University of Sussex, Brighton, UK",2024 9th International Conference on Robotics and Automation Engineering (ICRAE),"28 Jan 2025","2024","","","23","27","Research on the design of autonomous vehicle controllers has always been the focus and difficulty in the field of autonomous driving. However, with the rapid development of artificial intelligence technology and the continuous revolutionary achievements in natural language processing and computer vision, more and more autonomous driving researchers have focused their research on the perception field of autonomous vehicles and ignored the research on controllers. Even if there are some studies on controllers, they only focus on lateral control or longitudinal control, and there are few comprehensive considerations of lateral and longitudinal vehicle controller designs. Our work makes up for this deficiency. First, we selected different controller designs for the vehicle’s lateral and longitudinal control, respectively, and conducted hundreds of simulation experiments under the same scenario, speed, and trajectory planning algorithm to obtain lateral and longitudinal controller design solutions suitable for specific scenarios; second, we compared different autonomous driving simulation platforms and finally chose Carla as our simulation platform.","","979-8-3315-1830-1","10.1109/ICRAE64368.2024.10851572","","https://ieeexplore.ieee.org/stamp/stamp.jsp?arnumber=10851572","autonomous vehicles;longitudinal control;lateral control;Carla simulator","Computer vision;Trajectory planning;Neural networks;Natural language processing;Artificial intelligence;Robotics and automation;Autonomous vehicles;Testing","","","","14","IEEE","28 Jan 2025","","","IEEE","IEEE Conferences"
"IEEE Approved Draft Standard for Transparency of Autonomous Systems","",,"IEEE P7001/D4, October 2021","14 Oct 2021","2021","","","1","75","Measurable, testable levels of transparency, so that autonomous systems can be objectively assessed, and levels of compliance determined, are described in this standard.","","978-1-5044-8060-4","","","https://ieeexplore.ieee.org/stamp/stamp.jsp?arnumber=9574622","autonomous systems;artificial intelligence;ethics;IEEE 7001;transparency","IEEE Standards;Autonomous systems;Artificial intelligence;Ethics","","","","","","14 Oct 2021","","","IEEE","IEEE Standards"
"Development of a Human-Like Learning Frame for Data-Driven Adaptive Control Algorithm of Automated Driving","K. Oh; S. Oh; J. Lee; K. Yi","School of ICT, Robotics and Mechanical Engineering, Hankyong National University, Anseong, South Korea; School of ICT, Robotics and Mechanical Engineering, Hankyong National University, Anseong, South Korea; School of Aerospace and Mechanical Engineering, Seoul National University, Seoul, South Korea; School of Aerospace and Mechanical Engineering, Seoul National University, Seoul, South Korea","2021 21st International Conference on Control, Automation and Systems (ICCAS)","28 Dec 2021","2021","","","1737","1741","This paper proposes a human-like learning frame for data-driven adaptive control algorithm of automated driving. Generally, driving control algorithms for automated vehicles need environment information and relatively accurate system information like mathematical model and system parameters. Because there are unexpected uncertainties and changes in environment and system dynamic, derivation of relatively accurate mathematical model or dynamic parameters information is not easy in real world and it can have a negative impact on driving control performance. Therefore, this study proposes data-driven feedback control method for automated driving based on human-like learning frame in order to address the aforementioned limitation. The human-like learning frame is based on finite-memory like human and is divided into two parts such as control and decision parts. In the control part, it is designed that feedback gains are derived based on least squares method using saved error states and gains in finite-memory. And the control input has been computed using the derived feedback gains. After control input is used for driving control, it is designed that current error states and the used feedback gains are saved in the finite-memory real-time in the decision part if the time-derivative of cost function has a negative value. If the time-derivative of the cost function has greater than or equal to zero, it is designed that the feedback gains are updated using gradient descent method with sensitivity estimation and the used error states and gains are saved in the memory as a new data. The performance evaluation has been conducted using the Matlab/Simulink and CarMaker software for reasonable evaluation.","2642-3901","978-89-93215-21-2","10.23919/ICCAS52745.2021.9649954","National Research Foundation (NRF) of Korea(grant numbers:NRF2016R1E1A1A01943543); ","https://ieeexplore.ieee.org/stamp/stamp.jsp?arnumber=9649954","Data-Driven Control;Automated Driving;Human-Like Learning;Feedback Control;Least Squares;Gradient Descent Method;Sensitivity Estimation","Performance evaluation;Sensitivity;Heuristic algorithms;Software algorithms;Estimation;Software;Real-time systems","","1","","8","","28 Dec 2021","","","IEEE","IEEE Conferences"
"Optimization Design of Building Network Structure Based on Artificial Intelligence Algorithm and Data Set","X. Ji","Nanjing Tech University, Nanjing, China",2024 IEEE 2nd International Conference on Image Processing and Computer Applications (ICIPCA),"15 Oct 2024","2024","","","1516","1519","Artificial intelligence algorithm is the key technology to realize the automated and intelligent design of building structures. However, due to the lack of constraints of physical rules, artificial intelligence algorithms sometimes generate unreasonable results in practical engineering applications. Therefore, by integrating the structural design rules into the Generative Adversarial Network (GAN) in the form of neural network modules, a new intelligent design method of building structure layout (FrameGAN-sym) is proposed.","","979-8-3503-6024-0","10.1109/ICIPCA61593.2024.10709040","","https://ieeexplore.ieee.org/stamp/stamp.jsp?arnumber=10709040","Artificial intelligence;Data sets;Network structure;Deep learning","Training;Design methodology;Image processing;Buildings;Neural networks;Layout;Learning (artificial intelligence);Computer applications;Generative adversarial networks;Optimization","","","","9","IEEE","15 Oct 2024","","","IEEE","IEEE Conferences"
"Cloud Assisted Connected and Automated Mobility System Architecture Design and Experimental Verification: The 5G-MOBIX Autonomous Truck Routing Use Case","T. Sari; M. Sever; A. T. Candan; G. T. Ç. Girgin; E. Girgin; M. Haklıdır","Research and Development Center, Autonomous Driving Systems, Ford Otosan, Istanbul, Turkey; Research and Development Center, Autonomous Driving Systems, Ford Otosan, Istanbul, Turkey; Robotics and Autonomous Systems Laboratory, TUBITAK BILGEM, Kocaeli, Turkey; Robotics and Autonomous Systems Laboratory, TUBITAK BILGEM, Kocaeli, Turkey; Robotics and Autonomous Systems Laboratory, TUBITAK BILGEM, Kocaeli, Turkey; Robotics and Autonomous Systems Laboratory, TUBITAK BILGEM, Kocaeli, Turkey",2022 IEEE Intelligent Vehicles Symposium (IV),"19 Jul 2022","2022","","","1374","1380","In this study, potential usage of 5G networks for cloud assisted connected and autonomous mobility solution is demonstrated with preliminary field tests of Autonomous Truck Routing use case in H2020-ICT18 5G-MOBIX project. The preliminary tests are performed at Ford Otosan test track in Eskişehir, Turkey. The SAFIR cloud server developed by TUBITAK BILGEM is used over 5G network. The 5G-MOBIX Autonomous Truck Routing system architecture is composed of an autonomous truck, cloud and smart infrastructure having three road side units with LIDAR sensors. Navigation software stack is operated on cloud according to data received from autonomous truck and road side units. On-board unit performs required data transmission between cloud and truck. Motion control algorithms are executed to follow reference way points with a rapid prototyping controller in autonomous truck. Feasibility of the proposed connected and automated mobility system architecture is verified.","","978-1-6654-8821-1","10.1109/IV51971.2022.9827077","","https://ieeexplore.ieee.org/stamp/stamp.jsp?arnumber=9827077","","5G mobile communication;Road side unit;Software algorithms;Systems architecture;Routing;Path planning;Software","","4","","26","IEEE","19 Jul 2022","","","IEEE","IEEE Conferences"
"Automated Design of Collaboration-Based Hybrid Metaheuristics","Y. Wang; B. Xin; B. Liu; Q. Wang","School of Automation, Beijing Institute of Technology, Beijing, China; School of Automation, the National Key Laboratory of Autonomous Intelligent Unmanned Systems, and the Beijing Advanced Innovation Center for Intelligent Robots and Systems, Beijing Institute of Technology, Beijing, China; Academy of Mathematics and Systems Science, Chinese Academy of Sciences, Beijing, China; School of Automation, the National Key Laboratory of Autonomous Intelligent Unmanned Systems, and the Beijing Advanced Innovation Center for Intelligent Robots and Systems, Beijing Institute of Technology, Beijing, China",IEEE Transactions on Cybernetics,"27 Nov 2024","2024","54","12","7877","7890","Hybridization plays a prominent role in bolstering the performance of optimization algorithms (OAs), yet designing efficient hybrid OAs tailored to intricate optimization problems persists as a formidable task. This article introduces a novel top-down methodology for the automated design of hybrid OAs, treating algorithm design as a meta-optimization problem. A general design template for collaboration-based hybrid OAs is developed, integrating a multitude of hybridization strategies for the first time. Besides, a mathematical model is built to formulate the meta-optimization problem of algorithm design. To address the meta-optimization challenge, an improved multifactorial evolutionary algorithm is proposed to automatically design efficient hybrid metaheuristics in a multitasking environment for the given instances with diverse features. To verify the effectiveness of the proposed design methodology, it is applied to the CEC2017 benchmark functions and the binary knapsack problem. Numerical results have demonstrated the feasibility and effectiveness of the proposed methodology for both continuous and combinatorial optimization benchmarks.","2168-2275","","10.1109/TCYB.2024.3412997","National Outstanding Youth Talents Support Program(grant numbers:61822304); Basic Science Center Programs of NSFC(grant numbers:62088101); Beijing Advanced Innovation Center for Intelligent Robots and Systems, Beijing Institute of Technology; Shanghai Municipal Science and Technology Major Project(grant numbers:2021SHZDZX0100); Shanghai Municipal Commission of Science and Technology Project(grant numbers:19511132101); ","https://ieeexplore.ieee.org/stamp/stamp.jsp?arnumber=10584295","Automated algorithm design (AAD);hybrid metaheuristics (MHs);meta-optimization;multifactorial optimization","Automation;Metaheuristics;Mathematical models;Design methodology;Benchmark testing;Taxonomy;Multitasking","","3","","55","IEEE","3 Jul 2024","","","IEEE","IEEE Journals"
"Global Dynamic Path Planning Based on Fusion of Improved A* Algorithm and Morphin Algorithm","C. Yi; X. Hongtu","School of Electrical Engineering and Automation, University of Tianjin Polytechnic, Tianjin, China; School of Electrical Engineering and Automation, University of Tianjin Polytechnic, Tianjin, China",2019 Chinese Control And Decision Conference (CCDC),"12 Sep 2019","2019","","","6191","6196","To meet the requirements of global optimal and real-time obstacle avoidance in mobile robot path planning, A novel method based on the fusion of improved A* algorithm and Morphin search tree algorithm is proposed. Firstly, A more appropriate heuristic function is designed for A* algorithm; Then a key node culling scheme is introduced into the traditional A* algorithm to remove the redundant nodes; Finally, the Morphin algorithm is integrated to perform real-time dynamic path planning on the global path based on the local information collected by the mobile robot sensor. On the basis of ensuring the better global path, the smoothness and local obstacle avoidance ability of path planning are improved. MATLAB simulation tests show that the mixed algorithm with A* and Morphin search tree algorithm can effectively shorten the path length and improve the efficiency to reach the target in the autonomous mobile robot path planning, efficiently complete path planning.","1948-9447","978-1-7281-0106-4","10.1109/CCDC.2019.8833360","","https://ieeexplore.ieee.org/stamp/stamp.jsp?arnumber=8833360","A* algorithm;Morphin searching tree;path planning;dynamic obstacle avoidance","Heuristic algorithms;Path planning;Collision avoidance;Robot sensing systems;Prediction algorithms;Mobile robots","","2","","15","IEEE","12 Sep 2019","","","IEEE","IEEE Conferences"
"Simulation of Autonomous Path-Planning for Differential-Wheel Robots Based on A* Algorithm","X. Liu","Department of Mechanical Engineering, University College London, London, The United Kingdom","2024 International Conference on Electronics and Devices, Computational Science (ICEDCS)","16 Jan 2025","2024","","","120","124","From designing to the employment of robots is time-consuming and costly, while running simulations before the manufacturing process could effectively eliminate unnecessary expenses of time and funding. This research discusses the integration of the A* path planning algorithm for autonomous navigation of differential wheeled mobile robots (DWMR) using Robot Operating System 2 (ROS2) with simultaneous localization and mapping (SLAM). The focus is to evaluate the system's performance through simulations in Gazebo and visualizations in RViz2. The method consists of simulating DWMR, combining the A* algorithm for pathfinding in maps generated using SLAM and LiDAR, and examining dynamic and kinematic modelling principles. The results show that in the comparison between the simulated path and the algorithm-generated path, the average deviation percentage is 2.697%. At this stage of research, autonomous path planning can only be completed within a well-discovered map. The significance of this study lies in demonstrating the feasibility of integrating optimized path planning with accurate mapping and localization for autonomous navigation. The findings validate the system’s efficiency and its potential applications in fields requiring precise autonomous navigation, such as manufacturing, and service robotics.","","979-8-3315-2762-4","10.1109/ICEDCS64328.2024.00026","","https://ieeexplore.ieee.org/stamp/stamp.jsp?arnumber=10835045","Path-planning;A* algorithm;Differential wheeled robot;ROS2","Visualization;Simultaneous localization and mapping;Laser radar;Accuracy;Navigation;Heuristic algorithms;System performance;Path planning;Mobile robots;Autonomous robots","","1","","10","IEEE","16 Jan 2025","","","IEEE","IEEE Conferences"
"Firefly algorithm-based nonlinear MPC trajectory planner for autonomous driving","G. Inghilterra; S. Arrigoni; F. Braghin; F. Cheli","Faculty of Mechanical Engineering of Politecnico di Milano, Milan, Italy; Faculty of Mechanical Engineering of Politecnico di Milano, Milan, Italy; Faculty of Mechanical Engineering of Politecnico di Milano, Milan, Italy; Faculty of Mechanical Engineering of Politecnico di Milano, Milan, Italy",2018 International Conference of Electrical and Electronic Technologies for Automotive,"18 Oct 2018","2018","","","1","6","The automotive ecosystem is experiencing a technological leap forward. The science and technology progress are converging to a new disruptive scenario, where the autonomous driving is the leading player. An autonomous vehicle can be described as a dynamical system, that manages its own state by performing a sense-plan-act loop. In this paper a hierarchical structure of the planning module is presented, with a specific focusing on the motion planning layer. This latter is based on a Model Predictive Control (MPC) strategy, where the optimization process is carried out by exploiting a Firefly-Algorithm (FA). This approach is able to make purposeful decisions in order to guide the vehicle towards the designed goal in an urban environment, within the imposed constraints (e.g. vehicle dynamics, road boundaries, obstacles avoidance, etc). The optimal control problem formulation is provided as well as the mathematical model of the vehicle. Simulation results are obtained to assess the controller performance and to validate the feasibility and the safety of the generated trajectories.","","978-8-8872-3738-2","10.23919/EETA.2018.8493215","","https://ieeexplore.ieee.org/stamp/stamp.jsp?arnumber=8493215","MPC;firefly algorithm;FA;optimization;autonomous driving;obstacle avoidance;motion planning","Planning;Optimization;Trajectory;Autonomous vehicles;Vehicle dynamics;Optimal control;Heuristic algorithms","","7","","16","","18 Oct 2018","","","IEEE","IEEE Conferences"
"Generative Design case study for Eco-Efficient Vehicles: Lower Emissions and Greater Range","H. Rouane; S. Tayane; M. Ennaji; J. Gaber","Laboratoire Complex Cyber Physical System (LCCPS); Ecole Nationale Supérieure des Arts et Métiers Casa, Hassan II University of Casablanca, Morocco; Laboratoire Complex Cyber Physical System (LCCPS); Ecole Nationale Supérieure des Arts et Métiers Casa, Hassan II University of Casablanca, Morocco; Laboratoire Complex Cyber Physical System (LCCPS); Ecole Nationale Supérieure des Arts et Métiers Casa, Hassan II University of Casablanca, Morocco; Laboratoire Complex Cyber Physical System (LCCPS); Ecole Nationale Supérieure des Arts et Métiers Casa, Hassan II University of Casablanca, Morocco",2024 World Conference on Complex Systems (WCCS),"2 Dec 2024","2024","","","1","5","The application of AI, or artificial intelligence, offers a novel opportunity to advance generative design in a number of mobility-related fields. The method allows for the creation of parts to be completed in a shorter time frame and has the objective of achieving multiple sustainability goals with minimal information provided at the outset. This article will present a practical case study of this method on an automotive Engine mounting bracket, a complex part that must meet a range of requirements, including those related to rigidity, strength; and sustainability. The initial 3D model will define the space constraints (design space), operating conditions, and objectives to be achieved. These may include, for example, improvements in rigidity, lightweighting and fatigue, reductions in CO2 impact, and improvements in autonomy. The result is a set of designs that respect the constraints and maximize the objectives. Subsequently, the designer may select the design that is most aligned with their preferences, taking into account additional considerations such as manufacturing simplicity, or cost. A comparative analysis was conducted between generative design and traditional design, which relies on human expertise, CAD (computer-aided design) tools, and algorithms. The weight, deformation, stress, fatigue, CO2 emissions and self-sufficiency performance of the two methods were evaluated. It was found that generative design allows for a 30% reduction in the weight of the part compared to traditional design, while simultaneously improving its rigidity and strength. The total weight reduction of many brackets for the same vehicle also results in a decrease in CO2 by 3.5 g/km and an increase in autonomy by 2.8 km.","","979-8-3315-1913-1","10.1109/WCCS62745.2024.10765502","","https://ieeexplore.ieee.org/stamp/stamp.jsp?arnumber=10765502","Topology Optimization;Engine mounting bracket;computer-aided design;lightweighting;sustainability;retro engineering;FEA;fuel consumption","Solid modeling;Design automation;Three-dimensional displays;Fatigue;Rigidity;Topology;Sustainable development;Artificial intelligence;Carbon emissions;Stress","","","","15","IEEE","2 Dec 2024","","","IEEE","IEEE Conferences"
"Modular Representation of Components to Enable Generative Engineering","R. Malik; M. Ahmad; J. Vepsäläinen","Department of Mechanical Engineering, Aalto University, Espoo, Finland; Department of Mechanical Engineering, Aalto University, Espoo, Finland; Department of Mechanical Engineering, Aalto University, Espoo, Finland","2024 IEEE International Conference on Electrical Systems for Aircraft, Railway, Ship Propulsion and Road Vehicles & International Transportation Electrification Conference (ESARS-ITEC)","7 Jan 2025","2024","","","1","9","Generative design of engineering systems has been applied across various fields, including robotics, electronics, and architecture. Usually involving design grammars, a common challenge in all these approaches has been data and design representation. Design grammars also demand significant human input for development, are limited in scope, and require iterative testing to be fully applicable to a design problem. This paper introduces the concept of engineering component modularity, inspired by the modularity of words. The concept is presented in context of a generative design framework driven by a knowledge graph database. Additionally, a technical representation based on standardized practices is proposed, enabling the creation and simulation of software agnostic system architecture designs. This work is limited to the component representation, with the generation process itself, and the proposed capability to learn from the evaluated results, left for future research. The groundwork established here impacts the development of generative system design frameworks by enabling self-sustainable and robust autonomous design which requires minimal human inter-vention. It thus offers a tool for unbiased, efficient design space exploration. While previous research has addressed generative system design, the novelty of this approach lies in the use of a knowledge graph database in place of design grammar, combined with an integrated standardized simulation framework for more comprehensive evaluation.","","979-8-3503-7390-5","10.1109/ESARS-ITEC60450.2024.10819828","","https://ieeexplore.ieee.org/stamp/stamp.jsp?arnumber=10819828","Generative Design;Generative Engineering;Modularity;System Design;Computational Design Synthesis","Translation;Databases;Systems architecture;Transportation;Knowledge graphs;Software;Vectors;Grammar;System analysis and design;Standards","","","","32","IEEE","7 Jan 2025","","","IEEE","IEEE Conferences"
"Automatic Domain-Specific SoC Design for Autonomous Unmanned Aerial Vehicles","S. Krishnan; Z. Wan; K. Bhardwaj; P. Whatmough; A. Faust; S. Neuman; G. -Y. Wei; D. Brooks; V. J. Reddi","Harvard University; Georgia Institute of Technology; Lawrence Livermore National Lab; Arm Research; Google Research, Brain Team; Harvard University; Harvard University; Harvard University; Harvard University",2022 55th IEEE/ACM International Symposium on Microarchitecture (MICRO),"26 Oct 2022","2022","","","300","317","Building domain-specific accelerators is becoming increasingly paramount to meet the high-performance requirements under stringent power and real-time constraints. However, emerging application domains like autonomous vehicles are complex systems with constraints extending beyond the computing stack. Manually selecting and navigating the design space to design custom and efficient domain-specific SoCs (DSSoC) is tedious and expensive. Hence, there is a need for automated DSSoC design methodologies. In this paper, we use agile and autonomous UAVs as a case study to understand how to automate domain-specific SoCs design for autonomous vehicles. Architecting a UAV DSSoC requires consideration of parameters such as sensor rate, compute throughput, and other physical characteristics (e.g., payload weight, thrust-to-weight ratio) that affect overall performance. Iterating over several component choices results in a combinatorial explosion of the number of possible combinations: from tens of thousands to billions, depending on implementation details. To navigate the DSSoC design space efficiently, we introduce AutoPilot, a systematic methodology for automatically designing DSSoC for autonomous UAVs. AutoPilot uses machine learning to navigate the large DSSoC design space and automatically select a combination of autonomy algorithm and hardware accelerator while considering the cross-product effect across different UAV components. AutoPilot consistently outperforms general-purpose hardware selections like Xavier NX and Jetson TX2, as well as dedicated hardware accelerators built for autonomous UAVs. DSSoC designs generated by AutoPilot increase the number of missions on average by up to 2.25×, 1.62×, and 1.43× for nano, micro, and mini-UAVs, respectively, over baselines. Further, we discuss the potential application of AutoPilot methodology to other related autonomous vehicles.","","978-1-6654-6272-3","10.1109/MICRO56248.2022.00033","","https://ieeexplore.ieee.org/stamp/stamp.jsp?arnumber=9923818","Domain-Specific Architectures;ML for Systems;Autonomous Machines;IoT and Edge Computing;Mobile Systems","Systematics;Microarchitecture;Navigation;Design methodology;Autonomous aerial vehicles;Throughput;Real-time systems","","25","","89","IEEE","26 Oct 2022","","","IEEE","IEEE Conferences"
"AGV Path Planning Algorithm Based on Fusion of Improved A* and DWA","S. Guo; X. Pan; Z. Liu","School of Control Science and Engineering, Dalian University of Technology, Dalian; School of Control Science and Engineering, Dalian University of Technology, Dalian; School of Control Science and Engineering, Dalian University of Technology, Dalian",2024 43rd Chinese Control Conference (CCC),"17 Sep 2024","2024","","","1782","1787","Aiming at the problems of excessive turns, poor path smoothness and oblique crossing of obstacle vertices in the traditional A* algorithm, this paper optimizes the traditional A* algorithm and combines with the improved DWA algorithm for real-time obstacle avoidance for $A G V$ path planning. To optimize the $A^{*}$ algorithm, firstly, the evaluation function is improved by adding dynamic parameters. Secondly, the bidirectional path-finding method is adopted. Then, this paper designs a key node extraction strategy to remove redundant points. Finally, the Bezier Curve is used at the inflection point to make the route smoother. The DWA algorithm with improved evaluation function is used between the key nodes obtained by the A* algorithm. The simulation results show that the improved $A^{*}$ algorithm is superior to traditional $A^{*}$ algorithm in terms of path length, number of inflection points, path smoothness and number of traversal nodes. The improved DWA algorithm enhances the obstacle avoidance ability and is less likely to fall into a local optimum over traditional DWA algorithm. The fusion algorithm makes AGV reach the target node on the basis of global path planning, and avoid obstacles in real time to achieve local optimum.","1934-1768","978-9-8875-8158-1","10.23919/CCC63176.2024.10662786","","https://ieeexplore.ieee.org/stamp/stamp.jsp?arnumber=10662786","Improved A* algorithm;Improved DWA algorithm;Fusion algorithm;AGV;Path planning","Heuristic algorithms;Simulation;Scalability;Design methodology;Real-time systems;Path planning;Safety","","4","","13","","17 Sep 2024","","","IEEE","IEEE Conferences"
"Motion Planning and Tracking Control Algorithm for Autonomous Truck with Trailer","R. Xia; Z. Zhu; S. Xiong; H. Guo","School of Computer Science and Artificial Intelligence, Wuhan University of Technology, China; School of Intelligent Connected Vehicle, Hubei University of Automotive Technology, China; School of Computer Science and Artificial Intelligence, Wuhan University of Technology, China; Dongfeng Commercial Vehicle Co., Ltd., China",2025 IEEE International Conference on Mechatronics and Automation (ICMA),"22 Aug 2025","2025","","","291","296","In this paper, an optimal motion planning and tracking control algorithm for autonomous truck with trailer is proposed. Firstly, a road reference line model is established based on the global navigation path, which the autonomous truck can search the posture relationship with the reference line in real time according GPS/IMU system. Secondly, a Quintic Bezier lateral candidate trajectories generation algorithm and a Quintic Polynomial longitudinal candidate speeds generation algorithm are designed based on the road longitudinal and lateral adaptive sampling strategy in SL coordinates. Moreover, a tracking control algorithm is designed to realize the real-time tracking strategy of the optimal trajectory to ensure the tractor and trailer to reach the destination safely, comfortably and smoothly. The simulation and road test results show that the autonomous truck can realize the real-time dynamic planning, can avoid the collision of static obstacles, and can adaptively follow the front dynamic obstacle, which verifies the feasibility, effectiveness and accuracy of the algorithm.","2152-744X","979-8-3315-1426-6","10.1109/ICMA65362.2025.11120773","Natural Science Foundation of Hubei Province(grant numbers:2023AFB481); ","https://ieeexplore.ieee.org/stamp/stamp.jsp?arnumber=11120773","Motion planning;Tracking control;Truck model","Accuracy;Target tracking;Heuristic algorithms;Roads;Dynamics;Real-time systems;Polynomials;Trajectory;Planning;Autonomous vehicles","","","","18","IEEE","22 Aug 2025","","","IEEE","IEEE Conferences"
"Path planning using Hybrid Routing Algorithm","A. G; G. V. P; J. N; K. P","Department of ECE, KS Rangasamy College of Technology, Tiruchengode, Tamil Nadu, India; Department of ECE, KS Rangasamy College of Technology, Tiruchengode, Tamil Nadu, India; Department of ECE, KS Rangasamy College of Technology, Tiruchengode, Tamil Nadu, India; Department of ECE, KS Rangasamy College of Technology, Tiruchengode, Tamil Nadu, India",2025 3rd International Conference on Artificial Intelligence and Machine Learning Applications Theme: Healthcare and Internet of Things (AIMLA),"27 Jun 2025","2025","","","1","6","The aim of this hybrid algorithm is to design and refine a path-finding technique that integrates A * (A-star) and Dijkstra's algorithms, enhancing the efficiency of route planning by utilizing the advantages of both approaches. The method applies the advantages of the two algorithms by adapting them according to the density of the environment. Dijkstra's algorithm is an optimal search algorithm that tries all possible paths to find the shortest path, but is resource-intensive in complex or large environments. The A *(A-star) algorithm optimizes performance by using heuristics to estimate the cost of reaching the goal, thus focusing on dependency and avoiding unnecessary computations. The hybrid strategy attempts to achieve performance and efficiency by combining A * 's efficiency in sparse setting and Dijkstra's extensive search in dense setting. Thus, it maximizes optimal path-finding while minimizing computational effort. Large-scale simulations were performed in MATLAB to compare the algorithm's performance in different environments with varying challenges. The comparison involves the evaluation of the efficiency, effectiveness, and computational complexity of the hybrid algorithm with respect to the standalone A * algorithm and Dijkstra's algorithm implementations.","","979-8-3315-3896-5","10.1109/AIMLA63829.2025.11040851","","https://ieeexplore.ieee.org/stamp/stamp.jsp?arnumber=11040851","Robot Navigation;Path Planning;Hybrid Al-gorithm;A * Algorithm;Dijkstra's Algorithm;Autonomous Systems;Obstacle Avoidance","Technological innovation;Machine learning algorithms;Uncertainty;Navigation;Heuristic algorithms;Decision making;Machine learning;Routing;Path planning;Real-time systems","","","","15","IEEE","27 Jun 2025","","","IEEE","IEEE Conferences"
"Probabilistic prediction based automated driving motion planning algorithm for lane change","H. Chae; M. Lee; K. Yi","Department of Mechanical and Aerospace Engineering, Seoul National University, Seoul, Korea; Korea Transportation Safety Authority, Korea Automobile Testing & Research Institute, Gyeonggi, Korea; Department of Mechanical and Aerospace Engineering, Seoul National University, Seoul, Korea","2017 17th International Conference on Control, Automation and Systems (ICCAS)","14 Dec 2017","2017","","","1640","1645","This paper describes design and evaluation of a motion planning algorithm of automated vehicle for lane change. Autonomous lane change is necessary for highway automated driving. In a perception part, surrounding vehicles' states are estimated and predicted. The motion of ego vehicle is also predicted and these prediction information is utilized in motion planning. In motion planning part, driving mode, which is lane keeping or lane change, target states and constraints are decided. Lane change mode decision is determined based on surrounding vehicles states and ego vehicle states. Lane change availability is decided by the safety distance that considers relative velocity and relative position of subject and surrounding vehicles. If the ego vehicle do not perform to lane change, the most proper position is selected considering the probabilistic prediction information and the safety distance. And the longitudinal control is applied to move desired merge position. A safety driving envelope is defined based on information of surrounding vehicles behaviors and is used for control constraints. In control part, the controller is designed to obtain the desired steering angle and longitudinal acceleration using a model predictive control (MPC) with constraints. The proposed automated driving algorithm has been evaluated via computer simulation studies.","","978-89-93215-14-4","10.23919/ICCAS.2017.8204250","","https://ieeexplore.ieee.org/stamp/stamp.jsp?arnumber=8204250","Automated driving;Probabilistic Prediction;Automated driving Motion planning algorithm;Autonomous lane change and Model predictive control","Safety;Planning;Probabilistic logic;Acceleration;Prediction algorithms;Roads;Uncertainty","","5","","8","","14 Dec 2017","","","IEEE","IEEE Conferences"
"Design of Multi-Intelligent Body AGV Path Planning Algorithm under Cooperative Stochastic Game Based on Reinforcement Learning Improvement","J. Wang","SWJTU-Leeds Joint School, Southwest Jiaotong University, Chengdu, China","2024 IEEE 4th International Conference on Electronic Technology, Communication and Information (ICETCI)","18 Jul 2024","2024","","","18","23","The advent of Automated Guided Vehicles (AGVs) in industrial automation and intelligent logistics has underscored the importance of efficient path planning to augment production efficacy and reduce operational costs. Traditional path planning techniques, while effective in static or less complex environments, often fail to address the dynamic and uncertain conditions present in facilities utilizing multiple AGVs. This paper investigates the application of Multi-Agent Reinforcement Learning (MARL) as a novel approach to overcome these challenges, offering a promising avenue for optimizing multi-AGV path planning. By treating AGVs as agents that learn optimal strategies through environmental interactions, MARL facilitates a nuanced consideration of both individual actions and the interplay between multiple agents. This study synthesizes recent advancements in MARL applications for AGV path planning, highlighting significant contributions, such as the development of enhanced algorithms for various operational scenarios and the introduction of the RFM-AGV algorithm. The latter focuses on crucial aspects of MARL design—convergence, learning speed, and scalability—demonstrating its effectiveness in cooperative tasks through theoretical analysis and comparative experiments. This work not only showcases the potential of MARL in revolutionizing AGV path planning but also sets the stage for future research directions in the logistics and manufacturing sectors.","","979-8-3503-6164-3","10.1109/ICETCI61221.2024.10594024","","https://ieeexplore.ieee.org/stamp/stamp.jsp?arnumber=10594024","Automated Guided Vehicles (AGVs);Multi-Agent Reinforcement Learning (MARL);Path Planning;Industrial Automation;Intelligent Logistics;Deep Reinforcement Learning","Remotely guided vehicles;System performance;Scalability;Warehousing;Production;Path planning;Manufacturing","","1","","20","IEEE","18 Jul 2024","","","IEEE","IEEE Conferences"
"Integration of RFNN-EKF Algorithm with ROS2 for Autonomous Mobile Robot Navigation","Y. Zhao; D. Necsulescu; J. Sasiadek","Department of Mechanical Engineering, University of Ottawa, Ottawa, Canada; Department of Mechanical Engineering, University of Ottawa, Ottawa, Canada; Department of Mechanical and Aerospace Engineering, Carleton University, Ottawa, Canada",2025 IEEE International Conference on Real-time Computing and Robotics (RCAR),"4 Sep 2025","2025","","","1291","1298","This research proposes an improved RFNN-EKF (Recurrent Fuzzy Neural Network-Extended Kalman Filter) algorithm and integrates it with Robot Operating System 2 (ROS2) to achieve autonomous navigation for physical mobile robots in obstacle-filled environments. While previous studies have validated the feasibility of the RFNN-EKF algorithm through simulations, physical testing introduces additional challenges such as motor dynamics, sensor noise, and environmental disturbances. To address these issues, this study modifies the RFNN-EKF algorithm to better suit real-world applications. The system employs a distributed architecture: A PC handles the computationally intensive RFNN-EKF algorithm and processes data from LiDAR and IMU, while an ESP32-based microcontroller manages motor control and speed monitoring. Communication between the PC and microcontroller is facilitated through Micro-ROS, ensuring real-time data transmission. Experimental results demonstrate that the proposed system achieves effective path planning and obstacle avoidance in dynamic environments, enhancing the autonomy and adaptability of mobile robots.","","979-8-3315-0205-8","10.1109/RCAR65431.2025.11139758","","https://ieeexplore.ieee.org/stamp/stamp.jsp?arnumber=11139758","RFNN-EKF algorithm;ROS2 integration;mobile robot navigation;LiDAR;IMU;Micro-ROS","Laser radar;Navigation;Microcontrollers;Heuristic algorithms;Process control;Robot sensing systems;Real-time systems;Mobile robots;Autonomous robots;Testing","","","","20","IEEE","4 Sep 2025","","","IEEE","IEEE Conferences"
"Design and Implementation of Shortest Path Line Follower Autonomous Rover Using Decision Making Algorithms","N. Saqib; M. M. Yousuf","Department of Computer Science & Engineering, Lovely Professional University, Phagwara, Punjab, India; Department of Computer Science & Engineering, Lovely Professional University, Phagwara, Punjab, India",2021 Asian Conference on Innovation in Technology (ASIANCON),"4 Oct 2021","2021","","","1","6","For an autonomous rover, navigating through an unknown environment achieving the target location is the key feature of the rover. Also, path finding is the main problem in the navigation of autonomous vehicles. This is generally done via a dynamic control paradigm, which requires local translation from defined states to actions. Reinforcement learning can be used to develop a control strategy that has learning capabilities in an uncertain environment. The result analysis shows that an autonomous vehicle that is trained by reinforcement can roam freely in a useful or “reasonably” manner, and therefore its training process is increased significantly.","","978-1-7281-8402-9","10.1109/ASIANCON51346.2021.9544672","","https://ieeexplore.ieee.org/stamp/stamp.jsp?arnumber=9544672","Autonomous Rover;Arduino Uno;Machine Learning;line follower;Path Finding","Training;Technological innovation;Navigation;Decision making;Hardware;Software;Software reliability","","2","","16","IEEE","4 Oct 2021","","","IEEE","IEEE Conferences"
"The Application of Adaptive A-star Algorithm in Layout of Spatial Pipeline","X. Zhao; N. Qin; J. Huang; Y. Miao","the Institute of Systems Science and Technology, Southwest Jiaotong University, Chengdu, China; the Institute of Systems Science and Technology, Southwest Jiaotong University, Chengdu, China; Science and Technology on Reactor System Design Technology Laboratory, Nuclear Power Institute of China, Chengdu, China; Harbin Shipping School, Harbin, China",2020 IEEE 9th Data Driven Control and Learning Systems Conference (DDCLS),"7 Dec 2020","2020","","","272","277","In order to settle the complex problem of layout of spatial pipeline, the diameter of pipeline is taken as the distance between adjacent scattered points, and the spatial layout including obstacles is approximated as a three-dimensional diagram of scattered points. A-star algorithm is used to search an optimal pipelines path from the three-dimensional diagram of scattered points. However, when traditional A-star algorithm addresses pre-selected points that are the same cost, it selects pre-selected points randomly. In view of the disadvantages, an adaptive A-star algorithm is proposed based on the traditional A-star algorithm, in this paper. The adaptive A-star algorithm selects more reasonable pre-selected point according to the surrounding environment and situation of pre-selected point , so as to achieve the requirements of the shortest pipeline and the fewest inflection point. Finally, the experimental simulation shows that the adaptive A-star algorithm has better performance than the traditional A-star algorithm.","","978-1-7281-5922-5","10.1109/DDCLS49620.2020.9275108","","https://ieeexplore.ieee.org/stamp/stamp.jsp?arnumber=9275108","layout of spatial pipeline;scattered points;the adaptive A-star algorithm","Pipelines;Path planning;Layout;Robots;Heuristic algorithms;Robot kinematics;Optimization","","4","","12","IEEE","7 Dec 2020","","","IEEE","IEEE Conferences"
"UAV-NavS: Three-Dimensional Navigation System of Multiple Unmanned Aerial Vehicles Using Hybrid Optimization Algorithm","M. Digra; U. Jain; R. K. Dewangan; H. Suyal","Department of CSE, FET, Jain (Deemed-to-be University), Bengaluru, India; Department of Computer Science and Engineering, Graphic Era Deemed to be University, Dehradun, India; School of Computer Science Engineering and Technology, Bennett University, Greater Noida, India; School of Computer Science Engineering and Technology, Bennett University, Greater Noida, India",IEEE Access,"31 Jan 2025","2025","13","","20247","20259","This paper proposes a hybrid approach for multiple Unmanned Aerial Vehicle navigation. This is an NP-hard problem since the robots must find the optimal safe path without colliding with other robots and obstacles in a three-dimensional search space. The proposed approach enhances the exploration capabilities of the whale optimization algorithm. Then, it hybridises this improved whale optimization algorithm with the sine cosine algorithm to improve the overall exploitation capabilities. The efficiency of the proposed hybrid approach is compared with other meta-heuristic algorithms for multi-UAV navigation. Results obtained through simulation ensure the validity of the proposed approach.","2169-3536","","10.1109/ACCESS.2025.3534630","Jain University, Bangalore, Karnataka, India; ","https://ieeexplore.ieee.org/stamp/stamp.jsp?arnumber=10854430","UAV;whale optimization algorithm;sine cosine algorithm;navigation;deterministic;meta-heuristic;hybrid algorithm","Navigation;Autonomous aerial vehicles;Three-dimensional displays;Robots;Metaheuristics;Heuristic algorithms;Whale optimization algorithms;Trajectory;Polynomials;NP-hard problem","","2","","32","CCBY","27 Jan 2025","","","IEEE","IEEE Journals"
"Interface Design for Small Vessels in Autonomous Navigation Systems","R. Imai; A. Ishibashi; T. Takemoto; A. Yang; T. Furuya","Graduate School of Marine Science and Technology, Tokyo University of Marine Science and Technology, Tokyo, Japan; Department of Maritime Systems Engineering, Tokyo University of Marine Science and Technology, Tokyo, Japan; Department of Maritime Systems Engineering, Tokyo University of Marine Science and Technology, Tokyo, Japan; Graduate School of Marine Science and Technology, Tokyo University of Marine Science and Technology, Tokyo, Japan; Department of Maritime Systems Engineering, Tokyo University of Marine Science and Technology, Tokyo, Japan",2025 6th International Conference on Machine Learning and Human-Computer Interaction (MLHMI),"23 Jul 2025","2025","","","102","107","As the development of MASS(Maritime Autonomous Surface Ships) progresses, AI(artificial intelligence)-based systems have become a cornerstone of autonomous navigation technologies. However, the complexity and unpredictability of the marine environment limit the reliability of AI-based decision-making. Consequently, even with the advancement of autonomous ship technologies, interfaces that enable continuous monitoring of AI systems and allow human intervention when necessary remain essential. This study focuses on the design and implementation of a tablet-based interface for small vessels, enabling real-time visualization of AI decisionmaking processes. The interface supports users in monitoring and intervening as required, thereby enhancing the safety and efficiency of autonomous navigation. By addressing these challenges, the proposed interface aims to ensure a reliable operational environment for autonomous ships, even under fully autonomous conditions.","","979-8-3315-3573-5","10.1109/MLHMI66056.2025.00022","","https://ieeexplore.ieee.org/stamp/stamp.jsp?arnumber=11083000","Autonomous Surface Ships (MASS);Small Vessel;AI Monitoring Interface;Human-Machine Collaboration","Visualization;Human-machine systems;Machine learning;Real-time systems;Safety;Reliability;Marine vehicles;Monitoring;Autonomous vehicles;Autonomous robots","","","","14","IEEE","23 Jul 2025","","","IEEE","IEEE Conferences"
"IEEE Draft Standard for Transparency of Autonomous Systems","",,"IEEE P7001/D3, September 2021","28 Sep 2021","2021","","","1","75","Measurable, testable levels of transparency, so that autonomous systems can be objectively assessed, and levels of compliance determined, are described in this standard.","","978-1-5044-7976-9","","","https://ieeexplore.ieee.org/stamp/stamp.jsp?arnumber=9551873","autonomous systems;artificial intelligence;ethics;IEEE 7001;transparency","IEEE Standards;Autonomous systems;Artificial intelligence;Intelligent transportation systems","","","","","","28 Sep 2021","","","IEEE","IEEE Standards"
"Research on AGV Path Planning Design Based on Reinforcement Learning-Ant Colony Algorithm","Y. Chen; K. Yu","SWJTU-Leeds Joint School, Southwest Jiaotong University, Chengdu, China; SWJTU-Leeds Joint School, Southwest Jiaotong University, Chengdu, China","2024 IEEE 4th International Conference on Electronic Technology, Communication and Information (ICETCI)","18 Jul 2024","2024","","","1148","1153","In this study, we develop and evaluate a novel path planning methodology that integrates reinforcement learning (RL) with Ant Colony Optimization (ACO) to significantly enhance the operational efficacy of Automated Guided Vehicles (AGVs) within complex and dynamic environments. Traditional path planning algorithms, such as A* and Dijkstra's, while effective in static and simplistic settings, often fail to deliver optimal performance in environments characterized by their dynamic nature and complexity, primarily due to their inherent limitations including inefficiencies, slow convergence rates, and a tendency to fall into local optima. Addressing these challenges, our proposed methodology leverages the adaptive learning capabilities of RL to intelligently configure the parameters of ACO, eliminating the dependence on empirical parameter selection. This is further complemented by the incorporation of local optimization techniques derived from artificial potential field algorithms, aimed at enhancing path smoothness and improving the capability of AGVs to navigate around obstacles efficiently. Empirical evaluations conducted across a variety of environments laden with obstacles of different configurations underscore the robustness of our approach.","","979-8-3503-6164-3","10.1109/ICETCI61221.2024.10594399","","https://ieeexplore.ieee.org/stamp/stamp.jsp?arnumber=10594399","Automated Guided Vehicles;Path Planning;Ant Colony Optimization;Reinforcement Learning;Algorithm Convergence;Obstacle Avoidance","Ant colony optimization;Technological innovation;Navigation;Heuristic algorithms;Reinforcement learning;Path planning;Safety","","","","18","IEEE","18 Jul 2024","","","IEEE","IEEE Conferences"
"Path planning of automated guided vehicles based on improved A-Star algorithm","C. Wang; L. Wang; J. Qin; Z. Wu; L. Duan; Z. Li; M. Cao; X. Ou; X. Su; W. Li; Z. Lu; M. Li; Y. Wang; J. Long; M. Huang; Y. Li; Q. Wang","The First Affliated Hospital, Sun Yat-sen University, Guangzhou, P. R. China; The First Affliated Hospital, Sun Yat-sen University, Guangzhou, P. R. China; The First Affliated Hospital, Sun Yat-sen University, Guangzhou, P. R. China; Shenzhen Institute of Geriatrics, Shenzhen, P.R China; Shenzhen Institute of Geriatrics, Shenzhen, P.R China; Shenzhen Institute of Geriatrics, No. 3002, Sungang Xi Road, 518037, China; Shenzhen Institute of Geriatrics, No. 3002, Sungang Xi Road, 518037, China; School of Mechanical and Automotive Engineering, South China University of Technology, Guangzhou, P.R. China; School of Mechanical and Automotive Engineering, South China University of Technology, Guangzhou, P.R. China; School of Mechanical and Automotive Engineering, South China University of Technology, Guangzhou, P.R. China; School of Mechanical and Automotive Engineering, South China University of Technology, Guangzhou, P.R. China; Shenzhen Second People's Hospital, Shenzhen, P.R China; Shenzhen Second People's Hospital, Shenzhen, P.R China; Shenzhen Second People's Hospital, Shenzhen, P.R China; Shenzhen Second People's Hospital, Shenzhen, P.R China; Shenzhen Second People's Hospital, Shenzhen, P.R China; Shenzhen Second People's Hospital, Shenzhen, P.R China",2015 IEEE International Conference on Information and Automation,"1 Oct 2015","2015","","","2071","2076","With the development of automated logistics systems, flexible manufacture systems (FMS) and unmanned automated factories, the application of automated guided vehicle (AGV) gradually become more important to improve production efficiency and logistics automatism for enterprises. The development of the AGV systems play an important role in reducing labor cost, improving working conditions, unifying information flow and logistics. Path planning has been a key issue in AGV control system. In this paper, two key problems, shortest time path planning and collision in multi AGV have been solved. An improved A-Star (A*) algorithm is proposed, which introduces factors of turning, and edge removal based on the improved A* algorithm is adopted to solve k shortest path problem. Meanwhile, a dynamic path planning method based on A* algorithm which searches effectively the shortest-time path and avoids collision has been presented. Finally, simulation and experiment have been conducted to prove the feasibility of the algorithm.","","978-1-4673-9104-7","10.1109/ICInfA.2015.7279630","","https://ieeexplore.ieee.org/stamp/stamp.jsp?arnumber=7279630","AGV;path planning;A* algorithm;improved A * algorithm","Path planning;Algorithm design and analysis;Heuristic algorithms;Planning;Turning;Vehicles;Logistics","","95","","15","IEEE","1 Oct 2015","","","IEEE","IEEE Conferences"
"Model Predictive Control of Four-wheel-Differential-Drive Vehicles Based on Modified Active Set Algorithm","Z. Ma; P. Hu; H. Wang; H. Li; K. Peng; H. Zhang","College of Electrical Engineering and Automation, Shandong University of Science and Technology, Qingdao, China; College of Electrical Engineering and Automation, Shandong University of Science and Technology, Qingdao, China; College of Electrical Engineering and Automation, Shandong University of Science and Technology, Qingdao, China; College of Electrical Engineering and Automation, Shandong University of Science and Technology, Qingdao, China; School of Power and Energy, Northwestern Polytechnical University, Xi’an, China; College of Electrical Engineering and Automation, Shandong University of Science and Technology Qingdao Borsen Intelligent Technology Co., Ltd., Qingdao, China",2022 China Automation Congress (CAC),"13 Mar 2023","2022","","","542","546","Since the automatic guided vehicle (AGV) can replace human in warehousing or logistics, the trajectory tracking of the AGV has attracted lots of attentions for decades. Among the understudy tracking algorithm, the MPC-based is very popular at present. We thus consider the trajectory tracking of a four-wheel-differential-drive vehicle by MPC. However, solving the MPC is time-consuming. To this end, we propose a modified active-set algorithm to solve the involved MPC problem. The algorithm only needs solving two subproblems. The first subproblem is the one with the most and independent equality constraints. The second subproblem is obtained via neglecting all constraints with negative Lagrange multiplier of the first one. The results of the simulation illustrates that the time consumption of the modified active-set algorithm is less than that of the interior-point algorithm and the active-set algorithm due to the reduction of calculation times.","2688-0938","978-1-6654-6533-5","10.1109/CAC57257.2022.10055491","National Natural Science Foundation of China; Natural Science Foundation of Shandong Province; Research and Development; ","https://ieeexplore.ieee.org/stamp/stamp.jsp?arnumber=10055491","Automatic Guided Vehicle;Model Predictive Control;Active-set Algorithm","Trajectory tracking;Heuristic algorithms;Simulation;Warehousing;Kinematics;Prediction algorithms;Search problems","","1","","11","IEEE","13 Mar 2023","","","IEEE","IEEE Conferences"
"Design of Robot Path Planning Algorithm Based on ROS","X. Ma; Y. Wang; Z. Jin","CSSC Intelligent Innovation Research Institute, Beijing, China; CSSC Intelligent Innovation Research Institute, Beijing, China; CSSC Intelligent Innovation Research Institute, Beijing, China",2024 IEEE International Conference on Unmanned Systems (ICUS),"22 Jan 2025","2024","","","313","318","The current military adversarial intelligent robots have received unprecedented attention and development. Research on fully automatic robots capable of completing specific adversarial tasks has significant practical value, and the autonomous navigation of adversarial robots in the environment is one of the most pressing issues to be addressed. This paper, based on the ROS (Robot Operating System) robot development platform, presents a path planning algorithm for robot pathfinding. Firstly, this paper derives the A* search algorithm used for global navigation and improves it according to cost maps tailored for adversarial tasks. Subsequently, this paper investigates the TEB (Timed-Elastic-Band) algorithm for local navigation and obstacle avoidance, optimizing multiple objective functions through multi-objective optimization to achieve dynamic flexible obstacle avoidance while closely adhering to paths provided by global navigation. Finally, this paper conducts coordination and testing of the robot's automatic navigation function in a simulated environment.","2771-7372","979-8-3503-8418-5","10.1109/ICUS61736.2024.10839989","","https://ieeexplore.ieee.org/stamp/stamp.jsp?arnumber=10839989","autonomous adversarial robot;ROS;global navigation;obstacle avoidance;A* search algorithm;TEB algorithm","Costs;Navigation;Heuristic algorithms;Robot kinematics;Approximation algorithms;Linear programming;Path planning;Collision avoidance;Robots;Testing","","","","18","IEEE","22 Jan 2025","","","IEEE","IEEE Conferences"
"The Multi-objective Design Optimization of Automated Guided Vehicles Car Structure using Genetic Algorithms","A. Ariyarit; P. Katasila; T. Srinaem; W. Sukkhanthong","School of Mechanical Engineering Institute of Engineering, Suranaree University of Technology, Nakhon Ratchasima, Thailand; School of Mechanical Engineering Institute of Engineering, Suranaree University of Technology, Nakhon Ratchasima, Thailand; School of Mechanical Engineering Institute of Engineering, Suranaree University of Technology, Nakhon Ratchasima, Thailand; School of Mechanical Engineering Institute of Engineering, Suranaree University of Technology, Nakhon Ratchasima, Thailand",2020 IEEE 11th International Conference on Mechanical and Intelligent Manufacturing Technologies (ICMIMT),"19 Mar 2020","2020","","","103","107","This paper aims to the new design method of automated guided vehicles (AGV) car structure. To obtain the optimum design, the multi-objective genetic algorithm (MOGA) such as NSGA-II combined with Finite Element method (FEM) was developed to analyze the structure and to search the minimum mass and structural stress as two objective functions subject to two structural constraints, including with structural buckling and defection. Finally, the results of nondominated solutions were represented because of the trade-off between the structural mass and stress. This paper shows that it is possible to use NSGA-II combined with FEM to solve the optimum design of the AGV car structure as a multi-objective optimization problem.","","978-1-7281-5332-2","10.1109/ICMIMT49010.2020.9041222","","https://ieeexplore.ieee.org/stamp/stamp.jsp?arnumber=9041222","Multi-objective design optimization;AGV car;Genetic Algorithms;Structural optimization","Remotely guided vehicles;Codes;Search problems;Finite element analysis;Manufacturing;Automobiles;Stress","","4","","13","IEEE","19 Mar 2020","","","IEEE","IEEE Conferences"
"Fast 3D Object Motion Detection Algorithm Design","S. -A. Li; Y. -H. Ho; C. -C. Wong; H. -M. Feng","Department of Electrical and Computer Engineering, Tamkang University, New Taipei City, Taiwan; Department of Electrical and Computer Engineering, Tamkang University, New Taipei City, Taiwan; Department of Electrical and Computer Engineering, Tamkang University, New Taipei City, Taiwan; Department of Computer Science and Information Engineering, National Quemoy University, Kinmen, Taiwan",2024 IEEE 4th International Conference on Software Engineering and Artificial Intelligence (SEAI),"20 Sep 2024","2024","","","68","74","In this paper, this paper designs and implements a three-dimensional (3D) LiDAR object motion detection algorithm for real-time identification of 3D object positions in the surrounding environment. We first complete the point cloud preprocessing process to filter the data and then complete the object behaviors detection. In this paper, a passthrough filter and a voxel grid filter are used for the initial screening of point clouds. The point cloud data are then classified into object point clouds and ground point clouds using the Randomized Accordance Random Sampling Consistency (RANSAC) algorithm, and it filters out the ground point cloud. 3D object behavior recognition is completed by object detection algorithms. The DBSCAN algorithm is used as the point cloud clustering algorithm in the object detection system. Establish the center of gravity of the cluster after the clustering is complete. In order to confirm that the objects detected at different time points are the same object, this paper uses the Gale-Shapley algorithm to match the center of gravity of point cloud clustering result. Finally, it is verified that the method proposed in this study can obtain the ability to identify objects quickly, efficiently and correctly.","","979-8-3503-7434-6","10.1109/SEAI62072.2024.10674315","","https://ieeexplore.ieee.org/stamp/stamp.jsp?arnumber=10674315","3D LiDAR;Object behaviors detection;Randomized Accordance Random Sampling Consistency Algorithm;Gale-Shapley algorithm","Point cloud compression;Three-dimensional displays;Heuristic algorithms;Clustering algorithms;Object detection;Filtering algorithms;Prediction algorithms","","","","17","IEEE","20 Sep 2024","","","IEEE","IEEE Conferences"
"Research on the Application of Enhanced Wild Horse Optimization Algorithm with Generative Adversarial Networks in Mechanical Design and Manufacturing","C. Yao; Y. Zhuang","Shandong Business Institute, Yantai, China; Shandong Business Institute, Yantai, China",2024 International Conference on Data Science and Network Security (ICDSNS),"1 Oct 2024","2024","","","1","4","The application of optimization design in mechanical design help the scheme accomplishes some optimization results in the provided design criteria, without absorbing an excessive computational effort. Mechanical optimization design is an innovative technique in forming the base of the recent mechanical design theory. The traditional design continues the evaluation of product performance gradually as well as fails to design parameters for the product actively, which too expensive and manpower. In order to address the aforementioned issue, this study presents the Enhanced Wild Horse Optimization Algorithm with Generative Adversarial Networks (EWHOA-GAN), which addresses issues related to conventional optimization models and led to effective mechanical design using Levy flight concept from Cuckoo Search Algorithm (CSA). In order to confirm the significance of the smart optimization model in mechanical design and manufacturing, the EHWOA-GAN is compared with traditional approach named Improved Arithmetic Optimization Algorithm (n-AOA) where the EHWOA outperforms the n-AOA by obtaining lower T_s and T_h of 1.05 and 0.0001 along with higher R of 75.36.","","979-8-3503-7311-0","10.1109/ICDSNS62112.2024.10690848","","https://ieeexplore.ieee.org/stamp/stamp.jsp?arnumber=10690848","cuckoo search algorithm;conventional optimization;improved wild horse optimization;manpower;mechanical design","Optimization models;Network security;Data science;Generative adversarial networks;Manufacturing;Optimization;Design optimization;Arithmetic","","","","12","IEEE","1 Oct 2024","","","IEEE","IEEE Conferences"
"Reconfigurable Transmitarray Design with Generative Adversarial Network","H. Nguyen; S. An; H. Luyen","The University of North Texas, Denton, Texas, USA; The University of North Texas, Denton, Texas, USA; The University of North Texas, Denton, Texas, USA",2025 United States National Committee of URSI National Radio Science Meeting (USNC-URSI NRSM),"7 Mar 2025","2025","","","347","347","The advent of artificial intelligence (AI) has introduced innovative approaches for the design of metasurfaces, significantly reducing the reliance on traditional iterative analytical methods based on simulations. Numerous studies (e.g., S. An et al., “Deep Convolutional Neural Networks to Predict Mutual Coupling Effects in Metasurfaces”, Advanced Optical Materials, vol. 10, 2022) have demonstrated substantial advancements by leveraging various deep learning networks to address macroscopic-level challenges, such as beam steering, pattern optimization, and aperture efficiency enhancement. Conversely, there is a growing interest in employing generative AI algorithms to address the more intricate task of designing unit cells, which is crucial to achieving the desired electromagnetic (EM) surface properties (C. Niu et al., “A Diffusion Model for Multi-Layered Metasurface Unit Cell Synthesis”, IEEE Open Journal of Antennas and Propagation, vol. 4, 2023). This unit-cell-level design process has long been recognized as one of the most time-intensive aspects of metasurface development, primarily due to the extensive literature review and the iterative nature of the trial-and-error approach conventionally required for achieving optimal designs. At the meta-atom level, AI-based design methodologies are commonly applied to solve the inverse design problem, where the process begins with the desired surface performance and seeks to generate the appropriate unit-cell geometry. A notable example of this is the work of Sensong An et al. in “A Deep Learning Approach for Objective-Driven All-Dielectric Metasurface Design” (ACS Photonics, vol. 6, issue 12, Nov. 2019), which demonstrated the potential of AI to design passive metasurfaces in a matter of seconds by utilizing variants of generative adversarial networks (GANs) for the rapid and efficient creation of multifunctional passive designs. Reconfigurable metasurfaces with beam-steering capabilities, such as transmitarrays or reflectarrays, traditionally time-consuming to design, are also promising candidates for the application of AI-driven methods. However, unlike passive meta-atom designs, reconfigurable metasurfaces pose significant challenges for AI-based approaches. A major limitation is the difficulty in generating high-quality, effective datasets for training. Moreover, the active structures, which retain fixed geometrical configurations while representing different phase states (or electrical connections), introduce an added complexity in terms of dimensionality, further complicating the AI-based modeling and optimization processes. Nevertheless, it is of great interest to conduct a pilot study on the application of AI-based design approaches for reconfigurable transmitarrays/reflectarrays to evaluate any potential advantages they offer over conventional design techniques.","","978-1-946815-20-0","10.23919/USNC-URSINRSM66067.2025.10906961","","https://ieeexplore.ieee.org/stamp/stamp.jsp?arnumber=10906961","","Deep learning;Training;Metasurfaces;Generative adversarial networks;Prediction algorithms;Iterative methods;Surface treatment;Optimization;Systematic literature review;Photonics","","","","0","","7 Mar 2025","","","IEEE","IEEE Conferences"
"GA-Based Optimization of Generative Adversarial Networks on Stock Price Prediction","B. He; E. Kita","Graduate School of Informatics, Nagoya University, Nagoya, Japan; Graduate School of Informatics, Nagoya University, Nagoya, Japan",2021 International Conference on Computational Science and Computational Intelligence (CSCI),"22 Jun 2022","2021","","","199","202","The combinational model of Generative Adversarial Networks (GANs) and Long Short-Term Memory (LSTM) has a good performance for analyzing and predicting time series data. The model performance, however, depends on the hyper-parameters which are defined in advance by the machine learning designers. In this study, Genetic Algorithm (GA) is applied for the design of hyper-parameters in the combinational model of GANs and LSTM in the stock price prediction. GA defines the candidate solutions as chromosomes. The GA chromosome includes the window size of training data and the hyper-parameters of the LSTM employed in the Generator of GANs. The experimental results show that the optimized model has a better performance than the original model.","","978-1-6654-5841-2","10.1109/CSCI54926.2021.00106","","https://ieeexplore.ieee.org/stamp/stamp.jsp?arnumber=9799139","Automated Machine Learning;Generative Adversarial Networks (GANs);Long Short-Term Memory (LSTM);Genetic Algorithm (GA);Stock Prediction","Analytical models;Machine learning algorithms;Computational modeling;Machine learning;Predictive models;Generative adversarial networks;Data models","","4","","12","IEEE","22 Jun 2022","","","IEEE","IEEE Conferences"
"Design and Autonomous Navigation of 4WD UGV","A. Tomar; D. M. Chitguppa; K. K. Prakash; M. Karnik","Automation Solutions, PDIC Bharat Electronics Limited, Bengaluru, India; Automation Solutions, PDIC Bharat Electronics Limited, Bengaluru, India; Automation Solutions, PDIC Bharat Electronics Limited, Bengaluru, India; Automation Solutions, PDIC Bharat Electronics Limited, Bengaluru, India","2024 10th International Conference on Automation, Robotics and Applications (ICARA)","18 Jun 2024","2024","","","318","322","This paper delves into the domain of Four Wheel Differential (4WD) Unmanned Ground Vehicles (UGV) and their autonomous navigation. The paper discusses the design and development of a 4WD UGV with sensor integration and navigation. The Paper explores the design considerations for 4WD UGVs and the systems architecture of Autonomous UGVs emphasizing the pivotal role of motor selection, sensors and navigational software in robotic navigation. The UGV uses sensors such as Three Dimension Light Detection and Ranging (3D LIDAR), Depth Camera, Inertial Measurement Unit (IMU) and Ultrasonic Sensors. The UGV motion is achieved by actuating four Brushless Direct Current (BLDC) motors. Navigational aspects such as 2D occupancy grid mapping, global and local path planning, motion planning, particle filter-based localization and recovery behaviors have been implemented using Robot Operating System (ROS). The primary focus is to present a comprehensive framework for the design and implementation of a 4WD UGV, coupled with an autonomous navigation software system. By scrutinizing the integration of hardware and software elements, we aim to contribute valuable insights into the development of versatile 4WD UGVs.","2767-7745","979-8-3503-9424-5","10.1109/ICARA60736.2024.10553023","","https://ieeexplore.ieee.org/stamp/stamp.jsp?arnumber=10553023","4WD;UGV;autonomous Navigation;LIDAR","Three-dimensional displays;Navigation;Software algorithms;Wheels;Systems architecture;Motors;Software systems","","1","","9","IEEE","18 Jun 2024","","","IEEE","IEEE Conferences"
"Research on Multi-robot Material Picking and Autonomous Path Planning System in Industrial Environment","Z. Jiang","Shien-Ming Wu School of Intelligent Engineering, South China University of Technology, Guangzhou, China","2023 IEEE 2nd International Conference on Electrical Engineering, Big Data and Algorithms (EEBDA)","10 Apr 2023","2023","","","1948","1952","Industrial 4.0 has been proposed in 2014 and has received many achievements so far under the development of robotics and artificial intelligence. Among all of the research projects on smart factory, transfer robots are one of the most common applications for robotics in industrial field. To improve the navigation accuracy when locating products as well as complete more tasks such as picking materials, multi-robot path planning algorithms are necessary to combine with manipulators like mechanical arms. This work is focused on designing a transfer robot and a mechanical arm for industrial environment. Meanwhile, a modified A* algorithm named HCA algorithm is implemented into the multi-robot transfer system with PID controlled mechanical arm. The system can be used to finish transfer missions in large-scale warehouses or narrow industries. To further develop this system, continuous actions should be used instead of discrete ones. Moreover, computer vision methods can be added to the mechanical arm to increase the grasping accuracy and flexibility.","","978-1-6654-6253-2","10.1109/EEBDA56825.2023.10090823","","https://ieeexplore.ieee.org/stamp/stamp.jsp?arnumber=10090823","industrial 4.0;multi-robot path planning;HCA algorithm;PID control","Industries;Electrical engineering;Service robots;Navigation;Grasping;Manipulators;Path planning","","1","","16","IEEE","10 Apr 2023","","","IEEE","IEEE Conferences"
"Complete coverage path planning algorithm for known 2d environment","S. Gajjar; J. Bhadani; P. Dutta; N. Rastogi","Department of Electronics and Communication Engineering; Department of Electronics and Communication Engineering; RHRTD Division, Institute for Plasma Research, Gandhinagar, India; RHRTD Division, Institute for Plasma Research, Gandhinagar, India","2017 2nd IEEE International Conference on Recent Trends in Electronics, Information & Communication Technology (RTEICT)","15 Jan 2018","2017","","","963","967","Path-planning is an important primitive for autonomous mobile robots that lets robots find the optimal path between two points. Typical path-planning algorithms deal with finding an optimized path from start to end using a map of the environment and the robot to be aware of its location with respect to the map. Complete coverage path planning algorithm, on the other hand, is used in application where an autonomous mobile robot is required to visit all the points at least once in the given environment size with known obstacles. In this paper, a complete coverage path planning algorithm is developed and tested on a actual hardware. The algorithm is development for a known 2D environment with static obstacles with an optimization on minimal coverage time. The scaling of computational time with increasing map sizes and simulation results for different types of obstacle geometries are also presented. This kind of algorithm can be used for area inspection, cleaning robots, painter robot, land mine detectors, lawn mowers, agricultural field machines etc.","","978-1-5090-3704-9","10.1109/RTEICT.2017.8256741","","https://ieeexplore.ieee.org/stamp/stamp.jsp?arnumber=8256741","Coverage Path Planning;Obstacle Avoidance;MATLAB Simulation;Autonomous Guided Vehicle","Robots;Path planning;Algorithm design and analysis;Cost function;Conferences;Market research;Communications technology","","14","","4","IEEE","15 Jan 2018","","","IEEE","IEEE Conferences"
"Research on Computer Vision-Based Environment Perception and Decision-Making System for Autonomous Vehicles","Y. Sun; L. Shen; S. Wu; H. Yan; F. Sheng","Hunan Automotive Engineering, Vocational University, Zhuzhou, China; Hunan Automotive Engineering, Vocational University, Zhuzhou, China; Hunan Automotive Engineering, Vocational University, Zhuzhou, China; Hunan Automotive Engineering, Vocational University, Zhuzhou, China; Hunan Automotive Engineering, Vocational University, Zhuzhou, China",2024 14th International Conference on Information Technology in Medicine and Education (ITME),"27 Mar 2025","2024","","","82","85","This paper delves into the design and implementation of autonomous vehicle systems, with a focus on the overall architecture, hardware platforms, software design, and system integration. The autonomous driving system captures environmental information through high-precision sensors, which is then processed in real-time and decisions are made by powerful computing units, leading to vehicle control actions. Throughout the design and implementation process, emphasis is placed on real-time performance, robustness, and safety considerations. System performance is continuously enhanced through algorithm optimizations, hardware advancements, and improvements in system integration strategies. The objective of this research is to provide a robust foundation for the advancement of autonomous vehicles, thereby propelling progress in smart transportation systems.","2474-3828","979-8-3503-5667-0","10.1109/ITME63426.2024.00026","","https://ieeexplore.ieee.org/stamp/stamp.jsp?arnumber=10935452","Computer Vision;Autonomous Driving;Environmental Perception","Software design;System performance;System integration;Real-time systems;Hardware;Safety;Smart transportation;Vehicle dynamics;Autonomous vehicles;Testing","","","","11","IEEE","27 Mar 2025","","","IEEE","IEEE Conferences"
"A Hierarchical Path Planning Algorithm for Autonomous Ground Vehicles Based on Q-learning and MPC","S. Gong; J. Zhang; T. Zhang","College of Mechanical and Electronic Engineering, Dalian Minzu Universit, Dalian, China; College of Mechanical and Electronic Engineering, Dalian Minzu University and Liaoning Provincial Engineering Research Center of Powertrain Design for New Energy Vehicle, Dalian, China; College of Mechanical and Electronic Engineering, Dalian Minzu University and Liaoning Provincial Engineering Research Center of Powertrain Design for New Energy Vehicle, Dalian, China",2024 8th CAA International Conference on Vehicular Control and Intelligence (CVCI),"16 Jan 2025","2024","","","1","6","In practical applications, such as item transportation, motion planning and control of autonomous ground vehicles become challenging due to the uncertain operating environment. In this paper, put forward a control scheme that finds a better path by combining Q-learning autonomous ground vehicles path planning with artificial potential field and path optimization based on model predictive control. The grid method is commonly used to describe the environment for path planning based on reinforcement learning algorithm, but there are some problems such as paths that are too close to obstacles and non-shortest paths, which are not consistent with the actual application scenarios. To solve this problem, a Q-learning autonomous ground vehicles path planning algorithm combined with artificial potential field knowledge is proposed. The repulsion field value of obstacles is introduced to optimize the reward value when selecting the state, and the oblique motion of autonomous ground vehicles is increased. The simulation results indicate that, compared to the original algorithm, the Q-learning autonomous ground vehicles path planning algorithm combined with artificial potential field (APF) can find a better path that better aligns with reality when the time consumption is increased. However, since the planned path in the upper layer does not conform to the motion principle of autonomous ground vehicles, the model predictive control (MPC) is used to optimize planned path. The results demonstrate that proposed method delivers satisfactory motion planning and control.","","979-8-3315-0489-2","10.1109/CVCI63518.2024.10830190","","https://ieeexplore.ieee.org/stamp/stamp.jsp?arnumber=10830190","autonomous ground vehicles;path planning;artificial potential field;Q-learning;model predictive control","Q-learning;Transportation;Prediction algorithms;Path planning;Land vehicles;Safety;Planning;Optimization;Standards;Predictive control","","","","11","IEEE","16 Jan 2025","","","IEEE","IEEE Conferences"
"Design and Implementation of an Autonomous Mobility Algorithm for Photovoltaic Panel Surface Cleaning Robots Based on Webots","M. Farah; M. Alshehab; K. Alshehri","Control and Instrumentation Engineering Dept., College of Engineering and Physics, King Fahd University of Petroleum and Minerals (KFUPM), Dhahran-31261, Saudi Arabia; Control and Instrumentation Engineering Dept., College of Engineering and Physics, King Fahd University of Petroleum and Minerals (KFUPM), Dhahran-31261, Saudi Arabia; Control and Instrumentation Engineering Dept., College of Engineering and Physics, King Fahd University of Petroleum and Minerals (KFUPM), Dhahran-31261, Saudi Arabia",2022 6th International Conference on Robotics and Automation Sciences (ICRAS),"2 Aug 2022","2022","","","138","143","An autonomous mobile robot that cleans the surface of Photovoltaic (PV) modules is designed and implemented. The robot follows a pre-defined trajectory on the solar panel surface to clean the accumulated dust. The path planning algorithms are developed and tested using an Inertial Measurement Unit (IMU) and ultrasonic sensors through a micro-controller. The proposed system is capable of rapidly identifying edges, working on incline surfaces, and self-navigating. Webots simulator is used throughout the design and development phases to model, program, and simulate the robot’s localization, motion control, path planning, and measurement system. After applying path planning algorithms that ensure complete coverage of the solar panel’s surface area, the results show that the robot successfully wipes the PVs with an error of 2.11% in the robot orientations measured by an IMU sensor and 5.4% in the ultrasonic readings used to detect the PV’s edges.","","978-1-6654-6784-1","10.1109/ICRAS55217.2022.9842259","","https://ieeexplore.ieee.org/stamp/stamp.jsp?arnumber=9842259","robotics;path planning;mobile robot;Webots;photovoltaic panel","Surface cleaning;Phase measurement;Ultrasonic variables measurement;Robot sensing systems;Acoustics;Sensors;Trajectory","","3","","12","IEEE","2 Aug 2022","","","IEEE","IEEE Conferences"
"Path planning and decision algorithm design of intelligent AGV in electric vehicle overhead channel shared charging system","Y. Mao","No.2 High School of East China University, Shanghai, China","2024 IEEE 4th International Conference on Electronic Technology, Communication and Information (ICETCI)","18 Jul 2024","2024","","","986","991","Intelligent AGV plays a key role in the shared charging system of electric vehicle overhead channel, and the optimization of its path planning and decision algorithm is very important to improve the system efficiency. This paper presents a novel and effective solution utilizing an ant colony algorithm. Specifically focusing on path planning, a hybrid approach integrating deep learning, genetic algorithm, and ant colony algorithm was developed. This hybrid model aims to forecast channel flow, recognize congested regions, globally seek optimal paths, emulate ant behaviors to dynamically adjust pheromone distribution, and guide Automated Guided Vehicles (AGVs) through intricate environments, considering various factors for efficient and adaptable path planning. In the design of decision algorithm, an intelligent framework based on reinforcement learning and ant colony heuristic strategy is constructed to enable AGV to adapt to environmental changes and learn the optimal strategy, and a positive ant colony feedback mechanism is introduced to assist rapid convergence to the high-value path, enhance decision robustness and response speed, and maximize system efficiency and charging resource utilization. Experimental verification shows that the proposed ant colony fusion algorithm significantly improves the operational efficiency of AGV, effectively solves problems such as path conflict and charging waiting, and realizes accurate path planning and intelligent decision making. The algorithm provides solid theoretical support and practical guidance for the efficient operation of intelligent AGV in specific charging systems, shows high practical value and technical feasibility, and is expected to promote innovation and application upgrading in related fields.","","979-8-3503-6164-3","10.1109/ICETCI61221.2024.10594588","","https://ieeexplore.ieee.org/stamp/stamp.jsp?arnumber=10594588","Path planning;Genetic algorithm;Ant colony algorithm","Technological innovation;Remotely guided vehicles;Heuristic algorithms;Reinforcement learning;Predictive models;Solids;Path planning","","","","15","IEEE","18 Jul 2024","","","IEEE","IEEE Conferences"
"Open AI Cellular (OAIC): An Open Source 5G O-RAN Testbed for Design and Testing of AI-Based RAN Management Algorithms","P. S. Upadhyaya; N. Tripathi; J. Gaeddert; J. H. Reed","Department of Electrical and Computer Engineering, Virginia Tech, Blacksburg, VA, USA; Department of Electrical and Computer Engineering, Virginia Tech, Blacksburg, VA, USA; Virginia Tech National Security Institute, Blacksburg, VA, USA; Department of Electrical and Computer Engineering, Virginia Tech, Blacksburg, VA, USA",IEEE Network,"27 Feb 2024","2023","37","5","7","15","Open Radio Access Network (O-RAN), defined by the O-RAN Alliance, is quickly emerging as one of the most critical RAN architectures for designing and deploying future cellular networks. O-RAN aims to use openness and intelligence to solve new research problems that arise from the broad set of services offered by 5G. However, the lack of end-to-end, stable, open-source platforms offering realistic environments has limited progress in developing effective solutions. This paper describes an open-source 3GPP-compliant O-RAN-based 5G testbed being developed at Virginia Tech called Open AI Cellular (OAIC). The OAIC testbed includes the OAIC-Control framework to facilitate the design of AI-based RAN management algorithms and the OAIC-Testing framework to facilitate automated testing of AI-based RAN management algorithms. While O-RAN defines non-Real Time RAN Intelligent Controller (RIC) and near-Real Time RIC, the OAIC testbed introduces a new Real-Time RIC, zApps, and Z1 interface to support new use cases that require latency of less than 10 ms. The current and target capabilities of the OAIC testbed, along with the challenges within the O-RAN framework, are discussed. An example use case (Key Performance Metrics) that utilizes the OAIC testbed is also narrated. The OAIC testbed integrated with CORNET infrastructure is remotely accessible via a portal and is expected to accelerate R&D in academia and the wireless industry.","1558-156X","","10.1109/MNET.2023.3320933","","https://ieeexplore.ieee.org/stamp/stamp.jsp?arnumber=10273394","OAIC;O-RAN;5G;6G;Testbeds;zApps;Real-Time RIC","Computer architecture;5G mobile communication;Testing;Artificial intelligence;Hardware;Real-time systems;Open Access;Open data;Radio access networks;Open source software;Design methodology;Artificial intelligence;Design for testability","","16","","15","IEEE","6 Oct 2023","","","IEEE","IEEE Magazines"
"Multi-Objective Genetic Algorithm-Based Autonomous Path Planning for Hinged-Tetro Reconfigurable Tiling Robot","K. P. Cheng; R. E. Mohan; N. H. Khanh Nhan; A. V. Le","ROAR Laboratory, Engineering Product Development Pillar, Singapore University of Technology and Design, Singapore; ROAR Laboratory, Engineering Product Development Pillar, Singapore University of Technology and Design, Singapore; Optoelectronics Research Group, Faculty of Electrical and Electronics Engineering, Ton Duc Thang University, Ho Chi Minh City, Vietnam; ROAR Laboratory, Engineering Product Development Pillar, Singapore University of Technology and Design, Singapore",IEEE Access,"10 Jul 2020","2020","8","","121267","121284","Reconfigurable robots have received broad research interest due to the high dexterity they provide and the complex actions they could perform. Robots with reconfigurability are perfect candidates in tasks like exploration or rescue missions in environments with complicated obstacle layout or with dynamic obstacles. However, the automation of reconfigurable robots is more challenging than fix-shaped robots due to the increased possible combinations of robot actions and the navigation difficulty in obstacle-rich environments. This paper develops a systematic strategy to construct a model of hinged-Tetromino (hTetro) reconfigurable robot in the workspace and proposes a genetic algorithm-based method (hTetro-GA) to achieve path planning for hTetro robots. The proposed algorithm considers hTetro path planning as a multi-objective optimization problem and evaluates the performance of the outcome based on four customized fitness objective functions. In this work, the proposed hTetro-GA is tested in six virtual environments with various obstacle layouts and characteristics and with different population sizes. The algorithm generates Pareto-optimal solutions that achieve desire robot configurations in these settings, with O-shaped and I-shaped morphologies being the more efficient configurations selected from the genetic algorithm. The proposed algorithm is implemented and tested on real hTetro platform, and the framework of this work could be adopted to other robot platforms with multiple configurations to perform multi-objective based path planning.","2169-3536","","10.1109/ACCESS.2020.3006579","National Robotics Programme through its Robotics Enabling Capabilities and Technologies (Funding Agency)(grant numbers:192 25 00051); National Robotics Programme through its Robot Domain Specific (Funding Agency)(grant numbers:192 22 00058); Agency for Science, Technology, and Research; ","https://ieeexplore.ieee.org/stamp/stamp.jsp?arnumber=9131750","Reconfigurable robot;tiling robotics;multi-objective path planning;genetic algorithm;NSGA-II","Robot kinematics;Genetic algorithms;Path planning;Morphology;Fasteners;Mobile robots","","57","","70","CCBY","2 Jul 2020","","","IEEE","IEEE Journals"
"A practical path planning and navigation algorithm for an unmanned surface vehicle using the fast marching algorithm","Y. Liu; R. Song; R. Bucknall","Department of Mechanical Engineering, University College London, London, UK; Department of Mechanical Engineering, University College London, London, UK; Department of Mechanical Engineering, University College London, London, UK",OCEANS 2015 - Genova,"21 Sep 2015","2015","","","1","7","There has been an increasing interest in the development of unmanned surface vehicles (USVs) in recent decades. As USVs are required to carry out complex missions without any human intervention in various environments, an intelligent path planning algorithm is critical. A path planning algorithm is able to utilise environment data to calculate an optimal trajectory to guarantee safety. To achieve this, in this paper, a novel path planning and navigation (PN) algorithm is proposed. The PN algorithm uses the fast marching method (FMM) as the base algorithm to search for an optimal collision-free trajectory. Then, to facilitate the trajectory tracking of the USV, a new waypoint-generator based on the line-of-sight (LOS) is developed to generate the optimal number of waypoints from the path. The proposed algorithm has been evaluated based on the Springer USV, and has been shown that it can be seamlessly integrated with the Springer's exiting autopilot to achieve full autonomy.","","978-1-4799-8736-8","10.1109/OCEANS-Genova.2015.7271338","","https://ieeexplore.ieee.org/stamp/stamp.jsp?arnumber=7271338","unmanned surface vehicle (USV);path planning algorithm;USV dynamics;waypoint tracking","Algorithm design and analysis;Navigation;Trajectory;Heuristic algorithms;Vehicles;Computational modeling","","16","","8","IEEE","21 Sep 2015","","","IEEE","IEEE Conferences"
"Alfred: Open-Source Autonomous Mobile Robot Platform with Augmented Physical Testbed","V. V. Naresh; J. Kumar Sharma","Department of Computer Science Engineering, Indraprastha Institute of Information Technology, Delhi, New Delhi, India; Department of Computer Science Engineering, Indraprastha Institute of Information Technology, Delhi, New Delhi, India","2024 8th International Conference on I-SMAC (IoT in Social, Mobile, Analytics and Cloud) (I-SMAC)","23 Oct 2024","2024","","","1003","1007","This research study introduces Alfred, a novel open-source Autonomous Mobile Robot (AMR) platform and a physical testbed that enables the integration of virtual scenarios. This system allows for the development and evaluation of algorithms for localization, perception, and path planning in a safe and efficient manner. By combining virtual and physical elements, our camera-based localization testbed facilitates comprehensive testing of AMRs, ensuring their readiness for real-world deployment. The modular design of Alfred, with parts sourced within the Indian subcontinent, makes it a cost-effective and adaptable solution for robotics research and development. We demonstrate the effectiveness of our platform through experiments in localization, mapping, and navigation, showcasing its potential for advancing AMR technology.","2768-0673","979-8-3503-7642-5","10.1109/I-SMAC61858.2024.10714615","","https://ieeexplore.ieee.org/stamp/stamp.jsp?arnumber=10714615","Autonomous Mobile Robot;Testbed;Simulation;Modular Design;Localization;Path Planning","Location awareness;Navigation;Pipelines;Rapid prototyping;Path planning;Planning;Mobile robots;Research and development;Autonomous robots;Testing","","1","","20","IEEE","23 Oct 2024","","","IEEE","IEEE Conferences"
"Research on task allocation in multiple logistics robots based on an improved ant colony algorithm","J. Li; T. Dong; Y. Li",School of Beijing Wuzi University; School of Beijing Wuzi University; School of Beijing Wuzi University,2016 International Conference on Robotics and Automation Engineering (ICRAE),"10 Nov 2016","2016","","","17","20","In order to solve the multi-robot task allocation problem in logistics warehouse environment, first a robot task allocation model is established in which a corresponding benefit function is established with a consideration of two mainly factors including time window and distance. Then the ant colony algorithm pheromone updating rule is improved combining with working environment and task allocation of logistics robots to seek optimized task allocation scheme. At last, the comprehensive benefit value of the improved ant colony algorithm is compared with that o f the original algorithm and the simulation results show that it can be more effective to solve the multi-robot task allocation problem by using the improved ant colony algorithm.","","978-1-5090-4072-8","10.1109/ICRAE.2016.7738780","","https://ieeexplore.ieee.org/stamp/stamp.jsp?arnumber=7738780","the improved ant colony algorithm;task allocation;logistics robots;benefit function","Robots;Resource management;Algorithm design and analysis;Fuels;Logistics;Heuristic algorithms;Mathematical model","","5","","10","IEEE","10 Nov 2016","","","IEEE","IEEE Conferences"
"Dynamic Order-Based Scheduling Algorithms for Automated Retrieval System in Smart Warehouses","J. Liu; S. -Y. Liew; B. Y. Ooi; D. Qin","Faculty of Information and Communication Technology, Universiti Tunku Abdul Rahman, Kampar, Malaysia; Faculty of Information and Communication Technology, Universiti Tunku Abdul Rahman, Kampar, Malaysia; Faculty of Information and Communication Technology, Universiti Tunku Abdul Rahman, Kampar, Malaysia; Faculty of Artificial Intelligence, Guangxi University for Nationalities, Nanning, China",IEEE Access,"6 Dec 2021","2021","9","","158340","158352","In typical e-commerce warehouse operations, upon receiving the orders from customers, the purchased items need to be retrieved from shelves and then packaged accordingly for delivery. To automate and speed up the item retrieval process, a Smart Warehouse usually employs a management system, called the Automated Retrieval System (ARS), to control and schedule the retrieval jobs. The working principle of ARS is crucial to the Smart Warehouse because it will have a great impact on the subsequent downstream processes. In short, all the items in a particular order should be considered as an integral part; if one of these items encounters a much larger retrieval delay than others do, then the entire order may experience an unnecessary latency. In the past, the integrality of order has not received much attention for the parallel retrieval process of multiple stackers. To take this into account, this paper proposes using an Order Tag to label all the items that belong to the same order for retrieval job scheduling. The way of calculating the Order Tags will then determine the scheduling discipline of the ARS. With the objectives of minimizing the average delay and ensuring the fairness, two algorithms are proposed. They are named as Dynamic Order-Based (DOB) and Dynamic Order-Based with Threshold (DOBT) Scheduling Algorithms, respectively. Compared with the First-Come-First-Serve and other approaches, the simulation results show that DOB and DOBT are able to reduce the average order retrieval delay by at least 30%, and generate less backlog pressure to the downstream operations.","2169-3536","","10.1109/ACCESS.2021.3129585","UTAR Research Fund through the Universiti Tunku Abdul Rahman, Malaysia(grant numbers:IPSR/RMC/UTARRF/2019-C2/L05); Natural Science Foundation of Guangxi Province, China(grant numbers:2018GXNSFAA281269); ","https://ieeexplore.ieee.org/stamp/stamp.jsp?arnumber=9625637","Warehouse automation;automated retrieval system;order integrality;job scheduling;algorithm design and analysis","Packaging;Heuristic algorithms;Delays;Sequential analysis;Scheduling algorithms;Scheduling","","12","","38","CCBY","23 Nov 2021","","","IEEE","IEEE Journals"
"IEEE Draft Standard for Transparency of Autonomous Systems","",,"IEEE P7001/D2, June 2021","10 Jun 2021","2021","","","1","73","Measurable, testable levels of transparency, so that autonomous systems can be objectively assessed, and levels of compliance determined, are described in this standard.","","978-1-5044-7729-1","","","https://ieeexplore.ieee.org/stamp/stamp.jsp?arnumber=9451892","autonomous systems;artificial intelligence;ethics;IEEE 7001;transparency","IEEE Standards;Autonomous systems;Ethics;Artificial intelligence","","","","","","10 Jun 2021","","","IEEE","IEEE Standards"
