"Document Title",Authors,"Author Affiliations","Publication Title",Date Added To Xplore,"Publication Year","Volume","Issue","Start Page","End Page","Abstract","ISSN",ISBNs,"DOI",Funding Information,PDF Link,"Author Keywords","IEEE Terms","Mesh_Terms",Article Citation Count,Patent Citation Count,"Reference Count","License",Online Date,Issue Date,"Meeting Date","Publisher",Document Identifier
"A MAS based energy-coordination for decentralized control of the hybrid electrical system","Z. Bari; M. Ben Yakhlef","Laboratory of Engineering Sciences (LSI), USMBA, Fes, Morocco; Laboratory of Engineering Sciences (LSI), Faculty Polydisciplinary Taza, USMBA, Fes, Morocco",2017 Intelligent Systems and Computer Vision (ISCV),"2 Oct 2017","2017","","","1","6","The objective of this work is, firstly, to set up models for the management of the different elements of a Hybrid Electrical System (HES) self-sufficient suited to the potentials (wind and solar) of our rural regions south of Morocco isolated from the network, secondly to establish an energy management system that is able to dynamically find a policy of production and consumption, taking into account the criteria set by the user and the various constraints of equipment and sources. The aims of the management strategy are to adapt the energy consumed by consumption sources to that supplied by the renewable production sources of the system. It is based on the shift, interruption, reduction, or increase of the power requested from one or several controllable consumption sources of the system. The suggested strategy which is based on the flexibility of consumption sources has made it possible to significantly reduce the lost energy that accounts for a significant gain from an economic point of view. It improves the use of the energy produced by modifying the charge profile. Proposed strategy privileges the functioning of the critical charges.","","978-1-5090-4062-9","10.1109/ISACV.2017.8054988","","https://ieeexplore.ieee.org/stamp/stamp.jsp?arnumber=8054988","Hybrid Electrical System;Multi Agent System;Behavior modeling;Complex system","Production;Batteries;Load modeling;Biological system modeling;Photovoltaic systems;Mathematical model","","1","","12","IEEE","2 Oct 2017","","","IEEE","IEEE Conferences"
"Automized, Simulation-Based, Technical and Economical Rating of Semi-Self-Sufficient Electrical Energy Systems","M. Fuchs; P. Ponomarov; B. Arndt","University of Applied Sciences Würzburg/Schweinfurt, Technology-Transfer-Centre for E-Mobility, Bad Neustadt, Germany; University of Applied Sciences Würzburg/Schweinfurt, Technology-Transfer-Centre for E-Mobility, Bad Neustadt, Germany; University of Applied Sciences Würzburg/Schweinfurt, Technology-Transfer-Centre for E-Mobility, Bad Neustadt, Germany",2018 International IEEE Conference and Workshop in Óbuda on Electrical and Power Engineering (CANDO-EPE),"6 Jan 2019","2018","","","179","184","While houses were simply connected to the electrical grid and contained a gas or oil heating system, for a long time energy flows were simple. With the integration of alternative energy systems such as photovoltaic (PV) systems, heat pumps, combined heat and power units (CHPs), home batteries and electrical cars into houses, energy flows become more complicated. This paper describes the implementation of a model to simulate the technical and economical outcome of a system with the previously mentioned components in single- and multi-family houses in Germany. As input for climate data and energy demand, literature data is used. The simulation is capable of economic and ecologic estimation and can be controlled by a web interface with the intention to provide a straightforward online tool for homeowners.","","978-1-7281-1154-4","10.1109/CANDO-EPE.2018.8601146","","https://ieeexplore.ieee.org/stamp/stamp.jsp?arnumber=8601146","","Cogeneration;Heat pumps;Biological system modeling;Batteries;Photovoltaic systems;Estimation;Temperature","","","","14","IEEE","6 Jan 2019","","","IEEE","IEEE Conferences"
"Digitization of the Distribution Grid to Support e-Mobility Charging Infrastructure","G. Vom Bögel; F. Essingholt; B. Bennertz; T. Grenter","Busines Unit Industry, Fraunhofer IMS, Duisburg, Germany; Smart Sensor Systems, Fraunhofer IMS, Duisburg, Germany; Embedded Software and AI, Fraunhofer IMS, Duisburg, Germany; Smart Sensor Systems, Fraunhofer IMS, Duisburg, Germany",2023 IEEE International Workshop on Metrology for Automotive (MetroAutomotive),"23 Aug 2023","2023","","","78","82","The article addresses a subproject of the Energy ECS project [1], in which the development and realization of suitable components for condition monitoring of electrical distribution grids is carried out. By means of suitable sensor systems, communication and IT infrastructure components, relevant information on network infrastructure elements at neuralgic points is collected, aggregated and communicated. This information can be used directly for a highly dynamic grid-serving control of grid components to ensure a robust and efficient use of the distribution grid. The project makes a direct contribution to the digitization of distribution grids and thus contributes to the successful integration of decentralized generators and electromobility. The main objective of the subproject is the development and realization of energy-autonomous sensor systems for recording the status of relevant components of a low-voltage distribution network. The work to be carried out includes sensor principles as well as the field of energy harvesting or the field of sensor signal processing.","","979-8-3503-2187-6","10.1109/MetroAutomotive57488.2023.10219102","Ministry of Education; ","https://ieeexplore.ieee.org/stamp/stamp.jsp?arnumber=10219102","smart grid monitoring;self-sufficient sensor;LPWAN;controlled charging infrastructure","Low voltage;Distribution networks;Metrology;Sensor systems;Generators;Smart grids;Recording","","1","","7","EU","23 Aug 2023","","","IEEE","IEEE Conferences"
"Smart Monitoring Service through Self Sufficient Healthcare Gadget for Elderly","R. Tasneem Usha; F. Sazid Sejuti; S. Islam","Computer Science and Engineering, BRAC University, Dhaka, Bangladesh; Computer Science and Engineering, BRAC University, Dhaka, Bangladesh; Computer Science and Engineering, BRAC University, Dhaka, Bangladesh",2019 IEEE International Symposium on Smart Electronic Systems (iSES) (Formerly iNiS),"20 Feb 2020","2019","","","276","279","This paper presents a remote health monitoring system focusing on the general well being of elderly people. The system provides several functionalities such as a wearable gadget to monitor the overall health condition of the patient and an android application software for relatives involved in eldercare. The wearable gadget is run by a microprocessor and it will gather information using sensors. Moreover, it consists of some general functions such as one-button emergency call feature, medicine reminder, refill notification and Geofencing. By using GSM and GPS modules the patient's relatives, as well as an appointed doctor, can monitor real-time activities, see the condition of the patient remotely, receive emergency alerts and track location through an android app. The core purpose of the paper is to build a low budget monitoring system for elderly health care, developed focusing on user compatibility and reliability.","","978-1-7281-4655-3","10.1109/iSES47678.2019.00068","","https://ieeexplore.ieee.org/stamp/stamp.jsp?arnumber=9002467","Cost-efficient;Elder compatible gadget;Remote Monitoring;Geo fencing;Android monitoring app","Medical services;Monitoring;Senior citizens;Androids;Humanoid robots;Biomedical monitoring;Global Positioning System","","5","","17","IEEE","20 Feb 2020","","","IEEE","IEEE Conferences"
"Smart Water Management: a Self-Sufficient IoT-Based Application for Pressure and Flow Monitoring in Water Distribution Systems","L. D. de Oliveira; J. V. S. De Araújo; J. H. B. Da Silva; J. M. M. Villanueva; C. A. de Souza Filho; M. N. Ochoa","Undergraduate in Electrical Engineering, Federal University of Paraíba, João Pessoa, Brazil; Graduate in Electrical Engineering, Federal University of Paraíba, João Pessoa, Brazil; Undergraduate in Electrical Engineering, Federal University of Paraíba, João Pessoa, Brazil; Department of Electrical Engineering, Federal University of Paraíba, João Pessoa, Brazil; Department of Electrical Engineering, Federal University of Paraíba, João Pessoa, Brazil; Department of Electrical Engineering, Universidad de Ingenieria y Tecnologia – UTEC, Lima, Peru","2023 7th International Symposium on Instrumentation Systems, Circuits and Transducers (INSCIT)","25 Sep 2023","2023","","","1","6","Water distribution in municipalities involves various challenges, such as maintenance of pipelines, pressure and flow control, water quality monitoring, among others. In this sense, measuring the flow and pressure of a system is a key issue for optimizing water distribution in cities. Therefore, this information is important to ensure that water is delivered with quality and in adequate quantity to consumers. With the advent of technology, some advanced solutions have been proposed in the literature to address these challenges, such as hydraulic modeling software, intelligent sensors, and automated control systems. Among these, one of the most commonly used techniques to increase system efficiency is wireless sensor networks. However, monitoring in a wide coverage area, such as metropolises, becomes difficult to implement, involving high costs and infeasibility of large-scale sensor installation. Therefore, applications involving IoT (Internet of Things) have been proposed as a low-cost and low energy consumption alternative. Thus, this article describes the steps, challenges, and solutions necessary for the development of a self-sufficient IoT application aimed at monitoring pressure and flow in a water supply network.","","979-8-3503-2651-2","10.1109/INSCIT59673.2023.10258484","Conselho Nacional de Desenvolvimento Científico e Tecnológico; Universidade Federal da Paraíba; ","https://ieeexplore.ieee.org/stamp/stamp.jsp?arnumber=10258484","Water Pressure;Water Flow;Internet of Things;Self-sufficient system;Micro Hydro Turbine","Wireless communication;Wireless sensor networks;Costs;Transducers;Urban areas;Refining;Water quality","","","","12","IEEE","25 Sep 2023","","","IEEE","IEEE Conferences"
"Ripples: A tool for oceanic campaign managing, supervision, and situational awareness","A. Sá; R. Santos; R. Mendes; P. Dias; J. Pereira; W. D. Choi; A. Sérgio Ferreira; J. B. de Sousa","Laboratório de Sistemas e Tecnologia Subaquática (LSTS), Faculdade de Engenharia da Universidade do Porto, Portugal; Laboratório de Sistemas e Tecnologia Subaquática (LSTS), Faculdade de Engenharia da Universidade do Porto, Portugal; Laboratório de Sistemas e Tecnologia Subaquática (LSTS), Faculdade de Engenharia da Universidade do Porto, Portugal; Laboratório de Sistemas e Tecnologia Subaquática (LSTS), Faculdade de Engenharia da Universidade do Porto, Portugal; Laboratório de Sistemas e Tecnologia Subaquática (LSTS), Faculdade de Engenharia da Universidade do Porto, Portugal; Laboratório de Sistemas e Tecnologia Subaquática (LSTS), Faculdade de Engenharia da Universidade do Porto, Portugal; Laboratório de Sistemas e Tecnologia Subaquática (LSTS), Faculdade de Engenharia da Universidade do Porto, Portugal; Laboratório de Sistemas e Tecnologia Subaquática (LSTS), Faculdade de Engenharia da Universidade do Porto, Portugal",OCEANS 2023 - Limerick,"12 Sep 2023","2023","","","1","5","Several entities are at the forefront of combining ocean exploration and monitoring with robotics; among them is the LSTS (Underwater Systems and Technology Laboratory) 1 . This laboratory specializes in designing, constructing, and operating unmanned underwater, surface, and air vehicles and developing their software. The LSTS uses several autonomous vehicles to monitor and map the ocean to achieve persistent and efficient ocean observation. These vehicles, although autonomous, are not self-sufficient and need human supervision. When deploying these vehicles, it is common to have multiple teams geographically separated due to the multidisciplinary cooperative nature of these missions, so they need to be able to control these vehicles and communicate efficiently. In this paper, we present one such tool used for this purpose.","","979-8-3503-3226-1","10.1109/OCEANSLimerick52467.2023.10244653","Fundação Luso-Americana para o Desenvolvimento; European Regional Development Fund; ","https://ieeexplore.ieee.org/stamp/stamp.jsp?arnumber=10244653","Autonomous Vehicles;Collaborative Maritime Data;Multi-system Command and Control (C2);Situational Awareness;Workload;Maritime Campaign","Visualization;Sea surface;Decision making;Software;Real-time systems;Trajectory;Planning","","1","","11","IEEE","12 Sep 2023","","","IEEE","IEEE Conferences"
"Monitoring of electric power systems: Application to self-sufficient hybrid renewable energy systems","I. G. Pérez; A. J. C. Godoy; M. C. Godoy; J. L. H. Agustín","Department of Electrical Engineering, Electronics and Automatics, University of Extremadura, Badajoz, Spain; Department of Electrical Engineering, Electronics and Automatics, University of Extremadura, Spain; Department of Electrical Engineering, Electronics and Automatics, University of Extremadura, Badajoz, Spain; Department of Electrical Engineering, Electronics and Automatics, Universidad de Extremadura, Caceres, Extremadura, ES",2015 9th International Conference on Compatibility and Power Electronics (CPE),"3 Sep 2015","2015","","","560","565","Supervisory Control and Data Acquisition systems play a paramount role in the operation of electrical power systems. In this paper, two monitoring systems are developed and applied for self-sufficient hybrid systems based on renewable energy and hydrogen. Siemens WinCC flexible and National Instruments LabVIEW software packages have been used. The first one runs in an operator panel linked with a PLC. For the LabVIEW-based SCADA, a data acquisition card collects sensors information. Their main features and capabilities for local and remote use are exposed.Supervisory Control and Data Acquisition systems play a paramount role in the operation of electrical power systems. In this paper, two monitoring systems are developed and applied for self-sufficient hybrid systems based on renewable energy and hydrogen. Siemens WinCC flexible and National Instruments LabVIEW software packages have been used. The first one runs in an operator panel linked with a PLC. For the LabVIEW-based SCADA, a data acquisition card collects sensors information. Their main features and capabilities for local and remote use are exposed.","2166-9546","978-1-4799-6301-0","10.1109/CPE.2015.7231137","","https://ieeexplore.ieee.org/stamp/stamp.jsp?arnumber=7231137","renewable energy;hydrogen;SCADA;monitoring;remote access","Hydrogen;SCADA systems;Batteries;Sensors;Monitoring;Fuel cells;Generators","","2","","20","IEEE","3 Sep 2015","","","IEEE","IEEE Conferences"
"Renewable self-sufficient energy supply for smart devices in urban areas, Energy-Hub - case study","C. Wenge; B. Arendarski; S. Balischewski; R. Pietracho","Fraunhofer Institute for Factory Operation and Automation, Magdeburg, Germany; Fraunhofer Institute for Factory Operation and Automation, Magdeburg, Germany; Fraunhofer Institute for Factory Operation and Automation, Magdeburg, Germany; Department of Engineering and Industrial Design, University of Applied Sciences Magdeburg-Stendal, Magdeburg, Germany",2023 IEEE Power & Energy Society General Meeting (PESGM),"25 Sep 2023","2023","","","1","5","Electricity is part of the basic supply and is an important medium for providing basic functions. The demand for self-sufficient energy supply systems is growing in electrically untapped areas because of digitization, provision of ICT services and charging devices for ICT-components (tablets and smart phones) and electrified micro vehicles (e-bikes and e-scooters). The challenge is to compensate the volatile feed-in and seasonal availability of renewable energies ensuring sustainable power supply. The aim of this study was the specific conception and technical realization of a self-sufficient energy hub. The focus was on the design as a functional rest area and meeting place with energy supply for charging various electronic devices from smartphones to e-bikes. In addition to the requirements of system design and configuration, measurement technology and IT systems were integrated to use the E-Hub as a living lab for research and education and to scale and transfer the results for other requirements and projects. The paper includes planning and simulation methods as well as design and validation and will be continued with long term tests, system optimization and data evaluation.","1944-9933","978-1-6654-6441-3","10.1109/PESGM52003.2023.10252840","","https://ieeexplore.ieee.org/stamp/stamp.jsp?arnumber=10252840","Energy Hub;self-sufficient charger;self-sufficient ICT island;Self-sufficient RES energy supply;e-bicycle;e-scooter","Battery chargers;Renewable energy sources;Urban areas;Education;Planning;Smart devices;Smart phones","","3","","27","IEEE","25 Sep 2023","","","IEEE","IEEE Conferences"
"Energy Management System for Inter-Connected Self-Sufficient Microgrids with Blockchain-Based Peer-to-Peer Energy Market","I. Demidov; A. Pinomaa; S. Honkapuro; M. Nieminen","School of Energy Systems, LUT University, Lappeenranta, Finland; School of Energy Systems, LUT University, Lappeenranta, Finland; School of Energy Systems, LUT University, Lappeenranta, Finland; Department of Computer Science, Aalto University, Espoo, Finland",2025 21st International Conference on the European Energy Market (EEM),"7 Jul 2025","2025","","","1","6","Microgrids powered by renewable energy-based solar photo-voltaics (PV) and battery energy storage systems are a viable techno-economical solution in providing electricity to off-the-grid and rural areas in sub-Saharan Africa (SSA). Smart and productive use of available energy capacity of off-grid microgrids is the key element in the context of rural electrification, where customers' ability to pay and purchase power are limited. For cost-efficient utilization and distribution of renewable energy resources, this paper describes a methodology of an intermicrogrid energy management system (inter-MGEMS) applied in the concept of electrification with inter-connected self-sufficient microgrids. An an agent, that is, software, acts on behalf of microgrids' customers, to first enable, and also simplify their engagement to the energy trading. It utilizes a long short-term memory (LSTM) model to predict the consumer load profiles over the day and night periods, and based on that estimates the profiles for the energy available to be shared among the interconnected microgrids. The available energy bids are placed at the inter-MGEMS. The energy trading in the inter-MGEMS is based on non-cooperative game theory approach, where each microgrid independently attempts to maximize its profit. The blockchain is used as a ground technology for the energy trading platform.","2165-4093","979-8-3315-1278-1","10.1109/EEM64765.2025.11050162","","https://ieeexplore.ieee.org/stamp/stamp.jsp?arnumber=11050162","Blockchain;off-grid;peer-to-peer;dynamic pricing;rural electrification","Renewable energy sources;Electricity;Microgrids;Pricing;Electrification;Peer-to-peer computing;Blockchains;Energy management systems;Long short term memory;Load modeling","","","","27","IEEE","7 Jul 2025","","","IEEE","IEEE Conferences"
"Development of an energy self-sufficient sensor system to identify gradual changes in the behaviour of a vehicles shock absorber","S. Kremzow-Tennie; T. Scholz; M. Hellwig; F. Pautzke","Electric vehicle institute, Bochum univeristy of applied sciences, Bochum, Germany; Electric vehicle institute, Bochum univeristy of applied sciences, Bochum, Germany; Electric vehicle institute, Bochum univeristy of applied sciences, Bochum, Germany; Electric vehicle institute, Bochum univeristy of applied sciences, Bochum, Germany",2020 21st International Conference on Research and Education in Mechatronics (REM),"12 Jan 2021","2020","","","1","6","This paper portrays the development of an energy self-sufficient sensor system, designed to identify gradual changes in the behaviour of a vehicles shock absorber. Based on the idea of a sensor application that generates the required power at the location of its instalment, a wireless sensor system with an electromagnetic energy harvester was designed. In order to realize a wireless information transmission a transmitter was installed on the circuit board. As the system is designed to be used while driving the vehicle, a mobile application is developed to display the data transmitted by the sensor system. The gathered data can be observed live and stored in order to be compared to previously gathered data, providing the ability to observe trends in the behaviour of the shock-absorber.","","978-1-7281-6224-9","10.1109/REM49740.2020.9313075","","https://ieeexplore.ieee.org/stamp/stamp.jsp?arnumber=9313075","micro energy harvesting;shock-absorber;energy self-sufficient sensor system","Shock absorbers;Sensor systems;Temperature sensors;Capacitors;Temperature measurement;Magnetic flux;Acceleration","","","","11","IEEE","12 Jan 2021","","","IEEE","IEEE Conferences"
"Custom Real-Time-Kinematics Positioning System Testbed for Mobile Robot Localization","T. Stangebye; T. Mohr; A. Vallenti; M. Grauff; S. Koziol","Electrical & Computer Engineering Department, Baylor University, Waco, Texas; Electrical & Computer Engineering Department, Grove City College, Grove City, Pennsylvania; Electrical & Computer Engineering Department, Grove City College, Grove City, Pennsylvania; Electrical & Computer Engineering Department, Grove City College, Grove City, Pennsylvania; Electrical & Computer Engineering Department, Baylor University, Waco, Texas",2020 IEEE 14th Dallas Circuits and Systems Conference (DCAS),"25 Jan 2021","2020","","","1","4","Global-Positioning-System Real-Time-Kinematics (GPS-RTK) is a highly accurate positioning technology which has become reasonably affordable in the recent past and which is very useful as a mobile robot localization method. However, much of the system-level inter-workings of a GPS-RTK system are likely not well understood by many roboticists and researchers. Our paper proposes a self-sufficient GPS-RTK system which is intended to be easily understood and readily deployable in a multitude of lab robotics scenarios. In order to further the understanding of GPS-RTK from a systems level, this paper first describes a Longe-Range Radio (LoRa®) GPS-RTK implementation from the ground up, as a synthesis of multiple open source technologies and independent projects, and then offers validation data of the system.","","978-1-7281-8510-1","10.1109/DCAS51144.2020.9330659","","https://ieeexplore.ieee.org/stamp/stamp.jsp?arnumber=9330659","GPS-RTK;LoRa;Mobile Robot Localization;Autonomous Systems;Positioning Systems","Location awareness;Conferences;Prototypes;Documentation;Libraries;Mobile robots;Open source software","","3","","14","IEEE","25 Jan 2021","","","IEEE","IEEE Conferences"
"Use of an automated guided vehicle as a telepresence system with measurement support","S. Winkler; N. Weidensager; J. Brade; S. Knopp; G. Jahn; P. Klimant","Institute for Machine Tools and Production Processes, Chemnitz University of Technology, Chemnitz, Germany; Institute for Machine Tools and Production Processes, Chemnitz University of Technology, Chemnitz, Germany; Institute for Machine Tools and Production Processes, Chemnitz University of Technology, Chemnitz, Germany; Institute for Machine Tools and Production Processes, Chemnitz University of Technology, Chemnitz, Germany; Professorship of Applied Geropsychology and Cognition, Chemnitz University of Technology, Chemnitz, Germany; Institute for Machine Tools and Production Processes, Chemnitz University of Technology, Chemnitz, Germany",2022 IEEE 9th International Conference on Computational Intelligence and Virtual Environments for Measurement Systems and Applications (CIVEMSA),"18 Aug 2022","2022","","","1","6","This paper proposes an AGV-based telepresence platform for scientific research purposes. The black box nature of many commercially available telepresence systems makes it difficult for researchers to gather unfiltered and reliable data about the behavior and impressions in telepresence operations. The proposed system aims to close this gap by using a fully accessible architecture using a self-developed, fully self-sufficient AGV, which is equipped with two independent sensor systems for self-localization alongside a 360° camera for a natural use of the telepresence system. The accessibility of different movement features ensures the possibility to tailor the setup to different research questions by restricting the user’s access to any given feature. At the same time, access to all raw and filtered sensor data guarantees the reliability and quality of the acquired data at any given time of the experiment. During the entire time of use, the AGV creates a digital twin of itself, its behavior and its surroundings to allow the user precise comparisons between the expected scenario and the real situation. Due to the modular approach of the platform, both from the physical and software architecture, the proposed design can be further extended to tackle questions outside of its current scope, like providing additional information to the recipient of the system or possible on site interactions with it.","2377-9322","978-1-6654-3445-4","10.1109/CIVEMSA53371.2022.9853678","Deutsche Forschungsgemeinschaft; ","https://ieeexplore.ieee.org/stamp/stamp.jsp?arnumber=9853678","telepresence;automated guided vehicle;distance measurement;SLAM","Telepresence;Remotely guided vehicles;Software architecture;Current measurement;Virtual environments;Computer architecture;Sensor systems","","4","","32","IEEE","18 Aug 2022","","","IEEE","IEEE Conferences"
"Precision Farming with Autonomous Drones: Real-time Data and Efficient Fertilization Techniques","M. M. I. Shehab; M. R. Jany; S. Alam; A. Sarker; M. S. Hossen; A. Shufian","Dept. of Electrical and Electronic Engineering, American International University-Bangladesh, Dhaka, Bangladesh; Dept. of Electrical and Electronic Engineering, American International University-Bangladesh, Dhaka, Bangladesh; Dept. of Electrical and Electronic Engineering, American International University-Bangladesh, Dhaka, Bangladesh; Dept. of Electrical and Electronic Engineering, American International University-Bangladesh, Dhaka, Bangladesh; Dept. of Electrical and Electronic Engineering, American International University-Bangladesh, Dhaka, Bangladesh; Dept. of Electrical and Electronic Engineering, American International University-Bangladesh, Dhaka, Bangladesh",2025 2nd International Conference on Advanced Innovations in Smart Cities (ICAISC),"21 Apr 2025","2025","","","1","6","The study explores the challenges farmers face due to environmental issues and the growing global population. It suggests that digital technologies, particularly drones, can improve agricultural productivity. The research focuses on developing a drone capable of autonomously fertilizing fields, providing real-time data and insights. With Raspberry Pi, multispectral sensors, GPS technology, CNN, Tiny Yolo v4, and AI-driven analytics, the drone can deliver chemicals to targeted areas and return to its base station, significantly reducing farmers' efforts. This model conducted four tests to evaluate the drone's accuracy in a 60 m2 cropland area. It utilized a single drone, although cooperative operation with multiple drones could enhance efficiency. As a result, the findings show that optimal results were achieved with a load of 500 grams at a speed of 28 km/h, achieving an overall precision fertilization accuracy rate of 98.3%. This payload is sufficient for small-scale operations, but its efficiency depends on crop density and the required fertilization level. The drone can operate continuously for 20 minutes at full capacity. In the test period, with a fly time of 3.86 minutes, the drone covered approximately 59 m2 cropland area. Compared to traditional human labor, the drone demonstrates higher precision and reduces environmental impact by minimizing chemical waste. The experiment was conducted in a controlled agricultural field to simulate realistic farming conditions. The use of drones in field inspection and pesticide application is examined in this study, emphasizing the methodology, controllers, and hardware/software components. It illustrates how AI and machine learning improve agriculture's technical efficiency and environmental sustainability.","","979-8-3315-0699-5","10.1109/ICAISC64594.2025.10959516","","https://ieeexplore.ieee.org/stamp/stamp.jsp?arnumber=10959516","precision farming;Raspberry Pi;autonomous drone;resource efficiency;self-sufficient navigation;CNN","Productivity;Precision agriculture;Technological innovation;Accuracy;Navigation;Real-time systems;Sustainable development;Chemicals;Drones;Farming","","1","","23","IEEE","21 Apr 2025","","","IEEE","IEEE Conferences"
"Exploring Intelligent UAV Route Planning in Autonomous Telecommunication Systems","R. Chakraborty; D. Kumar; K. Preetham","Department of Computer Science & IT, ARKA JAIN University, Jamshedpur, Jharkhand, India; Department of Mathematics, Vivekananda Global University, Jaipur, India; Department of Management, School of Management - UG, JAIN (Deemed to be University), Bangalore, Karnataka, India",2024 15th International Conference on Computing Communication and Networking Technologies (ICCCNT),"4 Nov 2024","2024","","","1","6","This paper gives a singular approach to permitwise unmanned aerial car (UAV) direction planning in self-sufficient telecommunication systems. The proposed technique utilizes the aggregate of heuristic algorithms, artificial intelligence, and dynamic programming strategies for unmanned airborne vehicles to determine the most useful route to supply the services correctly. The proposed technique is evaluated on simulated 3-D surroundings. It has proven its effectiveness in offering high-acting direction-making plans with quick flight routes and offers excellent real-time performance. The heuristics and synthetic intelligence strategies used in this method can efficiently examine the environment for higher route planning and allow the UAVs to evolve to extraordinary terrains, climates, and boundaries, which can affect the conversation shipping. The principle application of this technique is in offering reliable verbal exchange offerings via UAVs in antagonistic and indoor environments. Thru the proposed approach, this paper immediately explores the green routing solutions for practical deployment eventualities.","2473-7674","979-8-3503-7024-9","10.1109/ICCCNT61001.2024.10724376","","https://ieeexplore.ieee.org/stamp/stamp.jsp?arnumber=10724376","Approach;Direction;Technique;Surroundings;Efficiently;Antagonistic","Oral communication;Autonomous aerial vehicles;Routing;Real-time systems;Planning;Telecommunications;Maintenance;Indoor environment;Optimization;Meteorology","","1","","11","IEEE","4 Nov 2024","","","IEEE","IEEE Conferences"
"Technical and Economic Analysis of Investment in a Self-Sufficient System Based on the New Network Tariff Model","K. Sredenšek; E. Bahčič; E. Simonič; S. Seme","Faculty of Energy Technology, University of Maribor, Krško, Slovenia; GEN Group, Krško, Slovenia; Faculty of Energy Technology, University of Maribor, Krško, Slovenia; Faculty of Energy Technology Faculty of Electrical Engineering and Computer Science, University of Maribor, Krško, Slovenia",2024 International Conference on Smart Systems and Technologies (SST),"20 Nov 2024","2024","","","197","201","The paper presents a technical and economic analysis of investment in a self-sufficient system for a household consumer under the new network tariff model and electricity billing system in Slovenia. The paper compares the current system with the new system, as well as the scenarios of electricity production and consumption when the household consumer uses a photovoltaic system, a battery, or neither. The results indicate significantly lower electricity costs under the current system and a small difference in costs when a battery is added to the photovoltaic system under the new system.","","979-8-3503-8639-4","10.1109/SST61991.2024.10755362","","https://ieeexplore.ieee.org/stamp/stamp.jsp?arnumber=10755362","photovoltaic systems;battery;current and new system;tariff model;electrical energy","Photovoltaic systems;Renewable energy sources;Analytical models;Costs;Electricity;Tariffs;Production;Batteries;Sustainable development;Investment","","1","","16","IEEE","20 Nov 2024","","","IEEE","IEEE Conferences"
"Masterless Control of Parallel Modular Active front-end (AFE) Systems for Vehicles and Stationary Applications","A. Zhaksylyk; H. Rasool; T. Geury; M. El Baghdadi; O. Hegazy","ETEC Department & MOBI Research Group, Vrije Universiteit Brussel (VUB), Brussel, Belgium; ETEC Department & MOBI Research Group, Vrije Universiteit Brussel (VUB), Brussel, Belgium; ETEC Department & MOBI Research Group, Vrije Universiteit Brussel (VUB), Brussel, Belgium; ETEC Department & MOBI Research Group, Vrije Universiteit Brussel (VUB), Brussel, Belgium; ETEC Department & MOBI Research Group, Vrije Universiteit Brussel (VUB), Brussel, Belgium",2020 Fifteenth International Conference on Ecological Vehicles and Renewable Energies (EVER),"2 Nov 2020","2020","","","1","6","This paper proposes a masterless control strategy for parallel active front-end (AFE) systems for off-board electric vehicle (EV) charging and stationary applications. The proposed solution enables high modularity in AC-DC power converters designated for EV charger systems, where the AFE modules can be separated and recombined, enabling them to be more versatile, flexible and scalable. The presented AFE rectifier system consists of several self-sufficient modules with distributed control that can exchange data through CAN bus. The proposed system has functions like dynamic resource allocation, automatic interleaving, circulating current control, accurate current sharing and demonstrates increased fault tolerance. In this paper, the main operating principle of the masterless control of modular AFE rectifier systems is explained. Moreover, the performance of the AFE rectifier system supplying power to a 100 kW off-board DC charger is demonstrated by MATLAB Simulink with changing load, module failures and possible manufacturing flaws.","","978-1-7281-5641-5","10.1109/EVER48776.2020.9242540","","https://ieeexplore.ieee.org/stamp/stamp.jsp?arnumber=9242540","Active front-end rectifier;EV charger;masterless control;parallel converters;CAN bus;Networked control systems stability","Fault tolerance;Software packages;Fault tolerant systems;Rectifiers;Resource management;Vehicle dynamics;Matlab","","5","","15","IEEE","2 Nov 2020","","","IEEE","IEEE Conferences"
"Techno-Economic Analysis of Hybrid Energy Storage Optimal Sizing in Self-Sufficient Renewable Energy System","M. Sarfraz; T. Xu; H. Meng; R. Wang","School of Electrical and Information Engineering, Tianjin University, Tianjin, China; School of Electrical and Information Engineering, Tianjin University, Tianjin, China; School of Electrical and Information Engineering, Tianjin University, Tianjin, China; School of Electrical and Information Engineering, Tianjin University, Tianjin, China",2024 6th International Conference on Smart Power & Internet Energy Systems (SPIES),"19 May 2025","2024","","","391","396","Energy storage is crucial in the current renewable energy-dominated power system for several reasons. One critical need is effectively mitigating the uncertainty of sporadic renewable source generation and enhancing energy integration in energy systems. This paper analyzes an optimal sizing design of the hybrid energy storage connected with standalone rooftop solar photovoltaic considering precise battery and stored hydrogen usage. This study conducts a techno-economic analysis of an office building located in a temperate region. A powerful optimization tool is employed to optimize the configuration and sizing of the proposed distributed renewable energy system. The model optimization results affirm that the hybrid storage model design simultaneously leveraging battery and hydrogen fuel cell performs better than only hydrogen storage design when evaluating the levelized cost of energy, total net present cost, self-sufficiency, and reliability objective functions.","","979-8-3503-6886-4","10.1109/SPIES63782.2024.10983619","","https://ieeexplore.ieee.org/stamp/stamp.jsp?arnumber=10983619","renewable energy resources;energy storage sizing;self-sufficient energy system;battery storage;hydrogen storage","Renewable energy sources;Hydrogen storage;Costs;Uncertainty;Hydrogen;Reliability engineering;Real-time systems;Batteries;Power system reliability;Optimization","","","","17","IEEE","19 May 2025","","","IEEE","IEEE Conferences"
"Development of android based smart home and nurse calling system for differently abled","N. Khera; S. Tiwari; R. P. Singh; T. Ghosh; P. Kumar","Department of ECE, Amity University, Noida; Department of ECE, Amity University, Noida; Department of ECE, Amity University, Noida; Department of ECE, Amity University, Noida; Department of ECE, Amity University, Noida",2016 5th International Conference on Wireless Networks and Embedded Systems (WECON),"27 Jul 2017","2016","","","1","4","This paper presents the development of an intelligent Android based wireless system to assist the differently abled person by making them self-sufficient in controlling the room ambience as per the requirements as well as to call the attendant when needed. For this purpose, the voice driven and secure application software is developed in Android platform for calling the nurse using Zigbee communication interface and using Bluetooth based wireless communication the user voice commands will provide the desired actuating signal to actuators at receiver end for on/off control of electrical appliances. The system is very simple and easy to use as it is communicating with the subject in real time using the Android application software from the Android based personal digital assistance devices.","","978-1-5090-0893-3","10.1109/WECON.2016.7993423","","https://ieeexplore.ieee.org/stamp/stamp.jsp?arnumber=7993423","Andriod application software;Bluetooth wireless communication;microcontroller;personal area network;serial communication","Bluetooth;Androids;Humanoid robots;Microcontrollers;Smart phones;Wireless communication;Application software","","12","","9","IEEE","27 Jul 2017","","","IEEE","IEEE Conferences"
"Operational Mitigation of Cyberattack-Induced Cascading Failures in Power Systems","S. Hashemi; M. Panteli; V. S. Rajkumar; A. Ştefanov","Department of Electrical and Computer Engineering, University of Cyprus, Nicosia, Cyprus; Department of Electrical and Computer Engineering, University of Cyprus, Nicosia, Cyprus; Department of Electrical Sustainable Energy, Delft University of Technology, Delft, The Netherlands; Department of Electrical Sustainable Energy, Delft University of Technology, Delft, The Netherlands",2024 International Conference on Smart Energy Systems and Technologies (SEST),"4 Oct 2024","2024","","","1","6","Cyber-physical power systems are susceptible to cyber threats and attacks that can lead to cascading failures and widespread power outages. Therefore, mitigating the impact of such attacks requires the timely implementation of operational strategies to prevent cascading blackouts. One Such strategy is the controlled islanding of the affected power grid, serving as a last resort against the propagation of the cascading outages. In this context, this paper introduces a novel detection-informed operational mitigation strategy, i.e., controlled islanding, against cyberattack-induced cascading failures, addressing “when” and “where” to implement controlled islanding. The proposed strategy leverages dynamic cascading failure modeling to quantify the impact of ongoing cyberattacks on power grids, using quantitative metrics such as demand-not-served (DNS). For effective operational mitigation, the strategy initiates controlled islanding when any attack, including fabricated protection trip commands and measurements' replay attacks, are detected, and any operating limits, such as line loading, are violated. It then proceeds to the implementation of controlled islanding, where identified cyberattack-affected elements are effectively surrounded by stable and self-sufficient islanded areas, while minimizing the system DNS. Numerical results on the IEEE 39-bus system demonstrate the effectiveness of the proposed strategy, reducing the DNS value by up to 47% when the controlled islanding strategy is implemented.","2836-4678","979-8-3503-8649-3","10.1109/SEST61601.2024.10694287","","https://ieeexplore.ieee.org/stamp/stamp.jsp?arnumber=10694287","cascading failures;cyberattacks;anomaly detection;operational mitigation;controlled islanding","Islanding;System dynamics;Prevention and mitigation;Power system protection;Power system dynamics;Power grids;Software;Power system faults;Computer crime;Protection","","","","16","IEEE","4 Oct 2024","","","IEEE","IEEE Conferences"
"Application of the theory of conceptual graphs in the technology of automated development of embedded expert systems with an open source code","S. V. Vlasenko; D. H. Imaev","Saint Petersburg Electrotechnical University “LETI”, Saint Petersburg, Russia; Saint Petersburg Electrotechnical University “LETI”, Saint Petersburg, Russia",2016 XIX IEEE International Conference on Soft Computing and Measurements (SCM),"25 Jul 2016","2016","","","299","301","This article explores one of the approaches to the use of the conceptual graphs (CGs) theory in the tasks dealing with automated development of the embedded expert systems (ESs) being realized in an open program code in universal high level algorithmic languages. Within this approach CGs are used as an universal expression means for representation of overall, self-sufficient, fully portable expert systems models of various classes which can be correctly executed (or translated into the required form) in the target program environments. The described approach is considered on the example of the project of AIS toolkit development, focused on support of the built-in situational type control ESs design.","","978-1-4673-8919-8","10.1109/SCM.2016.7519761","","https://ieeexplore.ieee.org/stamp/stamp.jsp?arnumber=7519761","expert systems;knowledge representation;conceptual graphs;semantic networks","Object oriented modeling;Context;Engines;Knowledge representation;Context modeling;Expert systems;Adaptation models","","1","","6","IEEE","25 Jul 2016","","","IEEE","IEEE Conferences"
"RoboRover – A Jetson Nano Powered Robot Car for Object Following, Obstacle Avoidance, and Wall Following","T. Huynh; J. Walter; F. Aveta","Robotics Department, University of Michigan, Ann Arbor, Michigan, USA; Electrical and Computer Engineering Program, Wentworth Insitute of Technology, Boston, Massachusetts, USA; Electrical and Computer Engineering Program, Wentworth Insitute of Technology, Boston, Massachusetts, USA","2023 IEEE 14th Annual Ubiquitous Computing, Electronics & Mobile Communication Conference (UEMCON)","17 Nov 2023","2023","","","584","589","An intelligent and self-sufficient robot is essential across a wide range of fields, including transportation, industry, space exploration, and defense. Mobile robots possess the capability to undertake diverse tasks such as handling materials, aiding in disaster scenarios, conducting patrols, and executing rescue operations. As a result, the development of an autonomous robot that can navigate through both unchanging and ever-changing surroundings has become important. The primary objective of mobile robot navigation revolves around ensuring the seamless and secure traversal of the robot through complex environments, starting from an initial position, and reaching a designated goal position. This paper presents the design and implementation of a Jetson Nano powered robot car which uses local sensors to interact with an unknown environment. Object following, obstacle avoidance, and wall following features are built for the car to navigate to reach its desired destinations.","","979-8-3503-0413-8","10.1109/UEMCON59035.2023.10316007","","https://ieeexplore.ieee.org/stamp/stamp.jsp?arnumber=10316007","OpenCV;Jetson Nano;PyTorch;object following","Navigation;Service robots;Transportation industry;Robot sensing systems;Autonomous automobiles;Space exploration;Sensors","","1","","15","IEEE","17 Nov 2023","","","IEEE","IEEE Conferences"
"Integrated System Health Management Research and Application on Satellite","Y. Xu; X. Kong; W. Ma; Z. Zhu; J. Zhang","Research Center, Shanghai Institute of Satellite Engineering, Shanghai, China; Dept. of Control Science and Engineering, Harbin Institute of Technology, Harbin, China; Research Center, Shanghai Institute of Satellite Engineering, Shanghai, China; Research Center, Shanghai Institute of Satellite Engineering, Shanghai, China; Research Center, Shanghai Institute of Satellite Engineering, Shanghai, China",2021 Global Reliability and Prognostics and Health Management (PHM-Nanjing),"24 Nov 2021","2021","","","1","5","Integrated system health management (ISHM) technology is the extension of fault diagnosis and fault tolerant control and also is an important research direction of satellite engineering in the future. The ISHM of satellite, which can support satellite self-sufficient, aims to improve the reliability, safety and economy. In this paper, the overall architecture of the ISHM of on-orbit satellite is firstly constructed, which is divided into several layers, including system-level layer, subsystem layer, reasoning and diagnosis layer and single machine layer. The functions and tasks of each layer are analyzed, and the differences between ISHM and traditional fault diagnosis methods are proposed. Secondly, according to the analysis of history fault data, the subsystems who are prone to fault are studied and the ISHM schemes for these subsystems are designed. Finally, key technologies for achieving ISHM of satellite, such as the use of advanced distributed sensor system, improvement of software and hardware on board, and the application of intelligent algorithms, are illustrated and discussed.","","978-1-6654-0131-9","10.1109/PHM-Nanjing52125.2021.9612928","Natural Science Foundation of Shanghai; Research and Development; ","https://ieeexplore.ieee.org/stamp/stamp.jsp?arnumber=9612928","integrated system health management;fault diagnosis;on-orbit satellite;architecture design;engineering application","Fault diagnosis;Satellites;Space debris;Software algorithms;Reliability theory;Reliability engineering;Software","","1","","13","IEEE","24 Nov 2021","","","IEEE","IEEE Conferences"
"An Overview of Artificial Intelligence based Autonomous Vehicle Robotics Simulators","T. Kantale; P. Pawar; A. P. Bhagat","Department of Computer Science and Engineering, Prof Ram Meghe College of Engineering & Management, Badnera, Amravati, India; Department of Computer Science and Engineering, Prof Ram Meghe College of Engineering & Management, Badnera, Amravati, India; Department of Computer Science and Engineering, Prof Ram Meghe College of Engineering & Management, Badnera, Amravati, India",2019 International Conference on Emerging Trends in Science and Engineering (ICESE),"11 Sep 2020","2019","1","","1","6","In this paper diverse simulator available for autonomous automobile robotics simulators are reviewed. This paper offers quick description of simulators for autonomous car simulation, simulator for wise manage of quadrotor, open source hardware and software program platform for artificial intelligence and robotics simulations, and self reliant riding model simulator. This paper presents useful glimpse for researchers within the region of robotics and self sufficient cars. The diverse simulators and environments supplied in this paper are as compared and analyzed on the basis of numerous parameters.","","978-1-7281-1871-0","10.1109/ICESE46178.2019.9194653","","https://ieeexplore.ieee.org/stamp/stamp.jsp?arnumber=9194653","autonomous vehicle;artificial intelligence;robotics simulators;autonomous driving models;open source robotics simulators","Service robots;Robot sensing systems;Legged locomotion;Artificial intelligence;Solid modeling;Software","","2","","16","IEEE","11 Sep 2020","","","IEEE","IEEE Conferences"
"On-Board Model Based Fault Diagnosis for CubeSat Attitude Control Subsystem: Flight Data Results","R. Mackey; A. Nikora; C. Altenbuchner; R. Bocchino; M. Sievers; L. Fesq; K. O. Kolcio; M. J. Litke; M. Prather","Jet Propulsion Laboratory, California Institute of Technology, Pasadena, CA; Jet Propulsion Laboratory, California Institute of Technology, Pasadena, CA; Jet Propulsion Laboratory, California Institute of Technology, Pasadena, CA; Jet Propulsion Laboratory, California Institute of Technology, Pasadena, CA; Jet Propulsion Laboratory, California Institute of Technology, Pasadena, CA; Jet Propulsion Laboratory, California Institute of Technology, Pasadena, CA; Okean Solutions, Inc., Seattle, WA; Okean Solutions, Inc., Seattle, WA; Okean Solutions, Inc., Seattle, WA",2021 IEEE Aerospace Conference (50100),"7 Jun 2021","2021","","","1","17","Self-sufficient, robotic spacecraft require estimates of their hardware health state in order to project future system state and plan actions toward achieving mission goals. In this paper, we report on integration of a Model-Based Fault Diagnosis (MBFD) model and reasoning engine into flight software leveraging the Arcsecond Space Telescope Enabling Research in Astrophysics (ASTERIA) mission, including test results against captured flight data using the ASTERIA system testbed. Our effort integrated the Model-based Off-Nominal State Identification and Detection (MONSID) model-based reasoning system, developed by Okean Solutions, into ASTERIA flight software using the F Prime software framework. The MONSID engine was supplied with a model of the Blue Canyon Technologies XACT attitude control system (ACS) and tested against flight data and seeded fault tests. While we were unable to conduct an on-board experiment due to the premature loss of ASTERIA, our effort proved the feasibility of on-board model-based fault management, demonstrating reliable and accurate diagnosis using captured data, and further supporting a closed-loop spacecraft autonomy demonstration including autonomous navigation in off-nominal conditions.","1095-323X","978-1-7281-7436-5","10.1109/AERO50100.2021.9438342","Jet Propulsion Laboratory; California Institute of Technology; National Aeronautics and Space Administration; ","https://ieeexplore.ieee.org/stamp/stamp.jsp?arnumber=9438342","","Space vehicles;Fault diagnosis;Attitude control;Space missions;Process control;Telescopes;Data models","","6","","15","IEEE","7 Jun 2021","","","IEEE","IEEE Conferences"
"Revolutionizing Industries with Aerial Vehicle Using Mobile for Surveillance","S. V; R. P. S; P. P. T; S. S; S. G; L. M","Department of EEE, Kongu Engineering College, Perundurai, India; Department of EEE, Kongu Engineering College, Perundurai, India; Department of EEE, Kongu Engineering College, Perundurai, India; Department of EEE, Kongu Engineering College, Perundurai, India; Department of EEE, Kongu Engineering College, Perundurai, India; Department of EEE, Kongu Engineering College, Perundurai, India",2024 2nd International Conference on Sustainable Computing and Smart Systems (ICSCSS),"20 Aug 2024","2024","","","154","158","Revolutionizing industries with aerial vehicles using mobile for surveillance is the proposed title of this paper. The availability of drones has created several opportunities, particularly in the areas of agriculture, transportation, and security. This study is a follow-up to the creation of a drone controlled by Wi-Fi-based UAV and advanced image processing. To provide simple and seamless control, a mobile application has been released. Drone-taken photos and videos can also be processed and studied right away. Increasing the degree of autonomous vehicle operations, improving the accuracy of picture identification/analysis algorithms, and ensuring continuous communication between the drone and the control software are perhaps the key objectives of this work. The image processing component aims to take into account sophisticated improvements such as terrain analysis, object detection, and anomaly detection, which are crucial, particularly in the context of security surveillance. Ensuring steady and long-range connectivity while taking certain environmental elements into account can be critical. Enhancing the image processing technique to run smoothly on the off-board drone's hardware constraints is also a crucial step. However, integrating hardware and software continues to be a major challenge in the implementation of a dependable, high-accuracy, real-time analog-to-digital conversion system. The purpose of this research is to develop novel ways for improving UAV systems by integrating tough control systems with complicated image analysis capabilities. Keeping the aforementioned limits in mind, the purpose of this work is to improve understanding of how to create more self-sufficient and adaptive drones that can contribute to a broader range of professions or do more specific activities with minimal human interaction.","","979-8-3503-7999-0","10.1109/ICSCSS60660.2024.10625349","","https://ieeexplore.ieee.org/stamp/stamp.jsp?arnumber=10625349","Wireless Fidelity Unmanned Aerial Vehicle App;Cutting-edge;Drone;Image Processing","Surveillance;Autonomous aerial vehicles;Software;Hardware;Agriculture;Security;Wireless fidelity","","","","15","IEEE","20 Aug 2024","","","IEEE","IEEE Conferences"
"A Floating Farm for Hydroponic Crop Cultivation in Small Island Developing States1","E. A. Gerlach; A. Hoang; S. Kamara; A. Longi; D. A. Sprincis; E. W. Thurmond; B. Lu; G. E. Louis","Department of Systems and Information Engineering, University of Virginia; Department of Systems and Information Engineering, University of Virginia; Department of Systems and Information Engineering, University of Virginia; Department of Systems and Information Engineering, University of Virginia; Department of Systems and Information Engineering, University of Virginia; Department of Systems and Information Engineering, University of Virginia; Department of Systems and Information Engineering, University of Virginia; Department of Systems and Information Engineering, University of Virginia",2023 Systems and Information Engineering Design Symposium (SIEDS),"31 May 2023","2023","","","330","334","This capstone project aims to modify and finalize an existing hydroponic crop cultivation (HCC) system, called the ""Fold-out-Farm,"" to operate on a floating platform in Small Island Developing States (SIDS) that are susceptible to food insecurity due to natural and economic factors. Specifically, when SIDS are hit by natural disasters, crops and agricultural infrastructure can be severely damaged, causing many people to suffer from a lack of both food access and job opportunity. The Fold-out-Farm is completely self-sufficient – it has its own water collection system, solar-based power generation, and on-board growing pods. The unit can float to combat disaster consequences from incidents such as hurricanes. Specifically, the project is working to add a rainwater harvesting system and validate the structural integrity of the unit during a flood. The farm is designed to use off-the-shelf nutrient solutions to grow a variety of crops and the team will find the most suitable option. The team will also expand the market niche for the HCC system by determining the optimal use for the product in urban food deserts, refugee camps, and rooftop gardens. The approach taken has involved communication and research to understand the needs of those who could benefit from a Fold-out-Farm, as well as various testing methods for crops and structure of the unit. Testing has been done through expert surveys, estimation of structural performance, simulation software analysis, and evaluation of crop yield from the unit relative to a control crop grown in soil. Results will be continuously measured, first in testing the system’s ability to deliver water, sun and nutrients to growing modules, its crop yield, and stability in an open water test in the Rivanna river, and finally when presenting the design to sponsors and potential users. Future researchers may build upon these findings to further improve the unit and its potential use to ensure that it is understandable and acceptable to the communities who will be using it. The project will have a market-ready product capable of reducing food insecurity in SIDS and potentially in urban food deserts, refugee camps and rooftop gardens in land scarce areas.","","979-8-3503-0064-2","10.1109/SIEDS58326.2023.10137831","National Science Foundation; ","https://ieeexplore.ieee.org/stamp/stamp.jsp?arnumber=10137831","","Surveys;Soil measurements;Crops;Hydroponics;Soil;Stability analysis;Software","","","","25","IEEE","31 May 2023","","","IEEE","IEEE Conferences"
"A Review of Farming Aerial Mobile Robotic Systems and Proposal for Space Bio-Automation and Agriculture Applications","R. Barreto; J. Cornejo; M. A. Saavedra; J. S. C. Palencia; R. Palomares","Center for Space Emerging Technologies (C-SET), Universidad Nacional de Ingeniería, Lima, Peru; Universidad Tecnológica del Perú, Lima, Peru; Corporación Universitaria del Huila, Neiva, Colombia; Corporación Universitaria del Huila, Neiva, Colombia; Research Group of Robotics and Mechatronics (GI-ROMA), Universidad Ricardo Palma, Lima, Peru","2023 VI Congreso Internacional en Inteligencia Ambiental, Ingeniería de Software y Salud Electrónica y Móvil (AmITIC)","22 Dec 2023","2023","","","1","5","New technological advances have brought tools to increase the scope of the human outside the world. However, it is necessary more research to achieve the challenges of leaving the earth. Thus, some solutions applied on this planet could be used as inspiration to be used in other environments besides scouting or mapping. For this reason, a micro review to collect some projects about unmanned aerial vehicles (UAV) applied to agriculture, has been done to propose possible solutions to space farming due to the relevance of having a self-sufficient food source on long trips or settlements on other planets. In addition, it is suggested the plausible adaptation of the projects currently developed to put in charge of possible tasks that can be accomplished by their functionality and limitations. For this reason, the research line of Controlled Environment Agriculture (CEA) in the Division of Biomechatronics and Life Support Systems at the Center for Space Emerging Technologies (C-SET) worked in collaboration with the Department of Mechatronics Engineering of the Corporación Universitaria del Huila presents a technical literature micro-review to encourage the scientist to create novel UAVs starting from the now working on earth to improve their performance in demanding scenarios like low gravity or thin atmosphere. In conclusion, it is mandatory to start the automatization of as many as possible tasks that could be needed where are limited resources such as labor or time to end all the assignments of the mission resulting that the implementation of UAVs as a solution for future space colonies.","","979-8-3503-1869-2","10.1109/AmITIC60194.2023.10366361","","https://ieeexplore.ieee.org/stamp/stamp.jsp?arnumber=10366361","UAV;drones;agriculture;robots;mechatronics;space applications","Earth;Space vehicles;Space technology;Space missions;Terrestrial atmosphere;Autonomous aerial vehicles;Agriculture","","7","","43","IEEE","22 Dec 2023","","","IEEE","IEEE Conferences"
"A Comparison between PV and Dish Stirling Systems Towards Self-Sufficient Energy Building in Lebanon","C. Z. El-Bayeh; K. Alzaareer; M. -h. Laraki; B. Brahmi; K. Panchabikesan; W. A. Venturini; U. Eicker","Canada Excellence Research Chair Team, Concordia University, Montreal, Canada; Electrical Engineering Department, Ecole de Technologie Superieure, Montreal, Canada; Electrical Engineering Department, Ecole de Technologie Superieure, Montreal, Canada; Mechanical Engineering Department, McGill University, Montreal, Canada; Canada Excellence Research Chair Team, Concordia University, Montreal, Canada; Canada Excellence Research Chair Team, Concordia University, Montreal, Canada; Canada Excellence Research Chair Team, Concordia University, Montreal, Canada",2020 5th International Conference on Renewable Energies for Developing Countries (REDEC),"11 Aug 2020","2020","","","1","6","The originality of this paper consists of analyzing and comparing the installation of and Photovoltaic Dish Stirling (DS) systems in buildings. The main goal is to maximize energy production using only the available building rooftop by introducing different solar technologies. For the case study, a typical building with four floors located in Lebanon is considered. The main goal is to propose a self-sufficient energy building that produces its own energy without the need to be connected to the grid or supplied by other external electricity sources. Three case studies are considered in which different solar technologies are installed on the rooftop: (i) PV system, (ii) Dish Stirling System, (iii) combination of (i), and (ii) to maximize the energy generation and the utilization factor of the rooftop. Results show that the PV system of 9. 3kW can only supply 12% of the total energy demand of the building during a day, while 68% is attained by using one Dish Stirling of a capacity of 25kWp. In the third case, the combination of both systems yields about 73% of the total energy demand of the building.","2644-1837","978-1-7281-5595-1","10.1109/REDEC49234.2020.9163860","","https://ieeexplore.ieee.org/stamp/stamp.jsp?arnumber=9163860","Dish Stirling;Photovoltaic;Self-Sufficient Building;Solar energy;Sustainable communities;Energy Demand","Production;Floors;Solar energy;Meteorology;Photovoltaic systems","","3","","15","IEEE","11 Aug 2020","","","IEEE","IEEE Conferences"
"Design of unmanned aerial vehicle (UAV) flight control system based on DSP and adaptive control theory","P. Liu; Z. Li; C. Cui","School of Mechanical and Automotive Engineering, South China University of Technology, Taishan, Guangdong, China; College of Electrical and Control Engineering, North China University of Technology, Beijing, China; Institute of Information Science and Engineering, Shandong University, Jinan, Shandong, China",2016 International Conference on Communication and Electronics Systems (ICCES),"30 Mar 2017","2016","","","1","5","With the advancement of the avionics business, the improvement of the unmanned aerial vehicle (UAV) and the utilization of more get the consideration of individuals, unmanned aerial vehicle (UAV) for its little volume, minimal effort, multi-reason and reusable attributes turn into the center of consideration. Flight control framework is the center substance of unmanned aerial vehicle (UAV) to acknowledge self-sufficient flight, how to outline and confirm the strength, unwavering quality of flight control framework and do not have to spend a great deal of labor and material assets in genuine flight hazard, has turned into a critical subject venture improvement. Despite flight control framework in preparing pace and scaling down necessity is increasingly elevated, the flight control framework utilizing DSP as the center processor has gotten to be one of the highlights in agro-logical examination in the momentum, DSP has rich direction framework, fast and high exactness of figuring influence and the upsides of the copious fringe assets, for the flight control arrangement of innovative work gives a decent stage. This Topic consolidated with versatile control hypothesis, going for the weaknesses of the customary control calculation to give hypothetical improvement.","","978-1-5090-1066-0","10.1109/CESYS.2016.7889898","","https://ieeexplore.ieee.org/stamp/stamp.jsp?arnumber=7889898","component;Unmanned Aerial Vehicle;DSP;agro-scientific;adaptive control theory","Unmanned aerial vehicles;Global Positioning System;Aerospace control;Robot sensing systems;Open source software;Base stations;Programming","","8","","14","IEEE","30 Mar 2017","","","IEEE","IEEE Conferences"
"Optimal Energy Management System for Storage-Integrated Multi-Energy Microgrids","Ehsan–Hosseini; P. Horrillo–Quintero; P. García–Triviño; C. Andrés García–Vázquez; H. Sánchez–Sainz; L. M. Fernández–Ramírez","Department of Electrical Engineering, SURET Research Group, University of Cadiz, Algeciras, Spain; Department of Electrical Engineering, SURET Research Group, University of Cadiz, Algeciras, Spain; Department of Electrical Engineering, SURET Research Group, University of Cadiz, Algeciras, Spain; Department of Electrical Engineering, SURET Research Group, University of Cadiz, Algeciras, Spain; Department of Electrical Engineering, SURET Research Group, University of Cadiz, Algeciras, Spain; Department of Electrical Engineering, SURET Research Group, University of Cadiz, Algeciras, Spain",2024 IEEE International Conference on Environment and Electrical Engineering and 2024 IEEE Industrial and Commercial Power Systems Europe (EEEIC / I&CPS Europe),"20 Nov 2024","2024","","","01","06","The paper describes the design and evaluation of a multi-energy microgrid (MEMG) that incorporates renewable energy sources (RES), battery storage (BS), fuel cells (FC), electrolyzer (ELZ) as hydrogen vector, and thermal vector to meet residential energy demands. The focus of the paper is on developing an optimal energy management system (EMS) using the ‘fmincon’ optimization algorithm to economically dispatch power between electrical and hydrogen sources while maintaining a balance between thermal and electrical power across all components of the microgrid. The EMS is evaluated using Simulink under different weather scenarios and varying thermal/electrical demands. The results indicate that the proposed EMS effectively controls the power flow from the BS, FC, and ELZ ensuring that minimum costs are imposed on the MEMG while the demands are met under all conditions. Additionally, it suggests that the MEMG is largely self-sufficient, requiring minimal intervention from the grid.","2994-9467","979-8-3503-5518-5","10.1109/EEEIC/ICPSEurope61470.2024.10751469","Ministerio de Ciencia e Innovación(grant numbers:TED2021-129631B-C32); Agencia Estatal de Investigación, and Unión Europea(grant numbers:TED2021-129631B-C32); ","https://ieeexplore.ieee.org/stamp/stamp.jsp?arnumber=10751469","optimal energy management system;multi-energy microgrids;energy storages;thermal and electrical balances","Energy consumption;Software packages;Hydrogen;Microgrids;Thermal management;Vectors;Stability analysis;Energy management systems;Thermal stability;Meteorology","","","","17","EU","20 Nov 2024","","","IEEE","IEEE Conferences"
"Comprehensive Analysis of a Modular Dual Battery EV Charging System Architecture to Overcome Grid-Intermittency and Harmonics Distortion","D. Mishra; B. Singh; B. K. Panigrahi","Department of Electrical Engineering, Indian Institute of Technology Delhi, New Delhi, India; Department of Electrical Engineering, Indian Institute of Technology Delhi, New Delhi, India; Department of Electrical Engineering, Indian Institute of Technology Delhi, New Delhi, India",2021 IEEE Transportation Electrification Conference (ITEC-India),"9 Nov 2022","2021","","","1","6","This paper describes a dual battery EV charging system with variable battery voltage operations. A wide range of EVs is now available based upon their operational flexibility and power availability. However, frequent modification in charging architecture and related components based upon the battery voltage diverseness can't be assured. To fulfill the charging requirements for multiple low power EVs, a dual battery charging system with minimal circuit components is described in this paper. A non-linear sliding mode control architecture with direct power control also ensures smooth operation during the bi-directional charging operation. In addition, the renewable and battery energy storage support is also depicted in the charging architecture to make it self-sufficient to operate in standalone mode. The control configuration is designed with MATLAB and the Simulink platform to validate the bi-directional charging operation with a Level-I charging prototype.","","978-1-6654-2146-1","10.1109/ITEC-India53713.2021.9932469","","https://ieeexplore.ieee.org/stamp/stamp.jsp?arnumber=9932469","Multi-port EV charging;Grid-PV-BSU integration;resonant converter;bi-directional charging","Renewable energy sources;Software packages;Power quality;Transportation;Systems architecture;Prototypes;Bidirectional control","","","","12","IEEE","9 Nov 2022","","","IEEE","IEEE Conferences"
"Integrated management system for self-sufficient and energy- sustainable buildings","L. Alejandro Arias; D. Mosquera; E. Rivas; A. Cortes","Universidad ECCI, Bogota, Colombia; Universidad Distrital Francisco Jose de Caldas, Bogota, Colombia; Universidad Distrital Francisco Jose de Caldas, Bogota, Colombia; Universidad ECCI, Bogota, Colombia",2021 Fifth World Conference on Smart Trends in Systems Security and Sustainability (WorldS4),"19 Aug 2021","2021","","","36","44","In the present paper, an automated housing block model is proposed that allows saving electricity and water while facilitating self-generation of energy as ways to make the building self-sustaining. Methodologically, the work combines alternative technologies of self-generation such as: Peak urban-type hydroelectric power plants, photovoltaic systems, slow wind turbines with an exciter system supported by permanent magnets, intelligent elevators, supported by lighting systems with the use of natural light and intelligent elevators. The power generation sources and the support systems are managed with a control system that uses cloud computing applications to facilitate the management of several buildings at the same time. The results show the benefits in terms of self-generation that for some hours of the day allows 100% coverage of the energy demand of the buildings and additionally the possibility of having surplus energy for sale to the network operator.","","978-1-6654-0096-1","10.1109/WorldS451998.2021.9514040","","https://ieeexplore.ieee.org/stamp/stamp.jsp?arnumber=9514040","Management system;Self-generation;Urban hydroelectric central peak;Intelligent elevator control;Data management;Monitoring of weather conditions","Photovoltaic systems;Buildings;Market research;Elevators;Real-time systems;Permanent magnets;Wind turbines","","","","9","IEEE","19 Aug 2021","","","IEEE","IEEE Conferences"
"Optimization and Energy Management of Microgrid Considering Demand Response","N. M. K; A. M. V; N. K; S. Sreedharan","Dept. of EEE, MES college of Engineering Kuttippuram, APJ Abdul Kalam Technological University, Kerala, India; Dept. of EEE, MES college of Engineering Kuttippuram, APJ Abdul Kalam Technological University, Kerala, India; Dept. of EEE, MES college of Engineering Kuttippuram, APJ Abdul Kalam Technological University, Kerala, India; Dept. of CSE, MES college of Engineering Kuttippuram, APJ Abdul Kalam Technological University, Kerala, India",2024 International Conference on Futuristic Technologies in Control Systems & Renewable Energy (ICFCR),"28 Nov 2024","2024","","","1","6","Microgrid is a self-sufficient energy system that provides power to a specific geographic area, such as neighborhood, business center, hospital complex, or college campus. It can connect and disconnect from the grid to operate in grid-connected or island mode. This is a hybrid system in which several Distributed Energy Resources (DERs) are connected in parallel, including a photovoltaic system, a wind turbine, an energy storage system and a diesel generator. It is also connected to the utility grid. Optimization and energy management of microgrid considering demand response is an effective component size optimization as well as cost reduction technique implemented by reducing or eliminating the mismatch between the generation and consumption profiles by time shift and schedule of dispatchable loads. The optimization of standalone system with and without demand response program was done by using Homer PRO software and that of grid connected system by using HOMER GRID software where wind speed and solar radiant data taken from NASA's meteorological department. The effectiveness of demand response program was checked in both systems by calculating the net present cost and CO2 emission. Standalone microgrid gives promising results considering CO2 emission and Grid connected system gives better results considering net present cost.","","979-8-3315-0460-1","10.1109/ICFCR64128.2024.10763188","","https://ieeexplore.ieee.org/stamp/stamp.jsp?arnumber=10763188","Size optimization;Micro-grid;Stand-alone;Grid connected;Renewable resource energy;Demand response;Distributed energy sources","Costs;Wind speed;NASA;Microgrids;Maintenance engineering;Demand response;Software;Wind turbines;Optimization;Carbon emissions","","1","","20","IEEE","28 Nov 2024","","","IEEE","IEEE Conferences"
"Efficient Energy Scheduling for Microgrids Under Uncertainty","Y. A. Al-Wajih; M. Shafiullah; M. M. Al-Dhaifallah; A. Sonbul","Control & Instrumentation Engineering, KFUPM, Dhahran, Saudi Arabia; Control & Instrumentation Engineering, IRC for Sustainable Energy Systems (IRC-SES), KFUPM, Dhahran, Saudi Arabia; Control & Instrumentation Engineering, IRC for Sustainable Energy Systems (IRC-SES), KFUPM, Dhahran, Saudi Arabia; Mawhiba Enrichment Research Program, Riyadh, Saudi Arabia","2024 21st International Multi-Conference on Systems, Signals & Devices (SSD)","12 Jun 2024","2024","","","230","238","This study aims to develop a strategy for scheduling energy in a community microgrid that considers electricity costs, loads, and climate uncertainties. These microgrids are a localized, self-sufficient energy network that can generate, store, and supply energy to a local community and can be managed by individual control systems or in alignment with the country's utility grid. The system proposed is interconnected with a utility grid, a solar photovoltaic (PV) plant, a wind generation system, a micro-turbine, an energy storage system (ESS), and a load. A flexible math-ematical problem is formulated and solved using an efficient meta-optimization method called the marine predator algorithm (MPA). The strategy considered uses intelligent management software to meet load demands efficiently while minimizing costs by enhancing the utilization of the resources.","2474-0446","979-8-3503-7413-1","10.1109/SSD61670.2024.10548407","","https://ieeexplore.ieee.org/stamp/stamp.jsp?arnumber=10548407","Energy Storage System;Marine Predator Algorithm;Microgrids;Renewable En-ergy;Solar PV;Wind-Turbine","Wind energy generation;Transactive energy;Renewable energy sources;Uncertainty;Costs;Software algorithms;Microgrids","","1","","30","IEEE","12 Jun 2024","","","IEEE","IEEE Conferences"
"Self-sufficient Electric Energy Supply at Home","M. Čepin","Faculty of Electrical Engineering, University of Ljubljana, Ljubljana, Slovenia",2023 International Conference on Information and Digital Technologies (IDT),"1 Aug 2023","2023","","","273","278","Electric energy supply at home is an issue, which offers more solutions than years ago. The objective is to present an evaluation of self-sufficient electric energy supply at home. The method bases on the solar power plant as the primary source of power generation. The storage of electric energy with direct current electric battery is considered as the secondary power source, knowing that night hours are without the primary power generation. The real case time dependent home consumption is determined and the real case of solar power plant generation is considered in this evaluation. The size of solar power plant and the size of the battery are optimised, which is based on consumption and on 100 % self-sufficient power system. One parameter optimisation bases on minimisation of costs for such a system. The model includes realistic yearly time dependent home consumption curve, realistic yearly time dependent solar power plant generation curve and realistic yearly time dependent curve of state of charge of battery, which is a function of solar power and home consumption. The time resolution of this model can vary based on density of data points of solar power generation and density of points of determined power consumption. Results include comparison of costs related with different size of solar power plant and with different size of battery. The most important result is a combination of the size of solar power plant and the size of battery, which are both related with the smallest overall costs. Consideration of different years gives different results due to different sun irradiation through the hours of the year due to weather changes. Consideration of different locations gives different results due to the same reason. Results show relatively large cost of all cases, which exceeds the cost of supply of electrical energy from actual provider at the current conditions.","2575-677X","979-8-3503-0586-9","10.1109/IDT59031.2023.10194449","Slovenian Research Agency(grant numbers:P2-0356); ","https://ieeexplore.ieee.org/stamp/stamp.jsp?arnumber=10194449","Self-sufficient;power;supply;energy;electric;solar;battery","Photovoltaic systems;Radiation effects;Costs;Power demand;Minimization;Batteries;State of charge","","","","15","IEEE","1 Aug 2023","","","IEEE","IEEE Conferences"
"Global rollouts - risks and factors that affect ERP solutions in Romania - A case study in the sales and distribution area","B. V. Costin; C. Dorian","Management Information Systems Department, Bucharest Academy of Economic Studies, Bucharest, Romania; Mechatronics and Robotics Department, University of Craiova, Craiova, Romania","2019 23rd International Conference on System Theory, Control and Computing (ICSTCC)","31 Oct 2019","2019","","","391","396","An important step along the transition of Romania business environment from one regime to another was the change of the working specific for many economic entities. Thus, the public acquisitions of some companies from our country, by large companies and concerts of European and not only occurred. Each acquisition has changed from the foundations, everything that meant the way of working, as well as people’s thinking towards another style of accomplishing the daily activities. Adapting workflows to what the new company has come up with has been one of the most important steps in the company’s further evolution (whether it is self-sufficient or that it has become a subsidiary of the parent company). Changing the existing processes had to be done in each company for efficiency, creating several comments and discussions about how these processes need to be modified and considering the Romanian legislation, which, as we know, is so dense and interpretable. This has inevitably led to the implementation of an ERP-based IT system, and there are two possibilities: a system installed and configured from scratch, or a rollout, meaning that the company will be a company code within the system that serves mother company. In the following paper we will discuss the risks and factors that influenced the sales and distribution area, how they supervised the deployments that took place in Romania and which were the most used methods: from scratch or rollout - based on a template provided by mother-company.","2372-1618","978-1-7281-0699-1","10.1109/ICSTCC.2019.8885535","","https://ieeexplore.ieee.org/stamp/stamp.jsp?arnumber=8885535","Rollout;Enterprise Resource Planning;SAP;Data;Methods;Sales and Distribution","Companies;Paints;Economics;Enterprise resource planning;Management information systems","","","","28","IEEE","31 Oct 2019","","","IEEE","IEEE Conferences"
"System Planning and Modeling of a Renewable Energy Self-Sufficient Community","R. Ngabesong; L. McLauchlan","Department of Electrical Engineering and Computer Science, Texas A&M University-Kingsville, Kingsville, Texas, USA; Department of Electrical Engineering and Computer Science, Texas A&M University-Kingsville, Kingsville, Texas, USA",2018 IEEE Green Technologies Conference (GreenTech),"7 Jun 2018","2018","","","21","26","Renewable energy generation in centralized and distributed power generation, implements small-scale wind, solar and biomass power plants installed at the distribution level to offset the huge electricity demand by consumers. This research paper aims on proposing a systematic approach on how to plan and model a renewable energy self-sufficient community for development. The proposed system is comprised of multiple renewable energy generation sources of defined target capacity (i.e., Solar, Wind, and Biomass). The methodology employs SysML modeling environment, and the results are presented as a roadmap for actual real-life design implementation.","2166-5478","978-1-5386-5183-4","10.1109/GreenTech.2018.00013","","https://ieeexplore.ieee.org/stamp/stamp.jsp?arnumber=8373596","Renewable Energy Self Sufficient Community;Microgrid;SysML;Renewable Energy","Biomass;Solar panels;Planning;Wind turbines;Stakeholders","","2","","15","IEEE","7 Jun 2018","","","IEEE","IEEE Conferences"
"Design and implementation of a photovoltaic system for self-sufficient energy supply of mobile Robots","C. Geng; K. Schmidt","Frankfurt Robotics Science Team, Frankfurt University of Applied Sciences, Frankfurt, Germany; Frankfurt Robotics Science Team, Frankfurt University of Applied Sciences, Frankfurt, Germany","2021 3rd International Congress on Human-Computer Interaction, Optimization and Robotic Applications (HORA)","25 Jun 2021","2021","","","1","5","Mobile robots are used in environments that are difficult or impossible for humans to access. Mars rovers are one example. These robots, also called rovers, require a self-sufficient energy supply. This article deals with the development of a 20W photovoltaic system that tracks the sun using light sensors. This tracking consists of one rotation axis each for the adjustment of the azimuth and the elevation angle. The collector tracking is driven by a stepper motor with worm gear for each axis. Through the tracking, the generated electrical power can be increased by about 44%. This installed photovoltaic unit can fully charge the accumulator of the rover within 21 hours and 25 minutes at an average solar irradiation of 533W/m2.","","978-1-6654-4058-5","10.1109/HORA52670.2021.9461183","Frankfurt University of Applied Sciences; ","https://ieeexplore.ieee.org/stamp/stamp.jsp?arnumber=9461183","Photovoltaic energy supply;Sun tracking system;European Rover Challenge;RTOS;Light sensor;Microcontroller;Embedded systems","Photovoltaic systems;Space vehicles;Radiation effects;Mars;Robot sensing systems;Sensor systems;Sensors","","2","","27","IEEE","25 Jun 2021","","","IEEE","IEEE Conferences"
"Sizing and Control of Isolated PV System for Self Sufficient House","M. A. Hendy; M. A. Nayel","Electrical Egineering Department, Faculty of Engineering, Assiut University, Assiut, Egypt; Electrical Egineering Department, Faculty of Engineering, Assiut University, Assiut, Egypt",2023 IEEE Conference on Power Electronics and Renewable Energy (CPERE),"11 May 2023","2023","","","1","6","Delivering energy to remote areas is a challenge due to far distances and lack of fuels so it is more economical to build isolated microgrids as self-sufficient system with renewable energy sources. In this paper, isolated DC microgrid is proposed to feed a single house with the required electrical energy and to generate oxyhydrogen gas HHO that used for cooking. The proposed system consists of PV as a main source of energy, hybrid battery-hydrogen storage system, HHO electrolyzer and DC-DC converters. Firstly, sizing of different components is performed to ensure reliable operation of the proposed system. To ensure stable and smooth operation during large variations in irradiance and load power in addition to the challenging stability issues of constant load behavior, a robust sliding mode controller SMC is used to control the bidirectional converter interfacing battery with the system. The performance of the proposed system is validated through MATLAB simulation. The proposed controllers ensure stable DC voltage with low ripple and is robust with respect to large variations in irradiance and load power.","","978-1-6654-5233-5","10.1109/CPERE56564.2023.10119610","Innovation Fund; Assiut University; ","https://ieeexplore.ieee.org/stamp/stamp.jsp?arnumber=10119610","Isolated DC microgrid;Hydrogen;PV;sliding mode controller;self-sufficient house","Renewable energy sources;Microgrids;Stability analysis;Robustness;Power electronics;Batteries;Voltage control","","2","","17","IEEE","11 May 2023","","","IEEE","IEEE Conferences"
"Investigating Various Autonomous Vehicle Technologies for Automated Steering","S. B. Patil; A. Kannagi; U. M. Daivagna; M. Mathur; K. R. Singh; T. Sathya","Department of Information Technology, Vishwakarma Institute of Technology, Pune, INDIA; Department of Computer Science and Information Technology, Jain (Deemed to be University), Bangalore, Karnataka, India; Department of uGDX, ATLAS SkillTech University, Mumbai, Maharastra, India; Department of Civil Engineering, Vivekananda Global University, Jaipur, India; Department of Computer Science, Karpagam Academy of Higher Education Coimbatore; Department of Computer Science and Engineering, Prince Shri Venkateshwara Padmavathy Engineering College, Chennai",2024 15th International Conference on Computing Communication and Networking Technologies (ICCCNT),"4 Nov 2024","2024","","","1","7","This paper investigates the ability for using diverse self-sufficient vehicle technology for computerized steering. The studies specializes in two precise technology, Optical waft Estimation (OFE) and Inertial size devices (IMUs), to assess their suitable levels of accuracy and reliability for controlling steering in real-international scenarios. For each era, the paper offers a top level view of its operating precept and a dialogue of its modern-day competencies, detailing its benefits and limitations. The experimental effects of each era are offered to evaluate its steerage overall performance in various riding situations, and an ensemble device combining the 2 sensors is used to demonstrate potential with progressed accuracy and reliability. Ultimately, the paper delves into the consequences of self reliant car technology for automated steerage and offers pointers and avenues for in addition studies.","2473-7674","979-8-3503-7024-9","10.1109/ICCCNT61001.2024.10723893","","https://ieeexplore.ieee.org/stamp/stamp.jsp?arnumber=10723893","investigates;computerized;Estimation;performance;studies","Performance evaluation;Integrated optics;Accuracy;Estimation;Software;Automobiles;Reliability;Optical sensors;Autonomous vehicles","","","","12","IEEE","4 Nov 2024","","","IEEE","IEEE Conferences"
"Self-sufficient system for NOx reduction","J. Žahour; J. Křivka; K. Kosturik; S. Fredholm","Faculty of Electrical Engineering, University of West Bohemia in Pilsen, Pilsen, Czech Republic; Faculty of Electrical Engineering, University of West Bohemiain Pilsen, Pilsen, Czech Republic; Faculty of Electrical Engineering, University of West Bohemiain Pilsen, Pilsen, Czech Republic; Autometal Scandinavia AB in Ellos, Sweden",2015 23rd Telecommunications Forum Telfor (TELFOR),"11 Jan 2016","2015","","","646","649","This paper describes a SCR system which is being developed for using with the diesel engines. Unlike the commercial products this system has not to be connected with the electrical control units or sensors of the target engine. It means the system is not dependent on the vehicle type. The goal of this project is to develop a self-sufficient system for the reduction of nitrogen oxides. This feature enables using the same system in wide range of projects, including retrofitting. It also describes whole hardware principle and the interconnection between modules. Additionally the basic behavior of the catalytic convertor is described and demonstrated by the results of several tests on the test bench.","","978-1-5090-0055-5","10.1109/TELFOR.2015.7377550","","https://ieeexplore.ieee.org/stamp/stamp.jsp?arnumber=7377550","SCR;diesel engine;exhaust system;NOx measuring","Thyristors;Exhaust systems;Temperature measurement;Engines;Sensors;Nitrogen;Oxidation","","","","7","IEEE","11 Jan 2016","","","IEEE","IEEE Conferences"
"Smart Electricity Meter Monitoring and Prediction using iSocket","A. Pandoh; A. S. Wasekar; S. Sarkar; A. B. Thakur","Information Technology FCRIT, Mumbai, India; Electronics and Communication engineering VIT, Mumbai, India; Electrical engineering FCRIT, Mumbai, India; Computer science and engineering RAIT, Mumbai, India",2021 7th International Conference on Advanced Computing and Communication Systems (ICACCS),"3 Jun 2021","2021","1","","211","216","The ever increasing demand for power has driven many natural resources on the verge of depletion. The threat now poses over the renewable sources of power which are not yet developed to the extent of completely working in a self-sufficient manner. In such a case, optimal power sharing and efficient energy consumption is called into practice. The smart meter here, serves the purpose of continuously monitoring energy consumption and informing the user when it exceeds a set limit. In this paper, an application is developed along with a hardware module coined `i-Socket' which is used to track the energy consumed by each device in a house and thus estimates the monthly electricity bill. Now, in this system, the user can set a monthly desired bill and as the energy consumption approaches the set limit, the user is notified through the software application. Also, this system employs an algorithm which sets the monitoring rate of a connected device to the socket based on the type of device and thus, is itself an energy efficient device. The current sensor employed for this purpose is ACS712 sensor and the microcontroller used is Arduino UNO to control the hardware units. A Boost converter is used for the power supply to the sensing devices and controllers. The software application is developed for monitoring electricity bills. System takes input of present data of current, and predicts meter reading for the following months. It gives predictions of items to be used at a specific time frame based on its power consumption.","2575-7288","978-1-6654-0521-8","10.1109/ICACCS51430.2021.9442011","","https://ieeexplore.ieee.org/stamp/stamp.jsp?arnumber=9442011","ACS712 sensor;Arduino UNO;PCY;ARIMA;Boost converter;Firebase cloud;Hall effect;Smart Meter","Performance evaluation;Meters;Energy consumption;Power demand;User interfaces;Hardware;Software","","2","","12","IEEE","3 Jun 2021","","","IEEE","IEEE Conferences"
"Representation of inference engines for situational control expert systems on the base of conceptual graphs theory","S. V. Vlasenko","Saint-Petersburg Electrotechnical University “LETI”, Saint-Petersburg, Russia",2017 XX IEEE International Conference on Soft Computing and Measurements (SCM),"7 Jul 2017","2017","","","503","505","This article explores one of the approaches to the use of the conceptual graphs (CGs) theory in the tasks dealing with automated development of the embedded expert systems (ESs) being realized in an open program code in universal high level algorithmic languages. Within this approach CGs are used as an universal expression means for representation of overall, self-sufficient, fully portable expert systems models of various classes which can be correctly executed (or translated into the required form) in the target program environments. The described approach is considered on the example of the project of AIS toolkit development, focused on support of the built-in situational type control ESs design.","","978-1-5386-1810-3","10.1109/SCM.2017.7970630","","https://ieeexplore.ieee.org/stamp/stamp.jsp?arnumber=7970630","expert systems;knowledge representation;conceptual graphs;semantic networks","Engines;Inference algorithms;Semantics;Knowledge engineering;Software;Data models","","1","","6","IEEE","7 Jul 2017","","","IEEE","IEEE Conferences"
"Design Flow and Implementation of a Vision-Based Gesture-Controlled Drone","A. Findelair; X. Yu; J. Saniie","Department of Electrical and Computer Engineering, Embedded Computing and Signal Processing (ECASP) Research Laboratory, Illinois Institute of Technology, Chicago, IL, U.S.A; Department of Electrical and Computer Engineering, Embedded Computing and Signal Processing (ECASP) Research Laboratory, Illinois Institute of Technology, Chicago, IL, U.S.A; Department of Electrical and Computer Engineering, Embedded Computing and Signal Processing (ECASP) Research Laboratory, Illinois Institute of Technology, Chicago, IL, U.S.A",2022 IEEE International Conference on Electro Information Technology (eIT),"7 Jul 2022","2022","","","320","324","The increasing efficiency of complex Neural Network architecture and the continuous improvement of embedded edge computing has reached a point that allows the deployment of advanced computer vision tasks on some of the most critical embedded applications, such as aerial drones. While similar applications were already possible by moving heavy processing on a ground station, an autonomous and centralized system significantly improves usability and security. The machine is thus self-sufficient and less prone to network attacks. Three main challenges stand-out during the deployment of our complex gesture recognition pipeline: (1) allowing user-defined controls, (2) ensuring robustness, and (3) on-board deployment. These challenges are tackled through handcrafted features to avoid the curse of dimensionality, neural network optimization on GPUbased companion computers, and data augmentation to cover reallife edges cases such as partial inputs.","2154-0373","978-1-6654-8009-3","10.1109/eIT53891.2022.9813802","","https://ieeexplore.ieee.org/stamp/stamp.jsp?arnumber=9813802","Machine learning;Gesture control;Embedded software","Training;Pipelines;Neural networks;Gesture recognition;Software;Usability;Task analysis","","","","10","IEEE","7 Jul 2022","","","IEEE","IEEE Conferences"
"Optimizing Urban Mobility: A Comprehensive Approach to Dynamic Traffic Flow Management","S. Dash; S. Dewangan; B. S. P. Mishra; R. Biswas; S. Mishra; S. S. Mishra","School of Computer Engineering, KIIT University, Bhubaneswar, Odisha; School of Computer Engineering, KIIT University, Bhubaneswar, Odisha; School of Computer Engineering, KIIT University, Bhubaneswar, Odisha; School of Computer Engineering, KIIT University, Bhubaneswar, Odisha; School of Computer Engineering, KIIT University, Bhubaneswar, Odisha; School of Computer Engineering, KIIT University, Bhubaneswar, Odisha",2024 6th International Conference on Computational Intelligence and Networks (CINE),"18 Feb 2025","2024","","","1","8","This study describes a novel dynamic traffic flow management system built for urban intersections to improve vehicle navigation and control. Using YOLOv8 for real-time vehicle recognition and categorization, the system efficiently prioritises emergency vehicles. Integration with the Easy-OCR Object Detection model makes number plate detection easier, and subsequent verification against the National Informatics Centre (NIC) database ensures conformity to emergency requirements. Advanced routing algorithms ($\mathrm{A}^{*}$, Dijkstra’s, and BFS) are used to optimise network flows and reduce congestion globally, regardless of external mapping services such as Google Maps. This self-sufficient system demonstrates a scalable and secure solution to current traffic management.","","979-8-3315-1679-6","10.1109/CINE63708.2024.10881135","","https://ieeexplore.ieee.org/stamp/stamp.jsp?arnumber=10881135","YOLOv8;EasyOCR;IoT;V2V/V2I;A*;Dijkstra;CNN;Path-Finding","Photography;Technological innovation;Machine learning algorithms;Web services;Navigation;Heuristic algorithms;Real-time systems;Satellite images;Vehicle dynamics;License plate recognition","","","","12","IEEE","18 Feb 2025","","","IEEE","IEEE Conferences"
"Model-Based Spaceware Energy System Overall Design and Practical Research","N. Xia; L. Ji; Z. Liu; Q. Du; D. Fei; C. Xing","Institute of Spacecraft System Engineering, Beijing, China; Institute of Spacecraft System Engineering, Beijing, China; Institute of Spacecraft System Engineering, Beijing, China; Institute of Spacecraft System Engineering, Beijing, China; Institute of Spacecraft System Engineering, Beijing, China; Institute of Spacecraft System Engineering, Beijing, China",2024 5th International Conference on Smart Grid and Energy Engineering (SGEE),"12 Feb 2025","2024","","","369","374","Current the existing tools and methods for expedited design are still lacking integration. the evaluation and validation of spacecraft energy systems alongside the mission specifications. To enhance the shift from traditional document-focused design approaches to those driven by models, introduce innovative digital approaches to enhance the comprehensive design of energy systems for spacecraft, and facilitate essential connections in the design framework of the system, the evaluation and validation of the system's performance, as well as comprehensive evaluation, a design is introduced in this study, Simulation, an evaluation and validation framework derived from the digital representation of power distribution and supply networks, establishing a cohesive model-driven framework, this document presents a framework for energy systems that are completely self-regulated and manageable. Simulation, a mode for analysis and validation that utilizes a diagram of digital power supply and distribution, establishing a cohesive model-driven framework, an entirely self-sufficient and manageable platform for simulating and validating the flow of information within an energy system, which can autonomously create a framework for simulation models derived from the schematic of power supply and distribution along with the connectivity layout, facilitate the modeling and simulation processes for the solar array, Battery pack, the section dealing with power management and energy distribution, the examination and modeling of the energy equilibrium, the modeling of energy transfer, the modeling of functions such as zero-potential and others, furthermore, the findings from the simulations can be thoroughly incorporated with the diagrams for power supply and distribution, the schematic of connections along with the timing diagram of the tasks, in order to facilitate the real-time assessment of the energy transfer dynamics, and the visualization interface. Simultaneously, it is capable of conducting ground tests as well as facilitating digital companion flights during the mission in orbit, this holds significant importance for the comprehensive design and assessment of the spacecraft's energy system.","","979-8-3315-3068-6","10.1109/SGEE64306.2024.10865939","","https://ieeexplore.ieee.org/stamp/stamp.jsp?arnumber=10865939","model;spacecraft;Overall power system","Space vehicles;Analytical models;Visualization;Power supplies;Energy exchange;System performance;Power system management;Real-time systems;Timing;Smart grids","","","","8","IEEE","12 Feb 2025","","","IEEE","IEEE Conferences"
"User-Centric Payload Design and Usability Testing for Agricultural Sensor Placement and Retrieval using Off-the-Shelf Micro Aerial Vehicles","C. Geckeler; I. Kong; S. Mintchev","Dep. of Environmental Systems Science, ETH Zurich, Environmental Robotics Laboratory, Zurich, Switzerland; Dep. of Environmental Systems Science, ETH Zurich, Environmental Robotics Laboratory, Zurich, Switzerland; Dep. of Environmental Systems Science, ETH Zurich, Environmental Robotics Laboratory, Zurich, Switzerland",2024 21st International Conference on Ubiquitous Robots (UR),"26 Jul 2024","2024","","","184","191","Increased flight time and advanced sensors are making Micro Aerial Vehicles (MAVs) easier to use, facilitating their widespread adoption in fields such as precision agriculture or environmental monitoring. However, current applications are limited mainly to passive visual observation from far above; to enable the next generation of aerial robot applications, MAV s must begin to directly physically interact with objects in the environment, such as placing and collecting sensors. Enabling these applications for a wide spectrum of end-users is only possible if the mechanism is safe and easy to use, without overburdening the user with complex integration, complicated control, or overwhelming and convoluted feedback. To this end we propose a self-sufficient passive payload system to enable both the deployment and retrieval of sensors for agriculture. This mechanism can be simply mechanically attached to a commercial, off-the-shelf MAV, without requiring further electrical or software integration. The user-centric design and mechanical intelligence of the system facilitates ease of use through simplified control with targeted perceptual feedback. The usability of the system is validated quantitatively and qualitatively in a user study demonstrating sensor deployment and collection. All participants were able to deploy and collect at least four sensors both within 10 minutes in visual line-of-sight and within 12 minutes in beyond visualline-of-sight, after only three minutes of practice. Enabling MAVs to physically interact with their environment will usher in the next stage of MAV utility and applications. Complex tasks, such as sensor deployment and retrieval, can be realized relatively simply, by relying on a mechanically passive system designed with the user in mind, these payloads can enable such applications to be more widely available and inclusive to end-users.","","979-8-3503-6107-0","10.1109/UR61395.2024.10597454","","https://ieeexplore.ieee.org/stamp/stamp.jsp?arnumber=10597454","","Mechanical sensors;Visualization;Sensor systems;Software;Sensors;Usability;Task analysis","","","","36","IEEE","26 Jul 2024","","","IEEE","IEEE Conferences"
"Research on energy self-sufficient detached houses using data from the Home Energy Management System linked with ECHONET Lite (from 2018 to 06/2023 data analysis)","M. Oota; M. Sagara; Y. Tanaka; K. Taisa","Sekisui Chemical Co., Ltd., Minato-ku Tokyo, Japan; Sekisui Chemical Co., Ltd., Minato-ku Tokyo, Japan; Sekisui Chemical Co., Ltd., Minato-ku Tokyo, Japan; Sekisui Chemical Co., Ltd., Minato-ku Tokyo, Japan",2023 IEEE 12th Global Conference on Consumer Electronics (GCCE),"16 Nov 2023","2023","","","869","870","This study aims to analyze the changes in the energy consumption by Japanese homes before and during the COVID-19 pandemic and to examine a comfortable yet energy-friendly lifestyle post-COVID-19 pandemic. Since 2011, our research team has continued the distribution of the home energy management system (HEMS) and its service and data analysis. Currently, the number of members exceeds 70,000 households. This is an unprecedented amount of data. The importance of this study lies in the fact that 12,000 households were selected and analyzed across Japan (from Hokkaido to Kyushu) from the HEMS data comprising approximately 70,000 households. There are few studies that have used such a large amount of backup data.","2693-0854","979-8-3503-4018-1","10.1109/GCCE59613.2023.10315604","","https://ieeexplore.ieee.org/stamp/stamp.jsp?arnumber=10315604","home energy management system;energy analysis;photovoltaic;storage battery;ECHONET Lite","COVID-19;Energy consumption;Data analysis;Pandemics;Energy management systems;Consumer electronics","","1","","3","IEEE","16 Nov 2023","","","IEEE","IEEE Conferences"
"Toward a Resilient Automotive Service-Oriented Architecture by using Dynamic Orchestration","M. Schindewolf; D. Grimm; C. Lingor; E. Sax","Institut fuer Technik der Informationsverarbeitung, Karlsruhe Institute of Technology, Karlsruhe, Germany; Institut fuer Technik der Informationsverarbeitung, Karlsruhe Institute of Technology, Karlsruhe, Germany; Institut fuer Technik der Informationsverarbeitung, Karlsruhe Institute of Technology, Karlsruhe, Germany; Institut fuer Technik der Informationsverarbeitung, Karlsruhe Institute of Technology, Karlsruhe, Germany",2022 IEEE 1st International Conference on Cognitive Mobility (CogMob),"15 May 2023","2022","","","000147","000154","Modern software development in vehicles is focusing on a service-oriented approach. Structuring software systems into self-sufficient software components that provide specific capabilities to the overall system allow software engineers to make changes to vehicle functions more granularly. The decentralized SOA approach offers advantages, as it enables loose coupling between components instead of statically implementing their relationships. But with the increasing degree of autonomy and dynamism of the vehicle's software, the system's safety and security requirements are also growing. Preventive measures will no longer suffice here; instead, resilient systems are required that provide a minimum level of safety even in the event of an unexpected problem. Today, a SOA's services are assigned to a hardware platform during development and executed there, which lacks being able to react to problems or changing requirements. One possibility for being more flexible at runtime, is the use of an orchestrator, which dynamically allocates resources to services while retaining the advantages of a loosely coupled architecture. This paper proposes a methodology for implementing a resilient vehicular electronic architecture based on orchestrating containerized software. To avoid a single point of failure, a distributed approach for a dynamic orchestrator that deploys the software to appropriate execution platforms is proposed. The orchestrator makes its deployment decisions based on specifiable parameters (e.g., required RAM, GPU) and dependencies between services. The decision process adapts to changes in these factors dynamically, making the system able to react to external influences. The concept differentiates itself from other approaches by tracking dynamic changes to specified parameters and easily extensible interfaces for new parameters or requirements. In addition, the concept introduces a priority metric to describe the impact of services in the system and models how this metric is inherited through dependencies. The concept is evaluated qualitatively by three exemplary use cases, demonstrating the effect of dynamic orchestration on the resilience of the vehicle.","","978-1-6654-7631-7","10.1109/CogMob55547.2022.10118016","","https://ieeexplore.ieee.org/stamp/stamp.jsp?arnumber=10118016","Automotive;Service-oriented Architecture;Security;Safety;Resilient Architecture;Orchestration;ROS2","Measurement;Runtime;Computer architecture;Software;Safety;Service-oriented architecture;Security","","17","","30","IEEE","15 May 2023","","","IEEE","IEEE Conferences"
"Android-Based Smart Wheelchair with Joystick, Gesture, and Voice Control: A Low-Cost Solution","S. N. Nijhum; M. A. Haque Chowdhury","Biomedical Engineering Khulna University of Engineering & Technology, Khulna, Bangladesh; Biomedical Physics & Technology University of Dhaka, Dhaka, Bangladesh","2023 International Conference on Next-Generation Computing, IoT and Machine Learning (NCIM)","21 Aug 2023","2023","","","1","6","People with motor disabilities are hoping to become more self-sufficient by using an electric wheelchair with standard joystick control. However, when these patients have upper-extremity disabilities, such as tetraplegia, a problem emerges. Voice control, chin control, eye blinking, and sip-and-puff have been used, but each has its own set of benefits and drawbacks. Furthermore, some methods are preferable to others in certain conditions. In this work, a mechanism for a low-cost wheelchair that integrates numerous control methods is proposed. The same wheelchair will have joystick, gesture, and voice control mechanisms, and the option to choose which one to use will be given to the user. As the controller for this entire system, a simple Android application will be employed. It will help the individual with a disability be more autonomous, as the method that suits them better can be decided at any particular time. Additionally, the addition of a distance sensor for the detection of objects on the back of the wheelchair and an LED light module around the wheelchair to illuminate the darkness and facilitate a safe ride for the user is also proposed.","","979-8-3503-1600-1","10.1109/NCIM59001.2023.10212434","","https://ieeexplore.ieee.org/stamp/stamp.jsp?arnumber=10212434","mobility;wheelchair;android;Arduino;Bluetooth;sensors","Productivity;Costs;Wheelchairs;Employment;Education;Machine learning;Light emitting diodes","","3","","15","IEEE","21 Aug 2023","","","IEEE","IEEE Conferences"
"Low Power Design Techniques for IoT Devices","D. S. Goud; C. Kumar; S. Devipriya; S. Dhanalakshmi; P. S. L. Mageshwari; A. Mary M","Department of Electronics and Communication Engineering, Ellenki College of Engineering and Technology, Hyderabad, Telangana, India; Department of Electronics and Communication Engineering, Madanapalle Institute of Technology & Science (Autonomous), Madanapalle, Andhra Pradesh, India; Department of Electronics and Communication Engineering, Annapoorana Engineering College, Salem, Tamil Nadu, India; Department of Electronics and Communication Engineering, Bannari Amman Institute of Technology, Sathyamangalam, Tamil Nadu, India; Department of Physics (S&H), R.M.K. Engineering College, Kavaraipettai, Tamil Nadu, India; Department of Electronics and Communication Engineering, Rajalakshmi Engineering College, Chennai, Tamil Nadu, India",2024 Ninth International Conference on Science Technology Engineering and Mathematics (ICONSTEM),"28 Jun 2024","2024","","","1","5","As Internet of Things (IoT) devices become more common, there is a greater need for energy-efficient solutions that make devices more self-sufficient and battery life longer. Internet of Things (IoT) devices must be able to use the least amount of power possible in order to work as efficiently as possible and require less upkeep. This study looks at many things, including software, hardware, and system-level optimizations. It gives an overview of low-power design methods mainly for IoT devices. This research shows a low-power, low-cost RISC-V processor with a mixed encryption accelerator that is designed for use in the Internet of Things (IoT). It is quick and safe for this processor to protect and decrypt data sent between IoT devices. Ultra-low-power microcontrollers, sensors that use less energy and low-power transmission protocols are all seen as tools that could be used to make technology that is aware of power. This research looks into how dynamic power management techniques, power-aware scheduling algorithms, and duty cycling can be used to make the best use of system resources and meet application needs. Internet of Things devices can also switch between active and inactive states smoothly by using sleep modes and wake-up methods. Adaptive power management systems change how devices work based on things like human behavior, load, and environmental conditions in order to get the most energyefficient results. These strategies make it easier for Internet of Things (IoT) systems to be set up successfully in a wide range of businesses.","","979-8-3503-6509-2","10.1109/ICONSTEM60960.2024.10568684","","https://ieeexplore.ieee.org/stamp/stamp.jsp?arnumber=10568684","Power Gating;Dynamic Voltage and Frequency Scaling (DVFS);Sleep Modes;Clock Gating;Duty Cycling;Leakage Reduction;Ultra-Low Power Processors","Protocols;Scheduling algorithms;Power system management;Voltage;Switches;Software;Sensors","","1","","12","IEEE","28 Jun 2024","","","IEEE","IEEE Conferences"
"IoT based Cloud Kitchen Optimization using Fuzzy Intelligence and Advanced Signal Processing","D. Sharma; H. Lakhera; I. Bakshi; S. Chauhan","Maharishi Markandeshwar (Deemed to be University), Mullana-Ambala, India; Maharishi Markandeshwar (Deemed to be University), Mullana-Ambala, India; School of Hospitality, GNA University Phagwara, Punjab, India; Maharishi Markandeshwar (Deemed to be University), Mullana-Ambala, India",2024 4th International Conference on Sustainable Expert Systems (ICSES),"3 Dec 2024","2024","","","285","291","The task of managing a kitchen is often regarded as challenging, notwithstanding numerous advancements in technology. Consequently, there is a clear need for kitchen operations to be streamlined for ease. The innovative Kitchen concept leverages the Smart Ecosystem in its design and incorporates a smartphone application as the end-user interface. Within the Advanced Kitchen, the grocery operations framework, a fuzzy logic framework for flexible cooking, and signal handling for detecting the cooktop's whistle are included. The grocery operations system is equipped with a single ultrasonic transducer to gauge stock levels, and a wireless connectivity module facilitates data enhancements to a specific cloud-based key. Through the mobile application, users are able to view the remaining quantities of items, receive shortage alerts, and access the shopping list. The hardware components for stock management and kitchen safeguarding it involves the transmission of data from sensors to the cloud. Sensor values can be accessed even if the user is away from home. Future research could explore the hardware implementation of fuzzy logic on Arduino, where inputs might be received through a keypad and outputs displayed on an LCD, achieving full system independence. Similarly, if whistle specimens are captured via a mic and the tally is shown on an LCD screen, the system would also become self-sufficient.","","979-8-3315-4036-4","10.1109/ICSES63445.2024.10762978","","https://ieeexplore.ieee.org/stamp/stamp.jsp?arnumber=10762978","Firebase Clouding;Fuzzy Logic Systems;Hardware electronics-in-the-Loop;Smart Ecosystem;smartphone Applications;Signal Analysis;MATLAB;Intelligent Kitchen systems","Fuzzy logic;Wireless communication;Ultrasonic transducers;Cloud computing;Microwave integrated circuits;Wireless sensor networks;Software packages;Hardware;Liquid crystal displays;Sensors","","","","16","IEEE","3 Dec 2024","","","IEEE","IEEE Conferences"
"A Power Self-Sufficient Managed Energy Harvester With Dual-Source Synergistic Cold-Start Capability","X. Wang; J. Chen; S. Gao; L. Qian; G. Shi; Y. Xia; H. Xia; Z. Zhu","Key Laboratory of Analog Integrated Circuits and the Hangzhou Institute of Technology, Xidian University, Hangzhou, China; Key Laboratory of Analog Integrated Circuits and the Hangzhou Institute of Technology, Xidian University, Hangzhou, China; Key Laboratory of Analog Integrated Circuits and the Hangzhou Institute of Technology, Xidian University, Hangzhou, China; Key Laboratory of Analog Integrated Circuits and the Hangzhou Institute of Technology, Xidian University, Hangzhou, China; College of Mechanical and Electrical Engineering, China Jiliang University, Hangzhou, China; Faculty of Electrical Engineering and Computer Science, Ningbo University, Ningbo, China; Faculty of Electrical Engineering and Computer Science, Ningbo University, Ningbo, China; Key Laboratory of Analog Integrated Circuits and the Hangzhou Institute of Technology, Xidian University, Hangzhou, China",IEEE Transactions on Circuits and Systems II: Express Briefs,"31 Mar 2025","2025","72","4","628","632","This brief presents a power self-sufficient managed dual-source energy harvester that prioritizes the harvested energy for self-consumption and then transfers the surplus energy to the load or storage, thereby avoiding paying more than harvesting when the environmental energy is weak. The bipolar stacking structure employed enables the simultaneous harvesting of both energy sources through time-division multiplexing in DCM or synchronized extraction in CCM. Additionally, this structure allows the dual sources to share a single cold starter, while also facilitating low-voltage startup. The proposed harvester, fabricated using a  $0.18~\mu $ m CMOS process, achieves end-to-end peak efficiencies of 84.3% and 82.5% for photovoltaic and thermoelectric energy harvesting, respectively, while achieving a dual-source synergistic cold-start voltage as low as 80 mV.","1558-3791","","10.1109/TCSII.2025.3539007","National Key Research and Development Program of China(grant numbers:2023YFB4403602); National Natural Science Foundation of China(grant numbers:62222406,62131010,U22A2013,62271275); China Postdoctoral Science Foundation(grant numbers:2023M742733); Postdoctoral Fellowship Program of CPSF(grant numbers:GZB20230560); Zhejiang Provincial Natural Science Foundation of China(grant numbers:QN25F040020,LDT23F0402,LDT23F04022F04); ","https://ieeexplore.ieee.org/stamp/stamp.jsp?arnumber=10874147","Energy harvesting;thermoelectric generator (TEG);photovoltaic (PV) cell;dual source;cold start","Energy harvesting;Voltage control;Circuits;Energy storage;Charge pumps;Ring oscillators;Regulation;Rails;Photovoltaic systems;Inverters","","1","","21","IEEE","5 Feb 2025","","","IEEE","IEEE Journals"
"Development of a Sensor System for Load Monitoring in the Electrical Grid to Support E-Mobility Charging","F. Essingholt; L. Cousin; G. vom Bögel; T. Grenter; A. Grabmaier","Wireless Sensors & Systems, Fraunhofer Institute for Microelectronic Circuits and Systems, IMS, Duisburg, Germany; Smart System Design, Fraunhofer Institute for Microelectronic Circuits and Systems, IMS, Duisburg, Germany; Business Unit Industry, Fraunhofer Institute for Microelectronic Circuits and Systems, IMS, Duisburg, Germany; Wireless Sensors & Systems, Fraunhofer Institute for Microelectronic Circuits and Systems, IMS, Duisburg, Germany; Department of Electronic Components and Circuits, University of Duisburg-Essen, Duisburg, Germany",2024 IEEE International Workshop on Metrology for Automotive (MetroAutomotive),"6 Aug 2024","2024","","","124","129","Continuing the conceptual work published in [1] from the Energy ECS [2] subproject for the monitoring of electrical distribution grids, an initial design for a retrofittable autonomous current sensor system for the low-voltage distribution network is presented in this paper. The sensor system is capable of measuring the currents and their phase in all conductors of a 3-phase energy grid of cables going into or out of distribution cabinets and is intended for monitoring loads and detecting overloads due to extensive charging of electrical vehicles (EV). Additionally, electrodes for monitoring the voltage have been designed to provide a rudimentary voltage measurement for the phase calculation of the current. The System has been developed to be self-sufficient with inductive energy harvesting, providing a maintenance free solution. For this, an overcurrent and over voltage protection for the electronics was implemented, according to the requirements discovered in our previous works. In this paper, the concepts and designs for the autonomous current sensor are described and first results of its performance in the laboratory are shown.","","979-8-3503-8498-7","10.1109/MetroAutomotive61329.2024.10615544","","https://ieeexplore.ieee.org/stamp/stamp.jsp?arnumber=10615544","smart grid monitoring;self-sufficient sensor;LPWAN;controlled charging infrastructure","Low voltage;Load monitoring;Phase measurement;Energy measurement;Metrology;Sensor systems;Smart grids","","","","9","IEEE","6 Aug 2024","","","IEEE","IEEE Conferences"
"Self-sufficient sensors based on energy harvesting validation and evaluation study of tram bearing diagnostics using simulation techniques","J. Hofbauer; M. Wolf; M. Rudolph","Dept. of Mechanical Engineering and Energy Technology, HTWK-Leipzig, Leipzig, Germany; Dept. of Mechanical Engineering and Energy Technology, HTWK-Leipzig, Leipzig, Germany; Dept. of Mechanical Engineering and Energy Technology, HTWK-Leipzig, Leipzig, Germany","2016 13th International Multi-Conference on Systems, Signals & Devices (SSD)","19 May 2016","2016","","","613","618","Wireless sensors enable fast and easy recording of measurement data - also known as plug and play. Currently a very big challenge is providing of a stable long range power supply. The use of energy harvesting provides an opportunity to supply wireless sensors and to improve the stability of the sensor networks. To estimate the lifetime of sensors (in a network) a simulation tool based on MATLAB/Simulink was developed.","","978-1-5090-1291-6","10.1109/SSD.2016.7473700","","https://ieeexplore.ieee.org/stamp/stamp.jsp?arnumber=7473700","Energy Harvesting;simulation;MATLAB/Simulink;Energy self-sufficient measurement;vibrations diagnostic","Mathematical model;Load modeling;Sensors;Numerical models;Vibrations;Wireless sensor networks;Temperature measurement","","3","","6","IEEE","19 May 2016","","","IEEE","IEEE Conferences"
"Distribution system resilience enhancement under disastrous conditions by splitting into self-sufficient microgrids","E. C. Venizelos; D. N. Trakas; N. D. Hatziargyriou","School of Electrical and Computer Engineering, National Technical University, Athens, Greece; School of Electrical and Computer Engineering, National Technical University, Athens, Greece; School of Electrical and Computer Engineering, National Technical University, Athens, Greece",2017 IEEE Manchester PowerTech,"20 Jul 2017","2017","","","1","6","The present paper proposes a method for enhancing the resilience of distribution systems that are exposed frequently to disastrous conditions. In case of a fault, the distribution system is sectionalized into self-sufficient microgrids in order to prevent a possible spread of the fault with the minimum load shedding of the islanded portion of the distribution system. The design of self-sufficient microgrids requires the optimum placing of switches in certain branches of the distribution system. The vulnerability of power system components to disastrous conditions, load demand, distributed generation placement and stochastic behavior of intermittent generators are considered in order to define the switches allocation. The proposed approach is illustrated using a modified version of IEEE 123-node distribution system and a genetic algorithm is used for providing the problem solution.","","978-1-5090-4237-1","10.1109/PTC.2017.7980888","","https://ieeexplore.ieee.org/stamp/stamp.jsp?arnumber=7980888","Microgrid;resilience;wildfires;power distribution faults;switches allocation","Microgrids;Linear programming;Fires;Load modeling;Resilience;Resource management","","8","","13","IEEE","20 Jul 2017","","","IEEE","IEEE Conferences"
"A design of firefighting and supervising self-sufficient robots","P. S. Prabha; N. Shivaanivarsha","Embedded System Technologies, Sri Sairam Engineering College, Chennai, India; Electronics and Communication Engineering, Sri Sairam Engineering College, Chennai, India",2017 Third International Conference on Science Technology Engineering & Management (ICONSTEM),"18 Jan 2018","2017","","","858","862","In Present world ROBOTICS is the rapid spreading and winning field. These types of rescue robot automation are specific description of implementation, which can incredibly enhance potential. There is a spacious necessity for rescue robot in field which secures the human such as fire fighting. Fire quenching robot is hardware standard known to naturally extinguish the fire at the time of accidents. Autonomous fire robots are process on its own without human interposition. The construction of the two robots is fitted to run in the basement area and start off pursuing for the fire, it enter in the range in preference when the fire is noticed. If the fire is positioned in the side, shortly the robot has to drown it. In that spot, robot 1 will issue the signal to robot 2 applying RF. Robot 2 perceive the input view, and then it operate the motor to step up the movement action. Robot 2 sense the fire detected and moves to place. Finally, concurrence of the fire expanse, the robot swills out water from the repository basin to drown it perfectly.","","978-1-5090-4855-7","10.1109/ICONSTEM.2017.8261325","","https://ieeexplore.ieee.org/stamp/stamp.jsp?arnumber=8261325","Self-Sufficient Robots;RF communication;Microcontroller;Fire detector","Fires;Robot sensing systems;Radio frequency;Microcontrollers;Receivers","","7","","11","IEEE","18 Jan 2018","","","IEEE","IEEE Conferences"
"PALE: Time Bounded Practical Agile Leader Election","B. Sidik; R. Puzis; P. Zilberman; Y. Elovici","Telekom Innovation Laboratories, Department of Software and Information Systems Engineering, Ben-Gurion University of the Negev, Beer-Sheva, Israel; Telekom Innovation Laboratories, Department of Software and Information Systems Engineering, Ben-Gurion University of the Negev, Beer-Sheva, Israel; Telekom Innovation Laboratories, Department of Software and Information Systems Engineering, Ben-Gurion University of the Negev, Beer-Sheva, Israel; Telekom Innovation Laboratories, Department of Software and Information Systems Engineering, Ben-Gurion University of the Negev, Beer-Sheva, Israel",IEEE Transactions on Parallel and Distributed Systems,"10 Jan 2020","2020","31","2","470","485","Many tasks executed in dynamic distributed systems, such as sensor networks or enterprise environments with bring-your-own-device policy, require central coordination by a leader node. In the past it has been proven that distributed leader election in dynamic environments with constant changes and asynchronous communication is not possible. Thus, state-of-the-art leader election algorithms are not applicable in asynchronous environments with constant network changes. Some algorithms converge only after the network stabilizes (an unrealistic requirement in many dynamic environments). Other algorithms reach consensus in the presence of network changes but require a global clock or some level of communication synchrony. Determining the weakest assumptions, under which bounded leader election is possible, remains an unresolved problem. In this study we present a leader election algorithm that operates in the presence of changes and under weak (realistic) assumptions regarding message delays and regarding the clock drifts of the distributed nodes. The proposed algorithm is self-sufficient, easy to implement and can be extended to support multiple regions, self-stabilization, and mobile ad-hoc networks. We prove the algorithm's correctness and provide a complexity analysis of the time, space, and number of messages required to elect a leader.","1558-2183","","10.1109/TPDS.2019.2933620","Lockheed Martin and RSA EMC; ","https://ieeexplore.ieee.org/stamp/stamp.jsp?arnumber=8789472","Leader election;dynamic;partial synchrony;timed;distributed algorithms","Heuristic algorithms;Voting;Delays;Clocks;Task analysis;Stability criteria","","4","","50","IEEE","6 Aug 2019","","","IEEE","IEEE Journals"
"Solar powered IOT Based Remote Patient Monitoring System to Measure Vital Body Signs","M. N. Khan; F. S. Oishi; K. M. Mehzabin; M. H. Khan; M. R. Uddin; M. Hasan","Fab Lab IUB, Independent University Bangladesh, Dhaka, Bangladesh; Fab Lab IUB, Independent University Bangladesh, Dhaka, Bangladesh; Fab Lab IUB, Independent University Bangladesh, Dhaka, Bangladesh; Fab Lab IUB, Independent University Bangladesh, Dhaka, Bangladesh; Fab Lab IUB, Independent University Bangladesh, Dhaka, Bangladesh; Fab Lab IUB, Independent University Bangladesh, Dhaka, Bangladesh",2023 15th International Conference on Intelligent Human-Machine Systems and Cybernetics (IHMSC),"29 Sep 2023","2023","","","159","162","The IoT patient health monitoring system powered by solar panels is an innovative idea that uses the Internet of Things (IoT) and renewable energy to electronically monitor patient health. The system is comprised of various sensors that are coupled to an ESP8266 microcontroller, which sends the collected data to a central server (Thing Speak) via a Wi-Fi module. The computer processes and analyses the data, and healthcare practitioners can access the patient's health information via an online dashboard or mobile app. The usage of solar panels as a power source is unique to this project. The system is ecologically benign and self-sufficient because it is not connected to the mains. The system's solar panels make it ideal for deployment in rural areas where power is in short supply. It will help people become more aware of their health situation and take proper action.","2157-8982","979-8-3503-2617-8","10.1109/IHMSC58761.2023.00045","","https://ieeexplore.ieee.org/stamp/stamp.jsp?arnumber=10261562","Renewable;Thing Speak;Self-sufficient;Remote;conscious;Solar-panel","Temperature measurement;Temperature sensors;Microcontrollers;Databases;Sensor systems;Internet of Things;Solar panels","","14","","12","IEEE","29 Sep 2023","","","IEEE","IEEE Conferences"
"Diagnostics using self-sufficient wireless sensor network for a condition-based maintenance strategy strategy for tram bearing diagnostics","M. Wolf; J. Hofbauer; M. Rudolph","Industrial Metrology, HTWK-Leipzig, Leipzig, Germany; Industrial Metrology, HTWK-Leipzig, Leipzig, Germany; Industrial Metrology, HTWK-Leipzig, Leipzig, Germany","2016 13th International Multi-Conference on Systems, Signals & Devices (SSD)","19 May 2016","2016","","","518","522","Currently in the Leipziger Verkehrsbetriebe (LVB) a tram bearing is replaced only if elaborate inspection finds it faulty. The tram thereby is out of service for several days. To reduce maintenance costs this paper gives a review about investigations how to estimate the wear via wireless and self-sufficient sensors. Moreover, information about the requirements of such sensors are given.","","978-1-5090-1291-6","10.1109/SSD.2016.7473698","","https://ieeexplore.ieee.org/stamp/stamp.jsp?arnumber=7473698","machine diagnostics;self-sufficient and wireless sensor network;Energy Harvesting;vibration diagnostics","Sensors;Maintenance engineering;Vibration measurement;Vibrations;Pollution measurement;Wireless sensor networks;Acceleration","","1","","10","IEEE","19 May 2016","","","IEEE","IEEE Conferences"
"Challenges in providing sustainable analytic of system of systems with long life time","D. Hallmans; K. Sandström; S. Larsson; T. Nolte","Hitachi-ABB Power Grids, Ludvika, Sweden; Rise Research Institutes of Sweden, Västerås, Sweden; Rise Research Institutes of Sweden, Västerås, Sweden; Mälardalen University, Västerås, Sweden",2021 16th International Conference of System of Systems Engineering (SoSE),"30 Jul 2021","2021","","","69","74","Embedded systems are today often self-sufficient systems with limited communication. However, this traditional view of an embedded system is changing rapidly. Embedded systems are nowadays evolving, e.g., an evolution pushed by the increased functional gain introduced with the concept of System of Systems (SoS) that is connecting multiple subsystems to achieve a combined functionality and/or information of a higher value. In such a SoS the subsystems will have to serve a dual purpose in a) the initial purpose that the subsystem was originally designed and deployed for, e.g., control and protection of the physical assets of a critical infrastructure system that could be up and running for 30-40 years, and b) at the same time provide information to a higher-level system for a potential future increase of system functionality as technology matures and/or new opportunities are provided by, e.g., greater analytics capabilities. In this paper, within the context of a “dual purpose use” of a) and b), we bring up three central challenges related to i) information gathering, ii) life-cycle management, and iii) data governance, and we propose directions for solutions to these challenges that need to be evaluated already at design time.","","978-1-6654-4454-5","10.1109/SOSE52739.2021.9497465","Knowledge Foundation; ","https://ieeexplore.ieee.org/stamp/stamp.jsp?arnumber=9497465","embedded systems;SoS;analytics;data gathering;long life time","Embedded systems;Data governance;Critical infrastructure;System of systems","","4","","19","IEEE","30 Jul 2021","","","IEEE","IEEE Conferences"
"Holonic architectures for IoT-empowered energy management in districts","J. Mayer; V. Pampana; M. Bernard; D. Bytschkow; T. Stohl; P. Gupta; M. Duchon","Architectures and Services for Critical Infrastructures (ASCI), fortiss GmbH, Munich, Germany; Architectures and Services for Critical Infrastructures (ASCI), fortiss GmbH, Munich, Germany; Architectures and Services for Critical Infrastructures (ASCI), fortiss GmbH, Munich, Germany; Architectures and Services for Critical Infrastructures (ASCI), fortiss GmbH, Munich, Germany; Architectures and Services for Critical Infrastructures (ASCI), fortiss GmbH, Munich, Germany; Architectures and Services for Critical Infrastructures (ASCI), fortiss GmbH, Munich, Germany; Architectures and Services for Critical Infrastructures (ASCI), fortiss GmbH, Munich, Germany",2021 IEEE 7th World Forum on Internet of Things (WF-IoT),"9 Nov 2021","2021","","","189","194","For the future energy system, the transition from centralized fossil-based plants to a sustainable energy system means the emergence of a huge number of distributed renewable energy sources. Weather-dependent and volatile power generation as well as an increasingly spiky electric demand, arising from ongoing electrification of other sectors, require predictive and flexible control strategies already on the district level. With an increasing number of IoT-enabled field devices, multiple energy vectors thereby lead to a complex interplay, where micro and macro objectives may sometimes differ or even oppose. In this work we propose holonic whole-part architectures for multi-energy management systems. Building up a district’s energy system from self-sufficient sub-units, enables the preservation of local control schemes and reduces complexity for energy management entities or energy markets on hierarchically higher levels. Additionally, resilience and topological flexibility can be enhanced through dynamic reconfiguration of the holons. Two field examples for cross-sector realizations of IoT-based multi-energy management in districts are presented, which demonstrate the implementation of the concept once at the district level and once at the device level.","","978-1-6654-4431-6","10.1109/WF-IoT51360.2021.9595252","Ministry of Education; Indo-German Science and Technology Centre; Ministry of Education; ","https://ieeexplore.ieee.org/stamp/stamp.jsp?arnumber=9595252","holarchy;sector-coupling;internet of things;districts;energy management","Heating systems;Renewable energy sources;Protocols;Software architecture;Computer architecture;Internet of Things;Standards","","3","","27","IEEE","9 Nov 2021","","","IEEE","IEEE Conferences"
"Self-sufficient Power Generation using Solar and Wind Hybrid System","N. Mahadik; N. Sawant; K. Shirsat; N. Barai; A. Khatkhate","Department of Mechanical Engineering, Rizvi College of Engineering Bandra, Mumbai, INDIA; Department of Mechanical Engineering, Rizvi College of Engineering Bandra, Mumbai, INDIA; Department of Biotechnology, Rizvi College of Engineering Bandra, Mumbai, INDIA; Department of Biotechnology, Rizvi College of Engineering Bandra, Mumbai, INDIA; Department of Mechanical Engineering, Rizvi College of Engineering Bandra, Mumbai, INDIA",2020 IEEE Bangalore Humanitarian Technology Conference (B-HTC),"31 Dec 2020","2020","","","1","6","This paper is aimed to resolve electricity issues of rural areas using standalone integrated system of wind turbine and solar module in cost effective and efficient way. A virtual model is built in Solidworks based on calculations and simulation and power output is derived using Matlab Simulink. The hybrid system presented in this paper is based on solar tracking technology and utilizes inexpensive wind turbine having HDPE tarpaulin blade for generation of electricity. This study applies model based design thinking methodology to the conceptualization process of proposed integrated system of wind turbine and solar module which will save up space whereas a normal hybrid system occupies more space when installed separately. Main objective of this paper is to make electricity available for everyone at minimum cost. Implementation of this system will aid in gaining more energy security for rural regions along with balancing the 3E's of sustainability, the economy and social equity.","","978-1-7281-8794-5","10.1109/B-HTC50970.2020.9297989","","https://ieeexplore.ieee.org/stamp/stamp.jsp?arnumber=9297989","Renewable;Energy;Solar;Wind;Turbine;Hybrid;Matlab Simulink","Wind turbines;Wind speed;Solar panels;Blades;Servomotors;Hybrid power systems;Batteries","","4","","12","IEEE","31 Dec 2020","","","IEEE","IEEE Conferences"
"An architecture for multi-robot hector mapping","M. Balcılar; E. Uslu; F. Çakmak; N. Altuntaş; S. Marangoz; M. F. Amasyalı; S. Yavuz","Computer Engineering Department, Yildiz Technical University, Istanbul, Turkey; Computer Engineering Department, Yildiz Technical University, Istanbul, Turkey; Computer Engineering Department, Yildiz Technical University, Istanbul, Turkey; Computer Engineering Department, Yildiz Technical University, Istanbul, Turkey; Computer Engineering Department, Yildiz Technical University, Istanbul, Turkey; Computer Engineering Department, Yildiz Technical University, Istanbul, Turkey; Computer Engineering Department, Yildiz Technical University, Istanbul, Turkey",2016 International Symposium on INnovations in Intelligent SysTems and Applications (INISTA),"22 Sep 2016","2016","","","1","5","Urban search and rescue robots explore the area which they don't know. They must localize themselves, map the environment, and choose their targets. The usage of robot teams can be very effective for large areas instead of a single robot. Robot teams can be managed with distributed or centric methodologies. In a distributed architecture, each robot should be self-sufficient by means of all search tasks. This also means that each robot needs a rich computational power. Moreover, an optimal exploration strategy requires communication between all the robots. A common way to get such an architecture is applying centric approaches. In centric approaches, each robot can be seen as a mobile sensor with little computational power. They send their measures to the center. The map is generated at the center. Navigation commands are generated at the center according to the exploration strategy. ROS is a very common platform for robotic researchers. It includes several single robot mapping algorithms. But, there is no common mapping algorithm for centric approaches. In this study, we developed a multi-robot version of Hector mapping which is widely used in most robotic researches. For the real-time running ability, we parallelized its optimization procedure. The experimental results shows the effectiveness of our proposed architecture.","","978-1-4673-9910-4","10.1109/INISTA.2016.7571842","","https://ieeexplore.ieee.org/stamp/stamp.jsp?arnumber=7571842","","Robot kinematics;Mathematical model;Optimization;Computer architecture;Simultaneous localization and mapping","","3","","13","IEEE","22 Sep 2016","","","IEEE","IEEE Conferences"
"Design and Implementation of PV-Wind Battery Hybrid System for Off grid and On grid","R. S. Jadhav; S. B. Patil","Department of Electrical Engineering, G.H. Raisoni Institute of Engineering and Technology, Pune, India; Department of Electrical Engineering, G.H. Raisoni Institute of Engineering and Technology, Pune, India",2020 Fourth International Conference on Inventive Systems and Control (ICISC),"19 Aug 2020","2020","","","612","618","Sustainable energy systems such as photovoltaic (PV) and wind energy systems are widely designed to work self-sufficient or in grid network. This work presents a hybrid power system composed of Photovoltaic, wind and battery storage system which can be grid tied system or autonomous mode. The converter is designed to operate both on-grid and off-grid. Batteries are used in this hybrid power system because of necessary energy requirement and to store same in an efficient manner. The control unit is designed to perform energy management for grid connected and off grid photovoltaic, wind and battery supplying an effective energy to batteries, grid and load. As a result, this control unit makes system to work more effectively.","","978-1-7281-2813-9","10.1109/ICISC47916.2020.9171150","","https://ieeexplore.ieee.org/stamp/stamp.jsp?arnumber=9171150","Solar;hydro;Energy management system;Grid","Photovoltaic systems;Renewable energy sources;Wind energy;Power supplies;Energy exchange;Maintenance engineering;Control systems","","4","","14","IEEE","19 Aug 2020","","","IEEE","IEEE Conferences"
"On the Design of Optical Energy Harvesting and Storage Systems for Outdoor Small Cells","J. Fakidis; S. Videv; S. Kucera; H. Claussen; H. Haas","LiFi Research and Development Center Department of Electronic and Electrical Engineering, University of Strathclyde, Glasgow, U.K; LiFi Research and Development Center Department of Electronic and Electrical Engineering, University of Strathclyde, Glasgow, U.K; Bell Laboratories, Nokia Blanchardstown Business and Technology Park, Dublin 15, Ireland; Tyndall National Institute The Digital Hub, Dublin, Ireland; LiFi Research and Development Center Department of Electronic and Electrical Engineering, University of Strathclyde, Glasgow, U.K",ICC 2021 - IEEE International Conference on Communications,"6 Aug 2021","2021","","","1","6","Wireless backhaul communication and power provision to fifth-generation small cells (SCs) is expected to decrease their installation cost significantly. In this paper, hybrid solar/laser-based energy harvesting and storage are investigated for the self-sufficient year-round operation of outdoor SCs. The required electrical power for a SC is assumed to be 10 W according to state-of-the-art millimeter-wave phased-array transceivers. Here we show through simulations that hybrid solar/laser-based energy harvesting with storage and exclusive laser-based energy harvesting enable the SC operation not only in sunnier parts of the world but also in ‘darker’ places. Since the highest monthly power required from the laser is shown to be 10.1 W, a highly directive optical wireless link is designed using the simulation software Zemax. The operation wavelength of 1310 nm is selected because of the highest maximum permissible exposure of 1 W/cm2. The designed system is shown to be capable of harvesting 10.4 W at the distance of 100 m with transmitter-receiver dimensions of the order of cm3 and meeting eye-safety regulations for Class 1M.","1938-1883","978-1-7281-7122-7","10.1109/ICC42927.2021.9500505","Engineering and Physical Sciences Research Council; ","https://ieeexplore.ieee.org/stamp/stamp.jsp?arnumber=9500505","","Wireless communication;Integrated optics;Optical design;Power lasers;Transceivers;Software;Regulation","","3","","18","IEEE","6 Aug 2021","","","IEEE","IEEE Conferences"
"ML Self-Sufficient Sustainable Energy Resiliency Management System: Outage Forecasting, Classification and Restoration with Maintenance Indicators for All Types of Power Outages","S. O. Adedokun; Z. Luo; P. Luk; N. Balta-Ozkan; M. F. Khan; X. Zhang","Cranfield University, Bedfordshire, United Kingdom; Cranfield University, Bedfordshire, United Kingdom; Cranfield University, Bedfordshire, United Kingdom; Cranfield University, Bedfordshire, United Kingdom; University of Roehampton, London, United Kingdom; Brunel University, London, United Kingdom",2022 IEEE Design Methodologies Conference (DMC),"10 Oct 2022","2022","","","1","6","Power systems resiliency studies focus largely on operational planning, optimization, and control strategies to restore critical loads, after blackouts from extreme incidents, and natural disasters, which characterize high-impact, low-probability events. There is a lacuna of resiliency studies of other events, including blackouts with high-impact, high-probability, which classify technical faults. However, the highest percentage of blackouts are from equipment failure technical related faults. Few ML studies cover both outage forecasting and restoration, including resiliency methods for all types of power outages. This study presents a resiliency management system framework, incorporating maintenance indicators, for all types of outages from different events, particularly in developing countries, where up to 60% of blackouts are technical related. A novel framework, with machine learning classification and regression is applied. The model is validated with real historic load flows and outage interruptions of four Nigeria states. Results reveal complex multiple power outages due to different causes at different locations. A relay target indication of 91.8%, an outage type classification accuracy of 85%, and a start time regression (R) value of one, signify that the onset of all types of power outages can be predicted accurately, including indication of maintenance targets where self-sufficient, sustainable energy resources can be applied to enhance power system resilience.","","978-1-6654-7999-8","10.1109/DMC55175.2022.9906471","","https://ieeexplore.ieee.org/stamp/stamp.jsp?arnumber=9906471","Machine Learning;Blackout Events;Power Outage Forecasting;Restoration;Self-Sufficient Sustainable Energy Resources;Resilience","Monte Carlo methods;Energy resources;Machine learning;Maintenance engineering;Power system reliability;Planning;Forecasting","","1","","32","IEEE","10 Oct 2022","","","IEEE","IEEE Conferences"
"AI Based Smart Cleaner with IOT Integration","P. Ambadkar; P. Kumbhare; C. Bonde; H. Shukla; K. D. B. Vidhale","Department of Electronics and Telecommunication, G H Raisoni College of Engineering, Nagpur, India; Department of Electronics and Telecommunication, G H Raisoni College of Engineering, Nagpur, India; Department of Electronics and Telecommunication, G H Raisoni College of Engineering, Nagpur, India; Department of Electronics and Telecommunication, G H Raisoni College of Engineering, Nagpur, India; Department of Electronics and Telecommunication, G H Raisoni College of Engineering, Nagpur, India",2023 IEEE 8th International Conference for Convergence in Technology (I2CT),"23 May 2023","2023","","","1","5","The usage of self-sufficient systems to complete pertinent and delicate projects is quickly growing. But it is impossible to overstate its importance in a number of industries. In this post, an automatic floor cleaner that uses an Arduino Nano and hand gestures from artificial intelligence is presented. Three ultrasonic sensors, an Arduino microcontroller, two tools with DC motors, an RF 433 module, and an accelerometer make up the system. By communicating alerts to a microcontroller through an interface, ultrasonic sensors are used to identify impediments along the robotics route. The micro-controller directs the robotic to move in the other direction by turning on the motors in order to go around the recognized obstruction. Additionally, two DC vehicles for cleaning cloths .With the use of sensors on an Arduino board, a VLSI test bench can be improved quickly, and hand gestures give a human control over the device. Rapid processing and an intuitive user interface are the main benefits. Recent years have seen a significant increase in the number of individuals using open source software and hardware, which has led to the emergence of a new generation by simplifying and enticing complex tasks.","","979-8-3503-3401-2","10.1109/I2CT57861.2023.10126417","","https://ieeexplore.ieee.org/stamp/stamp.jsp?arnumber=10126417","Arduino microcontroller;Ultrasonic sensors;Vacuum pull machine","Microcontrollers;Very large scale integration;User interfaces;Robot sensing systems;DC motors;Turning;Acoustics","","1","","22","IEEE","23 May 2023","","","IEEE","IEEE Conferences"
"Flexible Multi Sensor Monitoring System for Medium Voltage Cable Joints","S. Voigt; C. -K. Lee; J. -m. Joung; S. Kurth; F. Roscher","Department Multi Device Integration, Fraunhofer ENAS, Chemnitz, Germany; Korea Electric Power Corporation, Research Institute (KEPRI), Daejeon, Korea; Korea Electric Power Corporation, Research Institute (KEPRI), Daejeon, Korea; Department Multi Device Integration, Fraunhofer ENAS, Chemnitz, Germany; Department System Packaging, Fraunhofer ENAS, Chemnitz, Germany",2021 Smart Systems Integration (SSI),"2 Jul 2021","2021","","","1","4","Degrading cable connections are a major problem in the medium-voltage grid. Early failure detection is therefore very important. In this paper, a flexible, small-sized, self-sufficient wireless monitoring system for medium voltage cable joints is presented. The system can be fitted easily around all common power cables with shielding and cable joints. Even the current induction energy harvester has a flexible design. From a current flow of around 15 amperes, the radio electronics and sensor technology are supplied with sufficient energy. With the help of the integrated sensors, partial discharge (PD), fault current, over-temperature and external impacts like vibrations or shocks can be measured. The whole sensor node including radio, sensors and energy harvester is designed for and practically tested in a wide operating temperature range from - 40 °C to + 110 °C. The system is currently undergoing extensive field tests.","","978-1-6654-4092-9","10.1109/SSI52265.2021.9466970","","https://ieeexplore.ieee.org/stamp/stamp.jsp?arnumber=9466970","medium voltage cable joint monitoring;flexible multi sensor system;self-sufficient wireless sensors;partial discharge;over-temperature;current induction energy harvester","Temperature measurement;Wireless communication;Temperature sensors;Partial discharges;Vibrations;Wireless sensor networks;Power cables","","2","","12","IEEE","2 Jul 2021","","","IEEE","IEEE Conferences"
"Design and Simulation of a Self-Sufficient Photovoltaic Park for Sustainable Energy Independence","M. M. Khan; A. Rasheed","Department of Electrical Engineering and Technology, Institute of Southern Punjab Multan, Multan, Pakistan; Department of Electrical Engineering and Technology, Institute of Southern Punjab Multan, Multan, Pakistan",2024 International Conference on IT and Industrial Technologies (ICIT),"4 Feb 2025","2024","","","1","6","Over time, energy needs grow as distant regions of countries transform into new cities and as electronic devices and electrical applications become more prevalent in daily life, resulting in massive energy demands. The current energy situation in Pakistan necessitates the effective use of renewable energy sources. The nation, having the most potential for solar energy, is seeing incredible advancements in the production of electricity from photovoltaic sources. Pakistan faces a severe financial and energy crisis due to currency collapse, making it difficult to invest in renewable energy sources. The Makran division, located 700 kilometers from Sindh and Balochistan, has the potential for solar energy production. However, Pakistan imports energy to meet domestic and industrial needs. Iran’s neighboring country produces excess electricity, which Pakistan imports. In 2023, transmission line malfunctions caused power outages in the Makran division, affecting daily activities. The 200 MW Grid Connected Photovoltaic Power Park (GCPPP) in the Makran division produces clean, green energy, eliminating the need to pay additional fees to neighboring nations. The GCPPP has a performance ratio of 84.2% and, the GCPPP records 1958.9 kWh/m2 of direct global horizontal irradiation and 884.3 kWh/m2 of diffuse horizontal irradiation on the solar cell surface. It is expected to benefit Pakistan in future installations, especially in remote locations.","","979-8-3315-0446-5","10.1109/ICIT63607.2024.10859374","","https://ieeexplore.ieee.org/stamp/stamp.jsp?arnumber=10859374","Grid Connected Photovoltaic System;Solar Power Generation;Renewable Energy;Solar Irradiation;Iran to Pakistan;Energy Crisis","Photovoltaic systems;Radiation effects;Electric potential;Voltage fluctuations;Electricity;Photovoltaic cells;Solar energy;Production;Sun;Meteorology","","","","15","IEEE","4 Feb 2025","","","IEEE","IEEE Conferences"
"A Smart Monitoring System for Self-sufficient Integrated Multi-Trophic AquaPonic","A. Barbaresi; C. Bibbiani; M. Bovo; S. Benni; E. Santolini; P. Tassinari; M. Agrusti; D. Torreggiani","Department of Agricultural and Food Sciences, University of Bologna, Bologna, Italy; Department of Animal Sciences, University of Pisa, Pisa, Italy; Department of Agricultural and Food Sciences, University of Bologna, Bologna, Italy; Department of Agricultural and Food Sciences, University of Bologna, Bologna, Italy; Department of Agricultural and Food Sciences, University of Bologna, Bologna, Italy; Department of Agricultural and Food Sciences, University of Bologna, Bologna, Italy; Department of Agricultural and Food Sciences, University of Bologna, Bologna, Italy; Department of Agricultural and Food Sciences, University of Bologna, Bologna, Italy",2020 IEEE International Workshop on Metrology for Agriculture and Forestry (MetroAgriFor),"8 Dec 2020","2020","","","175","179","The Integrated Smart Monitoring and Control System (ISMaCS) is designed to allow the acquisition of large physical and environmental features in an agriculture and aquaculture integrated context and make data available for checking, assistance and analysis. The system is able to work in different environments, to collect data and make them available remotely in real time. It is designed to operate in the structures of the PRIMA project where aquaculture and plant cultivation are integrated in indoor and outdoor environments. This system allows the diagnosis of the operating conditions of the monitored plants.","","978-1-7281-8783-9","10.1109/MetroAgriFor50201.2020.9277639","","https://ieeexplore.ieee.org/stamp/stamp.jsp?arnumber=9277639","SIMTAP project;aquaculture;LoRaWAN;monitoring system","Logic gates;Sensors;Monitoring;Aquaculture;Temperature sensors;Servers;Batteries","","6","","10","IEEE","8 Dec 2020","","","IEEE","IEEE Conferences"
"Smart Self-Sufficient Wireless Current Sensor","A. Hennig; P. Gembaczka; L. Cousin; A. Grabmaier",NA; NA; NA; NA,"Smart SysTech 2018; European Conference on Smart Objects, Systems and Technologies","16 Aug 2018","2018","","","1","6","In this paper a concept of a smart self-sufficient wireless current sensor is presented. This concept enables monitoring of machineries in smart factories for process optimization and predictive maintenance purposes. Due to wireless operation and energy harvesting retrofitting is able without effort. A smart signal processing makes determination of machine states possible without the need of a high numbers of traditional single sensors. It is shown that an accordingly suitable artificial neuronal network (ANN) can be implemented in a low power microcontroller as part of the current sensor and be powered by energy harvesting using the magnetic stray field of an enclosed conductor.","","978-3-8007-4694-1","","","https://ieeexplore.ieee.org/stamp/stamp.jsp?arnumber=8436106","","","","2","","","","16 Aug 2018","","","VDE","VDE Conferences"
"Design considerations introducing analytics as a “dual use” in complex industrial embedded systems","D. Hallmans; K. Sandström; S. Larsson; N. Ericsson; T. Nolte","Hitachi-ABB Power Grids, Ludvika, Sweden; RISE Research Institutes of Sweden, Vasterås, Sweden; RISE Research Institutes of Sweden, Vasterås, Sweden; RISE Research Institutes of Sweden, Vasterås, Sweden; Mälardalen University, Vasterås, Sweden",2021 26th IEEE International Conference on Emerging Technologies and Factory Automation (ETFA ),"30 Nov 2021","2021","","","1","8","Embedded systems are today often self-sufficient with limited and predefined communication. However, this traditional view of embedded systems is changing through advancements in technologies such as, communication, cloud technologies, and advanced analytics including machine learning. These advancements have increased the benefits of building Systems of Systems (SoS) that can provide a functionality with unique capabilities that none of the included subsystems can accomplish separately. By this gain of functionality the embedded system is evolving towards a “dual use” purpose11In this paper we define dual usage as a control system having two purposes. In other contexts such as politics, diplomacy and export control, the term “dual-use” refers to technology that can be used for both peaceful and military aims, e.g., nuclear power technology., The use is dual in the sense that the system still needs to handle its original task, e.g., control and protect of an asset, and it must provide information for creating the SoS. Larger installations, e.g., industry plants, power systems and generation, have in most cases a long expected life-cycle, some up to 30–40 years without significant updates, compared to analytical functions that evolve and change much faster, i.e., requiring new types of data sets from the subsystems, not know at its first deployment. This difference in development cycles calls for new solutions supporting updates related to new requirements inherent in analytical functions. In this paper, within the context of “dual usage” of systems and subsystems, we analyze the impact on an embedded system, new or legacy, when it is required to provide analytic data with high quality. We compare a reference system, implementing all functions in one CPU core, to three other alternative solutions: a) a multi-core system where we are using a separate core for analytics, b) using a separate analytics CPU and c) analytics functionality located in a separate subsystem. Our conclusion is that the choice of analytics information collection method should to be based on intended usage, along with resulting complexity and cost of updates compared to hardware cost.","","978-1-7281-2989-1","10.1109/ETFA45728.2021.9613273","","https://ieeexplore.ieee.org/stamp/stamp.jsp?arnumber=9613273","embedded systems;systems-of-systems;analytics;data gathering;data collection;long life time","Industries;Embedded systems;Costs;Multicore processing;Machine learning;Hardware;Power systems","","1","","18","IEEE","30 Nov 2021","","","IEEE","IEEE Conferences"
"Potential of a self-sufficient control for flexible loads in low voltage grids","V. Barta; S. Baumgartner; S. Uhrig; R. Witzmann","HM University of Applied Sciences Munich, Munich, Germany; LEW Verteilnetz GmbH; HM University of Applied Sciences Munich, Munich, Germany; Technical University of Munich, Munich, Germany",CIRED Porto Workshop 2022: E-mobility and power distribution systems,"27 Jul 2022","2022","2022","","38","42","Due to the expansion of volatile renewable generation and the growth in the field of electric vehicles, German distribution system operators are facing new challenges. Adequate infrastructure is needed mitigating the negative impact on the power system stability. Along with these new grid actuators, consumption related capacity-bottlenecks increase. An approach is to affect the consumption behaviour. In order to replace rigid technologies such as time switches, a grid-serving load management concept is being pursued. The approach presented in this paper is based on a decentralized, self-sufficient control of flexible loads depending on the local grid status. The technological, regulatory and contractual conditions of the flexible loads in the low voltage grid, such as electric vehicles and others, are taken into account. An algorithm for decentralized control based on locally collected measurement data was developed and implemented. This approach is already being tested in a real laboratory on about hundred households in both rural and urban regions. First data from the real laboratory show a high potential of shifting and optimizing the energy consumption of flexible loads over time.","","978-1-83953-705-9","10.1049/icp.2022.0657","","https://ieeexplore.ieee.org/stamp/stamp.jsp?arnumber=9841919","","","","","","","","27 Jul 2022","","","IET","IET Conferences"
"Optimal Formation of Islanded Subsystems for Enhancing Power System Resiliency","O. Galagoda; A. P. Agalgaonkar; K. M. Muttaqi; H. Lomei","School of Electrical, Computer and Telecommunications Engineering, University of Wollongong, NSW, Australia; School of Electrical, Computer and Telecommunications Engineering, University of Wollongong, NSW, Australia; School of Electrical, Computer and Telecommunications Engineering, University of Wollongong, NSW, Australia; Essential Energy, NSW, Australia",2025 IEEE Industry Applications Society Annual Meeting (IAS),"9 Jul 2025","2025","","","1","6","Power transmission and distribution systems are highly vulnerable to extreme weather events, which can trigger cascading failures and widespread blackouts. Enhancing the resiliency of these systems is essential to maintain continuity of power supply, especially to critical infrastructure. This study proposes a novel approach to improve power system resilience by forming islanded subsystems capable of operating independently during disruptions. The system is strategically divided into smaller, self-sufficient subsystems that prioritize supplying critical loads while minimizing the risk of cascading failures. Three distinct techniques are employed for subsystem formation: K-means clustering, complex network theory, and complex network theory combined with a center of mass analogy. The proposed approach is tested on the IEEE 39-bus system, serving as a benchmark case study. Simulation results demonstrate that the islanded subsystem strategy significantly improves the system’s resiliency by reducing power losses, ensuring uninterrupted power supply to essential loads, and enhancing recovery time during failures.","2576-702X","978-1-6654-5776-7","10.1109/IAS62731.2025.11061688","","https://ieeexplore.ieee.org/stamp/stamp.jsp?arnumber=11061688","islanded subsystems;power system planing;power system resiliency","Renewable energy sources;Power supplies;Power system protection;Complex networks;Optimal scheduling;Power system stability;Generators;Reliability;Power system faults;Resilience","","","","17","IEEE","9 Jul 2025","","","IEEE","IEEE Conferences"
"The Use of Artificial Intelligence in Automated Estrous Detection","N. M. D. Landim; B. S. Dias; C. A. D. Santos; S. N. Lobo; T. D. P. Paim; H. X. Araujo","Instituto de Atenção às Cidades, Universidade Federal do Tocantins, Palmas, Tocantins; Instituto de Atenção às Cidades, Universidade Federal do Tocantins, Palmas, Tocantins; Ciência e Tecnologia Goiano, Instituto Federal de Educação; Instituto de Atenção às Cidades, Universidade Federal do Tocantins, Palmas, Tocantins; Ciência e Tecnologia Goiano, Instituto Federal de Educação; Instituto de Atenção às Cidades, Universidade Federal do Tocantins, Palmas, Tocantins","2024 IEEE International Conference on Microwaves, Communications, Antennas, Biomedical Engineering and Electronic Systems (COMCAS)","19 Sep 2024","2024","","","1","4","In this paper, is shown a solution aimed to detect dairy cow estrous by using self-sufficient surveillance cameras that relies on cloud computing services and 5G mobile networks, to observe mount behavior through an artificial intelligence algorithm that alerts the farmer using a smartphone app that sends images and videos of these events. It was possible to achieve these detections in various weather and light conditions, close or away from the camera with minimal intervention at farm installations and without needing an individual sensor for each cow. It was also included an integration with an existing farm software, where it was possible to see behavior and reproduction data together, allowing the farm to achieve better milk production through getting the reproduction signs automatically as early as possible.","2150-8968","979-8-3503-4818-7","10.1109/COMCAS58210.2024.10666189","","https://ieeexplore.ieee.org/stamp/stamp.jsp?arnumber=10666189","5G;animal behavior;artificial intelligence;cloud computing;estrous detection","Microwave antennas;Cloud computing;5G mobile communication;Surveillance;Cows;Cameras;Software","","","","19","IEEE","19 Sep 2024","","","IEEE","IEEE Conferences"
"Nano-structured gold strain gauge arrays on PDMS for highly sensitive nems pressure sensor skin","A. Kakati; S. Das","Advanced Technology Development Centre, Indian Institute of Technology, Kharagpur, India; School of Medical Science and Technology, Indian Institute of Technology, Kharagpur, India",2017 IEEE 12th International Conference on Nano/Micro Engineered and Molecular Systems (NEMS),"29 Aug 2017","2017","","","611","614","This work demonstrates highly sensitive miniaturized nanostructured flexible pressure sensing microdevice on polydimethylsiloxane (PDMS) elastomer for various applications, such as artificial e-skin for haptic devices, soft robotic actuator embedded with self-sufficient pressure sensitive awareness system, body implantable catheter system for internal health monitoring, etc. This microdevice has arrays of nanostructured gold strain gauges' sensor and has been modeled in COMSOL Multiphysics software. Each sensor on the skin consists of polydimethylsiloxane (PDMS) diaphragm and a resistive strain gauge made of thin film gold structure. The thin film resistive nanostructure has been fabricated using sputtering, electron-beam lithography and soft micromachining technique on PDMS. A sensitivity of 0.30/KPa is obtained over a linear range of 3KPa for 30μm thick polydimethylsiloxane film for individual pressure sensor on the skin","2474-3755","978-1-5090-3059-0","10.1109/NEMS.2017.8017097","","https://ieeexplore.ieee.org/stamp/stamp.jsp?arnumber=8017097","e-skin;e-beam lithography;micromachining;NEMS;pressure sensor;PDMS;robotics;strain gauge","Strain measurement;Gold;Pressure sensors;Resistors;Strain;Skin;Sensitivity","","3","","5","IEEE","29 Aug 2017","","","IEEE","IEEE Conferences"
"Introducing a Self-Sufficient Environmental Monitoring IoT System Based on Microbial Fuel Cell","I. E. Y. Li; T. Y. S. Cheng; K. W. L. Wong","Electrical Engineering Department, City University of Hong Kong, Hong Kong, China; Product Development Dept, CTO, Factgie.Co Ltd, Hong Kong, China; Product Development Dept, Factgie.Co Ltd, Hong Kong, China",2024 7th International Conference on Green Technology and Sustainable Development (GTSD),"23 Sep 2024","2024","","","76","80","Based on the market research report by the International Market Analysis Research and Consulting Group (IMARC) Group, the global market for environmental monitoring has surpassed USD$20 billion in 2022. It is projected to grow to over USD$31 billion by 2028, primarily driven by the increasing demand for environmental monitoring in developing nations, particularly China. However, implementing an Environmental Monitoring System (EMS) poses significant challenges in terms of scale and cost. In rural areas, the deployment of EMS typically requires a substantial number of sensors, predominantly powered by battery packs, solar panels, and stationary power supplies. Except for stationary power supplies, the other two methods entail a considerable amount of resources for monitoring and replacement, leading to higher operational costs. To address these challenges, this research project aims to propose a self-sustaining Internet of Things (IoT) monitoring system. This system integrates a power generator based on moss-based microbial fuel cells (MFCs), which generate a voltage output through photosynthesis. Additionally, the system will incorporate a voltage booster circuit to amplify the power output to a usable level of 3.3 volts. This voltage level enables the system to power various IoT devices, such as MCUs and a wide range of sensors, enhancing its versatility and applicability. By eliminating the need for solar panels and reducing maintenance costs and frequency, the proposed system has the potential to reduce overall expenses significantly. This cost reduction would facilitate wider adoption of the system by companies and countries, contributing to the mitigation of environmental pollution.","","979-8-3503-8607-3","10.1109/GTSD62346.2024.10675209","","https://ieeexplore.ieee.org/stamp/stamp.jsp?arnumber=10675209","Energy Saving and Green Building;Environmental Sustainability Solutions;IoT\Mobile\Portable Computing;Renewable Energy;and Smart Grid","Costs;Green buildings;Voltage;Generators;Sensors;Maintenance;Environmental monitoring","","2","","13","IEEE","23 Sep 2024","","","IEEE","IEEE Conferences"
"Fault Detection In Photovoltaic Systems Using Machine Learning Algorithms: A Review","A. Kumaradurai; Y. Teekaraman; T. Coosemans; M. Messagie","Automotive Technology Research Group (MOBI), Vrije Universiteit Brussel (VUB), Brussels, Belgium; Automotive Technology Research Group (MOBI), Vrije Universiteit Brussel (VUB), Brussels, Belgium; Automotive Technology Research Group (MOBI), Vrije Universiteit Brussel (VUB), Brussels, Belgium; Automotive Technology Research Group (MOBI), Vrije Universiteit Brussel (VUB), Brussels, Belgium",2020 8th International Conference on Orange Technology (ICOT),"7 Jul 2021","2020","","","1","5","The power produced by photovoltaic systems have great importance in the current global market. From small-scale applications to self-sufficient industries PV systems are planted for the generation and distribution of power. The main factors that need to be considered when setting up a PV plant are safety, cost efficiency and early fault detection techniques. This review work displays the various types of faults seen in PV systems and briefs about the intelligent machine learning algorithms that are built to detect and classify these faults. Furthermore, with the extensive literature, this paper reviews various types of faults detected using different machine learning algorithms in photovoltaic systems which are shown to be reliable and effective to be implemented. The research work is not only bounded to reviewing the fault types with regard to the machine learning algorithms but also talks about 1)Types of PV system, 2)Health state estimation, 3)Fault types, 4)AC/DC side fault, 5)Integration Complexity, 6)Accuracy, 7)Cost of realization. In conclusion, this study is disclosed to share all the valuable information to the scholars working in the field of photovoltaic systems.","","978-1-6654-1852-2","10.1109/ICOT51877.2020.9468768","European Commission(grant numbers:872525); ","https://ieeexplore.ieee.org/stamp/stamp.jsp?arnumber=9468768","photovoltaic systems;fault detection techniques;machine learning algorithms;classification of failures;data analytic","Photovoltaic systems;Industries;Machine learning algorithms;Fault detection;Machine learning;Real-time systems;Complexity theory","","9","","30","IEEE","7 Jul 2021","","","IEEE","IEEE Conferences"
"Ceramic micro-PEM fuel cell systems for self-sufficient supply of min-iaturized systems below one watt (eMikro)","S. Ziesche; A. Goldberg; F. Heubner; B. Ruffmann; U. Krieger; M. Adaikkan; C. Schneider; H. Stoltenberg",NA; NA; NA; NA; NA; NA; NA; NA,EASS 2022; 11th GMM-Symposium,"22 Sep 2022","2022","","","1","5","The results presented were created in the publicly funded project ""eMikro"" within a consortium consisting of the partners balticFuelCells GmbH, VIA Electronic GmbH, Prignitz Mikrosystemtechnik GmbH, Fraunhofer IKTS and Fraunhofer IFAM and represents the current state of research on ceramic micro energy systems after 3 years of development. In the field of energy storage, new miniaturized metal hydride storage devices have been developed and optimized in terms of energy density and cycle stability. In the field of ceramic multilayer-based low-temperature fuel cells, a 4-cell stack was developed that works with an output of 150 mW/cm2 and a stack voltage of 2 volts. A novelty is the development of passive microvalves in LTCC, which do not require additional energy to supply the system with hydrogen and allow the integrated tank to be reloaded. The first characterizations of the individual components as well as the overall system are presented.","","978-3-8007-5896-8","","","https://ieeexplore.ieee.org/stamp/stamp.jsp?arnumber=9899270","","","","","","","","22 Sep 2022","","","VDE","VDE Conferences"
"Performance analysis of Grid Interactive PV system with PLL Controlled Three Phase Inverter","S. Gautam; S. Agrawal","Department of Electrical Engineering, Rajasthan Technical University, Kota, India; Department of Electrical Engineering, Rajasthan Technical University, Kota, India","2021 International Conference on Smart Generation Computing, Communication and Networking (SMART GENCON)","21 Dec 2021","2021","","","1","6","Micro grids are a self-sufficient energy distribution system unique for every geographic situation comprising mostly of nonconventional sources of energy i.e. renewables like solar, wind, tidal, small running hydro, etc. in combination with energy storage devices like battery banks and super capacitors, acting as a single controllable unit with respect to the grid. In this developed three phase grid connected PV based micro grid main objective is, the control of three phase inverter supplied by the DC power generated by photovoltaic array and to obtain a grid synchronized output by the renewable resource. This paper implements a MATLAB 17a Simulink micro grid model consisting of a 100kW PV array, whose maximum power point is tracked by Perturb and Observe algorithm, controlling the DC boost chopper duty ratio, to supply a constant voltage to the Voltage Source Inverter connected to the grid controlled by Phase Locked Loop controller. This manuscript helps us to understand and develop the simulated results generating the desired power, voltage and frequency outputs with limited Total Harmonic Distortions of a PV based micro grid connected to a three phase grid via Voltage Source Inverter. The main highlight is the synchronous three Phase Locked Loop triggering mechanism developed for the grid connected inverter switches.","","978-1-6654-2503-2","10.1109/SMARTGENCON51891.2021.9645920","","https://ieeexplore.ieee.org/stamp/stamp.jsp?arnumber=9645920","Maximum power point tracker (MPPT);Perturb and Observe (P&O);Phase Locked Loop (PLL);PV array;Total Harmonic Distortion (THD);Voltage Source Inverter (VSI)","Phased arrays;Maximum power point trackers;Renewable energy sources;Total harmonic distortion;Voltage source inverters;Software packages;Mathematical models","","2","","21","IEEE","21 Dec 2021","","","IEEE","IEEE Conferences"
"Myoelectric Signal Based Multiple Grip Pattern Prosthetic Arm","R. Khatik; V. Yadav","Department of Mechatronics Engineering, Terna Engineering College, Nerul, Navi Mumbai, India; Department of Electronics & Telecommunication Engineering, Terna Engineering College, Nerul, Navi Mumbai, India",2018 6th Edition of International Conference on Wireless Networks & Embedded Systems (WECON),"1 Aug 2019","2018","","","92","96","In today's time there are a lot of skilled people who cannot work due to the loss of limb. These people are known as arm amputees. They need help of someone even to perform their mundane task. In other words they are capable to perform a task yet not self-sufficient due to their disability. This paper aims to provide a feasible solution to the amputee patients. Even though the patient has lost his/her limb, the muscles are still functioning near the amputated part. This projects focuses on the electromyography signals generated by the user near the amputated part. These ultra low level signals are picked up by the EMG sensor, the noise is filtered and important features are extracted out of it. A fuzzy logic system is created for various grip patterns on the LabVIEW software using the extracted features. The Arduino controller is then instructed to actuate the servo motors as per the grip pattern output from the LabVIEW. The servo motors in turn is used to actuate the fingers of the prosthetic arm via fishing lines as tendons. The prosthetic arm is 3D printed using ABS plastic to reduce the weight of the overall system and to reduce the cost factor. In this way different gripping patterns is controlled on the prosthetic arm based on the features extracted. The versatility of this project lies in distinguishing the EMG signals depending on the intensity of the signal, thus performing various gripping patterns on the prosthetic arm.","","978-1-5386-7050-7","10.1109/WECON.2018.8782069","","https://ieeexplore.ieee.org/stamp/stamp.jsp?arnumber=8782069","EMG signal;servo motor;fuzzy logic controller;LabVIEW","Servomotors;Feature extraction;Electrodes;Muscles;Electromyography;Fuzzy logic;Prosthetics","","3","","13","IEEE","1 Aug 2019","","","IEEE","IEEE Conferences"
"A Novel Design Approach for Multi-Carrier Energy Systems Incorporating Self-Sufficient Microgrids","N. Daryani; K. Zare; S. Tohidi; J. M. Guerrero; N. Bazmohammadi","Faculty of Electrical and Computer Engineering, University of Tabriz, Tabriz, Iran; Faculty of Electrical and Computer Engineering, University of Tabriz, Tabriz, Iran; Faculty of Electrical and Computer Engineering, University of Tabriz, Tabriz, Iran; CROM AAU Energy, Aalborg University, Aalborg East, Denmark; CROM AAU Energy, Aalborg University, Aalborg East, Denmark",2025 10th International Conference on Technology and Energy Management (ICTEM),"15 Jul 2025","2025","","","1","6","Energy hubs that connect different energy systems, form a multi-carrier energy (MCE) network, which is emerging as a new paradigm for the future of energy supply. This study investigates the self-adequacy of microgrids (MGs) within an MCE framework, aiming to achieve an optimal MG design. The MGs under consideration operate in both grid-connected and islanded modes, allowing for independent performance and improving supply adequacy. This leads to a large-scale, nonlinear optimization problem that requires robust optimization techniques to solve. A modified version of the group search optimization (GSO) algorithm is employed to tackle this issue effectively. To facilitate comprehensive performance, analysis, and evaluations, several efficient indices are proposed. The developed scheme is applied to an 11 -hub test system, and the results are thoroughly analyzed and discussed to demonstrate the viability and effectiveness of the proposed approach. By implementing the proposed method, the optimal design as well as the appropriate value for the MGs which can be optimally operated in the considered MCE system is achieved","","979-8-3315-3862-0","10.1109/ICTEM66196.2025.11063575","University of Tabriz(grant numbers:(S.3044)); ","https://ieeexplore.ieee.org/stamp/stamp.jsp?arnumber=11063575","Energy Hub;Microgrids;Multi-Carrier Energy Systems;Supply Adequacy;Group Search Optimization Algorithm","Costs;Microgrids;Linear programming;Search problems;Planning;Performance analysis;Partitioning algorithms;Indexes;Optimization;Load flow","","","","22","IEEE","15 Jul 2025","","","IEEE","IEEE Conferences"
"Replacing Transmission Infrastructure with Solar and Energy Storage Systems: An Islanded Microgrid Case Study","A. F. Bastos; T. A. Nguyen; R. H. Byrne; R. Weed","Energy Storage Technology & Systems Dept., Sandia National Laboratories, Albuquerque, NM, USA; Energy Storage Technology & Systems Dept., Sandia National Laboratories, Albuquerque, NM, USA; Energy Storage Technology & Systems Dept., Sandia National Laboratories, Albuquerque, NM, USA; CleanTech Strategies, Seattle, WA, USA",2022 IEEE Power & Energy Society Innovative Smart Grid Technologies Conference (ISGT),"12 Jul 2022","2022","","","1","5","Substantial decreases in the cost of solar and energy storage systems create suitable conditions for implementing microgrids that operate independently from the main transmission/distribution grids. Such microgrids concept is particularly of interest for islanded and remote communities, which oftentimes rely on expensive energy resources to supply their demand. This paper presents the design of a microgrid for an island community, in which transmission infrastructure (an aging subsea cable that connects to the mainland grid) is replaced by solar and energy storage systems. Based on historical demand data and solar generation forecasts, an optimization framework is proposed to determine sizes of the microgrid components such that the local generation resources are self-sufficient and reliable. Results of this analysis show that, indeed, solar and energy storage systems are viable choices for implementing a microgrid and replacing transmission infrastructure.","2472-8152","978-1-6654-3775-2","10.1109/ISGT50606.2022.9817557","U.S. Department of Energy; ","https://ieeexplore.ieee.org/stamp/stamp.jsp?arnumber=9817557","battery energy storage system;diesel generator;islanded grid;microgrid;solar photovoltaic","Underwater cables;Photovoltaic systems;Costs;Energy resources;Microgrids;Aging;Smart grids","","3","","10","USGov","12 Jul 2022","","","IEEE","IEEE Conferences"
"Cyber-Physical Design and Implementation of Service Restoration Framework for Islanded Power Systems","C. T. Hassan; T. M. Jadoon","Department of Electrical Engineering, Lahore University of Management Sciences, Lahore, Pakistan; Department of Electrical Engineering, Lahore University of Management Sciences, Lahore, Pakistan",2023 International Conference on Future Energy Solutions (FES),"19 Jul 2023","2023","","","1","9","Cyber-physical energy systems with high penetration of distributed energy resources provide several grid support functions including black-start in islanded mode. In an inverter dominated power system, both grid-forming (GFM) and grid-following (GFL) inverters have a role to play in regulating system frequency/voltage and maintaining proportional power sharing through grid support functions. A self-sufficient power system can restore critical loads by forming microgrids (MGs) around black-start distributed generators (DGs). This work proposes a service restoration framework that adopts GFM inverters as black-start units and achieves load restoration in the context of dynamic MGs with automatic sectionalization and network reconfiguration. The proposed approach is structured as a two-layer framework consisting of an optimization and power systems simulation layer. Mathematical optimization models can only solve for the steady-state power equations. However, the associated dynamic transient response can cause instability in a weak power grid. Therefore, the optimization layer explicitly incorporates dynamic stability constraints developed from the power systems simulation layer. An optimal network reconfiguration sequence and power reference commands for DGs are generated during the restoration process. Moreover, a consensus based multi-agent distributed control is designed for coordination among GFM and GFL inverters. The approach is validated over a modified IEEE-123 node test feeder using real-time controller-in-the-loop simulation with OPAL-RT simulator.","","979-8-3503-3230-8","10.1109/FES57669.2023.10183314","","https://ieeexplore.ieee.org/stamp/stamp.jsp?arnumber=10183314","cyber-physical energy system (CPES);mixed-integer second-order cone programming (MISOCP);inverter-based distributed generator (IBDG);energy storage system (ESS)","Power system dynamics;Power system simulation;Microgrids;Power system stability;Inverters;Real-time systems;Stability analysis","","2","","19","IEEE","19 Jul 2023","","","IEEE","IEEE Conferences"
"Elite Genetic Algorithm Based Self-Sufficient Energy Management System for Integrated Energy Station","L. Liu; X. Su; L. Chen; S. Wang; J. Li; S. Liu","Qinghai Key Lab of Efficient Utilization of Clean Energy, Qinghai University, Xining, China; Qinghai Key Lab of Efficient Utilization of Clean Energy, Qinghai University, Xining, China; Qinghai Key Lab of Efficient Utilization of Clean Energy, Qinghai University, Xining, China; Zhangjiakou Chongli District Power Supply Branch, State Grid Jibei Electric Power Company, Zhangjiakou, China; Zhangjiakou Chongli District Power Supply Branch, State Grid Jibei Electric Power Company, Zhangjiakou, China; Zhangjiakou Chongli District Power Supply Branch, State Grid Jibei Electric Power Company, Zhangjiakou, China",IEEE Transactions on Industry Applications,"19 Jan 2024","2024","60","1","1023","1033","In order to solve adverse effects caused by disorderly hydrogen refueling behavior of hydrogen fuel cell vehicles (HFCVs) and output power uncertainty of renewable energy sources on integrated energy stations, this article proposes a self-sustained energy management system based on elite genetic algorithm for integrated energy stations (IESs) to support the low carbon and economical operation of self-sustained highway transportation energy system. First, a detailed IES model is developed to simulate dynamic interaction between utility grid, hydrogen network and transportation network. Second, a two-layer energy optimization management system is established. The upper layer forms user behavior modes of HFCVs to reduce its peak-valley difference and hydrogen refueling cost. The lower layer gives energy management strategies and feeds back to the upper layer based on HFCVs refueling behavior patterns to improve self-sustain rate and reduce carbon emission costs of IESs, meanwhile IESs provide auxiliary services according to their operating status. The simulation results verify the feasibility and correctness proposed IESs model and its self-sustained energy management system.","1939-9367","","10.1109/TIA.2023.3292326","National Natural Science Foundation of China(grant numbers:52167022); Natural Science Foundation of Qinghai(grant numbers:2022-ZJ-935Q); ","https://ieeexplore.ieee.org/stamp/stamp.jsp?arnumber=10173500","Highway transportation energy system;hydrogen fuel cell vehicle;integrated energy station;low carbon emission;self-sustain","Hydrogen;Transportation;Hydrogen storage;Optimization;Planning;Load modeling;Fuel cells","","13","","29","IEEE","5 Jul 2023","","","IEEE","IEEE Journals"
"A novel energy management system for modified zero energy buildings using multi-agent systems","S. Sharma; M. Singh; S. Prakash","Centre for Energy Studies, Indian Institute of Technology Delhi, New Delhi, India; Electrical and Instrumentation Engineering Department, Thapar University, Patiala, India; Electrical and Instrumentation Engineering Department, Thapar University, Patiala, India",2017 IEEE International Conference on Smart Grid and Smart Cities (ICSGSC),"18 Sep 2017","2017","","","267","271","Rising trend towards urbanization has resulted in the emergence of urban buildings as major energy consumers. This has increased the burden on the grid which may eventually result into severely interrupted power supply and outages. In order to assist the over-burdened grid, a modified concept of zero energy buildings (ZEBs), which consist of individual generation systems, has been developed. In order to minimize their grid-dependency, this paper modifies ZEBs and makes them self-sufficient by incorporating instantaneous power management techniques. Accordingly, a power management scheme for decentralized control of dispersed parameters which has been achieved through the technique of multiagent system (MAS). For the purpose of simulations, agent models have been developed using JAVA Agent Development Framework (JADE). Extensive simulations have been performed and results have been obtained for optimal power management and load scheduling using Genetic algorithm (GA).","","978-1-5386-0504-2","10.1109/ICSGSC.2017.8038589","","https://ieeexplore.ieee.org/stamp/stamp.jsp?arnumber=8038589","Energy management system;Genetic algorithm;multi-agent system;zero energy building","Energy management;Fuel cells;Buildings;Batteries;Load modeling;Real-time systems;Power generation","","2","","15","IEEE","18 Sep 2017","","","IEEE","IEEE Conferences"
"Compact Lightweight Wideband Multi-channel Millimetre-Wave Self-sufficient Down Converter","M. Sarkar; R. Lahiri","Product Development and Innovation Centre, Bharat Electronics, Prof. U R Rao Road Jalahalli, Bangalore; Product Development and Innovation Centre, Bharat Electronics, Prof. U R Rao Road Jalahalli, Bangalore","2023 IEEE Microwaves, Antennas, and Propagation Conference (MAPCON)","20 Mar 2024","2023","","","1","6","Design of a compact, lightweight, wideband multi-channel, self-sufficient, phased matched millimetre-wave down converter has been discussed in this article. Here single stage down conversion has been use to down convert millimetre wave signals to S band IF signal with the help of Ku band LO signals. Frequency planning is done carefully to avoid in-band unwanted spurs. Low loss sharp rejection narrow band pass filter is used to get excellent image rejection characteristics. Each down converted IF signal is further converted to differential status signals. These status signals are used to control the operation of the down converter itself. Excellent in-band and out of band harmonics/ spur rejection has been targeted over ultra wideband frequencies. 2dB±1.5dB gain variation, >60dB harmonic/spurious rejection (over DC-40GHz) with >56dBc (min) image rejections have been achieved in the developed prototypes over −25°C to +55°C and 3 axis (X-Y-Z) random vibrations to establish the design concept.","","979-8-3503-2826-4","10.1109/MAPCON58678.2023.10464152","Research and Development; ","https://ieeexplore.ieee.org/stamp/stamp.jsp?arnumber=10464152","Millimetre wave subsystem;High Frequency Down converters;Image Rejection;Sharp Rejection Filter;Wideband Receiver;in /out of Band Harmonics/ Spurs and Phase Matching","Band-pass filters;Vibrations;Passive filters;Prototypes;Packaging;Frequency conversion;Systems simulation","","2","","17","IEEE","20 Mar 2024","","","IEEE","IEEE Conferences"
"Robustness of a self-sufficient control algorithm in real grid situations in the low-voltage grid","V. Barta; S. Baumgartner; S. Uhrig; R. Witzmann",NA; NA; NA; NA,ETG Congress 2023,"4 Jul 2023","2023","","","1","7","The increasing volatile feed-in of distributed energy resources and the ongoing addition of new electricity consumers pose challenges for distribution system operators. In order to replace rigid technologies such as time switches, a grid-serving load management concept is being pursued. The technology used today, which controls according to fixed time schedules, no longer corresponds to the grid behavior with regard to volatile feed-in and time variable consumers. The proposed self-sufficient, decentral acting control algorithm estimates the actual local grid condition with the help of historical measurement data. In a real laboratory in Germany, about 70 control units are installed at the grid connection point of a household in the low-voltage grid. The control units handle the measurement data logging and controls the flexible loads in such a way that they support the grid in accordance with the requirements that limit the permissible blocking times per day. After the principle robustness was already proven, special grid situations are covered in these investigations. These are for example actions of on-load tap changers or changes of the grid structure due to switching operations of the distribution system operator. It is shown, that the self-adjustment of the algorithm balances these short-term changes as well as long-term seasonal effects. The decentralized algorithm estimates the local grid condition in order to calculate grid-serving switching commands. The approach requires no manual intervention and no knowledge of the processes in and on the grid. After a power failure, the system is immediately up and running again, even without communication. The decentralized approach already provides distribution system operators with a low-communication a control solution in compliance with legal and contractual requirements today.","","978-3-8007-6108-1","","","https://ieeexplore.ieee.org/stamp/stamp.jsp?arnumber=10173051","","","","","","","","4 Jul 2023","","","VDE","VDE Conferences"
"Self-Sufficient Participation in Cloud-Based Demand Response","D. Sehloff; M. Marathe; A. Manur; G. Venkataramanan","University of Wisconsin-Madison, Madison, WI, USA; University of Wisconsin-Madison, Madison, WI, USA; University of Wisconsin-Madison, Madison, WI, USA; University of Wisconsin-Madison, Madison, WI, USA",IEEE Transactions on Cloud Computing,"8 Mar 2022","2022","10","1","4","16","Demand response and distributed energy storage present significant opportunities for improving the reliability of power systems under increasing threats of natural disasters and uncertainty in sources and loads. In addition, the distributed control and resources which these technologies bring to the customer open promising potential of resilience for individual customers and their critical loads. This article proposes a unification of the problems of system reliability and individual resilience for critical loads through a cloud-based framework for control and optimization relying on centralized decision-making and distributed emergency control. A formulation is presented for optimal power flow with demand response and storage scheduling including N-1 contingencies and guarantees of serving critical loads even when they are isolated in a contingency. The local platform for control and communication under demand response and islanded emergency operations is discussed. A case study with simulation results for a 24 hour period demonstrates the advantages of this framework for the overall power system in terms of operation cost and for an individual customer in terms of serving a critical load in an emergency scenario.","2168-7161","","10.1109/TCC.2021.3118212","National Science Foundation Graduate Research Fellowship Program(grant numbers:DGE-1747503); ","https://ieeexplore.ieee.org/stamp/stamp.jsp?arnumber=9562160","Demand response;energy storage;contingency analysis;energy resilience;self-organization;power system optimization","Demand response;Optimization;Cloud computing;Resilience;Power systems;Reliability;Microgrids","","7","","52","IEEE","6 Oct 2021","","","IEEE","IEEE Journals"
"Stacker: A Holistic Cloud Computing Based Framework for Smart Cities","Y. Tyagi; A. Goyal","Department of Computer Science and Engineering, Amity School of Engineering and Technology, Amity University Uttar Pradesh, Noida, India; Department of Computer Science and Engineering, Amity School of Engineering and Technology, Amity University Uttar Pradesh, Noida, India","2020 2nd International Conference on Advances in Computing, Communication Control and Networking (ICACCCN)","1 Mar 2021","2020","","","827","830","Cloud Computing is ubiquitous, almost like plastics. Cloud computing, when introduced in its modern context, did serve the purposes it was intended to. But, the rapid pace of the changes occurring in our society has left the idea of computing superfluous. Problems such as security concerns, latency are the flagbearers of this shift towards the decentralized system i.e., fog computing. Moreover, the current computing power is significantly lower from what it can be, which is evident from the case study calculating Barcelona's computing capacity. The power of volunteer computing has also been substantially undermined, without realizing that it is the key to a self-sufficient ecosystem of IoT, which in terms supports the smart cities which the world is keen on developing. In this paper, through intensive analysis of pre-existing or published papers, a self-sufficient much-needed model, named as Stacker, is provided, which can play a pivotal role in alleviating the problems pertaining to autonomous smart cities. The proposed model is based on Cloud Computing, Fog Computing, and MANET (Mobile Ad Hoc Network).","","978-1-7281-8337-4","10.1109/ICACCCN51052.2020.9362884","","https://ieeexplore.ieee.org/stamp/stamp.jsp?arnumber=9362884","ubiquitous computing;decentralized systems;ecosystem;self-sufficient systems;autonomous systems;smart cities;fog computing;MANET","Cloud computing;Smart cities;Computational modeling;Ubiquitous computing;Security;Mobile ad hoc networks;Edge computing","","4","","12","IEEE","1 Mar 2021","","","IEEE","IEEE Conferences"
"Hybrid Learning Blockchain assisted approach to Secure Software Defined Networks","H. Hamdi; L. Mhamdi; M. A. Mahmood","Department of Computer Science, Jouf University, Sakkaka, Saudi Arabia; School of Electronic & Electrical Eng. University of Leeds, Leeds, United Kingdom; Department of Information Systems, Jouf University, Sakkaka, Saudi Arabia",GLOBECOM 2023 - 2023 IEEE Global Communications Conference,"26 Feb 2024","2023","","","7550","7555","SDN has become a great self-sufficient management and network configuration paradigm. In contrast to traditional networks, SDN separates the control plane from the data plane, reducing the number of operations and the time required to add new services. Despite these benefits, modern technology also introduces risks and weaknesses. As a result, a key component of SDN design is the creation of high-performance intrusion detection systems (IDSs) to categorize hostile activity. Recently, many works have introduced Machine L/DL based solutions for intrusion detection, but the problem with Machine Learning techniques is that they can produce a relatively high rate of false positives, which is a major concern for modern IDS. While deep learning techniques have not yet demonstrated a high efficiency in intrusion detection, blockchain technology can help learning Machine learning /Deep learning models to be reused and shared with confidence as well as reducing the false positive rate generated by ML algorithms, thereby improving the efficiency of DL models in the IDS field. This article presents a successful integration of ML/DL learning with blockchain to improve the utilisation of machine learning techniques to detect intrusions in SDN networks by improving the construction of prediction models, and improving the robustness of learning-based solutions.","2576-6813","979-8-3503-1090-0","10.1109/GLOBECOM54140.2023.10437606","","https://ieeexplore.ieee.org/stamp/stamp.jsp?arnumber=10437606","IDSs;SDN;Blockchain technology;Machine learning;Deep learning","Deep learning;Scalability;Intrusion detection;Blockchains;Complexity theory;Security;Software defined networking","","","","20","IEEE","26 Feb 2024","","","IEEE","IEEE Conferences"
"Hybrid renewable energy system optimisation for application in the winemaking sector","R. Teixeira; A. Cerveira; A. Silva; J. Baptista","Department of Engineering, Univ. Trás-os-Montes and Alto Douro, Vila Real, Portugal; Department of Mathematics, Univ. Trás-os-Montes and Alto Douro LIAAD-INESCTEC UTAD Pole, Vila Real, Portugal; EDS- Energy Drawing Systems, Bragança; Department of Engineering, Univ. Trás-os-Montes and Alto Douro CPES-INESCTEC UTAD Pole, Vila Real, Portugal",2024 IEEE 22nd Mediterranean Electrotechnical Conference (MELECON),"30 Jul 2024","2024","","","272","277","The objective of achieving carbon neutrality by 2050 requires the various sectors of the economy to actively participate in the decarbonisation of all their activities, from production to consumption and product distribution. The vineyard and wine production sector is no exception to this goal. This paper aims to evaluate the feasibility and efficiency that hybrid energy systems based on renewable energy sources, solar photovoltaic (PV) and wind, can contribute to energy efficiency in certain activities related to wine production. In this sense, this study presents results based on linear programming optimisation models, which show how effective they are in minimising the use of energy from the power grid. The results show that renewable hybrid energy systems based on PV and wind are an effective solution for achieving carbon neutrality in some agricultural sectors, particularly winemaking sector. Besides being able to minimise the energy bought from the grid, the hybrid renewable energy system (HRES) is almost self-sufficient, being able to produce 340,232 kWh over 25 years.","2158-8481","979-8-3503-8702-5","10.1109/MELECON56669.2024.10608472","EDS; ","https://ieeexplore.ieee.org/stamp/stamp.jsp?arnumber=10608472","Hybrid energy systems;Optimisation;Linear programming;Renewable energy","Photovoltaic systems;Renewable energy sources;Wine industry;Wind energy;Optimization models;Production;Carbon neutral","","1","","21","IEEE","30 Jul 2024","","","IEEE","IEEE Conferences"
"A Framework for Service Restoration of Cyber-Physical Power Systems","C. T. Hassan; T. Mahmood Jadoon","Department of Electrical Engineering, Lahore University of Management Sciences, Lahore, Pakistan; Department of Electrical Engineering, Lahore University of Management Sciences, Lahore, Pakistan",2023 IEEE Belgrade PowerTech,"9 Aug 2023","2023","","","1","7","Power systems with high penetration of distributed energy resources (DERs) are essentially cyber-physical systems. Cyber-physical energy systems provide several grid support functions including black-start in islanded mode. Hence, enhancing the resilience of the power system. After a major blackout, a self- sufficient power system can restore healthy nodes by forming microgrids (MGs) around black start distributed generators (DGs). These MGs evolve over time until all the critical loads are restored. The constellation of faults and radial nature of the network determine the load pick-up order and boundaries of MGs. The mathematical optimization model can only solve for the steady-state power equations. However, the associated dynamic transient response can cause instability across all connected nodes in a weak power grid. To address these challenges a multi-layer service restoration framework is proposed for a re-configurable cyber-physical distribution system. The rolling horizon optimization problem is formulated as a mixed-integer second-order cone program (MISOCP) which explicitly incorporates dynamic stability constraints. The associated network traffic generated from the optimization layer is simulated in a network simulator to determine the communication latencies, whereas the power system simulations are performed in GridLAB-D. The approach is validated over a modified IEEE-123 node test feeder through simulation and the results are presented to demonstrate the efficacy of the framework for real-world applications including multiple fault scenarios with communication latencies.","","978-1-6654-8778-8","10.1109/PowerTech55446.2023.10202848","","https://ieeexplore.ieee.org/stamp/stamp.jsp?arnumber=10202848","cyber-physical system;mixed-integer second- order cone programming;inverter-based distributed generator (IBDG);energy storage system (ESS)","Analytical models;Power system dynamics;Microgrids;Voltage;Power system stability;Mathematical models;Real-time systems","","1","","27","IEEE","9 Aug 2023","","","IEEE","IEEE Conferences"
"A Framework for Service Restoration of Cyber-Physical Power Systems","C. T. Hassan; T. M. Jadoon","Department of Electrical Engineering, Lahore University of Management Sciences, Lahore, Pakistan; Department of Electrical Engineering, Lahore University of Management Sciences, Lahore, Pakistan",2023 IEEE PES GTD International Conference and Exposition (GTD),"29 Sep 2023","2023","","","256","262","Power systems with high penetration of distributed energy resources (DERs) are essentially cyber-physical systems. Cyber-physical energy systems provide several grid support functions including black-start in islanded mode. Hence, enhancing the resilience of the power system. After a major blackout, a self-sufficient power system can restore healthy nodes by forming microgrids (MGs) around black start distributed generators (DGs). The location of faults and radial nature of the network determine the load pick-up order and boundaries of MGs. The mathematical optimization model can only solve for the steady-state power equations. However, the associated dynamic transient response can cause instability across all connected nodes in a weak power grid. To address these challenges a multi-layer service restoration framework is proposed for a re-configurable cyber-physical distribution system. The rolling horizon optimization problem is formulated as a mixed-integer second-order cone program (MISOCP) which explicitly incorporates dynamic stability constraints. The associated network traffic generated from the optimization layer is simulated in a network simulator to determine the communication latencies, whereas the power system simulations are performed in GridLAB-D. The approach is validated over a modified IEEE-123 node test feeder and results are presented to demonstrate the efficacy of the framework for real-world applications including multiple fault scenarios with communication latencies.","","978-1-7281-7025-1","10.1109/GTD49768.2023.00075","","https://ieeexplore.ieee.org/stamp/stamp.jsp?arnumber=10261704","cyber-physical system;mixed-integer second-order cone programming;inverter-based distributed generator (IBDG);energy storage system (ESS)","Analytical models;Power system dynamics;Microgrids;Voltage;Power system stability;Mathematical models;Real-time systems","","","","21","IEEE","29 Sep 2023","","","IEEE","IEEE Conferences"
"Small-scale Off-grid Energy Supply System Architecture for Sustainable Greenhouses","B. Beszédes","Alba Regia Technical Faculty, Óbuda University, Székesfehérvár, Hungary",2024 IEEE 22nd World Symposium on Applied Machine Intelligence and Informatics (SAMI),"14 Feb 2024","2024","","","000377","000382","Electricity is needed for the operation of additional infrastructures to support farming. Generating electricity separately from the public grid and providing it from diverse sources means high reliability for self-sufficient and sustainable crop production. This article presents an architecture optimized for efficiency and cost in terms of heat and electricity supply for a small scale, off-grid greenhouse.","2767-9438","979-8-3503-1720-6","10.1109/SAMI60510.2024.10432837","","https://ieeexplore.ieee.org/stamp/stamp.jsp?arnumber=10432837","hybrid renewable energy system;energy storage system;sustainable energy supply;off-grid greenhouse;greenhouse energy supply","Renewable energy sources;Wind;Green products;Systems architecture;Production;Reliability;Resistance heating","","","","35","IEEE","14 Feb 2024","","","IEEE","IEEE Conferences"
"Optimized planning of self-sufficient microgrids","S. Rädle; J. Mast; J. Gerlach; O. Bringmann","Albstadt-Sigmaringen University, Albstadt, Germany; Albstadt-Sigmaringen University, Albstadt, Germany; Albstadt-Sigmaringen University, Albstadt, Germany; University of Tübingen, Tubingen, Germany",CIRED Porto Workshop 2022: E-mobility and power distribution systems,"27 Jul 2022","2022","2022","","656","660","The paper describes a methodology for an optimized planning of a microgrid considering multiple objec-tives. The developed methodology generates a pareto set of optimized planning solutions by means of an iterative procedure, which allows to systematically analyze and explore different prioritizations of the objectives as well as their dependencies and trade-offs, and therefore to identify an optimized planning solution for a concrete constel-lation of boundary conditions and objectives. A proposed planning solution covers both the technological design of the microgrids' virtual power plant (in terms of the composition and dimensioning of power plant types) and the energy storage system (in terms of the dimensioning of the storage units used in the microgrid). The energy storage system includes both stationary storages and mobile storages in electric vehicles, which are actively integrated into the energy storage system via a vehicle-to-grid approach. In the following, the degree of self-sufficiency of the microgrid, the total CO2 emissions and the mobility requirements of the electric vehicles integrated in the microgrids' energy storage system are considered as objectives. To build up the pareto set of optimized proposed solutions, various metaheuristics, including Artificial Bee Colony, Particle Swarm Optimization, and Simulated Annealing, were investigated and evaluated.","","978-1-83953-705-9","10.1049/icp.2022.0790","","https://ieeexplore.ieee.org/stamp/stamp.jsp?arnumber=9841862","","","","","","","","27 Jul 2022","","","IET","IET Conferences"
"Scalability and Replicability Analysis of an Island Microgrid Concept","B. Herndler; S. P. Menci; J. Kapeller; J. Bruschi; T. Wagner","Electrical Energy Systems, Austrian Institute of Technology (AIT), Vienna, Austria; Electrical Energy Systems, Austrian Institute of Technology (AIT), Vienna, Austria; Electrical Energy Systems, Austrian Institute of Technology, Vienna, Austria; Assets and Infrastructure department, Enedis, Nice, France; Assets and Infrastructure department, Enedis, Nice, France",2020 2nd IEEE International Conference on Industrial Electronics for Sustainable Energy Systems (IESES),"1 Oct 2020","2020","1","","233","239","The evolution in the electrical power network has seen various changes where historical characteristics of centralized generation, fixed loads and uniform power flow have transformed into systems which are decentralized, controllable and facilitate bi-directional power flow. The increase in distributed energy resources (DERs) allow for the increase in microgrid solutions to be implemented in order to ensure uninterruptible supply solutions in areas where system reliability poses as a challenge. This includes electrification of rural networks and islanding solutions where the implementation of highly intrusive electrical infrastructure is not technically feasible or economically justifiable. This paper investigates the potential scalability and replicability effects on the system architecture concept of an island microgrid based on renewable energy resources (RES), battery storage and demand side management (DSM) in order to provide a self-sufficient islanding system. This scalability and replicability analysis (SRA) is done within the InterFlex project. The main objective of the SRA is to scale the microgrid system in order to achieve a theoretical minimum islanding duration of 21 consecutive days based on the existing boundary conditions imposed on the French islands of Lérins. This is achieved through the simulation of the behavior of the network model when these parameters are ‘stressed’. Thereafter, the analysis combines the results to provide a proposed solution based on a worst-case analysis. The paper also investigates the possibility of developing a business model based on the amount of additional flexibility which is available whilst ensuring that the 21 days of islanding duration is sustained. Seasonality is also included in order to observe the dependency of the system variations throughout the year. The results obtained showed that an islanding duration of 21 days is theoretically possible using the well-sized assets. However, the overall system (PV + storage systems) would likely be too cumbersome to be installed on the islands, even with the inclusion of a DSM techniques.","","978-1-7281-4017-9","10.1109/IESES45645.2020.9210692","","https://ieeexplore.ieee.org/stamp/stamp.jsp?arnumber=9210692","Islanding duration;Microgrid;Scalability;Replicability;PV generation;Battery Storage;Demand side Management","Industrial electronics;Renewable energy sources;Scalability;Systems architecture;Microgrids;Batteries;Reliability;Replicability;Load flow;Meteorology","","","","8","IEEE","1 Oct 2020","","","IEEE","IEEE Conferences"
"AI Control System for Power Grid Based on Distributed Energy Resources","I. V. Pribylskii; D. V. Armeev","Electric power engineering and electric equipment, Novosibirsk State Technical University, Novosibirsk, Russia; Electric power engineering and electric equipment, Novosibirsk State Technical University, Novosibirsk, Russia",2024 IEEE 25th International Conference of Young Professionals in Electron Devices and Materials (EDM),"5 Aug 2024","2024","","","1420","1425","Advancements in energy technology have made it increasingly feasible and cost-effective to implement small-scale power systems, empowering communities and individuals to generate their own electricity and become more self-sufficient. Thus, small power systems based on distributed generation are a significant technological trend in power engineering development. The design and implementation of smart control systems for such grids is one of the top priorities for advancing the country’s technological leadership. In this regard, this article will present an artificial intelligence control system based on Large Language Model designed to assist stakeholders of smart grids effectively manage the decision-making process. Experiments, meticulously conducted using a simulated power grid model, robustly demonstrate the system’s efficacy in executing user commands and dynamically adapting to frequency variations. Comprehensive results of experiments, encompassing various operational scenarios, will also be presented. This study lays the essential groundwork for further refinement and experimentation, with far-reaching implications for advancing AI-driven grid management systems.","2325-419X","979-8-3503-8923-4","10.1109/EDM61683.2024.10614965","","https://ieeexplore.ieee.org/stamp/stamp.jsp?arnumber=10614965","artificial intelligence;Large Language Model;microgrid;neural network;control system;smart grid","Power engineering;Large language models;Decision making;Process control;Control systems;Natural language processing;Distributed power generation","","1","","10","IEEE","5 Aug 2024","","","IEEE","IEEE Conferences"
"Simulation of wind only system with battery energy storage and dump load","N. Gautam; A. Kumar","Department of Electrical Engineering, National Institute of Technology, Kurukshetra, India; Department of Electrical Engineering, National Institute of Technology, Kurukshetra, India",2015 2nd International Conference on Recent Advances in Engineering & Computational Sciences (RAECS),"19 Apr 2016","2015","","","1","6","It has become imperative for the power and energy engineers to look out for the renewable energy sources such as sun, wind, geothermal, ocean and biomass as sustainable, cost-effective and environment friendly alternatives for conventional energy sources. However, the non-availability of these renewable energy resources all the time throughout the year has led to research in the area of hybrid renewable energy systems. Since hybrid power systems are mostly used in remote areas where grid-connection may be unavailable; these systems must be self-sufficient in frequency and voltage control. In this paper, other power elements are introduced to provide reliable service to the system load and simulated the wind turbine generator with DL showing graphs for frequency, voltage and active and reactive power for the elements of the system. These elements are called balancing mechanisms, as they balance the system's power output to match the load consumption. Fuel Cells, batteries, dump loads (DL), and fossil fuel based generation have been used as balancing mechanisms. Hybrid power system is simulated and the performance analysis is done in a user friendly MATLAB/Simulink environment. The results show that with DL frequency regulator helps in maintaining system frequency and the voltage variations are reduced. The main objectives of the model implementation are controlled flow of active power. The wind turbine kept under electrical load without losing synchronism with the help of Battery energy storage and the Dump load.","","978-1-4673-8253-3","10.1109/RAECS.2015.7453384","","https://ieeexplore.ieee.org/stamp/stamp.jsp?arnumber=7453384","Battery energy storage system(BESS);Circuit breakers (C.B);Consumer load;Dump load (DL);Exciter;Wind energy system","Wind turbines;Batteries;Load modeling;Generators;Integrated circuit modeling;Mathematical model;Wind energy","","1","","20","IEEE","19 Apr 2016","","","IEEE","IEEE Conferences"
