"Document Title",Authors,"Author Affiliations","Publication Title",Date Added To Xplore,"Publication Year","Volume","Issue","Start Page","End Page","Abstract","ISSN",ISBNs,"DOI",Funding Information,PDF Link,"Author Keywords","IEEE Terms","Mesh_Terms",Article Citation Count,Patent Citation Count,"Reference Count","License",Online Date,Issue Date,"Meeting Date","Publisher",Document Identifier
"A Solution Framework for All-to-All Comparison Data Distribution Strategy Based on Tabu Search","D. Deng; L. Li; H. Gao; H. Lin; Y. Yang; C. Meng; Y. Wang; S. Li","College of Data Science and Application, Inner Mongolia University of Technology, Inner Mongolia Autonomous Region Engineering and Technology Research Center of Big Data Based Software Service, Hohhot, China; College of Data Science and Application, Inner Mongolia University of Technology, Inner Mongolia Autonomous Region Engineering and Technology Research Center of Big Data Based Software Service, Hohhot, China; College of Data Science and Application, Inner Mongolia University of Technology, Inner Mongolia Autonomous Region Engineering and Technology Research Center of Big Data Based Software Service, Hohhot, China; College of Data Science and Application, Inner Mongolia University of Technology, Inner Mongolia Autonomous Region Engineering and Technology Research Center of Big Data Based Software Service, Hohhot, China; College of Data Science and Application, Inner Mongolia University of Technology, Inner Mongolia Autonomous Region Engineering and Technology Research Center of Big Data Based Software Service, Hohhot, China; College of Data Science and Application, Inner Mongolia University of Technology, Inner Mongolia Autonomous Region Engineering and Technology Research Center of Big Data Based Software Service, Hohhot, China; College of Data Science and Application, Inner Mongolia University of Technology, Inner Mongolia Autonomous Region Engineering and Technology Research Center of Big Data Based Software Service, Hohhot, China; College of Data Science and Application, Inner Mongolia University of Technology, Inner Mongolia Autonomous Region Engineering and Technology Research Center of Big Data Based Software Service, Hohhot, China",2021 IEEE 6th International Conference on Cloud Computing and Big Data Analytics (ICCCBDA),"2 Jun 2021","2021","","","83","89","All-to-All Comparison (ATAC) is a key computing mode to improve computing performance and is applied in many disciplines. Through the research on the data distribution strategy of the ATAC calculation, a novel solution framework of the ATAC data distribution strategy based on tabu search is proposed for the first time. An ATAC data distribution model is constructed, and the related algorithms of the model are designed based on the tabu search, and it is implemented on MATLAB. The framework consists of three parts: 1) the driver module responsible for interacting with users; 2) the load balancing module that solves the data distribution strategy that meets the load balancing situation; 3) the storage optimization module that solves the data distribution strategy that meets the load balancing and optimized storage. Experiments prove that the framework for solving the ATAC data distribution strategy based on tabu search has the following advantages: A) The data distribution strategy obtained by the framework enables the nodes of the distributed system participating in the ATAC calculation to achieve load balancing and complete data localization. B) The data distribution scheme can reduce 40%-50% of the storage space in the distributed system. C) The framework is more advanced than the existing ATAC data distribution algorithm in calculation speed.","","978-1-6654-2311-3","10.1109/ICCCBDA51879.2021.9442556","Inner Mongolia Natural Science Foundation Project(grant numbers:2019MS06027); Inner Mongolia Key Technological Development Program(grant numbers:2019ZD015,2019ZD016); Key Scientific and Technological Research Program of Inner Mongolia Autonomous Region(grant numbers:2019GG273,2020GG0094); Inner Mongolia Autonomous Region Special Program for Engineering Application of Scientific and Technical Payoffs(grant numbers:2020CG0073); ","https://ieeexplore.ieee.org/stamp/stamp.jsp?arnumber=9442556","all-to-all comparison;data distribution;tabu search;load balancing;optimal storage","Location awareness;Distribution strategy;Conferences;Distributed databases;Load management;Data models;Mathematical model","","","","16","IEEE","2 Jun 2021","","","IEEE","IEEE Conferences"
"Real-Time Crawling of Customer Behavior Data and Marketing Strategy Optimization Based on Dynamic Graph Structure Analysis","Z. Zheng; X. Dongyan","Shandong Vocational University of Foreign Affairs, School of Management, Shandong, China; Shandong Vocational University of Foreign Affairs, School of Information Engineering, Shandong, China",2025 International Conference on Machine Learning and Autonomous Systems (ICMLAS),"25 Apr 2025","2025","","","1124","1129","With the continuous development of data mining and crawler algorithms, algorithm-based precision marketing has become a research trend in the computer+business field. With this background, this study proposes the real-time crawling of customer behavior data and marketing strategy optimization based on dynamic graph structure analysis. At the algorithm level, this study first designed a distributed crawler architecture. This efficient architecture uses Redis for URL deduplication and task allocation, and combines the Scrapy framework to achieve efficient data crawling. In the optimization part, the model ensures the uniqueness of crawled data by introducing a web page duplication detection module. Secondly, this study uses the HITS algorithm to analyze web page topics and identify authoritative pages and central pages. At the same time, the vector space model is combined to accurately capture the target data. After data acquisition, the LBSN (location-based social network) multi-mode heterogeneous network is integrated and analyzed, and community clustering analysis and shortest path optimization are performed simultaneously. This step uses the mutual information method to calculate the relevance of user interest topics, and discovers key nodes (Leader Nodes) through the depth-first search (DFS) algorithm. Finally, this study combined the K-means clustering algorithm to group and analyze user data and generate consumer portraits. The experimental part used the Men's mailing data-set for verification. The results showed that the proposed precision marketing model achieved significant results in increasing customer consumption, and the average reach rate exceeded the standard threshold of 90%.","","979-8-3315-0574-5","10.1109/ICMLAS64557.2025.10968316","","https://ieeexplore.ieee.org/stamp/stamp.jsp?arnumber=10968316","Real-time Crawling;Customer Behavior Data;Strategy Optimization;Dynamic Graph Model;Data-driven Decision Making","Consumer behavior;Heuristic algorithms;Crawlers;Clustering algorithms;Web pages;Real-time systems;Data models;Vectors;Optimization;Mutual information","","","","24","IEEE","25 Apr 2025","","","IEEE","IEEE Conferences"
"Research on Logistics Big Data Asset Management and Data Mining Based on Particle Swarm Optimization","S. Guo","Yunnan University of Business Management, Kunming, China",2022 International Conference on Artificial Intelligence and Autonomous Robot Systems (AIARS),"14 Nov 2022","2022","","","391","394","The increasing progress of mobile Internet provides more opportunities for asset management technology, such as the rise of Internet of things, cloud computing and big data technology. In the field of logistics distribution, with the increasing transaction volume generated by mobile devices, the huge amount of data generated continuously also needs more and more efficient and practical data processing methods. In the field of logistics, logistics big data asset management has also become a new technical means to optimize logistics management and improve distribution efficiency. With the increasing progress of logistics informatization, the scale of logistics data increases geometrically. At present, many logistics information platforms have huge databases, but the data in them are lack of effective analysis and mining, which hides the law and value behind the data. Therefore, it is very necessary to establish a data mining (DM) system based on logistics information platform. According to the characteristics of large amount of cloud data and complex structure, this paper plans and implements a system that can manage the whole life cycle of data from collection to processing, then to cleaning, and finally to production, and capitalize these disordered data.","","978-1-6654-5457-5","10.1109/AIARS57204.2022.00094","","https://ieeexplore.ieee.org/stamp/stamp.jsp?arnumber=9943237","Particle swarm optimization;Logistics big data asset management;DM","Cloud computing;Technological innovation;Software algorithms;Production;Big Data;Asset management;Classification algorithms","","","","12","IEEE","14 Nov 2022","","","IEEE","IEEE Conferences"
"Study on the path optimization method of autonomous navigation of unmanned aerial vehicles integrating multi-sensor data","G. Yan; J. Du; S. Chen; X. Tian","Xi’an Jiaotong University, Xi’an, Shaanxi, China; Norinco Group Testing and Research Institute, Xi’an, Shaanxi, China; Norinco Group Testing and Research Institute, Xi’an, Shaanxi, China; Xi’an Jiaotong University, Xi’an, Shaanxi, China",IEEE Access,"","2025","PP","99","1","1","AI-driven and sensor-fusion methods for autonomous systems, our work addresses the critical challenge of enhancing UAV path planning through multi-sensor integration. Prior approaches—such as traditional GNSS-inertial fusion or single-camera vision—suffer from limitations in GPS-denied or dynamic environments, often lacking robustness, adaptability, or real-time performance amid obstacles and sensor noise citeturn0search1turn1search3.We propose a novel optimization framework that deeply integrates data from multiple onboard sensors—including LiDAR, vision, and inertial units—within a deep reinforcement learning architecture informed by our method section. By leveraging sensor fusion, our method dynamically adjusts flight trajectories with heightened spatial awareness, improving obstacle avoidance and significantly reducing path deviations. Experimental results demonstrate that our approach outperforms baseline single-sensor and non-fused systems, achieving smoother, safer routes with lower cumulative error and real-time responsiveness. This integration highlights the advantages of multi-sensor fusion inUAVnavigation, aligning strongly with the special issue’s theme of advanced data-driven autonomous flight.","2169-3536","","10.1109/ACCESS.2025.3609022","","https://ieeexplore.ieee.org/stamp/stamp.jsp?arnumber=11159199","Multi-sensor fusion;Deep reinforcement learning;UAV path optimization;Obstacle-aware trajectory planning;Sensor-integrated autonomous","Autonomous aerial vehicles;Navigation;Real-time systems;Optimization;Vehicle dynamics;Planning;Autonomous robots;Adaptation models;Simultaneous localization and mapping;Robustness","","","","","CCBY","11 Sep 2025","","","IEEE","IEEE Early Access Articles"
"Optimization of Bayesian Inference Algorithm in Multimodal Data Fusion","J. Deng; W. Wang","Beijing Institute of Technology, Beijing, China; Beijing Institute of Technology, Beijing, China",2024 4th International Conference on Communication Technology and Information Technology (ICCTIT),"24 Mar 2025","2024","","","751","755","This paper proposes an optimized Bayesian inference algorithm, which aims to improve fusion accuracy and computational efficiency by improving the model structure and introducing an adaptive weighting mechanism. Specifically, this paper optimizes the algorithm’s computational process by adjusting the structure of the Bayesian network, using methods such as variational inference and distributed computing, and reduces the computational burden in the data fusion process. In addition, this paper also proposes a new data uncertainty modeling strategy that can better handle the noise and missing value problems of different modal data. Through experimental verification in multiple scenarios such as smart home, medical diagnosis, and autonomous driving, the results show that the optimized algorithm performs significantly better than the traditional Bayesian inference method on multiple data sets. In experiment A, the fusion accuracy of the optimized algorithm is improved by 10%, and the computational time is reduced by 15%; in experiment B, the error rate is reduced by 12%, and the computational efficiency is improved by 18%. The experimental results show that the proposed optimization algorithm can effectively improve the accuracy and efficiency of multimodal data fusion, and has good scalability and real-time performance.","","979-8-3315-2897-3","10.1109/ICCTIT64404.2024.10928437","","https://ieeexplore.ieee.org/stamp/stamp.jsp?arnumber=10928437","Multimodal data fusion;bayesian reasoning algorithm;algorithm optimization;data accuracy","Adaptation models;Accuracy;Computational modeling;Data integration;Approximation algorithms;Inference algorithms;Cognition;Bayes methods;Computational efficiency;Optimization","","","","8","IEEE","24 Mar 2025","","","IEEE","IEEE Conferences"
"Optimizing Data Transmission in Large-Scale Sensor Networks Using UAVs: A Segmentation-Clustering and Sequential Approach","H. Liu; R. Chen; J. Zhang; Z. Jiang; G. Lu","State Key Laboratory of Mechanics and Control for Aerospace Structures, Nanjing University of Aeronautics and Astronautics, Nanjing, China; State Key Laboratory of Mechanics and Control for Aerospace Structures, Nanjing University of Aeronautics and Astronautics, Nanjing, China; State Key Laboratory of Mechanics and Control for Aerospace Structures, Nanjing University of Aeronautics and Astronautics, Nanjing, China; State Key Laboratory of Mechanics and Control for Aerospace Structures, Nanjing University of Aeronautics and Astronautics, Nanjing, China; State Key Laboratory of Mechanics and Control for Aerospace Structures, Nanjing University of Aeronautics and Astronautics, Nanjing, China",IEEE Sensors Journal,"15 Aug 2024","2024","24","16","26770","26787","In outdoor environments, the demand for real-time data transmission from large-scale sensor networks necessitates innovative solutions. This study introduces a system architecture aimed at optimizing real-time data transmission performance using fixed-wing unmanned aerial vehicles (UAVs). By deriving energy consumption and network throughput models for UAV flight, we investigate the relationships between key parameters such as sensor node (SN) distribution, UAV flight center position, and flight radius with throughput and UAV flight energy consumption. Subsequently, we establish an optimization model for UAV flight parameters to enhance both data transmission efficiency of SNs and energy efficiency of UAVs. To address the computational challenges posed by large-scale sensor network applications, we propose the segmentation-iteration clustering (SEG-C) algorithm to reduce computational complexity. Additionally, we develop the sequential optimization algorithm (SOA) by decomposing and reconstructing the complex nonconvex multiobjective optimization model and its constraints. Simulation results demonstrate that the SOA achieves optimal UAV flight parameters while maintaining the throughput threshold. Furthermore, the SEG-C algorithm significantly reduces computational scale and enhances solution efficiency, particularly in managing large-scale sensor applications.","1558-1748","","10.1109/JSEN.2024.3424560","","https://ieeexplore.ieee.org/stamp/stamp.jsp?arnumber=10599146","Real-time data transmission;throughput optimization;UAV energy consumption optimization;unmanned aerial vehicle (UAV)-assisted communication","Autonomous aerial vehicles;Data communication;Sensors;Optimization;Optimization models;Throughput;Wireless sensor networks","","","","35","IEEE","15 Jul 2024","","","IEEE","IEEE Journals"
"Research on Financial Python Visualization Technology Base on Intelligent Data Analysis","B. Fu","Yunnan University Dianchi College, Yunnan, China",2024 3rd International Conference on Artificial Intelligence and Autonomous Robot Systems (AIARS),"14 Oct 2024","2024","","","944","948","Financial analysis methods are widely used in the field of finance, and the introduction of Python technology makes it possible to analyze the financial situation of listed companies in a wider range and longer period. Based on Python visualization technology, combined with financial analysis methods and company growth stage theory, this paper collects and analyzes the data of listed companies, and uses data visualization to analyze the company's profit drivers. It is hoped that through the actual case of python visualization, the specific scheme of python application in financial big data can be analyzed, which can provide a reasonable reference for the optimization of related work.","","979-8-3503-7617-3","10.1109/AIARS63200.2024.00177","","https://ieeexplore.ieee.org/stamp/stamp.jsp?arnumber=10708910","python;visual;financial analysis","Industries;Data analysis;Data visualization;Finance;Companies;Big Data;Personnel;Data mining;Optimization;Autonomous robots","","","","10","IEEE","14 Oct 2024","","","IEEE","IEEE Conferences"
"Integrating Data-Driven and Knowledge-Driven Methodologies for Safety-Critical Scenario Generation in Autonomous Vehicle Validation","K. Hao; W. Cui; L. Liu; Y. Pan; Z. Yang","Research Center of Synkrotron, Inc., Xi'an, China; Research Center of Synkrotron, Inc., Xi'an, China; Research Center of Synkrotron, Inc., Xi'an, China; Research Center of Synkrotron, Inc., Xi'an, China; Research Center of Synkrotron, Inc., Xi'an, China","2024 IEEE 24th International Conference on Software Quality, Reliability, and Security Companion (QRS-C)","29 Oct 2024","2024","","","970","981","Autonomous driving systems (ADS) enhance driving safety and efficiency but face significant challenges in safety-critical scenarios, necessitating thorough pre-deployment validation. Traditional knowledge-driven scenario generation methods are detailed yet slow and often insufficient for comprehensive ADS domain coverage. Conversely, data-driven approaches, employing real-world data and deep learning, offer efficiency but consume extensive computational resources and focus mainly on isolated domains. This paper introduces BridgeGen, a novel framework that integrates these methodologies to overcome their limitations. BridgeGen uses an ontology-based approach to convert abstract human knowledge into structured, symbol-based spatial constraints for efficient cross-domain exploration. Extensively tested with the Carla simulator, BridgeGen efficiently generates a diverse array of critical safety scenarios essential for robust ADS validation. Within this framework, we developed a scenario generation toolkit based on the ontology-based concept, assessing single-objective (PPO and PSO) and multi-objective (NSGA-II -DT) optimization algorithms. Our results indicate that PPO and PSO enhance critical scenario generation by 1.61 and 1.41 times, respectively, compared to baseline algorithms. NSGA-II -DT, used for multi-objective optimization, improves search quality and efficiency by 1.22 times, effectively avoiding local optima and ensuring broader scenario coverage.","2693-9371","979-8-3503-6565-8","10.1109/QRS-C63300.2024.00129","National Natural Science Foundation of China(grant numbers:62232008); ","https://ieeexplore.ieee.org/stamp/stamp.jsp?arnumber=10727025","Autonomous Driving Systems;Ontology-based Modeling;Safety-Critical Scenario Generation","Deep learning;Software algorithms;Software quality;Safety;Software reliability;Scenario generation;Security;Autonomous vehicles;Optimization;Faces","","1","","53","IEEE","29 Oct 2024","","","IEEE","IEEE Conferences"
"An Optimization Method of AGV Body Topology Based on Improved Variable Density Method","H. Zhao; N. Jiang; C. Lei","School of Mechanical Engineering, Zhengzhou University, Zhengzhou, China; School of Mechanical Engineering, Zhengzhou University, Zhengzhou, China; School of Mechanical Engineering, Zhengzhou University, Zhengzhou, China","2019 International Conference on Sensing, Diagnostics, Prognostics, and Control (SDPC)","17 Aug 2020","2019","","","797","800","Aiming at the problem of large weight coefficient of AGV (Automated guided vehicle) car body at present, taking equal strength and light weight as the research target, the mechanical analysis of car body structure was carried out. The relationship between load distribution and wheel position was obtained by mathematical programming, and the constraint conditions of the topology optimization problem were obtained. An adaptive mechanism was proposed to adjust the moving window according to the change of design variables before and after iteration. An adaptive improved variable density method based on sliding window was established to optimize the topological structure of AGV car body. Finally, the structure simulation and verification were carried out to verify the effectiveness and practicability of the method, which can optimize the performance of the AGV car body structure, reduce the weight of the structure, and then improve the efficiency and rationality of the AGV operation.","","978-1-7281-0199-6","10.1109/SDPC.2019.00151","","https://ieeexplore.ieee.org/stamp/stamp.jsp?arnumber=9169054","AGV;variable density method;topological structure;optimization","Topology;Automobiles;Adaptation models;Optimization methods;Interpolation;Wheels","","1","","10","IEEE","17 Aug 2020","","","IEEE","IEEE Conferences"
"Introducing CrowdMapping: A Novel System for Generating Autonomous Driving Aiding Traffic Network Databases","M. Szántó; L. Vajta","Dept. of Control Engineering and Information Technology, Budapest University of Technology and Economics, Budapest, Hungary; Dept. of Control Engineering and Information Technology, Budapest University of Technology and Economics, Budapest, Hungary","2019 International Conference on Control, Artificial Intelligence, Robotics & Optimization (ICCAIRO)","6 Apr 2020","2019","","","7","12","High definition maps of the road networks and the roads' environment have proven to be utterly useful for autonomous driving. Such maps can prove to be useful for the autonomous vehicle for numerous purposes - e.g. preliminary route planning, danger preparation and avoidance, etc. However, producing sufficient data for such maps can be costly because of the high variability of road conditions in the time domain and depending on the load of the elements of the given piece of transport infrastructure - i.e. road loads. In this paper, the CrowdMapping architecture is introduced, which presents a novel framework developed for the generation of an extensive and high definition road database, exploiting the opportunities offered by crowdsourcing, image processing, and cloud computing. State-of-the-art research is presented in the fields related to the development of the functions of the CrowdMapping framework. The currently ongoing research and development activities linked to CrowdMapping carried out at the Budapest University of Technology and Economics are also listed in chapter III. of this paper, as well as the future work possibilities, which are listed in chapter IV.","","978-1-7281-3572-4","10.1109/ICCAIRO47923.2019.00010","","https://ieeexplore.ieee.org/stamp/stamp.jsp?arnumber=9057167","autonomous driving;smart cities;crowdsourcing;HD maps;road network mapping;CrowdMapping","Autonomous vehicles;Roads;Crowdsourcing;Cameras;Navigation;Computer architecture;Task analysis","","","","26","IEEE","6 Apr 2020","","","IEEE","IEEE Conferences"
"Estimating the Trust of Humans in AI for Level 3 Autonomous Driving","S. Kaneko; S. Yamada","The Graduate University for Advanced Studies, SOKENDAI National Institute of Informatics, Chiyoda-ku, Tokyo, Japan; National Institute of Informatics, The Graduate University for Advanced Studies, SOKENDAI, Chiyoda-ku, Tokyo, Japan",2025 20th ACM/IEEE International Conference on Human-Robot Interaction (HRI),"30 Apr 2025","2025","","","1389","1392","Trust in AI is crucial for a cooperative relationship between humans and AI in systems utilizing this technology, such as autonomous driving systems. Trust facilitates the appropriate utilization of these systems, thereby optimizing their potential benefits. If humans over-trust or under-trust an AI, serious problems such as misuse and accidents occur. To prevent over/under-trust, it is necessary to estimate trust. However, trust is an internal state of humans and is hard to observe directly. Therefore, we propose a estimation model for trust using dynamic structure equation modeling, which extends SEM and can handle time-series data. A path diagram, which shows causalities between variables, is developed in an exploratory way and the resultant path diagram is optimized for effective path structures. Over/under-trust was estimated with 99 % accuracy in an autonomous driving task. These results show that our proposed method outperformed the conventional method including an auto regression family.","","979-8-3503-7893-1","10.1109/HRI61500.2025.10973810","","https://ieeexplore.ieee.org/stamp/stamp.jsp?arnumber=10973810","Human-Agent Interaction;Autonomous systems;Trust;Explainable AI","Numerical analysis;Explainable AI;Design methodology;Human-robot interaction;Estimation;Mathematical models;Data models;Autonomous vehicles;Optimization;Monitoring","","","","14","IEEE","30 Apr 2025","","","IEEE","IEEE Conferences"
"Decision Making in Managing the Choice of UTM-Based Wireless Mapping Systems for Geospatial Data Transmission via LoRa","A. Storozhko; D. Svitlychnyi; B. Samorodov; R. Trofymenko; O. Lezik; A. Volkov","Cybersecurity Department, National Technical University ""Kharkiv Polytechnic Institute"", Kharkiv, Ukraine; Cybersecurity Department, National Technical University ""Kharkiv Polytechnic Institute"", Kharkiv, Ukraine; Banking and Financial Technologies Department, V.N.Karazin Kharkiv National University, Kharkiv, Ukraine; Cybersecurity Department, National Technical University ""Kharkiv Polytechnic Institute"", Kharkiv, Ukraine; Ivan Kozhedub Kharkiv National Air Force University, Kharkiv, Ukraine; Ivan Kozhedub Kharkiv National Air Force University, Kharkiv, Ukraine","2025 7th International Congress on Human-Computer Interaction, Optimization and Robotic Applications (ICHORA)","2 Jun 2025","2025","","","1","6","Geospatial data visualization and wireless data transmission play a crucial role in modern mapping and navigation systems. This paper presents a tile-based UTM (Universal Transverse Mercator) mapping system designed for ESP32 with integrated LoRa communication. The proposed system enables efficient storage, retrieval, and rendering of vector map data on resource-constrained devices, making it suitable for real-time geographic applications. The map data is stored in a hierarchical folder structure on an SD card, where each tile corresponds to a specific UTM zone and is dynamically loaded based on user navigation. The system supports wireless tile synchronization via LoRa, allowing map data exchange between multiple ESP32 nodes, enabling decentralized and offline-capable mapping solutions. A caching mechanism optimizes memory usage, ensuring smooth map rendering on TFT displays. The proposed solution is particularly useful for remote or low-connectivity environments, where traditional network-based mapping services are unavailable. The paper explores the architecture, implementation, and performance evaluation of the system, highlighting its potential for geospatial applications in UAV navigation, environmental monitoring, and emergency response operations.","2996-4393","979-8-3315-1088-6","10.1109/ICHORA65333.2025.11017216","","https://ieeexplore.ieee.org/stamp/stamp.jsp?arnumber=11017216","UTM mapping;LoRa communication;ESP32;wireless data transmission;decentralized mapping","Wireless communication;Navigation;LoRa;Rendering (computer graphics);Autonomous aerial vehicles;Real-time systems;Vectors;Geospatial analysis;Synchronization;Optimization","","","","5","IEEE","2 Jun 2025","","","IEEE","IEEE Conferences"
"Optimization of Drug Molecular Structure and Activity Prediction Algorithm Based on Quantum Computing and Deep Learning","Y. Dai","Harbin Medical University (Daqing), Daqing, Heilongjiang, China",2024 3rd International Conference on Artificial Intelligence and Autonomous Robot Systems (AIARS),"14 Oct 2024","2024","","","609","613","In order to improve the efficiency and accuracy of drug design, this study explored the algorithm of drug molecular structure optimization and activity prediction based on quantum computing and deep learning. Firstly, the paper constructs a comprehensive algorithm framework, which combines quantum computing simulation with deep learning model to realize the integration of structural optimization and activity prediction of drug molecules. Secondly, in this study, a variety of molecular data sets were constructed by using the open drug activity database, and were verified by experiments. The results show that our proposed algorithm has high accuracy and efficiency in the activity prediction task, which is superior to the traditional drug design method. In addition, we deeply analyzed and explained the predicted results of the model, which provided important theoretical guidance for drug design. Finally, the application prospect of this algorithm in the field of drug design is prospected, and it is expected to provide important technical support for the discovery and development of new drugs. To sum up, this study provides new ideas and methods for the progress and innovation in the field of drug design.","","979-8-3503-7617-3","10.1109/AIARS63200.2024.00117","","https://ieeexplore.ieee.org/stamp/stamp.jsp?arnumber=10708879","Deep Learning;Drug Molecular Structure;Activity Prediction;Quantum Computing","Drugs;Deep learning;Technological innovation;Quantum computing;Accuracy;Databases;Design methodology;Predictive models;Prediction algorithms;Optimization","","","","12","IEEE","14 Oct 2024","","","IEEE","IEEE Conferences"
"Integrating Two-Tier Optimization Algorithm With Convolutional Bi-LSTM Model for Robust Anomaly Detection in Autonomous Vehicles","M. Alotaibi; M. Abdullah Alohali; K. Mahmood; A. A. Alhashmi; J. Saad Alqurni; S. Refa Alotaibi; A. A. Alzahrani; I. Issaoui","Department of Computer Science, College of Science and Humanities Dawadmi, Shaqra University, Shaqra, Saudi Arabia; Department of Information Systems, College of Computer and Information Sciences, Princess Nourah bint Abdulrahman University, P.O. Box 84428, Riyadh, Saudi Arabia; Department of Information Systems, Applied College at Mahayil, King Khalid University, Abha, Saudi Arabia; Department of Computer Science, College of Science, Northern Border University, Arar, Saudi Arabia; Department of Educational Technologies, College of Education, Imam Abdulrahman Bin Faisal University, Dammam, Saudi Arabia; Department of Computer Science, College of Computing and Informatics, Saudi Electronic University, Riyadh, Saudi Arabia; Department of Computer Science and Artificial Intelligence, College of Computing, Umm Al-Qura University, Makkah, Saudi Arabia; Unit of Scientific Research, Applied College, Qassim University, Buraydah, Saudi Arabia",IEEE Access,"14 Jan 2025","2025","13","","6820","6833","Industrial development has changed vehicles of traditional into autonomous vehicles (AVs). AVs play a significant role since they are measured as a vital module of smart cities. The AV is an advanced automobile efficient in preserving secure driving by evading collisions formed by drivers. In contrast with traditional vehicles, which are fully coordinated and functioned by humans, AVs gather information regarding the exterior environment utilizing sensors to guarantee secure navigation. AVs decrease environmental effects since they regularly employ electricity to function rather than fossil fuel, thus diminishing greenhouse gasses. However, AVs might be exposed to cyber-attacks, causing dangers to human life. Machine learning (ML) and deep learning (DL) based anomaly recognition has progressed as a new study track in autonomous driving. ML and DL-based anomaly detection scholars have focused on improving accuracy as a typical classification task without aiming at mischievous information. This article develops an improved whale optimization algorithm-based feature selection using explainable artificial intelligence for robust anomaly detection (IWOAFS-XAIAD) technique in autonomous driving. The major aim of the IWOAFS-XAIAD technique is an endwise XAI structure to construe and imagine the anomaly recognition classifications prepared by AI models securing autonomous driving systems. Initially, the IWOAFS-XAIAD technique utilizes the Z-score data normalization method to convert input data into a compatible layout. Besides, the IWOAFS-XAIAD technique employs an improved whale optimization algorithm (IWOA)-based feature subset selection to pick an optimum set of features. An attention mechanism with the CNN-BiLSTM (CNN-BiLSTM-A) model is employed for anomaly detection and classification. Moreover, the catch-fish optimization algorithm (CFOA) selects the hyperparameters connected to the CNN-BiLSTM-A model. Finally, utilizing the SHAP XAI method, the IWOAFS-XAIAD technique performs local and global descriptions for the black-box AI model. To demonstrate the optimum classification outcome of the IWOAFS-XAIAD technique, a wide range of experiments is performed on a VeReMi dataset. The experimental validation of the IWOAFS-XAIAD technique portrayed a superior accuracy value of 98.52% over the existing methods.","2169-3536","","10.1109/ACCESS.2024.3523539","Deanship of Research and Graduate Studies at King Khalid University for funding this work through Large Research Project(grant numbers:RGP2/26/45); Princess Nourah bint Abdulrahman University Researchers Supporting Project(grant numbers:PNURSP2025R330); Princess Nourah bint Abdulrahman University, Riyadh, Saudi Arabia; Deanship of Scientific Research at Northern Border University, Arar, Saudi Arabia(grant numbers:NBU-FFR-2024-2913-06); ","https://ieeexplore.ieee.org/stamp/stamp.jsp?arnumber=10817571","INDEX TERMS Explainable artificial intelligence;anomaly detection;improved whale optimization algorithm;autonomous vehicles;catch fish optimization","Anomaly detection;Artificial intelligence;Feature extraction;Autonomous vehicles;Accuracy;Transportation;Classification algorithms;Whale optimization algorithms;Safety;Data models","","3","","55","CCBY","30 Dec 2024","","","IEEE","IEEE Journals"
"Unmanned Aerial Vehicle Autonomous Flight Path Planning Algorithm Based on Deep Learning","S. Li; Y. Qian","Aerospace Times Feihong Technology Company Limited, Beijing, China; Aerospace Times Feihong Technology Company Limited, Beijing, China",2024 International Conference on Telecommunications and Power Electronics (TELEPE),"18 Oct 2024","2024","","","632","637","The purpose of this study is to explore the application of Deep learning (DL) in autonomous flight path planning of UA V, and improve the autonomous navigation and flight ability of UA V in complex environment. In terms of methods, this article first constructs a DL model to extract environmental information from sensor data carried by UA V. The model adopts the structure of Convolutional neural network (CNN), and identifies obstacles and safe flight areas through training and learning. Then, combined with the optimization ability of traditional path planning algorithm, using the perceptual information provided by DL model, an optimized path from the start point to the end point is planned for UA V. Experimental results show that the proposed algorithm can effectively plan a safe and efficient flight path for UA V in various complex environments. Compared with other path planning methods, the proposed algorithm has obvious advantages in path length, flight time and obstacle avoidance ability. In addition, the success rate and security of the algorithm have also been verified, showing the great potential of DL in UA V path planning.","","979-8-3503-6921-2","10.1109/TELEPE64216.2024.00119","","https://ieeexplore.ieee.org/stamp/stamp.jsp?arnumber=10714057","deep learnimg;unmanned aerial vehicles;autonomous flight;path planning algorithm","Training;Deep learning;Autonomous aerial vehicles;Path planning;Data models;Telecommunications;Convolutional neural networks;Security;Collision avoidance;Optimization","","1","","12","IEEE","18 Oct 2024","","","IEEE","IEEE Conferences"
"Reference path optimization for autonomous ground vehicles driving in structured environments","C. Li; X. Li; J. Li; Q. Zhu; B. Dai","The College of Mechatronic Engineering and Automation, National University of Defense Technology, Changsha, P. R. China; The College of Mechatronic Engineering and Automation, National University of Defense Technology, Changsha, P. R. China; The College of Mechatronic Engineering and Automation, National University of Defense Technology, Changsha, P. R. China; The College of Mechatronic Engineering and Automation, National University of Defense Technology, Changsha, P. R. China; The College of Mechatronic Engineering and Automation, National University of Defense Technology, Changsha, P. R. China",2017 2nd IEEE International Conference on Computational Intelligence and Applications (ICCIA),"7 Dec 2017","2017","","","172","176","This paper focuses on the reference path optimization problem for Autonomous Ground Vehicles driving in structured environments. The reference path optimization algorithm is composed of three steps: data acquisition and curvature calculation, initializing straights of the reference path, using path primitives to connect the turn between the straights. In the process of data acquisition, we get the position of trajectory point and the motion data of vehicle through a probe vehicle equipped with a variety of on-board sensors. Then, the curvature information can be found using the relationship between the curvature and the steering angle of the probe vehicle, and the reference path is decomposed into a straight portion and a turn portion. In the initializing straights step, straights are fitted using the least squares method. Finally, we use clothoid curve as a path primitive to fit the remainder of the reference path. And the gradient descent method is used to improve the accuracy of the fitting path. The experimental results show that the proposed algorithm can effectively eliminate the position, heading angle and curvature noise in the reference path while greatly reducing the memory storage for saving road geometry.","","978-1-5386-2030-4","10.1109/CIAPP.2017.8167202","","https://ieeexplore.ieee.org/stamp/stamp.jsp?arnumber=8167202","Autonomous ground vehicle;path primitive;path optimization;gradient descent","Optimization;Fitting;Smoothing methods;Roads;Planning;Probes;Least mean squares methods","","1","","12","IEEE","7 Dec 2017","","","IEEE","IEEE Conferences"
"Context-Aware Autonomous Driving System using Deep Reinforcement Learning and Edge-Assisted Trajectory Optimization Model","V. Chirchi; G. Dhasmana; K. C. Sunkara; V. Shukla; G. Jadhav; R. Halam","Department of Information Science and Engineering, Dayanand Sagar Academy of Technology and Management (DSATM), Bengaluru, India; Department of Computer Science and Engineering, Graphic Era Deemed to be University, Dehradun, India; Oracle Cloud Engineering, Data Center Design and Modeling AL/ML Expert, Raleigh, North Carolina, USA; Department of Mechanical Engineering, Ramdeobaba University, Nagpur, India; Department of Electrical Engineering, Faculty of Engineering and Technology Parul Institute of Engineering and Technology, Parul University, Post Limda, Gujarat, India; Faculty of Law Symbiosis Law School, Symbiosis International (Deemed University), Pune, India",2025 3rd International Conference on Data Science and Information System (ICDSIS),"10 Jul 2025","2025","","","1","5","Autonomous vehicles encounter multiple obstacles when controlling themselves in complex and dynamic environments during real-time operations. The presented system implements driving autonomy with deep reinforcement learning and edge-computed trajectory optimization in a context-dependent fashion. We established a dual architecture structure which uses deep Q-network(s) for strategic choices and moves trajectory optimization to edge nodes for efficiency. The system achieved enhanced contextual understanding through real-world environment simulations which used multimodal sensor combination techniques and semantic scene analysis methods. Experimental results showed enhanced performance because the system achieved obstacle avoidance accuracy of 94.7% together with 88.3% faster path planning and 76.2% reduced computational latency than traditional centralized systems. Consistent decision-making accuracy reached 91.5% throughout the system's operation across multiple weather conditions and traffic environments. The system offers a fundamental achievement in self-driving vehicles which resolves crucial performance issues through the combination of localized decision-making abilities.","","979-8-3315-4265-8","10.1109/ICDSIS65355.2025.11070407","","https://ieeexplore.ieee.org/stamp/stamp.jsp?arnumber=11070407","autonomous driving;deep reinforcement learning;edge computing;trajectory optimization;context awareness","Accuracy;Computational modeling;Decision making;Semantics;Deep reinforcement learning;Real-time systems;Vehicle dynamics;Trajectory optimization;Autonomous vehicles;Context modeling","","","","14","IEEE","10 Jul 2025","","","IEEE","IEEE Conferences"
"Accurate Localization of Autonomous Vehicles Based on Pattern Matching and Graph-Based Optimization in Urban Environments","B. Cao; C. -N. Ritter; D. Göhring; R. Rojas","Department of Mathematics and Computer Science, Freie Universität Berlin, Berlin, Germany; Department of Mathematics and Computer Science, Freie Universität Berlin, Berlin, Germany; Department of Mathematics and Computer Science, Freie Universität Berlin, Berlin, Germany; Department of Mathematics and Computer Science, Freie Universität Berlin, Berlin, Germany",2020 IEEE 23rd International Conference on Intelligent Transportation Systems (ITSC),"24 Dec 2020","2020","","","1","6","Accurate and reliable localization is a prerequisite for autonomous driving. Methods based on sparse landmarks, such as pole-like structures, have been widely studied because of their lower requirements for computing and storage. However, the number of landmarks of a single type is not always sufficient for reliable positioning. We propose a localization method using three different types of features in urban environments. The features we choose are poles, corners and walls which are persistent over time and can be reliably detected with LiDAR sensors. A pattern matching method for data association is introduced. Instead of using a filtering method, we adopt the graph-based optimization method to solve the pose estimation problem. Experiments conducted on two test roads show that the proposed method can provide accurate and reliable localization results in urban environments.","","978-1-7281-4149-7","10.1109/ITSC45102.2020.9294299","","https://ieeexplore.ieee.org/stamp/stamp.jsp?arnumber=9294299","","Urban areas;Pose estimation;Optimization methods;Sensor phenomena and characterization;Reliability;Autonomous vehicles;Pattern matching","","11","","14","IEEE","24 Dec 2020","","","IEEE","IEEE Conferences"
"A Featureless Approach to Improve Self-Consistency in Structured Light Bathymetry","D. Stanley; A. Bodenmann; M. Massot-Campos; B. Thornton","Centre for In Situ and Remote Intelligent Sensing, FEPS, University of Southampton, UK; Centre for In Situ and Remote Intelligent Sensing, FEPS, University of Southampton, UK; Centre for In Situ and Remote Intelligent Sensing, FEPS, University of Southampton, UK; Centre for In Situ and Remote Intelligent Sensing, FEPS, University of Southampton, UK",2020 IEEE/OES Autonomous Underwater Vehicles Symposium (AUV),"30 Nov 2020","2020","","","1","6","This paper describes a novel method for calibrating structured light setups using a featureless approach to quantify and improve self-consistency in bathymetric maps. The self-consistency and accuracy of seafloor reconstructions and information derived from them are limited by uncertainties in vehicle localisation, sensor models and their calibration. For high-resolution setups such as structured light, these uncertainties can be several orders of magnitude larger than the resolution of the maps generated. Although techniques such as simultaneous localisation and mapping and bundle adjustment can correct pose estimates and sensor calibrations to improve map self-consistency, both methods typically rely on finding and matching features in the data, which limits their application to structured light since a key advantage of this method is that it does not rely on seafloor features to be present in order to work. In this paper, we develop a fully featureless approach to improve self-consistency in structured light setups. Simulations are performed to validate the proposed method, and we analyse data that was collected using the Autosub6000 autonomous underwater vehicle equipped with the BioCam seafloor mapping instrument at a depth of approximately 1000m in the Darwin Mounds UK marine protected area. The results for independent parameter optimisation demonstrate that the fully featureless approach can converge towards optimal calibrations.","2377-6536","978-1-7281-8757-0","10.1109/AUV50043.2020.9267891","UK Research and Innovation; ","https://ieeexplore.ieee.org/stamp/stamp.jsp?arnumber=9267891","","Lasers;Laser modes;Optimization;Calibration;Laser transitions;Image reconstruction;Cameras","","1","","9","IEEE","30 Nov 2020","","","IEEE","IEEE Conferences"
"Trajectory Tree-Based Pairwise Game for Interactive Decision-Making and Motion Planning in Autonomous Driving","B. Ma; W. Liu; J. Ma","Robotics and Autonomous Systems Thrust, The Hong Kong University of Science and Technology (Guangzhou), Guangzhou, China; Robotics and Autonomous Systems Thrust, The Hong Kong University of Science and Technology (Guangzhou), Guangzhou, China; Robotics and Autonomous Systems Thrust, The Hong Kong University of Science and Technology (Guangzhou), Guangzhou, China",IEEE Transactions on Vehicular Technology,"","2025","PP","99","1","13","Interactive decision-making and motion planning is essential for ensuring the safety and driving efficiency of autonomous vehicles. Game-based methods have demonstrated impressive performances in addressing these challenges due to their capability to explicitly model interactive behaviors. However, existing game-based approaches suffer from low computational efficiency owing to the numerical optimization required in continuous action spaces and the high dimensionality inherently present in multi-vehicle interaction scenarios. Also, accurately identifying the utility functions of opponent vehicles (OVs) from limited state observations remains a formidable challenge, which could result in conservative or even unsafe decisions by autonomous vehicles. To tackle these issues, a novel game-theoretic decision-making and motion planning framework is proposed. Specifically, the multi-vehicle interaction is transformed to a pairwise leader-follower game and further modelled by trajectory trees constructed with discrete action sets. To accurately compute the action values of these trajectory trees, we identify the utility functions of OVs from state observations by solving the elaborated restored optimal control problem. The optimal strategy for the trajectory trees is derived using dynamic programming framed within the context of a sequential game, which ensures that the varying behaviors of OVs are effectively considered. The proposed method is comprehensively validated in two challenging interactive scenarios, and the results show that the trajectory tree-based interaction modeling approach significantly enhances the computational efficiency of game-based methods. Additionally, the identified utility functions of OVs provide a better interpretation of their observed behaviors and ensure safer decision-making and motion planning for autonomous vehicles.","1939-9359","","10.1109/TVT.2025.3589883","","https://ieeexplore.ieee.org/stamp/stamp.jsp?arnumber=11081470","Autonomous driving;game theory;decision-making;motion planning;trajectory tree","Trajectory;Games;Planning;Decision making;Optimization;Autonomous vehicles;Iterative methods;Computational modeling;Training;Safety","","","","","IEEE","16 Jul 2025","","","IEEE","IEEE Early Access Articles"
"Enhanced Data Aggregation Based on Optimise Crow Search Featured Hybrid Salp Swarm Optimization to Improve the Routing Communication","J. Preethi; R. Ragavi; T. Abi; P. Bhavadharani; P. Swetha; S. Sugavathi","Department of Computer Applications, Dhanalakshmi Srinivasan College of Arts and Science for Women (Autonomous), Perambalur, India; Department of Computer Applications, Dhanalakshmi Srinivasan College of Arts and Science for Women (Autonomous), Perambalur, India; Department of Computer Applications, Dhanalakshmi Srinivasan College of Arts and Science for Women (Autonomous), Perambalur, India; Department of Computer Applications, Dhanalakshmi Srinivasan College of Arts and Science for Women (Autonomous), Perambalur, India; Department of Computer Applications, Dhanalakshmi Srinivasan College of Arts and Science for Women (Autonomous), Perambalur, India; Department of Computer Applications, Dhanalakshmi Srinivasan College of Arts and Science for Women (Autonomous), Perambalur, India",2025 3rd International Conference on Data Science and Network Security (ICDSNS),"29 Sep 2025","2025","","","1","7","Wireless Sensor Networks (WSNs) are increasingly vital for enabling enhanced communication globally. A significant challenge in Multi-Agent (MA) communication within these networks is minimizing communication delay through efficient routing. WSN is the development of advanced communication systems. Lack of communication and finding delay-aware routing are significant problems in Multi-Agent (MA) communication. To address the issue, we propose Enhanced Data Aggregation (EDA) based on optimised Crow Search featured Hybrid Salp Swarm Optimization (CSF-HSSO) to improve routing communication. The K-means clustering is utilized to optimize the sensor node to form a structured relative source network. According to the cluster nodes, the Improved Crow Search Algorithm (ICSA) is applied to select the feature-dependent routing from the Cluster Head (CH). Finally, the HSSO creates a Route Planning (RP) to choose the optimal routing. The proposed method achieves efficient path selection, thereby improving network lifetime, packet delivery ratio, and throughput.","","979-8-3315-3679-4","10.1109/ICDSNS65743.2025.11168818","","https://ieeexplore.ieee.org/stamp/stamp.jsp?arnumber=11168818","wireless sensor network (WSN);multi-agent communication;delay-aware routing;data aggregation;crow search algorithm;salp swarm optimization;k-means clustering;route planning;optimization","Wireless sensor networks;Clustering algorithms;Data aggregation;Routing;Throughput;Search problems;Planning;Delays;Particle swarm optimization;Resilience","","","","25","IEEE","29 Sep 2025","","","IEEE","IEEE Conferences"
"Research on Multilevel Robust Information Decision Optimization Model of Data Communication Network","D. Han; L. Jun; Y. Jin; L. Wenjun","Department of Arms Engineering, Artillery and Air Defense Academy of Army, Hefei, Anhui; Department of Arms Engineering, Artillery and Air Defense Academy of Army, Hefei, Anhui; Department of Arms Engineering, Artillery and Air Defense Academy of Army, Hefei, Anhui; School of Electronic and Electrical Engineering, Anhui Sanlian University, Hefei, Anhui","2020 International Conference on Communications, Information System and Computer Engineering (CISCE)","20 Nov 2020","2020","","","88","92","In order to cope with the complex and changeable electromagnetic environment, we need a strategy to reduce the risk of system transmission and improve the information response ability. This paper proposes a new integration method which is suitable for the multi-level robust decision information. This method is combined with the hierarchical structure of the data communication network and based on the analysis of dynamic complex network communication environment. This method can not only solve the problem of information interaction and cooperation between levels in the current environment, and the closed feedback loop also has the characteristics of the autonomous evolution.","","978-1-7281-9761-6","10.1109/CISCE50729.2020.00024","Anhui Sanlian University; ","https://ieeexplore.ieee.org/stamp/stamp.jsp?arnumber=9258827","data communication network;multi-level robust;information Decision;Autonomous Evolution","Analytical models;Data models;Optimization;Standards;Communication networks;Data communication;Simulation","","","","5","IEEE","20 Nov 2020","","","IEEE","IEEE Conferences"
"Analytical Model Transfer-Based Surrogate-Assisted Design Optimization for SPMVM Using Structural Similarity","L. Liu; Y. Ma; R. Wang; Z. Li; Y. Xiao; H. Zhao","Robotics and Autonomous Systems Thrust, The Hong Kong University of Science and Technology (Guangzhou), Guangzhou, China; CSG PGC Energy Storage Research Institute China Southern Power Grid Energy Storage Co.,Ltd, Guangzhou, China; The Wolfson School of Mechanical, Electrical and Manufacturing Engineering, Loughborough University, Loughborough, UK; School of Electrical and Electronic Engineering, Huazhong University of Science and Technology, Wuhan, China; School of Electrical and Electronic Engineering, Huazhong University of Science and Technology, Wuhan, China; Robotics and Autonomous Systems Thrust, The Hong Kong University of Science and Technology (Guangzhou), Guangzhou, China",2023 26th International Conference on Electrical Machines and Systems (ICEMS),"14 Dec 2023","2023","","","4060","4064","This paper proposes an efficient surrogate-assisted design optimization method for a surface-mounted permanent-magnet vernier machine (SPMVM) based on subdomain model transfer learning. In the design optimization of SPMVM with parallel slot structure with asymmetric circumferential structure, a fictitious motor model with similar structure and identical parameters except for the parallel tooth structure is created. This fictitious motor with symmetric circumferential structure is used to build a subdomain model, so that a high-precision surrogate model can be built for optimization with the aid of analytic model data to reduce the size of the finite element dataset required for the training process, and accelerate the optimization process.","2642-5513","979-8-3503-1758-9","10.1109/ICEMS59686.2023.10345329","","https://ieeexplore.ieee.org/stamp/stamp.jsp?arnumber=10345329","multi-objective optimization;surrogate model;transfer learning;structure similarity","Training;Measurement;Analytical models;Transfer learning;Data models;Finite element analysis;Optimization","","1","","11","IEEE","14 Dec 2023","","","IEEE","IEEE Conferences"
"Research on Optimization Methods for Intelligent Industrial Internet Based on Big Data Analysis","T. H. Shao; A. Maalla","School of Engineering, Guangzhou College of Technology and Business, Guangzhou, Guangdong, China; School of Engineering, Guangzhou College of Technology and Business, Guangzhou, Guangdong, China",2023 IEEE 11th Joint International Information Technology and Artificial Intelligence Conference (ITAIC),"1 Feb 2024","2023","11","","527","531","The advent of the industrial internet has ushered in a transformative era, integrating cutting-edge information and communication technologies with industrial manufacturing, resulting in a novel industrial ecosystem, vital infrastructure, and a revolutionary application model. This research paper delves into the fundamental theories and methodologies underpinning the intelligent industrial internet in the context of big data analysis. The objective is to establish seamless connectivity among all elements, entire industry chains, and complete value chains through secure and reliable interactions between humans, machines, and objects. This technological advancement heralds significant changes in manufacturing production methods and enterprise structures, giving rise to an entirely new industrial production, manufacturing, and service system, propelling the manufacturing industry towards heightened digitization, networking, and intelligence.","2693-2865","979-8-3503-3366-4","10.1109/ITAIC58329.2023.10408826","","https://ieeexplore.ieee.org/stamp/stamp.jsp?arnumber=10408826","Big Data;intelligent industrial internet;cutting-edge technologies","Productivity;Manufacturing processes;Ecosystems;Optimization methods;Big Data;Propulsion;Manufacturing","","","","11","IEEE","1 Feb 2024","","","IEEE","IEEE Conferences"
"Joint Optimization of Deployment and Trajectory in UAV and IRS-Assisted IoT Data Collection System","L. Dong; Z. Liu; F. Jiang; K. Wang","Changsha Social Laboratory of Artificial Intelligence, Hunan University of Technology and Business, Changsha, China; Hunan Provincial Key Laboratory of Intelligent Computing and Language Information Processing, Hunan Normal University, Changsha, China; Hunan Provincial Key Laboratory of Intelligent Computing and Language Information Processing, Hunan Normal University, Changsha, China; Department of Computer and Information Sciences, Northumbria University, Newcastle upon Tyne, U.K.",IEEE Internet of Things Journal,"21 Oct 2022","2022","9","21","21583","21593","Unmanned aerial vehicles (UAVs) can be applied in many Internet of Things (IoT) systems, e.g., smart farms, as a data collection platform. However, the UAV-IoT wireless channels may be occasionally blocked by trees or high-rise buildings. An intelligent reflecting surface (IRS) can be applied to improve the wireless channel quality by smartly reflecting the signal via a large number of low-cost passive reflective elements. This article aims to minimize the energy consumption of the system by jointly optimizing the deployment and trajectory of the UAV. The problem is formulated as a mixed-integer-and-nonlinear programming (MINLP), which is challenging to address by the traditional solution, because the solution may easily fall into the local optimal. To address this issue, we propose a joint optimization framework of deployment and trajectory (JOLT), where an adaptive whale optimization algorithm (AWOA) is applied to optimize the deployment of the UAV, and an elastic ring self-organizing map (ERSOM) is introduced to optimize the trajectory of the UAV. Specifically, in AWOA, a variable-length population strategy is applied to find the optimal number of stop points, and a nonlinear parameter  $a$  and a partial mutation rule are introduced to balance the exploration and exploitation. In ERSOM, a competitive neural network is also introduced to learn the trajectory of the UAV by competitive learning, and a ring structure is presented to avoid the trajectory intersection. Extensive experiments are carried out to show the effectiveness of the proposed JOLT framework.","2327-4662","","10.1109/JIOT.2022.3185012","National Natural Science Foundation of China(grant numbers:41904127,41604117,62002115); Hunan Provincial Natural Science Foundation of China(grant numbers:2020JJ4428,2020JJ5105); Key Research and Development Plan of Hunan Province(grant numbers:2021NK2020); ","https://ieeexplore.ieee.org/stamp/stamp.jsp?arnumber=9802633","Adaptive whale optimization algorithm (AWOA);deployment optimization;elastic ring self-organizing map (ERSOM);intelligent reflecting surface (IRS);trajectory optimization;unmanned aerial vehicle (UAV)","Internet of Things;Autonomous aerial vehicles;Trajectory;Optimization;Energy consumption;Data collection;Statistics","","44","","37","IEEE","21 Jun 2022","","","IEEE","IEEE Journals"
"Autonomous Machine Learning Modeling using a Task Ontology","K. S. Hwang; K. S. Park; S. H. Lee; K. I. Kim; K. M. Lee","Dept. Computer Science, Chungbuk National University, Cheongju, Korea; Dept. Computer Science, Chungbuk National University, Cheongju, Korea; Dept. Computer Science, Chungbuk National University, Cheongju, Korea; Dept. Computer Science, Chungbuk National University, Cheongju, Korea; Dept. Computer Science, Chungbuk National University, Cheongju, Korea",2018 Joint 10th International Conference on Soft Computing and Intelligent Systems (SCIS) and 19th International Symposium on Advanced Intelligent Systems (ISIS),"16 May 2019","2018","","","244","248","Recently, many researchers are intensely engaged in investigation on the artificial intelligence technology that recognizes, learns, inferences, and acts on external information in a wide range of fields by combining technologies of computing, big data and machine learning algorithms. The artificial intelligence technology is currently used in almost all industries, and many machine learning experts are working on integrating and standardizing various machine learning tools so that non-experts can easily apply them to their domain. The researchers are also studying an autonomous machine learning as well as ontology construction for standardizing the machine learning concepts. In this paper, we classify typical problem solving steps for autonomous machine learning as tasks, and present a problem solving process. We propose the modeling method of an autonomous machine learning using a processes of the task execution on machine learning such as workflow. The proposed task ontology-based machine learning model defines a task-based process grouping scheme of UML activities. And it will automatically generate and extend the machine learning models by transformation rules based on common elements and structures (relationships and processes between elements).","","978-1-5386-2633-7","10.1109/SCIS-ISIS.2018.00051","","https://ieeexplore.ieee.org/stamp/stamp.jsp?arnumber=8716066","Machine Learning;Deep Learning;Autonomous Machine Learning;Task Ontology;Machine Learning Ontology","Machine learning;Unified modeling language;Ontologies;Task analysis;Data models;Machine learning algorithms;Vocabulary","","5","","18","IEEE","16 May 2019","","","IEEE","IEEE Conferences"
"An Autonomous Data Structure for Brute Force Calculations in the Cloud","S. Grampone; W. Litwin; T. Schwarz","Universidad Católica del Uruguay, Montevideo, Uruguay; Université Paris, Dauphine, Paris, France; Universidad Centroamericana San Salvador, El Salvador",2015 IEEE 7th International Conference on Cloud Computing Technology and Science (CloudCom),"4 Feb 2016","2015","","","347","354","Commercial cloud systems allow massively parallel execution of a computing task for little money. We want to exploit this economic opportunity by solving classical problems in Operations Research through complete enumeration, especially if these problems can be expressed as integer programming problems. We propose and evaluate here a data structure, Scalable Virtual Distributed Hashing, that autonomously extends the computing task over as many nodes as are needed in order return a result within a time limit set by the user. Our data structure deals with varying and changing node capacities and the effects of node failures. It is modeled after Scalable Distributed Data Structures and Extendible Hashing in particular.","","978-1-4673-9560-1","10.1109/CloudCom.2015.17","","https://ieeexplore.ieee.org/stamp/stamp.jsp?arnumber=7396176","Integer optimization;cloud computing;scalable distributed virtual data structure","Data structures;Cloud computing;Optimization;Databases;Economics;Monitoring;Generators","","1","","25","IEEE","4 Feb 2016","","","IEEE","IEEE Conferences"
"Efficient Sparse LiDAR Data Reconstruction using Compressed Sensing for Real-Time Perception in Autonomous Vehicles","A. Chbouk; M. Gotni; F. Chawki; M. En-Nay; M. A. Hattati; Y. Salih-Alj","School of Science and Engineering, Al Akhawayn University in Ifrane, Ifrane, Morocco; School of Science and Engineering, Al Akhawayn University in Ifrane, Ifrane, Morocco; School of Science and Engineering, Al Akhawayn University in Ifrane, Ifrane, Morocco; School of Science and Engineering, Al Akhawayn University in Ifrane, Ifrane, Morocco; School of Science and Engineering, Al Akhawayn University in Ifrane, Ifrane, Morocco; School of Science and Engineering, Al Akhawayn University in Ifrane, Ifrane, Morocco",2024 IEEE International Conference on Mechatronics and Automation (ICMA),"19 Aug 2024","2024","","","281","286","This paper presents a novel approach to real-time perception for autonomous vehicles, introducing a LiDAR data reconstruction method utilizing Curvelet transform-based compressed sensing. The study substantiates the heightened efficacy of the Curvelet transform in adeptly managing complex geometric structures, yielding significant improvements in reconstruction quality and processing time compared to existing methodologies. Employing specialized algorithms tailored for reconstruction enhances sparse LiDAR data, thereby improving accuracy and detail in 3D mappings. Through systematic simulations, we validate the efficiency of the Curvelet transform, rendering the LiDAR system more proficient and faster at decision-making. This research contributes to the optimization of LiDAR data processing, representing a pivotal step towards the development of advanced real-time perception systems with potential applications in fully autonomous navigation. The transformative impact of Curvelet-based compressed sensing underscores its critical role in advancing the field of autonomous vehicle technology.","2152-744X","979-8-3503-8807-7","10.1109/ICMA61710.2024.10632881","","https://ieeexplore.ieee.org/stamp/stamp.jsp?arnumber=10632881","Index Terms-LiDAR;Compressed Sensing;Curvelet Transform;Sparse Data;Reconstruction Algorithm;3D mapping","Adaptation models;Laser radar;Three-dimensional displays;Computational modeling;Data processing;Real-time systems;Sensors","","1","","22","IEEE","19 Aug 2024","","","IEEE","IEEE Conferences"
"Scenario-Optimization-Based Velocity Planning of Autonomous Vehicles for Interacting With Pedestrians","B. Jekl; Z. Dabčević; B. Németh; B. Škugor; P. Gáspár","Institute for Computer Science and Control (SZTAKI), Hungarian Research Network (HUN-REN), Budapest, Hungary; Faculty of Mechanical Engineering and Naval Architecture, University of Zagreb, Zagreb, Croatia; SZTAKI, HUN-REN, Budapest, Hungary; Faculty of Mechanical Engineering and Naval Architecture, University of Zagreb, Zagreb, Croatia; SZTAKI, HUN-REN, Budapest, Hungary",IEEE Transactions on Intelligent Transportation Systems,"28 Mar 2025","2025","26","4","5382","5395","This paper presents a velocity planning method for autonomous vehicles (AVs) to guarantee safe interactions with pedestrians at unsignalized crosswalks and with surrounding vehicles on the AV’s route. The method is structured within a hierarchical framework that includes robust control, a learning-based component, and a supervisory element. The learning-based component is trained using reinforcement learning techniques to reduce traveling time, minimize control interventions, and set the priority ratio between the AV and pedestrians. The supervisory element employs scenario optimization, using statistical data on pedestrian motions to ensure collision avoidance. A complex game-theory-based pedestrian model is formulated and analyzed in order to evaluate the effectiveness of the proposed velocity planning method. Extensive simulations are performed using the high-precision traffic simulator software SUMO. These simulations evaluate various aspects of the velocity planner, including computation time, traveling time, control interventions, and parameter settings. The results demonstrate the method’s ability to achieve real-time implementation while maintaining safety and performance objectives.","1558-0016","","10.1109/TITS.2025.3531506","European Union within the Framework of the National Laboratory for Autonomous Systems(grant numbers:RRF-2.3.1-21-2022-00002); National Research, Development, and Innovation Office (NKFIH) through the Project “Design of Automated Driving Systems Based on Estimation of Wheel-Road Contact Features for Handling Emergency Situations”(grant numbers:2019-2.1.11-TÉT-2020-00125); NKFIH through OTKA(grant numbers:K 135512); ","https://ieeexplore.ieee.org/stamp/stamp.jsp?arnumber=10856787","Autonomous vehicles;pedestrian modeling;velocity planning;scenario approach;data-driven control","Pedestrians;Planning;Computational modeling;Safety;Data models;Real-time systems;Predictive models;Autonomous vehicles;Adaptation models;Vehicle dynamics","","","","41","IEEE","28 Jan 2025","","","IEEE","IEEE Journals"
"Design and Implementation of Indoor Visual Autonomous Navigation System for Quadrotor UAV Based on Binocular Camera and IMU","J. Tang; T. Guo; Liudan; J. Li; J. Sun; W. Huang; Q. Wang","Electrical Measurement technology and Intelligent Control Institute, School of Instrumention Science and Engineering, Harbin Institute of Technology, Harbin, China; Schools of electronics and information Engineering, Harbin Institute of Technology, Harbin, China; Electrical Measurement technology and Intelligent Control Institute, School of Instrumention Science and Engineering, Harbin Institute of Technology, Harbin, China; Information Countermeasure Technique Institute, School of Computer Science and Technology Harbin Institute of Technology, Harbin, China; Electrical Measurement technology and Intelligent Control Institute, School of Instrumention Science and Engineering, Harbin Institute of Technology, Harbin, China; Schools of electronics and information Engineering, Harbin Institute of Technology, Harbin, China; Electrical Measurement technology and Intelligent Control Institute, School of Instrumention Science and Engineering, Harbin Institute of Technology, Harbin, China","2023 3rd International Conference on Computer Science, Electronic Information Engineering and Intelligent Control Technology (CEI)","15 May 2024","2023","","","784","789","Addressing the challenge of unmanned aerial vehicles (UAVs) navigating indoors without satellite positioning, this study introduces a novel method combining binocular camera and inertial measurement unit (IMU) data. This approach overcomes the structural differences between visual and inertial information, integrating them effectively for enhanced indoor autonomous navigation. The research presents a gradient-free path planning framework, pivotal for enhancing the UAV's ability to execute efficient and stable flight in intricate indoor settings. The cornerstone of this system is an advanced path planning algorithm, adept at swiftly identifying optimal routes and adapting to environmental shifts. The system's efficacy was rigorously evaluated through simulations and real-world tests, confirming its precision in positioning and path planning without reliance on satellite data. The findings demonstrate the system's capacity for precise localization and effective route determination, utilizing an integration of visual and inertial inputs. This research significantly contributes to the autonomous flight capabilities of UAVs, offering a valuable reference for future UAV autonomous navigation systems. By delving into visual-inertial fusion navigation technology, the study paves the way for expanded indoor UAV applications.","","979-8-3503-7205-2","10.1109/CEI60616.2023.10527790","","https://ieeexplore.ieee.org/stamp/stamp.jsp?arnumber=10527790","binocular camera;localization;route determination;Indoor flying","Visualization;Satellites;Measurement units;Inertial navigation;Autonomous aerial vehicles;Satellite navigation systems;Path planning","","","","15","IEEE","15 May 2024","","","IEEE","IEEE Conferences"
"Compressing Deep Reinforcement Learning Networks With a Dynamic Structured Pruning Method for Autonomous Driving","W. Su; Z. Li; M. Xu; J. Kang; D. Niyato; S. Xie","School of Automation, Guangdong University of Technology, Guangzhou, China; School of Automation, Guangdong University of Technology, Guangzhou, China; College of Computing and Data Science, Nanyang Technological University, Singapore; School of Automation, Guangdong University of Technology, Guangzhou, China; College of Computing and Data Science, Nanyang Technological University, Singapore; Key Laboratory of Intelligent Detection and The Internet of Things in Manufacturing and Key Laboratory of Intelligent Information Processing and System Integration of IoT, Ministry of Education, Guangdong University of Technology, Guangzhou, China",IEEE Transactions on Vehicular Technology,"19 Dec 2024","2024","73","12","18017","18030","Deepreinforcement learning (DRL) has shown remarkable success in complex autonomous driving scenarios. However, DRL models inevitably bring high memory consumption and computation, which hinders their wide deployment in resource-limited autonomous driving devices. Structured Pruning has been recognized as a useful method to compress and accelerate DRL models, but it is still challenging to estimate the contribution of a parameter (i.e., neuron) to DRL models. In this paper, we introduce a novel dynamic structured pruning approach that gradually removes a DRL model's unimportant neurons during the training stage. Our method consists of two steps, i.e. training DRL models with a group sparse regularizer and removing unimportant neurons with a dynamic pruning threshold. To efficiently train the DRL model with a small number of important neurons, we employ a neuron-importance group sparse regularizer. In contrast to conventional regularizers, this regularizer imposes a penalty on redundant groups of neurons that do not significantly influence the output of the DRL model. Furthermore, we design a novel structured pruning strategy to dynamically determine the pruning threshold and gradually remove unimportant neurons with a binary mask. Therefore, our method can remove not only redundant groups of neurons of the DRL model but also achieve high and robust performance. Experimental results show that the proposed method is competitive with existing DRL pruning methods on discrete control environments (i.e., CartPole-v1 and LunarLander-v2) and MuJoCo continuous environments (i.e., Hopper-v3 and Walker2D-v3). Specifically, our method effectively compresses 93% neurons and 96% weights of the DRL model in four challenging DRL environments with slight accuracy degradation.","1939-9359","","10.1109/TVT.2024.3399826","National Natural Science Foundation of China(grant numbers:62273106,62203122,62320106008,62373114,62203123,62102099); Basic and Applied Basic Research Foundation of Guangdong Province(grant numbers:2023A1515011480,2023A1515011159); National Key Research and Development Plan-Strategic Scientific and Technological Innovation Cooperation Key Project(grant numbers:2023YFE0209400); National Research Foundation Singapore; Info-communications Media Development Authority; Defence Science Organisation (DSO) National Laboratories(grant numbers:AISG2-RP-2020-019,FCP-ASTAR-TG-2022-003); Singapore Ministry of Education (MOE) Tier 1(grant numbers:RG87/22); ","https://ieeexplore.ieee.org/stamp/stamp.jsp?arnumber=10529967","Autonomous driving;deep reinforcement learning;dynamic structured pruning;model compression","Neurons;Training;Autonomous vehicles;Vehicle dynamics;Computational modeling;Laboratories;Adaptation models","","8","","50","IEEE","13 May 2024","","","IEEE","IEEE Journals"
"Frame Structure and Resource Optimization for Hybrid Long- and Short-Packet NOMA-Based Data Collection in IIoT With Imperfect SIC","H. Zeng; R. Zhang; X. Zhu; J. Cao; Y. Jiang; F. -C. Zheng; P. Dai","Education Department of Guangxi Zhuang Autonomous Region, Guangxi Key Laboratory of Brain-Inspired Computing and Intelligent Chips, School of Electronic and Information Engineering/School of Integrated Circuits, and the Key Laboratory of Integrated Circuits and Microsystems, Guangxi Normal University, Guilin, China; Education Department of Guangxi Zhuang Autonomous Region, Guangxi Key Laboratory of Brain-Inspired Computing and Intelligent Chips, School of Electronic and Information Engineering/School of Integrated Circuits, and the Key Laboratory of Integrated Circuits and Microsystems, Guangxi Normal University, Guilin, China; School of Electronic and Information Engineering and the Guangdong Provincial Key Laboratory of Aerospace Communication and Networking Technology, Harbin Institute of Technology (Shenzhen), Shenzhen, China; School of Electronic and Information Engineering and the Guangdong Provincial Key Laboratory of Aerospace Communication and Networking Technology, Harbin Institute of Technology (Shenzhen), Shenzhen, China; School of Electronic and Information Engineering and the Guangdong Provincial Key Laboratory of Aerospace Communication and Networking Technology, Harbin Institute of Technology (Shenzhen), Shenzhen, China; School of Electronic and Information Engineering, Harbin Institute of Technology (Shenzhen), Shenzhen, China; Science and Technology Innovation Department, China Unicom Shenzhen Branch, Shenzhen, China",IEEE Internet of Things Journal,"20 Nov 2024","2024","11","23","37799","37812","Industrial Internet of Things (IIoT), which contains different types of devices with heterogeneous Quality-of-Service (QoS) requirements, has encountered significant challenges on guaranteeing the needs of heterogeneous data collection utilizing limited resources. In this article, we investigate the joint frame structure and resource optimization for the hybrid long- and short-packet nonorthogonal multiple access (NOMA)-based data collection with imperfect successive interference cancellation (SIC) in IIoT, where a number of short and long packets can multiplex the same time-frequency resource simultaneously to guarantee their respective heterogeneous QoS requirements. Specifically, the short packet is first decoded to guarantee low latency, afterward the superposed long packet can be decoded to maintain high signal-to-interference-plus-noise-ratio (SINR) performance. A joint short-packet scheduling, pilot length, blocklength, and dynamic power allocation (JSLP) algorithm is proposed to minimize the maximum block error probability among short packets and mitigate the impact of SIC error propagation in NOMA transmission while maintaining a high SINR of long packet, with the assistance of the derived optimal closed-form short-packet scheduling results and pilot and block length expressions. Thanks to the closed-form expressions, the proposed JSLP algorithm demonstrates near-optimal performance and a significant complexity reduction compared to the exhaustive search, leading to fast convergence. Numerical results demonstrate that the designed hybrid NOMA-based frame structure and JSLP algorithm are robust against the SIC error propagation, and can maintain a high level of fairness by significantly mitigating the maximum block error probability gap among short packets.","2327-4662","","10.1109/JIOT.2024.3444462","Guangxi Science and Technology Base and Special Talent Program(grant numbers:GuikeAD23026197); Guangxi Natural Science Foundation(grant numbers:2024GXNSFBA010246); National Natural Science Foundation of China(grant numbers:62301172,62171161); Guangxi Key Laboratory of Brain-Inspired Computing and Intelligent Chips(grant numbers:BCIC-23-Z5,BCIC-23-K10); Basic and Applied Basic Research Foundation of Guangdong Province(grant numbers:2022B1515120018); Ministry of Industry and Information Technology of the People's Republic of China; Shenzhen Key Laboratory of AIoT Communication(grant numbers:ZDSYS20210623091808025); Shenzhen Science and Technology Program(grant numbers:GXWD20220817133854003,KQTD20190929172545139); Innovation Project of Guangxi Graduate Education(grant numbers:XYCSR2024090); ","https://ieeexplore.ieee.org/stamp/stamp.jsp?arnumber=10637450","Data collection;frame structure and resource optimization;hybrid long- and short-packet nonorthogonal multiple access (NOMA) communication;imperfect successive interference cancellation (SIC);Industrial Internet of Things (IIoT)","NOMA;Quality of service;Optimization;Industrial Internet of Things;Resource management;Data collection;Signal to noise ratio","","1","","50","IEEE","16 Aug 2024","","","IEEE","IEEE Journals"
"AI-Enabled mm-Waveform Configuration for Autonomous Vehicles With Integrated Communication and Sensing","N. H. Chu; D. N. Nguyen; D. T. Hoang; Q. -V. Pham; K. T. Phan; W. -J. Hwang; E. Dutkiewicz","School of Electrical and Data Engineering, University of Technology Sydney, Sydney, NSW, Australia; School of Electrical and Data Engineering, University of Technology Sydney, Sydney, NSW, Australia; School of Electrical and Data Engineering, University of Technology Sydney, Sydney, NSW, Australia; School of Computer Science and Statistics, Trinity College Dublin, University of Dublin, Dublin 2, Ireland; Department of Computer Science and Information Technology, School of Computing, Engineering and Mathematical Sciences, La Trobe University, Melbourne, VIC, Australia; Department of Biomedical Convergence Engineering, Center for Artificial Intelligence Research, Pusan National University, Yangsan, South Korea; School of Electrical and Data Engineering, University of Technology Sydney, Sydney, NSW, Australia",IEEE Internet of Things Journal,"22 Sep 2023","2023","10","19","16727","16743","Integrated communications and sensing (ICS) has recently emerged as an enabling technology for ubiquitous sensing and IoT applications. For ICS application to autonomous vehicles (AVs), optimizing the waveform structure is one of the most challenging tasks due to strong influences between sensing and data communication functions. Specifically, the preamble of a data communication frame is typically leveraged for the sensing function. As such, the higher number of preambles in a coherent processing interval (CPI) is, the greater sensing task’s performance is. In contrast, communication efficiency is inversely proportional to the number of preambles. Moreover, surrounding radio environments are usually dynamic with high uncertainties due to their high mobility, making the ICS’s waveform optimization problem even more challenging. To that end, this article develops a novel ICS framework established on the Markov decision process and recent advanced techniques in deep reinforcement learning. By doing so, without requiring complete knowledge of the surrounding environment in advance, the ICS-AV can adaptively optimize its waveform structure (i.e., number of frames in the CPI) to maximize sensing and data communication performance under the surrounding environment’s dynamic and uncertainty. Extensive simulations show that our proposed approach can improve the joint communication and sensing performance up to 46.26% compared with other baseline methods.","2327-4662","","10.1109/JIOT.2023.3270420","Australian Research Council through the DECRA Project(grant numbers:DE210100651); ARC Discovery Projects(grant numbers:DP190102134); Institute of Information and Communications Technology Planning and Evaluation (IITP) Grant funded by the Korea Government [MSIT, Artificial Intelligence Convergence Innovation Human Resources Development (Pusan National University)](grant numbers:RS-2023-00254177); Vingroup Science and Technology Scholarship Program for Overseas Study for Master’s and Doctoral Degrees; ","https://ieeexplore.ieee.org/stamp/stamp.jsp?arnumber=10109100","Autonomous vehicles (AVs);deep reinforcement learning (DRL);integrated communication and sensing;Internet of Vehicles (IoV);Markov decision process (MDP);waveform structure optimization","Sensors;Integrated circuits;Millimeter wave communication;Uncertainty;Vehicle dynamics;Estimation;Data communication","","16","","40","IEEE","26 Apr 2023","","","IEEE","IEEE Journals"
"Visual Representation and Layout Optimization for Comparison of Dynamic Graph","L. Zhang; X. Wang; Y. Liu; G. Zhang; M. Jing; J. Yu","School of Computer Science and Technology, Qilu University of Technology, Jinan, China; School of Computer Science and Technology, Qilu University of Technology, Jinan, China; School of Computer Science and Technology, Qilu University of Technology, Jinan, China; School of Computer Science and Technology, Qilu University of Technology, Jinan, China; School of Computer Science and Technology, Qilu University of Technology, Jinan, China; School of Computer Science and Technology, Qilu University of Technology, Jinan, China","2022 IEEE Smartworld, Ubiquitous Intelligence & Computing, Scalable Computing & Communications, Digital Twin, Privacy Computing, Metaverse, Autonomous & Trusted Vehicles (SmartWorld/UIC/ScalCom/DigitalTwin/PriComp/Meta)","27 Jul 2023","2022","","","1091","1098","The comparison between temporal graph data and the representation of the results are very helpful for in-depth understanding of the difference between the two data. However, limited by display technology, it is more difficult to visually analyze the comparison of temporal graph data. Based on the analysis of the temporal characteristics of the graph data, this paper summarizes and reorganizes the data that needs to be compared, and efficiently displays the difference in the time sequence of the graph data by means of graphic embedding. This paper introduces the data processing process, visual element design and layout optimization algorithm in detail, and verifies it on real data. Finally, the evaluation experiment proves that the proposed method is more efficient in comparison of temporal graph data.","","979-8-3503-4655-8","10.1109/SmartWorld-UIC-ATC-ScalCom-DigitalTwin-PriComp-Metaverse56740.2022.00169","National Natural Science Foundation of China; Qilu University of Technology; Shandong Academy of Sciences; ","https://ieeexplore.ieee.org/stamp/stamp.jsp?arnumber=10189649","Temporal graph comparison;graph embedding;graph visualization","Visualization;Heuristic algorithms;Layout;Data visualization;Clustering algorithms;Optimization methods;Data processing","","1","","18","IEEE","27 Jul 2023","","","IEEE","IEEE Conferences"
"Task-Driven Delay Minimization for AAV-Assisted Mobile Crowdsensing Networks: A Joint Optimization Approach","X. Deng; Y. Fu; Q. Zhu","Department of Electronic Engineering and Computer Science, Hong Kong Metropolitan University, Hong Kong, China; School of Science and Technology, Hong Kong Metropolitan University, Hong Kong, China; Department of Electronic Engineering and Computer Science, Hong Kong Metropolitan University, Hong Kong, China",IEEE Internet of Things Journal,"7 Mar 2025","2025","12","6","7100","7113","In this work, we investigate a task-driven delay minimization problem for autonomous aerial vehicle (AAV) enabled mobile crowdsensing (MCS) networks. Our focus is to reduce overall latency and improve data collection efficiency for delay-sensitive tasks through jointly optimizing the sensing data size, bandwidth allocation, and AAV hovering position. The formulated problem is a mixed-integer programming problem, which is also nonconvex. We introduce an efficient alternating optimization algorithm to address this challenge. Specifically, the original minimization problem is decomposed into two subproblems. The first subproblem focuses on bandwidth and sensing data allocation. By leveraging the latent structure property of the problem, we derive the optimal sensing data allocation given a bandwidth allocation policy. Based on it, we reveal that the first optimization subproblem can be converted into a maximum weighted matching problem in a bipartite graph, which can be optimally solved using the Hungarian algorithm. To address the optimization of the AAV’s hovering position subproblem, we employ the successive convex approximation (SCA) technique, which transforms it into a convex problem that can be efficiently solved by standard convex optimization solvers. We also analyze the convergence and the time complexity for the developed joint optimization algorithm. Afterward, we approximate the global optimal solutions in closed form for several specific cases of the problem. Extensive simulations confirm the superior performance of our proposed scheme compared to various benchmark strategies in terms of both delay and energy consumption.","2327-4662","","10.1109/JIOT.2024.3497000","Research Matching Grant (RMG)(grant numbers:CP/2022/2.1); Hong Kong Metropolitan University Research Grant(grant numbers:RD/2023/1.8); Jiangsu Provincial Key Research and Development Program(grant numbers:BE2022068-2); Research Grants Council (RGC) of the Hong Kong Special Administrative Region, China(grant numbers:UGC/FDS16/E02/22); Team-Based Research Fund(grant numbers:TBRF/2024/1.10); Postgraduate Research and Practice Innovation Program of Jiangsu Province(grant numbers:KYCX24_1176); ","https://ieeexplore.ieee.org/stamp/stamp.jsp?arnumber=10777047","Alternating optimization;delay minimization;mobile crowdsensing (MCS);resource allocation;autonomous aerial vehicle (AAV)","Sensors;Delays;Autonomous aerial vehicles;Optimization;Resource management;Mobile computing;Minimization;Data models;Crowdsensing;Energy consumption","","","","40","IEEE","4 Dec 2024","","","IEEE","IEEE Journals"
"LiDAR Scan Decimation in Purpose of Autonomous Vehicle Computational Load Optimization","A. Barashkov; D. Tsaregorodtsev; D. Kulikov","Localization and Mapping Dept., Evocargo LLC, Moscow, Russia; Localization and Mapping Dept., Evocargo LLC, Moscow, Russia; Software Development Dept., Evocargo LLC MSU Institute for Artificial Intelligence Lomonosov Moscow State University, Moscow, Russia",2025 International Russian Automation Conference (RusAutoCon),"30 Sep 2025","2025","","","618","624","LiDAR-based localization provides accurate real-time positioning for autonomous vehicles. One of the widely used methods—NDT—requires computationally intensive operations at each iteration, with complexity proportional to the number of lidar scan points. While multi-threaded data processing (via GPU porting or extensive CPU parallelization) can improve performance, such approaches demand significant modifications to the codebase and are not always scalable, as GPU deployment may be infeasible and CPU parallelization is significantly limited. This paper explores an alternative approach—LiDAR point cloud decimation—where computational optimization is achieved by reducing the number of processed points. Various decimation strategies and their impact on localization performance and accuracy are analyzed. Particular attention is paid to the separate processing of ground points and obstacle points: it is shown that the contribution of ground points to the localization accuracy is smaller. Experiments on real-world data illustrate which decimation schemes offer the best trade-off between performance and accuracy, and outline directions for future research.","2836-614X","979-8-3315-6708-8","10.1109/RusAutoCon65989.2025.11177400","","https://ieeexplore.ieee.org/stamp/stamp.jsp?arnumber=11177400","normal distributions transform;NDT;lidar localization;point cloud decimation;autonomous vehicles;scan matching;lidar scan","Location awareness;Point cloud compression;Accuracy;Laser radar;Runtime;Graphics processing units;Transforms;Computational efficiency;Autonomous vehicles;Optimization","","","","18","IEEE","30 Sep 2025","","","IEEE","IEEE Conferences"
"YOLOdrive: A Lightweight Autonomous Driving Single-Stage Target Detection Approach","L. Wang; S. Hua; C. Zhang; G. Yang; J. Ren; J. Li","Hebei Engineering Research Center for the Intelligentization of Iron Ore Optimization and Ironmaking Raw Materials Preparation Processes, the Key Laboratory of Engineering Computing in Tangshan City, the Hebei Key Laboratory of Data Science and Application, and the College of Science, North China University of Science and Technology, Tangshan, China; Hebei Engineering Research Center for the Intelligentization of Iron Ore Optimization and Ironmaking Raw Materials Preparation Processes, the Key Laboratory of Engineering Computing in Tangshan City, the Hebei Key Laboratory of Data Science and Application, and the College of Science, North China University of Science and Technology, Tangshan, China; Hebei Engineering Research Center for the Intelligentization of Iron Ore Optimization and Ironmaking Raw Materials Preparation Processes, the Key Laboratory of Engineering Computing in Tangshan City, the Hebei Key Laboratory of Data Science and Application, and the College of Science, North China University of Science and Technology, Tangshan, China; Hebei Engineering Research Center for the Intelligentization of Iron Ore Optimization and Ironmaking Raw Materials Preparation Processes, the Key Laboratory of Engineering Computing in Tangshan City, the Hebei Key Laboratory of Data Science and Application, and the College of Science, North China University of Science and Technology, Tangshan, China; Hebei Engineering Research Center for the Intelligentization of Iron Ore Optimization and Ironmaking Raw Materials Preparation Processes, the Key Laboratory of Engineering Computing in Tangshan City, the Hebei Key Laboratory of Data Science and Application, and the College of Science, North China University of Science and Technology, Tangshan, China; Hebei Engineering Research Center for the Intelligentization of Iron Ore Optimization and Ironmaking Raw Materials Preparation Processes and the College of Metallurgy and Energy, North China University of Science and Technology, Tangshan, China",IEEE Internet of Things Journal,"7 Nov 2024","2024","11","22","36099","36113","With the continuous development of autonomous driving, real-time target detection has become increasingly critical in autonomous driving systems. However, traditional target detection algorithms usually require huge computational resources, limiting their application on embedded autonomous driving platforms. To address this challenge, a lightweight single-stage target detection algorithm is proposed YOLOdrive. The inverted residual structure, linear bottleneck layer, and depth-separable convolution in MobileNetv2 are utilized to improve the YOLOv8 backbone network, while the spatial channel reconstructed convolution is used to improve the C2f module of YOLOv8, and the convolution of YOLOv8 neck and detection head is replaced by the depth-separable convolution. Experimental results verify that the average accuracy of YOLOdrive algorithm on MS COCO2017 data set and VOC2007 data set is improved compared with the baseline model YOLOv8-Nano. The amount of model parameters has been reduced by more than 50%, and the amount of computation in the model has been reduced by more than 70%. The algorithm drastically reduces the amount of parameters and computational complexity of the network, improves the operational efficiency, saves the storage space of the network, and maintains a high-detection performance.","2327-4662","","10.1109/JIOT.2024.3439863","Basic Scientific Research Business Expenses of Hebei Provincial Universities(grant numbers:JST2022001); Tangshan Science and Technology Project(grant numbers:22130225G); Tangshan Science and Technology Bureau(grant numbers:21130211D); ","https://ieeexplore.ieee.org/stamp/stamp.jsp?arnumber=10630635","Autonomous driving;deep learning;target detection;YOLOv8","Feature extraction;Convolutional neural networks;Object detection;Accuracy;Real-time systems;Internet of Things;Classification algorithms","","6","","32","IEEE","7 Aug 2024","","","IEEE","IEEE Journals"
"Dynamic user optimal model for shared autonomous vehicles system: Development and systematic comparison with social optimal model","R. Maruyama; T. Seo","Department of Civil and Environmental Engineering, Tokyo Institute of Technology, Tokyo, Japan; Department of Civil and Environmental Engineering, Tokyo Institute of Technology, Tokyo, Japan",2022 IEEE 25th International Conference on Intelligent Transportation Systems (ITSC),"1 Nov 2022","2022","","","749","754","Shared autonomous vehicle (SAV) system is a new type of public transportation in which autonomous vehicles shared by the society transport travelers using optimal routes and ridesharing matching. In the literature, the dynamic system optimum (DSO), in which travelers' behavior is completely controlled by some transportation authority to maximize the entire society's benefit, is mainly considered for SAV system analysis. However, it is known that DSO could cause unfairness among travelers and may not be acceptable to some travelers due to the lack of freedom. On the other hand, the dynamic user optimal (DUO) assignment computes transportation system's state based on travelers' free and selfish behavior, and is useful to simulate traffic congestion with a realistic traveler behavior. This study develops a novel DUO assignment model for SAV systems. It is formulated as multi-step linear optimization problems to describe the multi-layer structure of SAV systems (i.e., travelers and SAVs follow different behavioral principles) while keeping the computational efficiency. The model is evaluated using actual network and demand data in Japanese urban area, and systematic comparison with a DSO model for SAV systems is conducted. As results, we confirm that overall performance of the SAV system was degraded in the DUO model, because the congestion level of some popular links were significantly increased due to the selfish behavior of travelers. Qualitatively, this is an expected result; the contribution of this study is to develop a method for quantitative analysis of this phenomenon. Such quantitative results would be useful to develop appropriate management schemes for SAV systems such as dynamic pricing, which is the most important future work.","","978-1-6654-6880-0","10.1109/ITSC55140.2022.9922014","","https://ieeexplore.ieee.org/stamp/stamp.jsp?arnumber=9922014","","Systematics;Statistical analysis;Computational modeling;Urban areas;Pricing;Data models;Behavioral sciences","","3","","18","IEEE","1 Nov 2022","","","IEEE","IEEE Conferences"
"Automatic Generation and Optimization Design of Embroidery Patterns Based on Image Processing","S. Qiao","Beijing Institute of Fashion Technology, Beijing, China",2024 3rd International Conference on Artificial Intelligence and Autonomous Robot Systems (AIARS),"14 Oct 2024","2024","","","565","570","With the improvement of living environment and the improvement of people's quality of life, embroidery, as a traditional handicraft art, is gradually receiving more attention and love from people. Deep learning (DL) has demonstrated strong capabilities in image generation and processing, particularly in generating visually reasonable and highly detailed images. This provides new opportunities for the automatic generation and optimization design of embroidery patterns. Traditional embroidery pattern generation methods may rely on rules, templates, or manual adjustments, while DL methods can automatically learn complex patterns and structures in images by training large amounts of data, improving the efficiency of embroidery pattern generation and optimization. The DL model can process a large amount of data in a short period of time and automatically generate and optimize patterns. This article designs an automatic generation and optimization algorithm for embroidery patterns based on image processing, using DL technology to learn and generate innovative and artistic embroidery patterns from a large amount of embroidery image data. The experimental results show that the algorithm proposed in this paper can achieve automatic generation and optimization of embroidery patterns, meeting the needs of users for unique and beautiful embroidery patterns.","","979-8-3503-7617-3","10.1109/AIARS63200.2024.00109","","https://ieeexplore.ieee.org/stamp/stamp.jsp?arnumber=10708944","Image processing;Embroidered patterns;Automatic generation and optimization","Training;Deep learning;Computer vision;Image synthesis;Semantic segmentation;Manuals;Product design;Data models;Quality assessment;Optimization","","","","14","IEEE","14 Oct 2024","","","IEEE","IEEE Conferences"
"Development of Cable Tunnel Monitoring System Based on ACO Optimization Neural Network in Smart Grid","S. Wang; L. Dong; Y. Lang; M. Zhang; Z. Li; F. Guo","State Grid Beijing Electric Power Company Cable Branch, State Grid Beijing Electric Power Company, Beijing, China; State Grid Beijing Electric Power Company Cable Branch, State Grid Beijing Electric Power Company, Beijing, China; College of Information Engineering, Zhejiang University of Technology, Hangzhou, China; State Grid Beijing Electric Power Company Cable Branch, State Grid Beijing Electric Power Company, Beijing, China; Beijing Zhuoyue Electric Power Construction Co., Ltd., Beijing, China; College of Information Engineering, Zhejiang University of Technology, Hangzhou, China",2025 Joint International Conference on Automation-Intelligence-Safety (ICAIS) & International Symposium on Autonomous Systems (ISAS),"3 Jul 2025","2025","","","1","6","With the accelerated urbanization process and escalating demand for electrical energy, the operational safety and stability of cable tunnels have emerged as critical components in modern power infrastructure systems. This study presents an innovative multi-modal monitoring system featuring a hierarchical distributed architecture that establishes a closed-loop framework integrating real-time data acquisition with intelligent analytical applications. The proposed system employs an array of advanced detection technologies, including high-precision sensor networks, distributed fiber-optic temperature sensing (DTS), and adaptive wireless transmission protocols, to achieve comprehensive environmental monitoring of tunnel structures. A novel hybrid algorithm combining Back Propagation (BP) neural networks with Ant Colony Optimization (ACO) metaheuristics has been developed to synergistically enhance fault prediction accuracy while optimizing computational efficiency. The integration of 3D/Building Information Modeling (BIM) visualization techniques with Geographic Information Systems (GIS) spatial analysis enables dynamic condition mapping and data-driven decision support through spatiotemporal modeling of tunnel parameters. This research advances intelligent monitoring methodologies for underground utilities and offers practical insights for next-generation smart grid development.","2996-3850","979-8-3315-4470-6","10.1109/ICAISISAS64483.2025.11052186","","https://ieeexplore.ieee.org/stamp/stamp.jsp?arnumber=11052186","cable tunnel;comprehensive environmental monitoring;neural networks;Ant Colony Optimization","Computational modeling;Neural networks;Data acquisition;Power system stability;Stability analysis;Smart grids;Safety;Environmental monitoring;Thermal stability;Geographic information systems","","","","18","IEEE","3 Jul 2025","","","IEEE","IEEE Conferences"
"Multi-Objective Optimization of Traveling Salesman Problems for Smart Urban Systems: A Comprehensive Review and Future Research Perspectives","Y. Chen; Y. Guo; W. H. Chan; Q. Diao; Y. Wu","Jiaxing Key Laboratory of Industrial Internet Security, Jiaxing Vocational and Technical College, Jiaxing, China; Faculty of Computing, Jiaxing Vocational and Technical College, Jiaxing, China; Jiaxing Key Laboratory of Industrial Internet Security, Jiaxing Vocational and Technical College, Jiaxing, China; Faculty of Artificial Intelligence, Zhejiang Dongfang Polytechnic, Wenzhou, China; Universiti Teknologi Malaysia, Johor Bahru, Malaysia",2025 2nd International Conference on Smart City and Information System (ICSCIS),"11 Jul 2025","2025","","","55","59","The Traveling Salesman Problem (TSP) and its multi-objective extensions have become essential frameworks for optimizing complex routing and scheduling in smart urban systems. This paper comprehensively reviews TSP-based models across key domains, including autonomous logistics, public transportation, emergency response, infrastructure maintenance, waste management, and energy-constrained mobility. It emphasizes multi-objective optimization (MOO) techniques balancing efficiency, cost, energy consumption, and sustainability. Key research challenges─scalability, dynamic adaptation, heterogeneous data integration, and ethical considerations─are outlined, alongside future directions involving hybrid frame-works, interpretable models, and cross-paradigm synergies. This review consolidates current knowledge and provides a structured roadmap bridging MO-TSP theory with practical smart city applications.","","979-8-3315-0138-9","10.1109/ICSCIS65391.2025.11069611","","https://ieeexplore.ieee.org/stamp/stamp.jsp?arnumber=11069611","Traveling Salesman Problem;Smart Urban Systems;Multi-Objective Optimization;Urban Mobility;Intelligent Infrastructure","Waste management;Adaptation models;Reviews;Smart cities;Scalability;Traveling salesman problems;Emergency services;Sustainable development;Optimization;Logistics","","","","32","IEEE","11 Jul 2025","","","IEEE","IEEE Conferences"
"Classified AGV Material Flow and Layout Data Set for Multidisciplinary Investigation","M. Sperling; B. Schulz; C. Enke; D. Giebels; K. Furmans","Karlsruhe Institute of Technology, Karlsruhe, Germany; Karlsruhe Institute of Technology, Karlsruhe, Germany; Karlsruhe Institute of Technology, Karlsruhe, Germany; Karlsruhe Institute of Technology, Karlsruhe, Germany; Karlsruhe Institute of Technology, Karlsruhe, Germany",IEEE Access,"8 Sep 2023","2023","11","","94992","95007","Automated Guided Vehicles (AGV) are increasingly used in industry to automate material flow tasks. To efficiently operate systems of AGVs, researchers have proposed many different planning and control methods, e.g., for scheduling, dispatching, and routing. The performance of these methods depends on the characteristics of the system, such as transport distances and station operation frequencies. Even though these characteristics strongly influence the algorithms, no classified collection of layout data was found based on a scientific literature review. In this paper, a data set of 72 material flow and layout compositions from the scientific literature (42) and German industry (30) is presented. Each composition in the data set consists of a transport matrix and a distance matrix. To classify the compositions, a holistic taxonomy was established based on distinguishing criteria for material flow and layout compositions known from the scientific literature. The compositions were classified according to the taxonomy. An analysis of the station operation frequency and transport distance distribution data reveals typical characteristics of the compositions as well as variations between the classified compositions. The aim of this data set is to allow benchmarking of planning and control methods, thus increasing the transparency and traceability of scientific work. Furthermore, the analysis of the layouts and their taxonomy allows to compare the methods of different disciplines. By providing standardized, machine readable formats, automatic testing and optimization will be possible.","2169-3536","","10.1109/ACCESS.2023.3308216","German Federal Ministry for Economics Affairs and Climate Action(grant numbers:KK5040304ZG0); ","https://ieeexplore.ieee.org/stamp/stamp.jsp?arnumber=10229122","AGV;AMR;automated guided vehicle;autonomous mobile robot;automated material flow;distance matrix;intralogistics layout;logistics data set;transport layout;transport matrix","Layout;Taxonomy;Topology;Planning;Task analysis;Data acquisition;Routing;Autonomous driving;Autonomous automobiles","","2","","41","CCBY","24 Aug 2023","","","IEEE","IEEE Journals"
"Optimization-Based Terrain Analysis and Path Planning in Unstructured Environments","U. Graf; P. Borges; E. Hernández; R. Siegwart; R. Dubé","Autonomous Systems Lab, ETH Zurich, Switzerland; Robotics and Autonomous Systems Group, CSIRO’s Data61, Brisbane, Australia; Robotics and Autonomous Systems Group, CSIRO’s Data61, Brisbane, Australia; Autonomous Systems Lab, ETH Zurich, Switzerland; Autonomous Systems Lab, ETH Zurich, Switzerland",2019 International Conference on Robotics and Automation (ICRA),"12 Aug 2019","2019","","","5614","5620","Accurate environment representation is one of the key challenges in autonomous ground vehicle navigation in unstructured environments. We propose a real-time optimization-based approach to terrain modeling and path planning in off-road and rough environments. Our method uses an irregular, hierarchical, graph-like environment model. A space-dividing tree is used to define a compact data structure capturing vertex positions and establishing connectivity. The same unique underlying data structure is used for both terrain modeling and path planning without memory reallocation. Local plans are generated by graph search algorithms and are continuously regenerated for on-the-fly obstacle avoidance inside the scope of the local terrain map. We show that implementing a hierarchical model over a regular space division reduces graph edge expansions by up to 84%. We illustrate the applicability of the method through experiments with an unmanned ground vehicle in both structured and unstructured environments.","2577-087X","978-1-5386-6027-0","10.1109/ICRA.2019.8794331","","https://ieeexplore.ieee.org/stamp/stamp.jsp?arnumber=8794331","","Optimization;Path planning;Planning;Data structures;Collision avoidance;Navigation;Robots","","11","","10","IEEE","12 Aug 2019","","","IEEE","IEEE Conferences"
"Cooperative Networking Strategy of UAV Cluster for Large-Scale WSNs","Y. Chen; H. Liu; J. Guo; Y. Wang; F. Liu; S. Ding; R. Chen","State Key Laboratory of Mechanics and Control of Mechanical Structures, Nanjing University of Aeronautics and Astronautics, Nanjing, China; State Key Laboratory of Mechanics and Control of Mechanical Structures, Nanjing University of Aeronautics and Astronautics, Nanjing, China; State Key Laboratory of Mechanics and Control of Mechanical Structures, Nanjing University of Aeronautics and Astronautics, Nanjing, China; State Key Laboratory of Mechanics and Control of Mechanical Structures, Nanjing University of Aeronautics and Astronautics, Nanjing, China; State Key Laboratory of Mechanics and Control of Mechanical Structures, Nanjing University of Aeronautics and Astronautics, Nanjing, China; State Key Laboratory of Mechanics and Control of Mechanical Structures, Nanjing University of Aeronautics and Astronautics, Nanjing, China; State Key Laboratory of Mechanics and Control of Mechanical Structures, Nanjing University of Aeronautics and Astronautics, Nanjing, China",IEEE Sensors Journal,"11 Nov 2022","2022","22","22","22276","22290","To solve the shortcomings of wireless sensor networks (WSNs) in data collection in a wide range, long distance, and other complex environments, such as high networking cost, short network life cycle, and difficult data collection, a data collection strategy based on the unmanned aerial vehicle (UAV) cluster collaborative networking is proposed. First, the node structure and deployment application of WSNs are analyzed, and the architecture of UAV collaborative data collection is designed. Second, the related models of communication energy consumption between WSNs’ network and UAV cluster, UAV cluster task allocation, and path planning are established successively. Then, a simple but efficient task planning strategy considering UAV forward and return distances is proposed. Finally, for the problem of model solving, the solution strategy of the heuristic swarm intelligence algorithm is proposed. The simulation results verify that the strategy reduces the overall network energy consumption by 42.16% and the total range of UAV by 9.7% and realizes the relative minimization of WSNs energy consumption and UAV flight cost on the premise of ensuring the full coverage of WSNs’ nodes.","1558-1748","","10.1109/JSEN.2022.3212785","","https://ieeexplore.ieee.org/stamp/stamp.jsp?arnumber=9918630","Collaborative perception;data collection;swarm intelligence algorithm;unmanned aerial vehicle (UAV);wireless sensor networks (WSNs)","Wireless sensor networks;Sensors;Optimization;Data collection;Autonomous aerial vehicles;Energy consumption;Heuristic algorithms","","12","","42","IEEE","13 Oct 2022","","","IEEE","IEEE Journals"
"Robust Structure Identification of Industrial Cyber-Physical System From Sparse Data: A Network Science Perspective","Y. Zhang; C. Yang; K. Huang; C. Zhou; Y. Li","School of Automation, Central South University, Changsha, China; School of Automation, Central South University, Changsha, China; School of Automation, Central South University, Changsha, China; School of Automation, Central South University, Changsha, China; School of Automation, Central South University, Changsha, China",IEEE Transactions on Automation Science and Engineering,"5 Jan 2023","2023","20","1","5","19","Industrial cyber-physical systems (ICPSs) are deployed in many high-value facilities recently, and the monitoring of ICPS is more and more important. However, the prerequisite of ICPS monitoring is how to obtain an accurate network structure. In addition, the structure of ICPS may change over time and the observations data are limited and noisy. These situations make the ICPS network structure identification more difficult. In this article, we proposed the algorithm of temporal network identification from sparse data (ATNISD) to address these two issues simultaneously. First, we established the temporal network analysis model from the aspect of state equation and observation equation. Then, we analyze the characteristics of temporal networks in both time domain and space domain and propose a general framework of temporal networks structure identification, which is a combinatorial optimization problem. To improve the accuracy and alleviate the computational complexity, we decompose the combinatorial problem into small independent simple problems, which can be solved efficiently. The performance of the proposed algorithm is verified on synthetic evolutionary game dynamics on both homogeneous and heterogeneous temporal networks. The experimental results show that the proposed method can efficiently solve the problem of temporal networks structure identification from sparse data. Note to Practitioners—This article addresses the importance of network structure identification in industrial cyber-physical systems (ICPSs). The proposed method can effectively cope with the task of ICPS network structure identification in time-varying environments by exploiting the spatial and temporal features of networks in both time domain and space domain. The proposed algorithm can be implemented in typical slowing changing ICPS with or without observation noise, and it can decompose the combinatorial problem into small independent simple problems to improve the accuracy and release the computational complexity. Extensive simulation experiments demonstrate the accuracy and robustness of the proposed method for solving the structure identification task of temporal networks.","1558-3783","","10.1109/TASE.2021.3062356","National Natural Science Foundation of China(grant numbers:61860206014,62073340); Project of State Key Laboratory of High Performance Complex Manufacturing, Central South University(grant numbers:ZZYJKT2019-14); Innovation-Driven Plan in Central South University, China(grant numbers:2019CX020); 111 Project, China(grant numbers:B17048); ","https://ieeexplore.ieee.org/stamp/stamp.jsp?arnumber=9374759","Alternating direction method of multipliers (ADMM);complex networks;evolutionary game;temporal networks identification","Mathematical model;Games;Optimization;Evolution (biology);Data models;Complex networks;Task analysis","","10","","37","IEEE","10 Mar 2021","","","IEEE","IEEE Journals"
"Optimizing Minimum Spanning Tree Algorithm for Efficient Graph Processing in Big Data","S. Rani; R. Roseline; N. Mohankumar; A. Clementking; A. A. Jovith; S. Sujatha","Department of BCA/IT, Vels Institute of Science, Technology & Advanced Studies (VISTAS), Chennai, Tamil Nadu, India; PG Department of Computer Applications, St. Joseph’s College of Arts and Science (Autonomous), Cuddalore, Tamil Nadu, India; Symbiosis Institute of Technology, Nagpur Campus, Symbiosis International (Deemed University), Pune, Maharastra, India; Mount Carmel College,(Autonomous), Bengaluru, Karnataka, India; Department of Networking and Communications, College of Engineering and Technology, SRM Institute of Science and Technology, Kattankulathur, Tamil Nadu, India; Department of Biomedical Engineering, Saveetha School of Engineering, Saveetha Institute of Medical and Technical Sciences, Saveetha University, Chennai, Tamil Nadu, India","2024 First International Conference on Innovations in Communications, Electrical and Computer Engineering (ICICEC)","30 Dec 2024","2024","","","1","7","Optimizing Minimum Spanning Tree (MST) techniques improve large data graph processing. Developing improved methods to manage large-scale data set computational complexity is the goal. To calculate MSTs in large networks faster and cheaper, better data structures and parallel processing are used. This entails improving algorithms and creating new ones for scalability and accuracy. The goal is to design a robust system that can handle enormous graphs quickly and reliably, improving big data analysis and decision-making. The focus is on algorithmic efficiency, resource optimization, and real-world big data application. Protein Structure Dataset shows the Runtime Efficiency of Optimized MST Algorithm in data processing with up to 1,000,000 data nodes, with Initial Runtime (seconds) values of 300-1600 and Optimized Runtime (seconds) values of 180-700. Memory Consumption Comparison shows the same dataset. In another instance of the same dataset from Enhanced Edge Processing, edge density ranges from 1 to 10 million, Traditional Speed (edges/second) from 5000-10000, and Optimized Speed from 10000-20000.","","979-8-3503-7651-7","10.1109/ICICEC62498.2024.10808308","","https://ieeexplore.ieee.org/stamp/stamp.jsp?arnumber=10808308","Minimum Spanning Tree;Big Data;Graph Processing;Algorithm Optimization;Parallel Computing","Proteins;Runtime;Machine learning algorithms;Accuracy;Memory management;Clustering algorithms;Parallel processing;Data structures;Data processing;Computational complexity","","","","20","IEEE","30 Dec 2024","","","IEEE","IEEE Conferences"
"Multi-AUV Cooperative Data Collection for Underwater Acoustic Sensor Networks Using Stackelberg Game","Y. Wang; N. Xia; B. Chen; Y. Yin; S. Wei; K. Zhang","School of Computer and Information Engineering, Hefei University of Technology, Hefei, China; School of Computer and Information Engineering, Hefei University of Technology, Hefei, China; School of Computer and Information Engineering, Hefei University of Technology, Hefei, China; School of Computer and Information Engineering, Hefei University of Technology, Hefei, China; School of Computer and Information Engineering, Hefei University of Technology, Hefei, China; State Grid Electric Power Research Institute Company Ltd., Hefei, China",IEEE Sensors Journal,"16 Oct 2024","2024","24","20","33442","33454","Due to the challenges of low bandwidth, high latency, and high communication energy costs in acoustic channel communication, data collection in underwater acoustic sensor networks (UASNs) remains severely restricted. The assistance of multiple autonomous underwater vehicles (AUVs) in data collection brings the advantages of low latency and energy-efficient balance. However, existing AUV-assisted data collection schemes preplan paths and assume data transmission from all nodes, which is inefficient in information delay-sensitive monitoring scenarios. Furthermore, most schemes do not consider the influence of ocean currents when studying path planning. To solve these problems, this article proposes a joint optimization scheme for multi-AUV cooperative data collection based on the Stackelberg game, where the task allocation and path planning problems are formulated as the leader and follower of the Stackelberg game, respectively. At the leader level, a sequential game-based algorithm is proposed, dynamically allocating cluster heads that require data transmission to different AUVs. At the follower level, the influence of ocean currents is considered, and an improved backtracking method is employed to plan the optimal path for each AUV. Experimental results show that the proposed method significantly improves network performance when compared with other representative underwater data collection methods.","1558-1748","","10.1109/JSEN.2024.3442552","National Natural Science Foundation of China(grant numbers:61971178,61701161); Demonstration of Comprehensive Application of Beidou in Anhui Province(grant numbers:ZF2022-08-0020); State Grid Company Ltd., Headquarters Technology Project(grant numbers:5500-202140127A); ","https://ieeexplore.ieee.org/stamp/stamp.jsp?arnumber=10663375","Data collection;multiautonomous underwater vehicle (AUV);path planning;Stackelberg game;task allocation;underwater acoustic sensor networks (UASNs)","Data collection;Sensors;Game theory;Resource management;Path planning;Clustering algorithms;Autonomous underwater vehicles;Path planning;Task analysis;Underwater acoustics;Sensor systems","","3","","39","IEEE","2 Sep 2024","","","IEEE","IEEE Journals"
"Joint Task Allocation and Power Optimization in Multi-UAV Systems: An Overlapping Coalition Formation Game Approach","Y. Qin; Z. Wang; H. Zhang","College of Electronic and Information Engineering, the Department of Control Science and Engineering, Tongji University, Shanghai, PR China; National Key Laboratory of Autonomous Intelligent Unmanned Systems, Tongji University, Shanghai, PR China; National Key Laboratory of Autonomous Intelligent Unmanned Systems, Tongji University, Shanghai, PR China",IEEE Transactions on Vehicular Technology,"","2025","PP","99","1","13","Multiple Unmanned Aerial Vehicle (multi-UAV) systems are capable of executing tasks and transmitting data effectively through cooperation. However, most existing works mainly focus on non-overlapping coalition formation and independent data transmission, which does not fully utilize the capability of UAV. This article investigates the cooperative task allocation of multi-UAV systems with consideration of limited UAV communication energy. In order to improve cooperative task performance, we jointly optimize overlapping coalition formation and UAVs' transmit power within the communication energy budget. Specifically, the problem is formulated as an overlapping coalition formation game (OCFG) in order to model the interactions among UAVs. In addition, a multi-coalition-based altruistic (MCA) order is proposed to support the overlapping of coalition members. The modeled OCFG is strictly proved to be an exact potential game (EPG), and hence the existence of stable coalition sturcture is guaranteed. Furthermore, we derive the conditions for UAV transmit power adjustment and develop a Joint Overlapping Coalition Formation and Transmit Power Optimization (JOCFTPO) algorithm to obtain the stable coalition structure. Finally, simulation results demonstrate that the proposed JOCFTPO algorithm outperforms the benchmark schemes in terms of the network utility.","1939-9359","","10.1109/TVT.2025.3596944","","https://ieeexplore.ieee.org/stamp/stamp.jsp?arnumber=11120350","Overlapping coalition formation game;multi-UAV systems;task allocation;transmit power optimization","Autonomous aerial vehicles;Silicon;Resource management;Optimization;Sensors;Games;Energy consumption;Data communication;Numerical models;Costs","","","","","IEEE","8 Aug 2025","","","IEEE","IEEE Early Access Articles"
"Deep Reinforcement Learning Based Data Collection with Charging Stations","F. Hao; Y. Hu; J. Fu","School of Software Engineering, Southeast University, Suzhou, China; School of Mathematics, Southeast University, Nanjing, China; School of Mathematics, Southeast University, Nanjing, China",2023 35th Chinese Control and Decision Conference (CCDC),"1 Dec 2023","2023","","","3344","3349","Incorporating efficient charging strategies into the trajectory planning process for unmanned aerial vehicles (UAVs) data collection missions remains a difficult task. In this paper, we propose a reinforcement learning (RL) approach for training trajectory planning policies which jointly considers data collection and charging. Firstly, a trajectory planning optimization problem constrained by charging and other environmental constraints is formulated. Secondly, a Markov decision process is constructed based on the proposed optimization problem. Then, the deep RL algorithm DDQN is employed to obtain the optimal trajectory planning policies, where the convolutional layers in the Q-network are utilized to extract the charging and other environmental information for decision-making. Finally, a custom data collection environment is built, and the simulation results demonstrate that the UAV successfully learns to collect more data through charging as well as satisfying the safety constraints guided by the trained policy.","1948-9447","979-8-3503-3472-2","10.1109/CCDC58219.2023.10327135","National Natural Science Foundation of China; ","https://ieeexplore.ieee.org/stamp/stamp.jsp?arnumber=10327135","data collection;deep reinforcement learning;wireless communication;wireless charging","Deep learning;Training;Trajectory planning;Simulation;Reinforcement learning;Data collection;Autonomous aerial vehicles","","1","","16","IEEE","1 Dec 2023","","","IEEE","IEEE Conferences"
"Building AI Agents with LLMs, RAG, and Knowledge Graphs: A practical guide to autonomous and modern AI agents","S. Raieli; G. Iuculano",NA; NA,"Building AI Agents with LLMs, RAG, and Knowledge Graphs: A practical guide to autonomous and modern AI agents","","2025","","","","","Master LLM fundamentals to advanced techniques like RAG, reinforcement learning, and knowledge graphs to build, deploy, and scale intelligent AI agents that reason, retrieve, and act autonomouslyKey FeaturesImplement RAG and knowledge graphs for advanced problem-solvingLeverage innovative approaches like LangChain to create real-world intelligent systemsIntegrate large language models, graph databases, and tool use for next-gen AI solutionsPurchase of the print or Kindle book includes a free PDF eBookBook DescriptionThis AI agents book addresses the challenge of building AI that not only generates text but also grounds its responses in real data and takes action. Authored by AI specialists with deep expertise in drug discovery and systems optimization, this guide empowers you to leverage retrieval-augmented generation (RAG), knowledge graphs, and agent-based architectures to engineer truly intelligent behavior. By combining large language models (LLMs) with up-to-date information retrieval and structured knowledge, you'll create AI agents capable of deeper reasoning and more reliable problem-solving. Inside, you'll find a practical roadmap from concept to implementation. You’ll discover how to connect language models with external data via RAG pipelines for increasing factual accuracy and incorporate knowledge graphs for context-rich reasoning. The chapters will help you build and orchestrate autonomous agents that combine planning, tool use, and knowledge retrieval to achieve complex goals. Concrete Python examples built on popular libraries, along with real-world case studies, reinforce each concept and show you how these techniques come together. By the end of this book, you’ll be well-equipped to build intelligent AI agents that reason, retrieve, and interact dynamically, empowering you to deploy powerful AI solutions across industries.What you will learnLearn how LLMs work, their structure, uses, and limits, and design RAG pipelines to link them to external dataBuild and query knowledge graphs for structured context and factual groundingDevelop AI agents that plan, reason, and use tools to complete tasksIntegrate LLMs with external APIs and databases to incorporate live dataApply techniques to minimize hallucinations and ensure accurate outputsOrchestrate multiple agents to solve complex, multi-step problemsOptimize prompts, memory, and context handling for long-running tasksDeploy and monitor AI agents in production environmentsWho this book is forIf you are a data scientist or researcher who wants to learn how to create and deploy an AI agent to solve limitless tasks, this book is for you. To get the most out of this book, you should have basic knowledge of Python and Gen AI. This book is also excellent for experienced data scientists who want to explore state-of-the-art developments in LLM and LLM-based applications.","","9781835080382","","","https://ieeexplore.ieee.org/xpl/ebooks/bookPdfWithBanner.jsp?fileName=11099035.pdf&bkn=11099035&pdfType=book","","","","","","","","29 Jul 2025","","","Packt Publishing","Packt Publishing eBooks"
"Cooperative Relaying for Connected Construction Equipment Networks With Hybrid Hierarchical Proximal Policy Optimization","P. Ning; H. Wang; T. Tang; J. Zhang; C. Chen; D. Niyato; F. Richard Yu","State Key Laboratory of Advanced Rail Autonomous Operation and the Collaborative Innovation Center of Railway Traffic Safety, Beijing Jiaotong University, Beijing, China; Collaborative Innovation Center of Railway Traffic Safety, Beijing Jiaotong University, Beijing, China; State Key Laboratory of Advanced Rail Autonomous Operation, Beijing Jiaotong University, Beijing, China; College of Computing and Data Science, Nanyang Technological University, Jurong West, Singapore; School of Automation and Intelligence, Beijing Jiaotong University, Beijing, China; College of Computing and Data Science, Nanyang Technological University, Jurong West, Singapore; Department of Systems and Computer Engineering, Carleton University, Ottawa, ON, Canada",IEEE Transactions on Communications,"16 Jul 2025","2025","73","7","5184","5197","The communication network in a tunnel construction site facilitates real-time data exchange, and serves as a backbone for successfully executing construction projects. However, the long and closed spaces, irregular surfaces, and variable topology as tunnel excavation impose rigorous limitations on signal propagation, communication quality and coverage. To alleviate the realistic issues, we introduce a holistic three-phase cooperative relay scheme based on 5G New Radio (NR) vehicle-to-everything (V2X) architecture, which can extend the communication range and enhance network throughput. We theoretically derive the outage probability of the entire cooperative relaying process from source to destination, and quantify the impact of relaying on construction workflow with relay cost. To minimize the outage probability and relay cost, we formulate a cooperative relay strategies optimization problem and transform the solving procedure into a Markov decision process (MDP). We design a hybrid hierarchical proximal policy optimization (HH-PPO) reinforcement learning method to solve the MDP, which consists of two discrete actor networks, two continuous actor networks, and two critic networks. The hybrid structure enables HH-PPO to tackle the mixed action space, and the hierarchical structure enables adaptive and contextual actions generation by integrating the discrete network outputs into the continuous actor network. Simulation results validate the effectiveness of the HH-PPO algorithm with faster convergence speed, and show superior performance in terms of lower, stable outage probability and relay cost satisfaction compared with another benchmark.","1558-0857","","10.1109/TCOMM.2024.3507640","China Scholarship Council program(grant numbers:202307090067); National Natural Science Foundation of China(grant numbers:U2368204,62073024); Agency for Science, Technology and Research (A*STAR) under its RIE 2025 – Industry Alignment Fund – Pre Positioning (IAF-PP) funding scheme(grant numbers:M23L4a0001); MOE AcRF Tier 1 funding (RG13/23), and in part by the National Research Foundation, Singapore, and Infocomm Media Development Authority under its Future Communications Research and Development Programme, Defence Science Organisation (DSO) National Laboratories under the AI Singapore Programme(grant numbers:FCP-NTU-RG-2022-010,FCP-ASTAR-TG-2022-003); Singapore Ministry of Education (MOE) Tier 1 (RG87/22), the NTU Centre for Computational Technologies in Finance (NTU-CCTF), and Seitee Pte Ltd; ","https://ieeexplore.ieee.org/stamp/stamp.jsp?arnumber=10769515","Cooperative communication;cooperative relay strategies;outage probability;proximal policy optimization;reinforcement learning","Relays;Probability;Power system reliability;Costs;Optimization;Data communication;Cooperative communication;Safety;Quality of service;Electronic mail","","","","41","IEEE","27 Nov 2024","","","IEEE","IEEE Journals"
"Optimization Based Multi-View Coverage Path Planning for Autonomous Structure From Motion Recordings","S. Lindner; C. Garbe; K. Mombaur","Optimization, Robotics & Biomechanics Group, Institute of Computer Engineering, Heidelberg University, Heidelberg, Germany; IWR, Heidelberg University, Heidelberg, Germany; Optimization, Robotics & Biomechanics Group, Institute of Computer Engineering, Heidelberg University, Heidelberg, Germany",IEEE Robotics and Automation Letters,"15 Jul 2019","2019","4","4","3278","3285","The area of autonomous mapping and autonomous maintenance using unmanned robots has received much attention in recent years. However, usually only single-view coverage is ensured, which is not sufficient if a camera-based three-dimensional reconstruction is desired. If high precision is required for this reconstruction, computations are expensive and not real-time feasible, such that recording and reconstruction procedure must be executed consecutively. This calls for a reliable method for collecting a sufficient set of images during the recording procedure. In this letter, we present the first approach for multi-view coverage path planning, specifically targeted at an autonomous structure from motion data acquisition. For that purpose, we introduce an incremental, computational efficient update formula, that gives an upper bound on the expected reconstruction quality of observed points on the boundary of a structure. Using this quality estimate, we iteratively solve the coverage path-planning problem by greedily selecting a next-best-view as a solution to an optimal experimental design problem. Additional geometric and dynamic constraints ensure the admissibility of the solution. The correctness of our quality estimate and coverage path-planning approach are validated in the physics simulator Gazebo.","2377-3766","","10.1109/LRA.2019.2926216","Heidelberg Graduate School of Mathematical and Computational Methods for the Sciences through a doctoral scholarship; ","https://ieeexplore.ieee.org/stamp/stamp.jsp?arnumber=8752402","Motion and path planning;optimization and optimal control;surveillance systems","Image reconstruction;Three-dimensional displays;Cameras;Upper bound;Inspection;Optimization;Geometry","","9","","21","IEEE","1 Jul 2019","","","IEEE","IEEE Journals"
"FPGA-Based Design Optimization in Autonomous Robot Systems for Inspection of Civil Infrastructure","R. G. Lins; S. N. Givigi","Center for Engineering, Modeling and Applied Social Sciences, Federal University of ABC, Santo André, Brazil; School of Computing, Queen’s University, Kingston, Canada",IEEE Systems Journal,"3 Jun 2020","2020","14","2","2961","2964","Recently, Lins et al. have developed an autonomous robot system for inspection of defects in civil infrastructure. The proposed autonomous system is a unique design because it is comprised of commercial off-the-shelf products that integrate into one fully automated system. The design can be easily deployed to different environments, such as nuclear power plants and bridges, while also being less expensive to create and maintain. However, a crucial point to be improved is the system performance, which is related to the low image processing frequency that largely increases the time needed to autonomously inspect a real structure. A new embedded and more efficient crack detection and crack measurement apparatus based on a field-programmable gate array was developed to optimize the on-board image processing. Thereby, the hardware architecture, software design, and database schematic were redesigned in order to update the autonomous robot system for inspection. Finally, some discussion and data are provided to validate the technical feasibility of the proposed optimization.","1937-9234","","10.1109/JSYST.2019.2960309","Natural Sciences and Engineering Research Council of Canada; ","https://ieeexplore.ieee.org/stamp/stamp.jsp?arnumber=8964450","Autonomous systems;embedded systems;field-programmable gate array (FPGA);machine vision;robotics and automation","Computer architecture;Cloud computing;Field programmable gate arrays;Databases;Robot sensing systems;Autonomous robots","","6","","11","IEEE","22 Jan 2020","","","IEEE","IEEE Journals"
"Transfer Learning-Based Multi-Objective Predictive Control for Vehicular Platoon","Y. Wu; Z. Zuo; Y. Wang","Tianjin Key Laboratory of Intelligent Unmanned Swarm Technology and System, School of Electrical and Information Engineering, Tianjin University, Tianjin, China; Tianjin Key Laboratory of Intelligent Unmanned Swarm Technology and System, School of Electrical and Information Engineering, Tianjin University, Tianjin, China; Tianjin Key Laboratory of Intelligent Unmanned Swarm Technology and System, School of Electrical and Information Engineering, Tianjin University, Tianjin, China",2024 IEEE 13th Data Driven Control and Learning Systems Conference (DDCLS),"5 Aug 2024","2024","","","1679","1684","This paper proposes a novel transfer learning-based multi-objective predictive control (TLMPC) strategy to reduce the computational burden for the vehicular platoon. A data-driven model is established with subspace identification to alleviate the adverse effects of complex powertrain structure of electric vehicles. Then, a grey wolf optimizer is devised to navigate the search process, striving for globally optimal trade-offs among the conflicting multi-objectives. To improve the calculation efficiency, a transfer learning method is suggested to the platoon. Eventually, several experimental results demonstrate the effectiveness of the proposed TLMPC strategy.","2767-9861","979-8-3503-6167-4","10.1109/DDCLS61622.2024.10606714","National Natural Science Foundation (NNSF) of China(grant numbers:62173243,61933014); ","https://ieeexplore.ieee.org/stamp/stamp.jsp?arnumber=10606714","Vehicular platoon;multi-objective optimization;data-driven model;transfer learning","Learning systems;Uncertainty;Navigation;Computational modeling;Transfer learning;Mechanical power transmission;Predictive models","","","","26","IEEE","5 Aug 2024","","","IEEE","IEEE Conferences"
"Distributed Data Center Cooling control based on Multi-Agent Reinforcement Learning","D. Chen; J. Wan; L. Li; C. Liu","Inner Mongolia University of Technology, Hohhot, China; Inner Mongolia University of Technology, Hohhot, China; Inner Mongolia University of Technology, Hohhot, China; Inner Mongolia University of Technology, Hohhot, China",2022 4th International Conference on Frontiers Technology of Information and Computer (ICFTIC),"27 Mar 2023","2022","","","456","461","The data center cooling system is a complex-structured system integrated with a large number of components. Traditional centralized control methods are hard to apply in production data centers due to scalability issues. This paper studies the distributed cooling control problem where the data center is cooled by multiple Computer Room Air Conditioners (CRACs) to minimize the energy consumption. To characterize the interactions of CRACs, we formulate the distributed data center cooling control problem as a stochastic game, where each CRAC acts as an agent to learn the optimal local cooling policy. We propose a Multi-Agent Reinforcement Learning (MARL) framework based on the Counterfactual Multi-Agent (COMA). Specifically, we policies based on the agents' observations of the global state. After the implementation of these policies, they will receive their own rewards, then evaluate the quality of the policies. Simulation results show that compared with the Independent Q-Learning (IQL) method, this algorithm reduces the power consumption of CRACs by 6.2%.","","979-8-3503-2195-1","10.1109/ICFTIC57696.2022.10075260","National Natural Science Foundation of China(grant numbers:61862048); ","https://ieeexplore.ieee.org/stamp/stamp.jsp?arnumber=10075260","data center cooling control;multi-agent reinforcement learning;energy optimization","Data centers;Q-learning;Cooling;Simulation;Scalability;Software algorithms;Stochastic processes","","1","","15","IEEE","27 Mar 2023","","","IEEE","IEEE Conferences"
"Application of PBSID and Structured $\mathrm{H}_{\infty}$ Methods in Unmanned Helicopter System Identification","M. Wu; M. Lovera; M. Chen","School of Aeronautic Science and Engineering, Beihang University, Beijing, China; Dept. of Aerospace Science and Technology, Politecnico di Milano, Milano, Italy; School of Aeronautic Science and Engineering, Beihang University, Beijing, China",2019 IEEE International Conference on Unmanned Systems and Artificial Intelligence (ICUSAI),"25 Jun 2020","2019","","","136","141","This study focuses on the model identification problem of an unmanned helicopter. Two identification approaches are evaluated, a subspace method and a combined method. The work gives detailed analysis of time-domain and frequency-domain simulations. Results show that both approaches can match the time-domain and frequency-domain responses of the original data in a good degree. The combined method is reliable in extracting structured dynamic models.","","978-1-7281-5859-4","10.1109/ICUSAI47366.2019.9124883","","https://ieeexplore.ieee.org/stamp/stamp.jsp?arnumber=9124883","System identification;Subspace methods;Structured models;Time-domain;Frequency-domain","Autonomous systems;Frequency-domain analysis;Helicopters;Optimization methods;Eigenvalues and eigenfunctions;Data models;System identification;Reliability;Data mining;Time-domain analysis","","","","19","IEEE","25 Jun 2020","","","IEEE","IEEE Conferences"
"Comparing Future Autonomous Electric Taxis With an Existing Free-Floating Carsharing System","F. Dandl; K. Bogenberger","Department of Traffic Engineering, Bundeswehr University Munich, Neubiberg, Germany; Department of Traffic Engineering, Bundeswehr University Munich, Neubiberg, Germany",IEEE Transactions on Intelligent Transportation Systems,"29 May 2019","2019","20","6","2037","2047","When considering autonomous mobility on demand (AMoD) trends, it is probably safe to assume that they will have a large market share in the near future. In the introductory phases, users of current non-autonomous mobility on demand services such as ride-hailing and carsharing are expected to be among the first users of AMoD systems. The research presented in this paper aims to estimate fares for an AMoD system in this early stages based on rental and financial data provided by a free-floating CS provider. It demonstrates that an autonomous taxi (aTaxi) model requires less vehicles to serve the same demand resulting in the possibility to lower fares. In our model, user behavior is represented by defining three maximal waiting times and three monetary values reflecting their dissatisfaction in the case, where they cannot be served in due time. Two bipartite optimization problems for vehicle-to-user and relocation assignments build the core of the introduced aTaxi model. Fleet size and relocation parameters are chosen according to a utility function representing profit and opportunity costs of users not being served. We compute the reduction in fares to break-even with the current CS profit. Results of a case-study in Munich, Germany, indicate that one aTaxi can replace 2.8-3.7 CS vehicles. The aTaxi operator can therefore reduce fares by 29%-35% to achieve the same profit assuming the same cost structures as in free-floating CS.","1558-0016","","10.1109/TITS.2018.2857208","City2Share Project; German Federal Ministry for Environment, Nature Conservation and Nuclear Safety; ","https://ieeexplore.ieee.org/stamp/stamp.jsp?arnumber=8428661","Autonomous taxis;free-floating carsharing;on-demand-mobility;fares;relocation","Public transportation;Optimization;Autonomous vehicles;Vehicle dynamics;Companies;Urban areas","","62","","27","IEEE","7 Aug 2018","","","IEEE","IEEE Journals"
"Ant Colony Optimization for Cooperative Inspection Path Planning Using Multiple Unmanned Aerial Vehicles","D. N. Bui; T. N. Duong; M. D. Phung","Vietnam National University, Hanoi, Vietnam; Ulsan National Institute of Science and Technology, Ulsan, Korea; Fulbright University Vietnam, Ho Chi Minh City, Vietnam",2024 IEEE/SICE International Symposium on System Integration (SII),"9 Feb 2024","2024","","","675","680","This paper presents a new swarm intelligence-based approach to deal with the cooperative path planning problem of unmanned aerial vehicles (UAVs), which is essential for the automatic inspection of infrastructure. The approach uses a 3D model of the structure to generate viewpoints for the UAVs. The calculation of the viewpoints considers the constraints related to the UAV formation model, camera parameters, and requirements for data post-processing. The viewpoints are then used as input to formulate the path planning as an extended traveling salesman problem and the definition of a new cost function. Ant colony optimization is finally used to solve the problem to yield optimal inspection paths. Experiments with 3D models of real structures have been conducted to evaluate the performance of the proposed approach. The results show that our system is not only capable of generating feasible inspection paths for UAVs but also reducing the path length by 29.47% for complex structures when compared with another heuristic approach. The source code of the algorithm can be found at https://github.com/duynamrcv/aco_3d_ipp.","2474-2325","979-8-3503-1207-2","10.1109/SII58957.2024.10417512","","https://ieeexplore.ieee.org/stamp/stamp.jsp?arnumber=10417512","Coverage path planning;infrastructure monitoring;vision-based inspection;ant colony optimization;unmanned aerial vehicle","Solid modeling;Ant colony optimization;Visualization;Three-dimensional displays;Inspection;Autonomous aerial vehicles;Path planning","","5","","19","IEEE","9 Feb 2024","","","IEEE","IEEE Conferences"
"Multi-Attention DenseNet: A Scattering Medium Imaging Optimization Framework for Visual Data Pre-Processing of Autonomous Driving Systems","P. Liu; C. Zhang; H. Qi; G. Wang; H. Zheng","Computing Center, Ocean University of China, Qingdao, China; College of Information Science and Engineering, Ocean University of China, Qingdao, China; College of Information Science and Engineering, Ocean University of China, Qingdao, China; College of Information Science and Engineering, Ocean University of China, Qingdao, China; College of Information Science and Engineering, Ocean University of China, Qingdao, China",IEEE Transactions on Intelligent Transportation Systems,"6 Dec 2022","2022","23","12","25396","25407","The vision system is important for almost all kinds of autonomous driving systems. However, visual data interfered by scattering media, such as smoke, haze, water, and other non-uniform media will be degraded seriously, showing the characteristics of detail loss, poor contrast, low visibility, or color distortion. These characteristics can significantly interfere with the reliability of autonomous driving systems. In real environments the image degradation mechanism is complex, and the estimation of degradation parameters is difficult. This issue remains to be solved. In this study, we employed dense blocks as the framework and introduced the attention mechanism to our model from four dimensions: Multi-scale Attention, Channel Attention, Structure Attention, and ROI (region of interest) Attention. With the help of the training data provided by the weakly supervised model, the proposed method achieved excellent performance in the task of scattering medium imaging optimization in different scenes. Comparative experiments show that the proposed method is robust, and is superior to other state-of-the-art methods in image dehazing, and underwater image enhancement tasks. It is of great significance to improve the reliability of autonomous driving systems in underwater and severe weather environments.","1558-0016","","10.1109/TITS.2022.3145815","Ministry of Education in China (MOE) Project of Humanities and Social Sciences(grant numbers:18YJCZH103); National Natural Science Foundation of China(grant numbers:62071441); Natural Science Foundation of Shandong Province(grant numbers:ZR2021MF080); ","https://ieeexplore.ieee.org/stamp/stamp.jsp?arnumber=9700743","Attention mechanism;color correction;image dehazing;imaging optimization;image restoration;underwater image enhancement","Scattering;Imaging;Image restoration;Deep learning;Image color analysis;Degradation;Autonomous vehicles","","36","","63","IEEE","1 Feb 2022","","","IEEE","IEEE Journals"
"Automatic Segmentation of Tree Structure From Point Cloud Data","S. T. Digumarti; J. Nieto; C. Cadena; R. Siegwart; P. Beardsley","Autonomous Systems Lab, ETH Zürich, Zürich, Switzerland; Siegwart are with the Autonomous Systems Lab, ETH Zürich, Zürich, Switzerland; Siegwart are with the Autonomous Systems Lab, ETH Zürich, Zürich, Switzerland; Siegwart are with the Autonomous Systems Lab, ETH Zürich, Zürich, Switzerland; Disney Research, Zürich, Switzerland",IEEE Robotics and Automation Letters,"9 Jul 2018","2018","3","4","3043","3050","Methods for capturing and modeling vegetation, such as trees or plants, typically distinguish between two components-branch skeleton and foliage. Current methods do not provide quantitatively accurate tree structure and foliage density needed for applications such as visualization, inspection, or to estimate vegetation parameters. This letter describes an automatic method for segmenting three-dimensional point cloud data of vegetation, acquired from commodity scanners, into its two main components: branches and leaves, by using geometric features computed directly on the point cloud. In this letter, the specific type of vegetation considered is broadleaf trees. We present a data-driven approach, where a Random forest classifier is used for segmentation. In contrast to state-of-the-art methods, the point cloud is not reduced to a set of primitives such as cylinders. Instead, the algorithm works at the level of the input point cloud itself, preserving quantitative accuracy in the resulting model. Computation of typical vegetation metrics follows naturally from this model. We achieve an average classification accuracy of $91\%$ on simulated data across three different species of broadleaf trees. Qualitative results on real data are also presented.","2377-3766","","10.1109/LRA.2018.2849499","","https://ieeexplore.ieee.org/stamp/stamp.jsp?arnumber=8392392","Robotics in agriculture and forestry;object detection;segmentation and categorization;RGB-D perception","Vegetation;Three-dimensional displays;Vegetation mapping;Skeleton;Biological system modeling;Image reconstruction;Data models","","22","","38","IEEE","21 Jun 2018","","","IEEE","IEEE Journals"
"Smooth path planning for urban autonomous driving using OpenStreetMaps","A. Artuñedo; J. Godoy; J. Villagra","Automation and Robotics (UPM-CSIC), Arganda del Rey, Spain; Automation and Robotics (UPM-CSIC), Arganda del Rey, Spain; Automation and Robotics (UPM-CSIC), Arganda del Rey, Spain",2017 IEEE Intelligent Vehicles Symposium (IV),"31 Jul 2017","2017","","","837","842","Safe and human-like path planning in urban environments remain one of the most challenging problems for autonomous driving. This paper proposes a solution to plan traffic-free optimal and smooth paths using the most spread open source navigation data structure, OpenStreetMaps. To that end, a procedure to automatically transform raw OSM data into the drivable space is combined with a MINLP optimization algorithm that finds the most suitable position of intermediate waypoints to connect Bézier primitive curves. The proposed planner is validated in a real complex roundabout, for which very smooth paths are generated, even considering obstacles.","","978-1-5090-4804-5","10.1109/IVS.2017.7995820","","https://ieeexplore.ieee.org/stamp/stamp.jsp?arnumber=7995820","","Roads;Planning;Trajectory;Optimization;Splines (mathematics);Data structures","","13","1","27","IEEE","31 Jul 2017","","","IEEE","IEEE Conferences"
"Prediction of Surrounding Vehicles Lane Change Intention Using Machine Learning","A. Benterki; M. Boukhnifer; V. Judalet; M. Choubeila","ESTACA Engineering School, France; ESTACA Engineering School, France; ESTACA Engineering School, France; Laboratory of Conception Optimization and Modeling of Systems, Lorraine University, Metz, France",2019 10th IEEE International Conference on Intelligent Data Acquisition and Advanced Computing Systems: Technology and Applications (IDAACS),"5 Dec 2019","2019","2","","839","843","To widen the range of deployment of autonomous vehicles, we need to develop more secure and intelligent systems exhibiting higher degrees of autonomy and able to sense, plan, and operate in unstructured environments. For that, the vehicle must be able to predict the intention of other traffic participants to interact coherently with its world. This paper addresses the prediction of lane change maneuver prediction of surrounding vehicles on highways. Two lane change prediction approaches based on machine learning are presented, the first is based on Support Vector Machine and the second on Artificial Neural Network, NGSIM dataset is used for training and testing. Used features are extracted from this dataset. The proposed approaches achieve a good performance, the results show improvement over the state of art in terms of prediction time and accuracy.","","978-1-7281-4069-8","10.1109/IDAACS.2019.8924448","","https://ieeexplore.ieee.org/stamp/stamp.jsp?arnumber=8924448","machine learning;support vector machines;artificial neural networks;lane change;intention prediction;autonomous vehicles;NGSIM","Support vector machines;Feature extraction;Trajectory;Roads;Acceleration;Measurement;Autonomous vehicles","","36","","9","IEEE","5 Dec 2019","","","IEEE","IEEE Conferences"
"Roadgraph Generation and Free-Space Estimation in Unknown Structured Environments for Autonomous Vehicle Motion Planning","T. Kessler; P. Minnerup; K. Esterle; C. Feist; F. Mickler; E. Roth; A. Knoll","An-Institut Technische Universität München, Munich, Germany; An-Institut Technische Universität München, Munich, Germany; An-Institut Technische Universität München, Munich, Germany; AUDI AG, Ingolstadt, Germany; AUDI AG, Ingolstadt, Germany; AUDI AG, Ingolstadt, Germany; Artificial Intelligence and Real-time Systems, Technische Universität München, Munich, Germany",2018 21st International Conference on Intelligent Transportation Systems (ITSC),"9 Dec 2018","2018","","","2831","2838","Automotive manufacturers and customers wish to have fully automated driving functionality available in a huge set of locations, scenarios, and markets. This raises the need for universally applicable scene understanding and motion planning algorithms that do not rely on highly accurate maps or excessive infrastructure communication. In this paper we introduce two novel approaches for extracting a topological roadgraph with possible intersection options from sensor data along with a geometric representation of the available maneuvering space. Also, a search and optimization-based path planning method for guiding the vehicle along a selected track in the roadgraph and within the free-space is presented. We compare the methods presented in simulation and show results of a test drive with a research vehicle. Our evaluations show the applicability in low speed maneuvering scenarios and the stability of the algorithms even for low quality input data.","2153-0017","978-1-7281-0323-5","10.1109/ITSC.2018.8569306","","https://ieeexplore.ieee.org/stamp/stamp.jsp?arnumber=8569306","","Path planning;Navigation;Planning;Robot sensing systems;Data mining;Laser radar;Autonomous vehicles","","3","","17","IEEE","9 Dec 2018","","","IEEE","IEEE Conferences"
"Augmenting Reinforcement Learning With Transformer-Based Scene Representation Learning for Decision-Making of Autonomous Driving","H. Liu; Z. Huang; X. Mo; C. Lv","School of Mechanical and Aerospace Engineering, Nanyang Technological University, Singapore; School of Mechanical and Aerospace Engineering, Nanyang Technological University, Singapore; School of Mechanical and Aerospace Engineering, Nanyang Technological University, Singapore; School of Mechanical and Aerospace Engineering, Nanyang Technological University, Singapore",IEEE Transactions on Intelligent Vehicles,"2 May 2024","2024","9","3","4405","4421","Decision-making for urban autonomous driving is challenging due to the stochastic nature of interactive traffic participants and the complexity of road structures. Although reinforcement learning (RL)-based decision-making schemes are promising to handle urban driving scenarios, they suffer from low sample efficiency and poor adaptability. In this paper, we propose the Scene-Rep Transformer to enhance RL decision-making capabilities through improved scene representation encoding and sequential predictive latent distillation. Specifically, a multi-stage Transformer (MST) encoder is constructed to model not only the interaction awareness between the ego vehicle and its neighbors but also intention awareness between the agents and their candidate routes. A sequential latent Transformer (SLT) with self-supervised learning objectives is employed to distill future predictive information into the latent scene representation, in order to reduce the exploration space and speed up training. The final decision-making module based on soft actor-critic (SAC) takes as input the refined latent scene representation from the Scene-Rep Transformer and generates decisions. The framework is validated in five challenging simulated urban scenarios with dense traffic, and its performance is manifested quantitatively by substantial improvements in data efficiency and performance in terms of success rate, safety, and efficiency. Qualitative results reveal that our framework is able to extract the intentions of neighbor agents, enabling better decision-making and more diversified driving behaviors.","2379-8904","","10.1109/TIV.2024.3372625","Agency for Science, Technology and Research (A*STAR), Singapore; Advanced Manufacturing and Engineering (AME) Young Individual Research(grant numbers:A2084c0156); MTC Individual Research(grant numbers:M22K2c0079); ANR-NRF(grant numbers:NRF2021-NRF-ANR003 HM Science); Ministry of Education - Singapore(grant numbers:MOE-T2EP50222-0002); ","https://ieeexplore.ieee.org/stamp/stamp.jsp?arnumber=10458341","Autonomous driving;decision-making;reinforcement learning;scene representation","Transformers;Decision making;Training;Autonomous vehicles;Reinforcement learning;Autonomous driving;Image analysis","","30","","55","IEEE","5 Mar 2024","","","IEEE","IEEE Journals"
"ISTA: Automatic Test Case Generation and Optimization for Intelligent Systems based on Coverage Analysis","W. Zheng; L. Lin; X. Chen; G. Liu; H. Huang; J. Shen; Q. Xu; Y. Gu","Northwestern Polytechnical University, China; Northwestern Polytechnical University, China; Nantong University, China; Northwestern Polytechnical University, China; Northwestern Polytechnical University, China; Northwestern Polytechnical University, China; Northwestern Polytechnical University, China; Northwestern Polytechnical University, China","2023 IEEE International Conference on Software Analysis, Evolution and Reengineering (SANER)","15 May 2023","2023","","","758","762","With the applications of intelligent systems in areas (such as self-driving cars, robotics, and smart cities), the impact of these intelligent systems’ defects cannot be ignored. For example, in a recent report, the self-driving car collided with another self-driving car because it incorrectly identified a roadblock. Therefore, it is necessary to conduct adequate testing of intelligent systems to avoid dangerous behaviors as much as possible. However, due to the particularity of its own structure, the low efficiency, and the high cost of manual collection the large-scale test cases, it is important and challenging to design tools to test the adequacy of intelligent systems.To overcome the above problems, we propose an intelligent system test adequacy evaluation tool ISTA. ISTA implements the automatic generation and optimization of test cases based on coverage analysis, which can improve the test adequacy of the intelligent system while expanding the dataset. To evaluate the usefulness of our developed tool, we analyze the application of ISTA on the five-layer fully-connected dnn model and german credit dataset (text data type) for binary classification as well as on the Rambo model and hmb dataset (image data type) for self-driving car. The evaluation results show that the test dataset is expanded and the models are more fully tested after ISTA’s test case generation and optimization for both text and image data types, with a corresponding increase in the average 80% coverage criteria used.","2640-7574","978-1-6654-5278-6","10.1109/SANER56733.2023.00086","National Natural Science Foundation of China; ","https://ieeexplore.ieee.org/stamp/stamp.jsp?arnumber=10123517","Deep Learning Testing;Coverage Criteria;Test Case Generation;Test Case Optimization","Analytical models;Smart cities;Manuals;Data models;Software;Autonomous automobiles;Intelligent systems","","2","","20","IEEE","15 May 2023","","","IEEE","IEEE Conferences"
"Enhanced Complexity Algorithm for Pebble Motion and Multi-Agent Pathfinding in Tree Structures","R. Raman; V. Kumar; B. G. Pillai; A. Verma; S. Rastogi; R. Meenakshi","Symbiosis International (Deemed University), Pune, India; SRV Media; Department of Management IT & Business Analytics, Sri Balaji University, Pune, India; Computer science & Engineering, Faculty of Engineering and Technology, Parul institute of Technology, Parul University; Symbiosis Institute of Business Management, Nagpur Symbiosis International (Deemed University), Pune, India; Computer Science and Engineering, Chennai Institute of technology",2024 International Conference on Data Science and Network Security (ICDSNS),"1 Oct 2024","2024","","","1","7","In multi-agent systems, navigating through non-linear pathways within tree structures presents significant challenges, often leading to bottlenecks and conflicts that traditional algorithms struggle to address efficiently. To tackle these issues, we developed an innovative algorithm leveraging advanced heuristic methodologies for pebble motion and multiagent pathfinding (MAPF). Our approach introduces a novel partitioning strategy that divides tree structures into manageable sub-trees, enabling localized pathfinding and reducing the computational overhead associated with global strategies. This partitioning is complemented by an adaptive path optimization technique that dynamically adjusts agent paths based on predictive conflict detection. Together, these strategies significantly enhance pathfinding accuracy and efficiency, particularly in congested networks. The algorithm was rigorously tested across diverse real-world scenarios using both synthetic and actual datasets. Results demonstrate substantial improvements over conventional algorithms like A*, reducing computational time to 75% of the traditional requirement and increasing conflict resolution efficiency to 95%. The enhanced scalability and processing speed make this algorithm suitable for real-time applications ranging from autonomous vehicle navigation to network routing. These findings mark a significant advancement in pathfinding algorithms, offering a promising framework for optimizing multi-agent systems in densely interconnected environments and opening avenues for future research in this field.","","979-8-3503-7311-0","10.1109/ICDSNS62112.2024.10691298","","https://ieeexplore.ieee.org/stamp/stamp.jsp?arnumber=10691298","pebble motion;multi-agent pathfinding;tree structures;algorithm efficiency;heuristic methodology","Navigation;Heuristic algorithms;Scalability;Prediction algorithms;Partitioning algorithms;Computational efficiency;Robots;Optimization;Multi-agent systems;Testing","","","","19","IEEE","1 Oct 2024","","","IEEE","IEEE Conferences"
"Balancing Safety and Security in Autonomous Driving Systems: A Machine Learning Approach with Safety-First Prioritization","A. Hasani; M. A. Nia; R. E. Atani","Dept. of Computer Engineering, University of Guilan, Rasht, Iran; Faculty of Computer Science and Engineering, Shahid Beheshti University, Tehran, Iran; Dept. of Computer Engineering, University of Guilan, Rasht, Iran",2024 Annual Computer Security Applications Conference Workshops (ACSAC Workshops),"18 Mar 2025","2024","","","30","41","In the era of autonomous vehicles (AVs), ensuring the safety and security of the system is an ongoing challenge, particularly when faced with increasingly cyber-attacks such as GPS spoofing and man-in-the-middle. This paper presents a novel reinforcement learning (RL)-based framework that prioritizes safety over security concerns in AVs, ensuring that life-critical tasks such as collision avoidance and speed control are always maintained, even in the presence of security threats. Our system leverages the MAPE-K loop to dynamically adapt to changing conditions, using RL in the Analyzing phase to make real-time decisions that maximize cumulative safety rewards while addressing security risks that directly affect operational integrity. We demonstrate how our RL-based self-adaptive system mitigates security threats while maintaining safe driving behaviors through various simulations and experiments. The proposed system shows significant improvements in collision avoidance and threat detection, ultimately ensuring that the AV’s safety is preserved in even the most challenging scenarios.","","979-8-3315-3281-9","10.1109/ACSACW65225.2024.00012","","https://ieeexplore.ieee.org/stamp/stamp.jsp?arnumber=10917620","Autonomous Vehicles;Safe Machine Learning;Safety Prioritization;Autonomous Systems Security;Assuring Autonomy","Conferences;Velocity control;Reinforcement learning;Real-time systems;Threat assessment;Safety;Security;Collision avoidance;Autonomous vehicles;Global Positioning System","","","","39","IEEE","18 Mar 2025","","","IEEE","IEEE Conferences"
"CSR: A Lightweight Crowdsourced Road Structure Reconstruction System for Autonomous Driving","H. Wang; Q. Liu; J. Wu; K. Liu; C. Ding; X. Lang; C. Xue","Li Auto Inc., Beijing, China; Li Auto Inc., Beijing, China; Li Auto Inc., Beijing, China; Li Auto Inc., Beijing, China; Li Auto Inc., Beijing, China; Li Auto Inc., Beijing, China; Li Auto Inc., Beijing, China",2024 IEEE/RSJ International Conference on Intelligent Robots and Systems (IROS),"25 Dec 2024","2024","","","1054","1061","Highly accurate and robust vectorized reconstruction of road structures is crucial for autonomous vehicles. Traditional LiDAR-based methods require multiple processes and are often expensive, time-consuming, labor-intensive, and cumbersome. In this paper, we propose a lightweight crowdsourced road structure reconstruction system (termed CSR) that relies solely on online perceived semantic elements. Ambiguities and perceptual errors of semantic features and Global Navigation Satellite System (GNSS) global pose errors constitute the predominant challenge in achieving alignment across multi-trip data. To this end, a robust two-phased coarse-to-fine multi-trip alignment method is performed considering local geometric consistency, global topology consistency, intra-trip temporal consistency, and inter-trip consistency. Further, we introduce an incremental pose graph optimization framework with adaptive weight tuning ability to integrate pre-built road structures, currently perceived multi-trip semantic features, odometry, and GNSS, enabling accurate and robust incremental road structure reconstruction. CSR is highly automated, efficient, and scalable for large-scale autonomous driving scenarios, significantly expediting road structure production. We quantitatively and qualitatively validate the reconstruction performance of CSR in real-world scenes. CSR achieves centimeter-level accuracy commensurate with established LiDAR-based methods, concurrently boosting efficiency and reducing resource expenditure.","2153-0866","979-8-3503-7770-5","10.1109/IROS58592.2024.10801299","","https://ieeexplore.ieee.org/stamp/stamp.jsp?arnumber=10801299","","Global navigation satellite system;Accuracy;Costs;Roads;Semantics;Production;Feature extraction;Topology;Autonomous vehicles;Tuning","","","","32","IEEE","25 Dec 2024","","","IEEE","IEEE Conferences"
"Semantic Hierarchy-Guided Adversarial Attack for Autonomous Driving","G. Kim; S. Kim","Department of AI Convergence, Gwangju Institute of Science and Technology (GIST), Gwangju, South Korea; Department of AI Convergence, Gwangju Institute of Science and Technology (GIST), Gwangju, South Korea",IEEE Robotics and Automation Letters,"25 Jun 2025","2025","10","8","7907","7914","Autonomous vehicles employ semantic segmentation as a foundational component for perception and scene understanding, upon which driving decisions can be informed. Despite their performance, these deep learning models remain susceptible to subtle input perturbations that can cause severe deviation in model output. To enhance algorithmic robustness by examining such vulnerabilities, researchers have investigated adversarial examples, which are visually imperceptible yet can severely degrade model performance. However, traditional attacks produce arbitrary misclassifications that ignore semantic relationships, making the attack less effective. This letter introduces a semantic hierarchy-guided adversarial attack (SHAA), a white-box adversarial attack against semantic segmentation for autonomous driving. By combining semantic hierarchy and adaptive momentum-based updates across the image, SHAA produces semantically nontrivial yet highly effective perturbations. The SHAA method exposes deeper vulnerabilities with a higher attack success rate in semantic segmentation than existing methods, aiding the design of a more resilient perception system for autonomous vehicles.","2377-3766","","10.1109/LRA.2025.3580923","GIST-MIT Research Collaboration Grant; Artificial Intelligence Graduate School Program through the IITP(grant numbers:2019-0-01842); National Research Foundation of Korea; Ministry of Science and ICT, South Korea(grant numbers:RS-2024-00343397); Korea Agency for Infrastructure Technology Advancement; Ministry of Land, Infrastructure and Transport(grant numbers:RS-2023-00256888); ","https://ieeexplore.ieee.org/stamp/stamp.jsp?arnumber=11039705","Adversarial attack;automated vehicles;autonomous driving;semantic segmentation","Semantics;Perturbation methods;Autonomous vehicles;Semantic segmentation;Glass box;Training;Robustness;Optimization;Data mining;Buildings","","","","32","IEEE","18 Jun 2025","","","IEEE","IEEE Journals"
"Research on Optimal Autonomous Navigation Inspection Path Algorithm for Distribution Network Based on Improved Simulated Annealing Method","N. Liu; W. Bo; F. Sun; X. Zhou; P. Sang; J. Yin; H. Xu; J. Xiao; J. Kong","Huainan Power Supply Company State Grid Anhui Electric Power Co., Ltd, Huainan, China; Huainan Power Supply Company State Grid Anhui Electric Power Co., Ltd, Huainan, China; Anhui Jiyuan Software Co., Ltd, Hefei, China; Anhui Jiyuan Software Co., Ltd, Hefei, China; Anhui Jiyuan Software Co., Ltd, Hefei, China; Anhui Jiyuan Software Co., Ltd, Hefei, China; Institute of Intelligent Machines Hefei Institutes of Physical Science CAS, Hefei, China; State Grid Anhui Electric Power Co., Ltd, Hefei, China; State Grid Fengtai County Power Supply Company, Fengtai, China","2025 IEEE International Conference on Pattern Recognition, Machine Vision and Artificial Intelligence (PRMVAI)","18 Aug 2025","2025","","","1","6","This paper addresses the multi-constraint path planning problem encountered by vehicle-borne mobile aircraft when inspecting complex urban distribution networks. To this end, the paper proposes a UAV cooperative inspection path planning method integrating static and dynamic dual-channel data input, Monte Carlo segmentation and an improved simulated annealing algorithm. Firstly, the positions of the inspection nodes and aircraft nests are organised efficiently using a quadtree data structure, with the Euclidean distance pre-calculated. Secondly, an initial closed-loop path is constructed, and a weighted load balancer strategy is introduced. Sub-paths are then generated by combining Monte Carlo random segmentation with an improved simulated annealing algorithm, which is designed to optimise path load distribution through a dynamic heating strategy and a probability acceptance criterion. Finally, a multi-objective loss function is constructed by fusing the real-time positions of the UAV nests and traffic costs. The experiment is based on an actual distribution network comprising 414 towers. Results show that autonomous navigation planning paths generated by this method save over 20% of time compared to traditional fixed-sequence inspections, significantly improving the speed of inspection and the cooperative work efficiency of vehicle-borne mobile aircraft nests in multi-UAV distribution networks.","","979-8-3315-3643-5","10.1109/PRMVAI65741.2025.11108533","","https://ieeexplore.ieee.org/stamp/stamp.jsp?arnumber=11108533","vehicle-mounted mobile nest;distribution network inspection;path planning;simulated annealing algorithm;autonomous navigation","Monte Carlo methods;Heuristic algorithms;Distribution networks;Simulated annealing;Inspection;Autonomous aerial vehicles;Path planning;Vehicle dynamics;Aircraft;Autonomous robots","","","","9","IEEE","18 Aug 2025","","","IEEE","IEEE Conferences"
"Visual-based Trajectory Optimization for Autonomous Underwater Vehicles","F. Ruscio; S. Tani; R. Costanzi","Dept. of Information Engineering, University of Pisa and ISME*, Italy, Pisa, Italy; Dept. of Information Engineering, University of Pisa and ISME*, Italy, Pisa, Italy; Dept. of Information Engineering, Centro di Ricerca “E. Piaggio”, University of Pisa and ISME*, Italy, Pisa, Italy",OCEANS 2024 - Halifax,"25 Nov 2024","2024","","","1","7","This paper presents a visual-based trajectory opti-mization framework designed to enhance the navigation capabil-ities of Autonomous Underwater Vehicles (AUVs) utilized for underwater monitoring and inspection operations. The framework leverages the optical feedback from a monocular camera to detect loop closures and refine the estimation of the robot trajectory through a pose graph optimization procedure. The solution builds upon a state-of-the-art appearance-based loop closure detection method, which has been modified to improve its robustness and efficiency in underwater scenarios. The modifications include the use of contrast-limited adaptive histogram equalization to enhance image quality, the introduction of a keyframe selection procedure to reduce computational costs, and the implementation of a motion estimation stage for computing relative rigid transformations between loop closures. The optimization strategy was tested of Fline using a dataset of real underwater images acquired during structure inspection activities at sea. In par-ticular, the implemented loop closure detection and pose graph optimization functionalities were integrated with a visual-based dead-reckoning navigation approach that utilizes a monocular visual odometry algorithm providing information concerning the linear velocity of the AUV. The experimental results demonstrate the effectiveness of the proposed system in improving navigation performance within complex and unstructured underwater environments. The trajectory optimization process significantly reduces the drift of the monocular visual-based dead-reckoning estimation, thereby enhancing the accuracy of state estimation and the 2eo-referencin2 of collected data.","2996-1882","979-8-3315-4008-1","10.1109/OCEANS55160.2024.10753931","","https://ieeexplore.ieee.org/stamp/stamp.jsp?arnumber=10753931","autonomous underwater vehicles;visual-based navigation;loop closure detection;pose graph optimization","Autonomous underwater vehicles;Dead reckoning;Optical feedback;Oceans;Robot vision systems;Inspection;Robustness;State estimation;Trajectory optimization;Visual odometry","","","","18","IEEE","25 Nov 2024","","","IEEE","IEEE Conferences"
"Design and Implementation of a Multifunctional Autonomous Underwater Vehicle","Z. Wang; Z. Wang; H. Ni; J. Li; Q. Hu; D. Xu","College of Intelligent Systems Science and Engineering, Harbin Engineering University, Harbin, China; Southampton Ocean Engineering, Joint Institute Harbin Engineering University, Harbin, China; College of Intelligent Systems Science and Engineering, Harbin Engineering University, Harbin, China; Southampton Ocean Engineering, Joint Institute Harbin Engineering University, Harbin, China; College of Underwater Acoustic Engineering, Harbin Engineering University, Harbin, China; College of Intelligent Systems Science and Engineering, Harbin Engineering University, Harbin, China","2023 IEEE 11th International Conference on Information, Communication and Networks (ICICN)","24 Jan 2024","2023","","","813","817","Currently, as an important tool for exploring and developing the ocean, underwater robots have achieved rapid development at China and abroad. However, due to factors such as technology and cost, the development of small autonomous vehicles in the field of underwater surveying and mapping is relatively slow. The writer proposes a multifunctional autonomous underwater vehicle, which is an intelligent high-level system based on AUV and integrating intelligent perception, autonomous navigation, and fusion decision-making. Through the optimization design of mechanical structure, the high flexibility and stability of autonomous vehicle navigation have been improved. Through effective data fusion of underwater binocular camera, depth sensor, IMU, and single beam sonar sensor, the dynamic positioning control of autonomous vehicle has been achieved, ultimately achieving a low-cost, high-precision, and high-performance multi-functional underwater autonomous vehicle.","","979-8-3503-1401-4","10.1109/ICICN59530.2023.10392952","","https://ieeexplore.ieee.org/stamp/stamp.jsp?arnumber=10392952","dynamic positioning;Autonomous underwater vehicle;Safety protection;Thrust distribution","Autonomous underwater vehicles;Costs;Target tracking;Target recognition;Oceans;Sonar measurements;Sonar","","","","14","IEEE","24 Jan 2024","","","IEEE","IEEE Conferences"
"Capacity Maximization for Double Passive/Active RIS-Aided MISO Systems in Multiuser Scenarios","X. Peng; C. Liu; C. Yu; W. Xie; L. Yang","School of Information Science and Engineering, Hunan Institute of Science and Technology, Yueyang, China; School of Information Science and Engineering, Hunan Institute of Science and Technology, Yueyang, China; School of Information Science and Engineering, Hunan Institute of Science and Technology, Yueyang, China; School of Information Science and Engineering, Hunan Institute of Science and Technology, Yueyang, China; College of Computer Science and Electronic Engineering, Hunan University, Changsha, China",IEEE Internet of Things Journal,"8 Jul 2025","2025","12","14","26672","26684","This article addresses the problem of capacity maximization in double reconfigurable intelligent surface (RIS) - aided multiple-input single-output (MISO) systems under multiuser scenarios. A system model is proposed for double RIS-aided MISO configurations, incorporating both passive RIS (PRIS) and active RIS (ARIS). The primary objective is to maximize the minimum channel capacity across all users, and a corresponding optimization problem is formulated to achieve this goal. To overcome the challenges posed by the fractional structure of the nonconvex objective function, auxiliary variables are introduced, and the bisection method is utilized. Given the highly coupled and nonconvex nature of the optimization variables, a joint alternating optimization (AO) algorithm is designed based on the bisection method and successive convex approximation (SCA), enabling iterative determination of the beamforming vectors at the base station and the reflection coefficients of RISs. The results indicate that deploying double RISs substantially enhances the system’s channel capacity through reflected links. Notably, the ARIS protocols yield higher performance gains, particularly under scenarios involving high total power and large amplification factors. In multiuser environments, the double RIS configuration significantly outperforms the single RIS setup due to the increased degrees of freedom, especially when supported by ARIS protocols. These findings underscore the substantial potential and advantages of double RIS configurations in complex communication environments.","2327-4662","","10.1109/JIOT.2025.3560718","National Natural Science Foundation of China(grant numbers:62472169); Hunan Provincial Department of Public Education(grant numbers:23C0217); Natural Science Foundation of Hunan Province(grant numbers:2023JJ50045,2025JJ70287,2024JJ7218,2024JJ7219); ","https://ieeexplore.ieee.org/stamp/stamp.jsp?arnumber=10965753","Active reconfigurable intelligent surface (ARIS);beamforming;convex optimization;double reconfigurable intelligent surface;passive reconfigurable intelligent surface (PRIS)","Reconfigurable intelligent surfaces;Optimization;Reflection;Relays;MISO;Wireless communication;Array signal processing;Collaboration;Energy consumption;6G mobile communication","","","","32","IEEE","15 Apr 2025","","","IEEE","IEEE Journals"
"A Comparative Study of SLAM Algorithms for Indoor Navigation of Autonomous Wheelchairs","A. Juneja; L. Bhandari; H. Mohammadbagherpoor; A. Singh; E. Grant","Department of Electrical and Computer Engineering, North Carolina State University, Raleigh, NC, USA; Department of Electrical and Computer Engineering, North Carolina State University, Raleigh, NC, USA; Department of Electrical and Computer Engineering, North Carolina State University, Raleigh, NC, USA; Department of Electrical and Computer Engineering, North Carolina State University, Raleigh, NC, USA; Department of Electrical and Computer Engineering, North Carolina State University, Raleigh, NC, USA",2019 IEEE International Conference on Cyborg and Bionic Systems (CBS),"11 Jun 2020","2019","","","261","266","Following the rapid research and development in the field of autonomous automobiles robots are now being developed to be human assistants. Here, the focus of autonomous wheelchair systems is for patients with rare diseases, e.g., Motor Neuron Disease (MND); like Amyotrophic Lateral Sclerosis (ALS). The goal is to develop an autonomous wheelchair that helps these patients navigate indoors safely and securely. Such robots follow a common protocol, which was inspired by humans: perception, thinking, and reaction. In the world of the autonomous wheelchair navigation rules are dynamically generated in real-time by means of machine learning or deep learning. Simultaneous Localization and Mapping (SLAM) makes an autonomous robot aware of its position in the environment, while simultaneously building a map of its environment. This paper compares five SLAM algorithms: Gmapping, Hector, RTAB-Map, VINS-Mono, and RGBD-SLAM, for building indoor navigation maps. An electric powered wheelchair was modified to incorporate LiDAR, Kinect camera, IMU, and wheel encoders. The wheelchair was made functional for testing and comparing the defined metrics for localization, mapping accuracy, and its usability for patients with differing medical conditions. RTAB-Map was found to be the most scalable algorithm, one that works with different combinations of sensors. This algorithm produces accurate maps while accurately estimating robot location consistently, and for a range of speeds.","","978-1-7281-5073-4","10.1109/CBS46900.2019.9114512","","https://ieeexplore.ieee.org/stamp/stamp.jsp?arnumber=9114512","autonomous wheelchair;integrated sensors;indoor SLAM;machine-learned control","","","8","","16","IEEE","11 Jun 2020","","","IEEE","IEEE Conferences"
"A Preference-Based Multi-Agent Federated Reinforcement Learning Algorithm Framework for Trustworthy Interactive Urban Autonomous Driving","S. Lu; Y. Cai; Z. Liu; Y. Lian; L. Chen; H. Wang","Automotive Engineering Research Institute, Jiangsu University, Zhenjiang, China; Automotive Engineering Research Institute, Jiangsu University, Zhenjiang, China; Automotive Engineering Research Institute, Jiangsu University, Zhenjiang, China; BYD Auto Industry Company Ltd., Shenzhen, China; Automotive Engineering Research Institute, Jiangsu University, Zhenjiang, China; School of Automotive and Traffic Engineering and the Engineering Technology Research Institute, Jiangsu University, Zhenjiang, China",IEEE Transactions on Intelligent Transportation Systems,"2 Jul 2025","2025","26","7","10131","10145","In autonomous driving (AD) tasks, data-driven deep reinforcement learning (DRL) outperforms rule-based methods in terms of continuous decision-making and adaptability. However, traditional DRL relies on hand-crafted reward functions, which introduce objective alignment challenges and reward loopholes. Moreover, the black-box structure makes it difficult to explain the decision-making process, which has a direct impact on DRL performance in complex driving situations. To address these shortcomings, a preference-based decomposable proximal policy optimization algorithm (PDPPO) is proposed for reliable interactive urban AD. The framework deconstructs the federated reinforcement learning (FRL) algorithm from various perspectives using a rule-based preference model, resulting in high-availability algorithmic performance for AD. PDPPO employs a data-rule fusion-driven hybrid vision transformer to overcome the objective alignment and high-dimensional state-space representation challenges of traditional DRL in complex urban traffic environments. Furthermore, to address the issue of algorithmic trustworthiness, PDPPO models the multi-agent FRL co-optimization process as an interpretable self-organized group collaboration process. This approach enables the algorithm to strike a balance between model robustness and sample efficiency using preference-heuristic parameter aggregation. The simulation results demonstrate that the proposed PDPPO algorithmic framework can implement interpretable single-agent decision control and multi-agent co-optimization processes. Furthermore, it exhibits competitive performance on various benchmark tests.","1558-0016","","10.1109/TITS.2025.3543810","National Natural Science Foundation of China(grant numbers:52225212,52272418,U22A20100); National Key Research and Development Program of China(grant numbers:2022YFB2503302); ","https://ieeexplore.ieee.org/stamp/stamp.jsp?arnumber=10907775","Autonomous driving (AD);federated reinforcement learning (FRL);intelligent connected vehicle (ICV)","Data models;Training;Optimization;Autonomous vehicles;Analytical models;Decision making;Costs;Benchmark testing;Robustness;Faces","","2","","40","IEEE","27 Feb 2025","","","IEEE","IEEE Journals"
"Laplacian Regularized Low-Rank Representation and Its Applications","M. Yin; J. Gao; Z. Lin","Key Laboratory of Autonomous Systems and Networked Control, Ministry of Education, Guangzhou, P.R. China; School of Computing and Mathematics, Charles Sturt University, Bathurst, N.S.W., Australia; Cooperative Medianet Innovation Center, Shanghai Jiaotong University, Shanghai, P.R. China",IEEE Transactions on Pattern Analysis and Machine Intelligence,"3 Feb 2016","2016","38","3","504","517","Low-rank representation (LRR) has recently attracted a great deal of attention due to its pleasing efficacy in exploring low-dimensional subspace structures embedded in data. For a given set of observed data corrupted with sparse errors, LRR aims at learning a lowest-rank representation of all data jointly. LRR has broad applications in pattern recognition, computer vision and signal processing. In the real world, data often reside on low-dimensional manifolds embedded in a high-dimensional ambient space. However, the LRR method does not take into account the non-linear geometric structures within data, thus the locality and similarity information among data may be missing in the learning process. To improve LRR in this regard, we propose a general Laplacian regularized low-rank representation framework for data representation where a hypergraph Laplacian regularizer can be readily introduced into, i.e., a Non-negative Sparse Hyper-Laplacian regularized LRR model (NSHLRR). By taking advantage of the graph regularizer, our proposed method not only can represent the global low-dimensional structures, but also capture the intrinsic non-linear geometric information in data. The extensive experimental results on image clustering, semi-supervised image classification and dimensionality reduction tasks demonstrate the effectiveness of the proposed method.","1939-3539","","10.1109/TPAMI.2015.2462360","Australian Research Council(grant numbers:DP130100364); Foundation of Key Laboratory of Autonomous Systems and Networked Control; Ministry of Education(grant numbers:2013A06); Guangdong Natural Science Foundation(grant numbers:2014A030313511); National Natural Science Foundation (NSF) of China(grant numbers:61333013,61322306); National Basic Research Program of China(grant numbers:2015CB352502); National Natural Science Foundation (NSF) of China(grant numbers:61272341,61231002); Microsoft Research Asia Collaborative Research Program; ","https://ieeexplore.ieee.org/stamp/stamp.jsp?arnumber=7172559","Low-Rank Representation;Graph;Hyper- Laplacian;Manifold Structure;Laplacian Matrix;Regularization; Low-rank representation, graph, Hyper-Laplacian; manifold structure; Laplacian Matrix; regularization","Manifolds;Laplace equations;Data models;Principal component analysis;Robustness;Optimization","","378","","56","IEEE","29 Jul 2015","","","IEEE","IEEE Journals"
"Trajectory Planning for Autonomous Cars in Low-Structured and Unstructured Environments: A Systematic Review","C. Souza de Oliveira; R. D. S. Toledo; V. H. Tulux Oliveira Victorio; A. von Wangenheim","Department of Computer Sciences, Federal University of Santa Catarina, Florianopolis, Brazil; Department of Computer Sciences, Federal University of Santa Catarina, Florianopolis, Brazil; Department of Computer Sciences, Federal University of Santa Catarina, Florianopolis, Brazil; National Institute for Digital Convergence (INCoD), Federal University of Santa Catarina, Florianopolis, Brazil",IEEE Access,"28 Mar 2025","2025","13","","48841","48871","Autonomous driving research has gained attention in recent years due to its great potential in reshaping transportation systems. It is highly noticeable that most research focuses on well-maintained urban roads, whereas much less effort is pushed for low or unstructured scenarios usually found in suburban or countryside areas of emerging countries. This study systematically reviews state-of-the-art trajectory planning for car-like vehicles in these environments. We analyzed 4601 papers published in the last 10 years and selected 75 studies. Based on the selected research, we summarize the techniques for global planning, local planning, motion control, and multi-vehicle collaborative planning. In particular, we highlight the strengths and weaknesses of the local planning approaches and discuss and identify common limitations, such as sensor faults, terrain variations, safety and regulatory risks. Moreover, we summarize the most adopted visual input sensors, their associated data structures that are used as search spaces for local planning, and sensor fusion techniques, which complement the advantages of different types of sensors. Furthermore, we provide a systematic schema that relates the dependencies between the visual sensors, data-representations, and local planning techniques. From this, we identify gaps in the current literature, suggesting possible directions for future work.","2169-3536","","10.1109/ACCESS.2025.3551453","Coordination for the Improvement of Higher Education Personnel - CAPES (identifier ROR: 00x0ma614); ","https://ieeexplore.ieee.org/stamp/stamp.jsp?arnumber=10926194","Autonomous vehicles;low-structured environments;off-road;path planning;perception;self-driving;sensors;trajectory planning;unstructured environments","Planning;Trajectory planning;Roads;Systematic literature review;Autonomous vehicles;Visualization;Robots;Trajectory;Surveys;Legged locomotion","","","","185","CCBY","14 Mar 2025","","","IEEE","IEEE Journals"
"Research on UAV autonomous deformation strategy based on deep learning","Z. Song; Y. Lin; R. Lv; A. Ma; C. Dong","School of Aerospace Engineering, Tsinghua University China Academy of Launch Vehicle Technology, Beijing, China; Dept. of Flight Dynamics and Control, Beihang University, Beijing, China; Dept. of Flight Dynamics and Control, Beihang University, Beijing, China; China Academy of Launch Vehicle Technology, Beijing, China; Dept. of Flight Dynamics and Control, Beihang University, Beijing, China",2022 5th International Symposium on Autonomous Systems (ISAS),"22 Apr 2022","2022","","","1","7","To improve the autonomous deformation capability of morphing aircraft, a new method was proposed, which established an autonomous deformation strategy knowledge base based on deep learning. A longitudinal nonlinear dynamic model of variable-sweep-wing unmanned aerial vehicle (UAV) was obtained by using multi-rigid-body modeling. DATCOM was used to perform aerodynamic analysis, and then aerodynamic coefficient fitting formula was calculated. Based on prior knowledge, a deformation strategy was designed, which could generate training data for deep learning. A deep neural network (DNN), so-called autonomous deformation strategy knowledge base, was trained by using these data, which could output optimal sweep angle according to current flight states and flight mission. Simulation results show that this DNN gives morphing U A V a better speed maneuverability in deceleration task and a better directional maneuverability in turning task, which can enhance UA V's combat capability.","","978-1-6654-8708-5","10.1109/ISAS55863.2022.9757312","National Natural Science Foundation of China(grant numbers:61873295); ","https://ieeexplore.ieee.org/stamp/stamp.jsp?arnumber=9757312","deep learning;DATCOM;aerodynamic shape optimization;morphing aircraft;multibody dynamics","Deep learning;Deformable models;Knowledge based systems;Training data;Aerodynamics;Autonomous aerial vehicles;Turning","","2","","13","IEEE","22 Apr 2022","","","IEEE","IEEE Conferences"
"Design and Implementation of Deep Neural Network-Based Control for Automatic Parking Maneuver Process","R. Chai; A. Tsourdos; A. Savvaris; S. Chai; Y. Xia; C. L. P. Chen","School of Aerospace, Transport and Manufacturing, Cranfield University, Bedford, U.K.; School of Aerospace, Transport and Manufacturing, Cranfield University, Bedford, U.K.; School of Aerospace, Transport and Manufacturing, Cranfield University, Bedford, U.K.; School of Automation, Beijing Institute of Technology, Beijing, China; School of Automation, Beijing Institute of Technology, Beijing, China; School of Computer Science and Engineering, South China University of Technology, Guangzhou, China",IEEE Transactions on Neural Networks and Learning Systems,"4 Apr 2022","2022","33","4","1400","1413","This article focuses on the design, test, and validation of a deep neural network (DNN)-based control scheme capable of predicting optimal motion commands for autonomous ground vehicles (AGVs) during the parking maneuver process. The proposed design utilizes a multilayer structure. In the first layer, a desensitized trajectory optimization method is iteratively performed to establish a set of time-optimal parking trajectories with the consideration of noise-perturbed initial configurations. Subsequently, by using the preplanned optimal parking trajectory data set, several DNNs are trained in order to learn the functional relationship between the system state-control actions in the second layer. To obtain further improvements regarding the DNN performances, a simple yet effective data aggregation approach is designed and applied. These trained DNNs are then utilized as the motion controllers to generate feedback actions in real time. Numerical results were executed to demonstrate the effectiveness and the real-time applicability of using the proposed control scheme to plan and steer the AGV parking maneuver. Experimental results were also provided to justify the algorithm performance in real-world implementations.","2162-2388","","10.1109/TNNLS.2020.3042120","","https://ieeexplore.ieee.org/stamp/stamp.jsp?arnumber=9298482","Autonomous ground vehicles (AGVs);deep neural network (DNN);motion controller;parking maneuver;trajectory optimization","Trajectory optimization;Computational modeling;Roads;Real-time systems;Land vehicles;Autonomous vehicles;Artificial neural networks","","180","","33","IEEE","17 Dec 2020","","","IEEE","IEEE Journals"
"Student Session: Practical Insights on Acceleration for 3D Lidar Data Processing","I. Baek; K. Fuseini; R. R. Rajkumar",Carnegie Mellon University; Carnegie Mellon University; Carnegie Mellon University,2020 IEEE 26th International Conference on Embedded and Real-Time Computing Systems and Applications (RTCSA),"22 Sep 2020","2020","","","1","2","3D Lidar has become a widely used sensor technology in autonomous vehicles by providing accurate distance information. However, lidar pointcloud processing often involves sophisticated algorithms, and takes a lot of computational power. Many prior approaches relied on a GPU-based parallel programming model, such as CUDA, to accelerate these computations. However, little attention has been given to comparing different methods for selecting the most-suited programming and parallelization approaches for a given computing system. We present our findings and insights identified by implementing various parallel approaches considering both CPUs and GPUs. We also demonstrate significant acceleration results using a real-world perception algorithm developed to detect road boundaries. Finally, we compare the pros and cons of each method in terms of system architecture, programming model, and resource utilization to yield a better understanding of choosing the best parallelization approach for a given optimization objective.","2325-1301","978-1-7281-4403-0","10.1109/RTCSA50079.2020.9203651","","https://ieeexplore.ieee.org/stamp/stamp.jsp?arnumber=9203651","","Graphics processing units;Data structures;Acceleration;Laser radar;Runtime;Sorting;Kernel","","","","2","IEEE","22 Sep 2020","","","IEEE","IEEE Conferences"
"Infrared Precipitation Retrieval Method Based on Residual Deep Forest","C. Bao; K. Xing; X. Zhang; Z. Ma; Y. Wang; J. Wan; L. Li; C. Liu; J. Wen; L. Zhang; G. Jeon","Department of College of Data Science and Application, Inner Mongolia University of Technology, Hohhot, China; Department of College of Data Science and Application, Inner Mongolia University of Technology, Hohhot, China; Department of College of Data Science and Application, Inner Mongolia University of Technology, Hohhot, China; Department of College of Data Science and Application, Inner Mongolia University of Technology, Hohhot, China; Department of College of Data Science and Application, Inner Mongolia University of Technology, Hohhot, China; Department of College of Data Science and Application, Inner Mongolia University of Technology, Hohhot, China; Department of College of Data Science and Application, Inner Mongolia University of Technology, Hohhot, China; Department of College of Data Science and Application, Inner Mongolia University of Technology, Hohhot, China; Meteorological Bureau of Inner Mongolia Autonomous Region, Hohhot, China; Meteorological Bureau of Inner Mongolia Autonomous Region, Hohhot, China; Department of Embedded Systems Engineering, University, Incheon Nation University, Incheon, South Korea",IEEE Journal of Selected Topics in Applied Earth Observations and Remote Sensing,"16 Oct 2024","2024","17","","18129","18138","Precipitation inversion techniques are crucial in meteorological research, aiming to accurately detect the location and intensity of precipitation events, which is vital for extreme weather response strategies. This study introduces a new infrared precipitation inversion method, residual deep forest, which is based on a deep forest model with two key enhancements. First, a feature optimization filter module is used to ensure high correlation among features in the cascade forest, a component of the deep forest model. This optimization reduces computational burden while maintaining efficiency. Second, embedding a residual structure within the cascade forest creates the residual cascade forest, improving feature expression, information processing, and computational efficiency on high-dimensional, large-scale precipitation data. Experimental results show that residual deep forest surpasses traditional deep forest models and other classical machine learning techniques in precipitation inversion accuracy, especially in identifying high-intensity rainfall. The model achieves an average recall (AR) of 85.97%, a probability of detection of 75.46%, and a false alarm ratio of 49.13%. Ablation experiments demonstrate that the feature optimization filter module reduces training time by 3.56%, testing time by 1.24%, and memory usage by 3.97%, while the residual cascade forest module reduces these metrics by 1.30%, 0.90%, and 2.23%, respectively. The improvements in AR, probability of detection, and false alarm ratio, along with the reduction in computational resources, highlight the model's enhanced efficiency and performance. This method leverages infrared remote sensing to enhance the scope and accuracy of precipitation monitoring, reducing reliance on radar and other ground-based instruments, and significantly improving precipitation inversion accuracy while minimizing spatial and temporal complexity.","2151-1535","","10.1109/JSTARS.2024.3462480","Key scientific research projects conducted at Inner Mongolia University of Technology(grant numbers:RZ2100002394); Inner Mongolia University of Technology Doctoral Research(grant numbers:DC2200000890); Basic research funds for universities directly; Inner Mongolia Autonomous Region(grant numbers:RZ2300000213); National Natural Science Foundation of China(grant numbers:62362055); Inner Mongolia Autonomous Region Key R&D and Achievement Transformation Program(grant numbers:2022YFSJ0013,2023YFHH0052,2023KJHZ0001); Research Program for Young Talents of Inner Mongolia Colleges(grant numbers:NJYT22084,NJYT23055); Natural Science Foundation of Inner Mongolia(grant numbers:2023MS06008); Key Research & Development Program of Erdos(grant numbers:YF20232328); Scientific Research Program for Inner Mongolia Colleges(grant numbers:JY20220061,JY20230119,JY20230019,JY20220078,2022ZY0169,JY20222077,JY20240060); ","https://ieeexplore.ieee.org/stamp/stamp.jsp?arnumber=10681628","Deep forest;Himawari-8;large-scale machine learning;precipitation retrieval;remote sensing","Precipitation;Forestry;Data models;Regression analysis;Random forests;Accuracy;Training","","","","26","CCBYNCND","17 Sep 2024","","","IEEE","IEEE Journals"
"Big Data Graph Node Importance Using Page Rank","R. Roseline; B. Vasudevan; A. Clementking; S. Rani; T. Sivakumar; C. Srinivasan","PG Department of Computer Applications, St. Joseph’s College of Arts and Science (Autonomous), Cuddalore, India; Department of Electronics and Communication Engineering, SRM Institute of Science and Technology, Kattankulathur, India; Mount Carmel College,(Autonomous), Bengaluru, Karnataka, India; Department of BCA/IT, Vels Institute of Science, Technology & Advanced Studies (VISTAS), Chennai, Tamil Nadu, India; Department of Computer Science and Engineering, Sri Eshwar College of Engineering, Coimbatore, Tamil Nadu, India; Department of Computer Science and Engineering, Saveetha School of Engineering, Saveetha Institute of Medical and Technical Sciences, Saveetha University, Chennai, Tamil Nadu, India","2024 First International Conference on Innovations in Communications, Electrical and Computer Engineering (ICICEC)","30 Dec 2024","2024","","","1","7","Improving the efficiency and accuracy of finding important nodes in large networks is the goal of enhancing Big Data graph node significance analysis using PageRank. To deal with the massive and complicated data sets seen in big data settings, it is necessary to modify and enhance the PageRank algorithm. The objective is to provide a more efficient framework that can speed up computation and improve the accuracy of significance ranking in large-scale networks. To control the algorithm's scalability, it is necessary to use state-of-the-art computational methods, such as parallel processing and effective data structures. The expected result is a scalable and reliable system that can quickly and correctly analyze large networks, yielding useful insights for applications like recommendation systems, online search, and social network analysis. The focus is on making PageRank more feasible for use in large data settings while also increasing its computing efficiency and scalability. The Adjacency Matrix of the Graph in a sample of 5 nodes has a value ranging from 15 to 55 in numbers, according to results from synthetic graph data. In another instance of the same dataset, the Initial PageRank Scores range from 0.2-0.15 in numbers, and in yet another instance, the final PageRank Scores for nodes range from 0.177 to 0.242 in numbers.","","979-8-3503-7651-7","10.1109/ICICEC62498.2024.10808874","","https://ieeexplore.ieee.org/stamp/stamp.jsp?arnumber=10808874","PageRank;Big Data;Graph Analysis;Node Importance;Algorithm Optimization","Technological innovation;Accuracy;Social networking (online);Scalability;Big Data;Parallel processing;Search engines;Distance measurement;Recommender systems;Optimization","","","","20","IEEE","30 Dec 2024","","","IEEE","IEEE Conferences"
"LeGEND: A Top-Down Approach to Scenario Generation of Autonomous Driving Systems Assisted by Large Language Models","S. Tang; Z. Zhang; J. Zhou; L. Lei; Y. Zhou; Y. Xue","University of Science and Technology of China, Hefei, China; Kyushu University, Fukuoka, Japan; University of Science and Technology of China, Hefei, China; University of Science and Technology of China, Hefei, China; Zhejiang Sci-Tech University, Hangzhou, China; University of Science and Technology of China, Hefei, China",2024 39th IEEE/ACM International Conference on Automated Software Engineering (ASE),"29 Nov 2024","2024","","","1497","1508","Autonomous driving systems (ADS) are safety-critical and require comprehensive testing before their deployment on public roads. While existing testing approaches primarily aim at the criticality of scenarios, they often overlook the diversity of the generated scenarios that is also important to reflect system defects in different aspects. To bridge the gap, we propose LeGEND, that features a top-down fashion of scenario generation: it starts with abstract functional scenarios, and then steps downwards to logical and concrete scenarios, such that scenario diversity can be controlled at the functional level. However, unlike logical scenarios that can be formally described, functional scenarios are often documented in natural languages (e.g., accident reports) and thus cannot be precisely parsed and processed by computers. To tackle that issue, LeGEND leverages the recent advances of large language models (LLMs) to transform textual functional scenarios to formal logical scenarios. To mitigate the distraction of useless information in functional scenario description, we devise a two-phase transformation that features the use of an intermediate language; consequently, we adopt two LLMs in LeGEND, one for extracting information from functional scenarios, the other for converting the extracted information to formal logical scenarios. We experimentally evaluate LeGEND on Apollo, an industry-grade ADS from Baidu. Evaluation results show that LeGEND can effectively identify critical scenarios, and compared to baseline approaches, LeGEND exhibits evident superiority in diversity of generated scenarios. Moreover, we also demonstrate the advantages of our two-phase transformation framework, and the accuracy of the adopted LLMs.CCS CONCEPTS• Software and its engineering → Software testing and debugging; Search-based software engineering.","2643-1572","979-8-4007-1248-7","","Anhui Provincial Department of Science and Technology; ","https://ieeexplore.ieee.org/stamp/stamp.jsp?arnumber=10764952","Autonomous Driving Systems;Critical Scenario Generation;Large Language Models","Software testing;Large language models;Web and internet services;Transforms;Feature extraction;Software;Scenario generation;Data mining;Autonomous vehicles;Software engineering","","3","","50","","29 Nov 2024","","","IEEE","IEEE Conferences"
"Autonomous Generation of Observation Schedules for Tracking Satellites with Structured-Chromosome GA Optimisation","C. Greco; L. Gentile; G. Filippi; E. Minisci; M. Vasile; T. Bartz-Beielstein","Aerospace Centre of Excellence, University of Strathclyde, Glasgow, UK; Institute for Data Science, Engineering, and Analytics TH Köln, Köln, Germany; Aerospace Centre of Excellence, University of Strathclyde, Glasgow, UK; Aerospace Centre of Excellence, University of Strathclyde, Glasgow, UK; Aerospace Centre of Excellence, University of Strathclyde, Glasgow, UK; Institute for Data Science, Engineering, and Analytics TH Köln, Köln, Germany",2019 IEEE Congress on Evolutionary Computation (CEC),"8 Aug 2019","2019","","","497","505","This paper addresses the problem of autonomous scheduling of space objects' observations from a network of tracking stations to enhance the knowledge of their orbit while respecting allocated resources. This task requires the coupling of a state estimation routine and an optimisation algorithm. As for the former, a sequential filtering approach to estimate the satellite state distribution conditional on received indirect measurements has been employed. To generate candidates, i.e. observation campaigns, a Structured-Chromosome Genetic Algorithm optimiser has been developed, which is able to address the issue of handling mixed-discrete global optimisation problems with variable-size design space. The search algorithm bases its strategy on revised genetic operators that have been reformulated for handling hierarchical search spaces. The presented approach aims at supporting the space sector by tracking both operational satellites and non-collaborative space debris in response to the challenge of a constantly increasing population size in the near Earth environment. The potential of the presented methodology is shown by solving the optimisation of a tracking window schedule for a very low Earth satellite operating in a highly perturbed dynamical environment.","","978-1-7281-2153-6","10.1109/CEC.2019.8790101","","https://ieeexplore.ieee.org/stamp/stamp.jsp?arnumber=8790101","","Space vehicles;Extraterrestrial measurements;Optimization;Satellites;Schedules;Orbits;Mathematical model","","8","","13","IEEE","8 Aug 2019","","","IEEE","IEEE Conferences"
"Spectrum-Energy Efficient Sink-AAV-LEO Backbone Networks to Ensure Ubiquitous Data Collection Timeliness","H. Liu; J. Gui","School of Computer Science and Engineering, Central South University, Changsha, China; School of Electronic Information, Central South University, Changsha, China",IEEE Internet of Things Journal,"24 Apr 2025","2025","12","9","12761","12776","The rise of low Earth orbit (LEO) satellites and autonomous aerial vehicles (AAVs) has facilitated the integration of space-air–terrestrial networks, enabling ubiquitous data collection in Internet of Remote Things (IoRT) networks. However, limited battery capacity of sinks/AAVs and scarce spectrum in these networks make it challenging to build spectrum-energy efficient backbone networks for timely data collection. In this article, we explore the resource allocation problem in Sink-AAV-LEO-based data collection scenarios, where sink nodes gather data from sensors, and AAVs relay it to LEO satellites. To ensure data collection timeliness while optimizing energy and spectrum use, we focus on optimizing the three-hop network structure, power control for sink nodes, path selection and power control for AAVs, and bandwidth allocation for AAV-LEO links. Although these tasks should theoretically be modeled as a global optimization problem, solving them within tolerable time complexity is difficult. Therefore, we first establish a three-hop network using our proposed optimization mechanism. Then, we describe the Sink-AAV and AAV-LEO resource allocation problems, and propose the corresponding solutions via utilizing our improved deep reinforcement learning algorithm, namely ISS-proximal policy optimization. Finally, we solve the global problem based on the solutions to the above two local problems. Besides, our simulation results are compared with various benchmark schemes, validating the effectiveness and superiority of our proposed solutions across different perspectives.","2327-4662","","10.1109/JIOT.2024.3522344","National Natural Science Foundation of China(grant numbers:62272484); ","https://ieeexplore.ieee.org/stamp/stamp.jsp?arnumber=10816071","Deep reinforcement learning (DRL);Internet of Remote Things (IoRT);resource allocation;ubiquitous data collection;autonomous aerial vehicle (AAV) path selection","Autonomous aerial vehicles;Low earth orbit satellites;Satellites;Data collection;Sensors;Optimization;Satellite broadcasting;Resource management;Internet of Things;Power control","","1","","32","IEEE","25 Dec 2024","","","IEEE","IEEE Journals"
"BEVFusion-Based Multimodal Perception Optimization: Dynamic Spatial Adaptation and Edge-Aware Enhancement for Autonomous Driving","J. Guo; L. Shan; E. Ma; D. Hu; Z. Qi","School of Automation, Nanjing University of Science and Technology, Nanjing, P. R. China; School of Automation, Nanjing University of Science and Technology, Nanjing, P. R. China; School of Automation, Nanjing University of Science and Technology, Nanjing, P. R. China; School of Automation, Nanjing University of Science and Technology, Nanjing, P. R. China; School of Automation, Nanjing University of Science and Technology, Nanjing, P. R. China",2025 4th Conference on Fully Actuated System Theory and Applications (FASTA),"9 Sep 2025","2025","","","1334","1339","Multimodal fusion perception can achieve more robust environment understanding in complex traffic scenes by integrating the advantages of heterogeneous sensors. Existing BEVFusion algorithms suffer from inefficient modal interaction and poor edge segmentation. To address these problems, this paper proposes a dynamic cross-modal fusion mechanism based on an adaptive spatial weighting algorithm, and also designs an edge perception module. Firstly, the spatial attention mechanism is used to dynamically allocate the feature fusion weights of the camera and LiDAR, which solves the problem of unbalanced modal contribution in complex scenes with traditional fixed weight fusion. Then, the segmentation task and the edge detection task are jointly optimized to enhance the sensitivity of the model to the boundary region by edges. Experiments show that the adaptive spatial perspective fusion module and the edge perception enhancement module improve the mIoU of segmentation by 1.3 % and the mIoU of drivable region segmentation by 1.39 % on the NuScenes dataset.","","979-8-3315-2692-4","10.1109/FASTA65681.2025.11138969","","https://ieeexplore.ieee.org/stamp/stamp.jsp?arnumber=11138969","Multimodal fusion;BEV perception;spatial attention;autonomous driving","Pedestrians;Laser radar;Image edge detection;Heuristic algorithms;Computational modeling;Semantic segmentation;Semantics;Benchmark testing;Cameras;Autonomous vehicles","","","","17","IEEE","9 Sep 2025","","","IEEE","IEEE Conferences"
"Motion Comfort Optimization for Autonomous Vehicles: Concepts, Methods, and Techniques","M. Aledhari; M. Rahouti; J. Qadir; B. Qolomany; M. Guizani; A. Al-Fuqaha","Department of Data Science, University of North Texas, Denton, TX, USA; Department of Computer and Information Science, Fordham University, Bronx, NY, USA; Department of Computer Science and Engineering, Qatar University, Doha, Qatar; Department of Cyber Systems, University of Nebraska at Kearney, Kearney, NE, USA; Mohamed Bin Zayed University of Artificial Intelligence, Abu Dhabi, UAE; Information and Computing Technology Division, College of Science and Engineering, Hamad Bin Khalifa University, Doha, Qatar",IEEE Internet of Things Journal,"27 Dec 2023","2024","11","1","378","402","This article outlines the architecture of autonomous driving and related complementary frameworks from the perspective of human comfort. The technical elements for measuring autonomous vehicle (AV) user comfort and psychoanalysis are listed here. At the same time, this article introduces the technology related to the structure of automatic driving and the reaction time of automatic driving. We also discuss the technical details related to the automatic driving comfort system, the response time of the AV driver, the comfort level of the AV, motion sickness, and related optimization technologies. The function of the sensor is affected by various factors. Since the sensor of automatic driving mainly senses the environment around a vehicle, including “the weather” which introduces the challenges and limitations of second-hand sensors in AVs under different weather conditions. The comfort and safety of autonomous driving are also factors that affect the development of autonomous driving technologies. This article further analyzes the impact of autonomous driving on the user’s physical and psychological states and how the comfort factors of AVs affect the automotive market. Also, part of our focus is on the benefits and shortcomings of autonomous driving. The goal is to present an exhaustive overview of the most relevant technical matters to help researchers and application developers comprehend the different comfort factors and systems of autonomous driving. Finally, we provide detailed automated driving comfort use cases to illustrate the comfort-related issues of autonomous driving. Then, we provide implications and insights for the future of autonomous driving.","2327-4662","","10.1109/JIOT.2023.3287489","","https://ieeexplore.ieee.org/stamp/stamp.jsp?arnumber=10155306","Autonomous driving;autonomous vehicles (AVs);comfort;driving safety;machine learning;psychoanalysis;reaction time;response time;sensors","Safety;Motion sickness;Vehicles;Internet of Things;Autonomous automobiles;Public healthcare;Psychology","","16","","134","IEEE","19 Jun 2023","","","IEEE","IEEE Journals"
"Optimization and Comparison of Power Load Forecasting Models Based on Long Short Term Memory Networks","Y. Liu; W. Liu; Y. Xia; X. Zhang","State Grid Qinghai Hainan Power Supply Company, Hainan Tibetan Autonomous Prefecture, Qinghai, China; State Grid Qinghai Hainan Power Supply Company, Hainan Tibetan Autonomous Prefecture, Qinghai, China; State Grid Info-Telecom Great Power Science and Technology Co.Ltd, Fuzhou, Fujian, China; State Grid Info-Telecom Great Power Science and Technology Co.Ltd, Fuzhou, Fujian, China",2024 IEEE 6th International Conference on Civil Aviation Safety and Information Technology (ICCASIT),"14 Jan 2025","2024","","","224","228","In this article, we cited the use of LSTM (Long Short Term Memory) model to calculate power load, demonstrating its powerful ability in processing time series data The article first introduces the importance of data preprocessing, including data cleaning, normalization, and feature selection, which help improve the accuracy of the model. By comparing with SVM and RNN models, we find that LSTM performs better in prediction accuracy and stability, with a Mean Squared Error (MSE) of 4.5875 and a Mean Absolute Error (MAE) of 1.8243 for the LSTM model. From the results of the experimental phase, it can be seen that the LSTM algorithm can more accurately capture the trend of power load changes, while possessing high stability and reasonable computational efficiency. Finally, we propose to explore more external variables and advanced network structures in the future to improve prediction accuracy, while achieving real-time prediction and online learning, providing support for the optimization management of the power system.","","979-8-3503-8941-8","10.1109/ICCASIT62299.2024.10828109","","https://ieeexplore.ieee.org/stamp/stamp.jsp?arnumber=10828109","Deep Learning;Power Load Forecasting;LSTM Model;Model Optimization","Accuracy;Load forecasting;Time series analysis;Predictive models;Power system stability;Stability analysis;Data models;Long short term memory;Optimization;Load modeling","","","","13","IEEE","14 Jan 2025","","","IEEE","IEEE Conferences"
"EKF-Based Visual Inertial Navigation Using Sliding Window Nonlinear Optimization","S. Heo; J. Cha; C. G. Park","Automation and Systems Research Institute, Seoul National University, Seoul, South Korea; Automation and Systems Research Institute, Seoul National University, Seoul, South Korea; Navigation and Electronic System Laboratory, Institute of Advanced Aerospace Technology, Seoul National University, Seoul, South Korea",IEEE Transactions on Intelligent Transportation Systems,"26 Jun 2019","2019","20","7","2470","2479","In this paper, we present a hybrid visual inertial navigation algorithm for an autonomous and intelligent vehicle that combines the multi-state constraint Kalman filter (MSCKF) with the nonlinear visual-inertial graph optimization. The MSCKF is a well-known visual inertial odometry (VIO) method that performs the fusion between an inertial measurement unit (IMU) and the image measurements within a sliding window. The MSCKF computes the re-projection errors from the camera measurements and the states in the sliding window. During this process, the structure-only estimation is performed without exploiting the full information over the window, like the relative interstate motion constraints and their uncertainties. The key contribution of this paper is combination of the filtering and non-linear optimization method for VIO, and the design of a novel measurement model that exploits all of the measurements and information available within the sliding window. The local visual-inertial optimization is performed using pre-integrated IMU measurements and camera measurements. It infers the probabilistically optimal relative pose constraints. These local optimal constraints are used to estimate the global states under the MSCKF framework. The proposed local-optimal-multi-state constraint Kalman filter is validated using a simulation data set, as well as publicly available real-world data sets generated from real-world urban driving experiments.","1558-0016","","10.1109/TITS.2018.2866637","Ministry of Science and ICT, South Korea, through the Space Core Technology Development Program(grant numbers:NRF-2018M1A3A3A02065722); ","https://ieeexplore.ieee.org/stamp/stamp.jsp?arnumber=8463496","Vision-aided inertial navigation;EKF-based multi-sensor fusion;nonlinear optimization;visual-inertial odometry","Cameras;Visualization;Microsoft Windows;Measurement uncertainty;Simultaneous localization and mapping;Optimization;Estimation","","55","","27","IEEE","12 Sep 2018","","","IEEE","IEEE Journals"
"Identification of a Self-Optimizing Control Structure from Normal Operating Data","C. F. Alcala; T. I. Salsbury; J. M. House",Building Management Systems Research Group at Johnson Controls International PLC; Building Management Systems Research Group at Johnson Controls International PLC; Building Management Systems Research Group at Johnson Controls International PLC,2019 American Control Conference (ACC),"29 Aug 2019","2019","","","229","234","In building systems, it is necessary to maintain comfort conditions while minimizing operating costs. One way to do this is to use a real-time optimizer (RTO) to adjust the setpoints of the controlled variables. Another way is to use a self-optimizing control (SOC) structure to find one or more new variables that, when controlled to the appropriate constant setpoints, drive the operating cost of the system to, or close to, its optimal point. A requirement of SOC is that an optimal operating point be used in the calculation of the self-optimizing variable(s) and the identification of its parameters. In this work, we propose a formulation of SOC that allows for the use of non-optimal data. The proposed method makes use of normal operating data to identify the parameters used to calculate the self-optimizing variables. Simulation of an HVAC system shows that the performance of the proposed method is similar to that of SOC based on optimal data, and also to the performance of an RTO alternative based on extremum-seeking control (ESC).","2378-5861","978-1-5386-7926-5","10.23919/ACC.2019.8815270","","https://ieeexplore.ieee.org/stamp/stamp.jsp?arnumber=8815270","","Costs;HVAC;Buildings;Benchmark testing;Real-time systems","","","","10","","29 Aug 2019","","","IEEE","IEEE Conferences"
"Research on Map Update Method Based on Online Learning Optimization with multi-modal Data","Z. Liu; H. Xie; X. Huang; K. Song","The College of Mechanical Engineering, Tianjin University, Tianjin, China; The College of Mechanical Engineering, Tianjin University, Tianjin, China; The College of Mechanical Engineering, Tianjin University, Tianjin, China; The College of Mechanical Engineering, Tianjin University, Tianjin, China",2024 8th CAA International Conference on Vehicular Control and Intelligence (CVCI),"16 Jan 2025","2024","","","1","6","In the field of autonomous driving, the accuracy of High-Definition map (HD map) is crucial. However, survey accuracy is reduced by the complex road structures and frequent terrain changes in open-pit mines. In addition, frequent manual updates are required for maps, leading to significant cost issues. To address these issues, a map update method is proposed based on online learning optimization using multi-modal data. The method first constructs the topological structure of initial map reference lines and road boundaries, and discretizes the sequence of points based on map structure, connectivity, and real-time perception. Then, the Frenet coordinate system is used to obtain the vehicle's real-time path deviation relative to the reference line. These multi-modal data are integrated based on the map sequence to create a dataset. Next, a learning network based on the Transformer architecture is proposed. This network is trained using the self-constructed dataset to output updated map reference lines and boundary lines. Finally, the effectiveness of the algorithm is tested on a segment of road with changes in an actual mining truck operating scenario. Results show that the proposed method can update road curves in real time. The maximum update error for the road centerline is 0.093m and the average update error is 0.049m. For the boundary line, the maximum update error is 0.095m and the average update error is 0.058m.","","979-8-3315-0489-2","10.1109/CVCI63518.2024.10830089","National Key Research and Development Program(grant numbers:2018YFA0703801); ","https://ieeexplore.ieee.org/stamp/stamp.jsp?arnumber=10830089","Automatic driving;Mine scenes;High precision map update;Transformer","Surveys;Training;Accuracy;Costs;Roads;Transformers;Real-time systems;Trajectory;Optimization;Autonomous vehicles","","","","18","IEEE","16 Jan 2025","","","IEEE","IEEE Conferences"
"Federated Digital Twin-Empowered Online Control and Optimization for Cyber-Physical Systems","Y. Li; T. Li; J. Xu; S. Maharjan; T. B. Pedersen; T. Huang; Y. Zhang","Department of Computer Science, Aalborg University, Aalborg, Denmark; Department of Computer Science, Aalborg University, Aalborg, Denmark; Department of Computer Science, Aalborg University, Aalborg, Denmark; Department of Informatics, University of Oslo, Oslo, Norway; Department of Computer Science, Aalborg University, Aalborg, Denmark; Faculty of Computer Science and Control Engineering, Shenzhen University of Advanced Technology, Shenzhen, China; School of Information and Communication Engineering, University of Electronic Science and Technology of China, Chengdu, China",IEEE Transactions on Industrial Cyber-Physical Systems,"28 Jul 2025","2025","3","","485","496","Digital twin (DT) technologies have the potential to revolutionize the online control and optimization methods for cyber-physical systems. However, the lack of the high-fidelity DT models that can accurately simulate the operation of the physical world is a key obstacle to their development. To address this issue, this paper proposes a federated DT (FedDT) architecture and modeling method to create a DT that can mimic the intrinsic dynamics and operational mechanisms of the physical world. Specifically, the FedDT architecture encompasses the internal components for specifying the assignment of functionalities and the external structure to leverage the collaboration of individual DTs. This model provides a digital representation of an online decision-making process for universal control and optimization problems, while considering DTs’ collaboration to enrich their capabilities. Then, we design a federated self-learning algorithm to complete the DT modeling. By using the modeled FedDT, we are able to make purposeful planning and decisions in the digital space that are equivalent to those in the real world, without requiring knowledge of the dynamics of entities and environments. This enables achieving predictive evolution, precise estimation, and reliable decision for online control and optimization. The proposed FedDT offers practical advantages for engineering systems that require predictive and reliable decision-making with strong lookahead capabilities. It is particularly well-suited for applications such as autonomous driving, frequency control in smart grids, and real-time process control in Industrial Internet of Things (IIoT), where accurately modeling physical system dynamics is highly challenging. In real-world deployments, engineers only need to define the observations, actions, and reward signals. The proposed method then autonomously learns the underlying system dynamics and derives informed, data-driven optimization and control strategies. Finally, we demonstrate the effectiveness of our proposed FedDT model by applying it for the autonomous driving use case.","2832-7004","","10.1109/TICPS.2025.3586992","Marie Sklodowska-Curie Actions Project(grant numbers:101023244); ","https://ieeexplore.ieee.org/stamp/stamp.jsp?arnumber=11072925","Digital modeling;digital twin;online control;online optimization","Predictive models;Optimization;TV;Aerospace electronics;Collaboration;Decision making;Computational modeling;Atmospheric modeling;Real-time systems;Planning","","","","39","EU","8 Jul 2025","","","IEEE","IEEE Journals"
"Incorporating ESO into Deep Koopman Operator Modeling for Control of Autonomous Vehicles","H. Chen; C. Lv","School of Mechanical and Aerospace Engineering, Nanyang Technological University, Jurong West, Singapore; School of Mechanical and Aerospace Engineering, Nanyang Technological University, Jurong West, Singapore",IEEE Transactions on Control Systems Technology,"20 Aug 2024","2024","32","5","1854","1864","Koopman operator theory is a kind of data-driven modeling approach that accurately captures the nonlinearities of mechatronic systems such as vehicles against physics-based methods. However, the infinite-dimensional Koopman operator is impossible to implement in real-world applications. To approximate the infinite-dimensional Koopman operator through collection dataset rather than manual trial and error, we adopt deep neural networks (DNNs) to extract basis functions by offline training and map the nonlinearities of vehicle planar dynamics into a linear form in the lifted space. Besides, the effects of the dimensions of basis functions on the model accuracy are explored. Furthermore, the extended state observer (ESO) is introduced to online estimate the total disturbance in the lifted space and compensate for the modeling errors and residuals of the learned deep Koopman (DK) operator while also improving its generalization. Then, the proposed model is applied to predict vehicle states within prediction horizons and later formulates the constrained finite-time optimization problem of model predictive control (MPC), i.e., ESO-DKMPC. In terms of the trajectory tracking of autonomous vehicles, the ESO-DKMPC generates the wheel steering angle to govern lateral motions based on the decoupling control structure. The various conditions under the double-lane change scenarios are built on the CarSim/Simulink co-simulation platform, and extensive comparisons are conducted with the linear MPC (LMPC) and nonlinear MPC (NMPC) informed by the physics-based model. The results indicate that the proposed ESO-DKMPC has better tracking performance and moderate efficacy both within linear and nonlinear regions.","1558-0865","","10.1109/TCST.2024.3378456","Agency for Science, Technology and Research (A*STAR), Singapore, under Advanced Manufacturing and Engineering (AME) Young Individual Research(grant numbers:A2084c0156); MTC Individual Research(grant numbers:M22K2c0079); ANR-NRF Joint Grant NRF2021-NRF-ANR003 HM Science; Ministry of Education (MOE), Singapore, under the Tier 2(grant numbers:MOE-T2EP50222-0002); ","https://ieeexplore.ieee.org/stamp/stamp.jsp?arnumber=10479976","Autonomous vehicles;deep neural network (DNN);extended state observer (ESO);Koopman operator modeling;model predictive control (MPC);trajectory tracking control","Aerospace electronics;Vehicle dynamics;Observers;Artificial neural networks;Training;Predictive models;Computational modeling;Autonomous vehicles;Trajectory tracking","","7","","39","IEEE","26 Mar 2024","","","IEEE","IEEE Journals"
"Joint User Scheduling and UAV Trajectory Design on Completion Time Minimization for UAV-Aided Data Collection","X. Yuan; Y. Hu; J. Zhang; A. Schmeink","School of Electronic Information, Wuhan University, Wuhan, China; School of Electronic Information, Wuhan University, Wuhan, China; School of Electronic Information, Wuhan University, Wuhan, China; Chair of Information Theory and Data Analytics, RWTH Aachen University, Aachen, Germany",IEEE Transactions on Wireless Communications,"9 Jun 2023","2023","22","6","3884","3898","We consider an unmanned aerial vehicle (UAV) assisting data collection from multiple sensor nodes (SNs). We provide a completion time minimization design via jointly deciding the UAV trajectory and the SN assignment scheme. In particular, we first characterize the fundamental features of the joint optimal solution to the formulated problem. On the one hand, the optimal UAV trajectory is proved following a successive-hover-fly (SHF) structure. Namely, in an optimal solution, the UAV successively visits multiple hovering points and performs hovering with designated duration, while the maximum speed is achieved during the whole flying period between each two hovering points. On the other hand, the optimal SN assignment is characterized to follow a segment-based scheme. Based on the two characterizations, we are motivated to implement SHF structure with turning points in trajectory design and reasonably assume each segment in SHF structure having constant SN assignment. Afterwards, we relax the binary constraints for SN assignments and establish a convex approximation for the reformulated problem, which enables an iterative algorithm. A suboptimal joint solution is obtained via iteratively optimizing the completion time. A realization strategy is also provided for the relaxed solution while assuring the completion of data collection tasks. Finally, the proposed solution is validated and evaluated through numerical results. Both a low complexity and an accurate task completion guarantee of our proposed solution are observed in comparison with the benchmarks.","1558-2248","","10.1109/TWC.2022.3222067","National Natural Science Foundation of China (NSFC)(grant numbers:62101389); Federal Ministry of Education and Research (BMBF) Germany in the Program of “Souverän. Digital. Vernetzt.” Joint Project 6G-RIC under Project(grant numbers:16KISK028); German Research Council (DFG)(grant numbers:SCHM 2643/16); ","https://ieeexplore.ieee.org/stamp/stamp.jsp?arnumber=9957134","Unmanned aerial vehicle (UAV);trajectory design;user scheduling;data collection;completion time minimization;successive-hover-fly (SHF) structure","Trajectory;Autonomous aerial vehicles;Task analysis;Data collection;Minimization;Wireless networks;Iterative methods","","56","","31","IEEE","21 Nov 2022","","","IEEE","IEEE Journals"
"Fault Diagnosis Method of Aircraft Engine Based on ISO-BiLSTM","H. Sun; J. Jiang; X. Liu; T. Ma; R. Liu","Colleage of Automation Engineering, Nanjing University of Aeronautics and Astronautics, Nanjing, China; Colleage of Automation Engineering, Nanjing University of Aeronautics and Astronautics, Nanjing, China; Colleage of Automation Engineering, Nanjing University of Aeronautics and Astronautics, Nanjing, China; Colleage of Automation Engineering, Nanjing University of Aeronautics and Astronautics, Nanjing, China; Colleage of Automation Engineering, Nanjing University of Aeronautics and Astronautics, Nanjing, China",2023 6th International Symposium on Autonomous Systems (ISAS),"3 Jul 2023","2023","","","1","6","Aero-engine is an important component of aviation equipment. Due to the special working environment and the poor temporality of fault diagnosis, it is difficult for aircraft maintenance personnel to make accurate fault diagnosis of aero-engine. To address this problem, this paper proposes an aero-engine fault diagnosis method based on an improved snake optimization algorithm (ISO) and a bidirectional long and short-term memory network (BiLSTM). The idea of balanced pool of EO algorithm is introduced in the snake optimization algorithm to build an elite pool to compensate for the low accuracy of calculation caused by randomly selected individuals, while the Lévy flight perturbation mechanism is introduced to enhance the SO’s performance of finding the best; the optimized parameters are substituted into the BiLSTM to reconstruct the model, train the fault data for prediction and output the results. In the simulation experiments, five failure modes are diagnosed with real monitoring data of a certain type of aero-engine and compared with the BiLSTM and SO-BiLSTM fault diagnosis models. The experimental results show that the ISO-BiLSTM fault diagnosis method proposed in this paper has better fault diagnosis effect compared with BiLSTM and SO-BiLSTM, and provides a new idea for aero-engine fault diagnosis.","","979-8-3503-1615-5","10.1109/ISAS59543.2023.10164507","","https://ieeexplore.ieee.org/stamp/stamp.jsp?arnumber=10164507","aircraft engine;fault diagnosis;snake optimization algorithm;bi-directional long and short-term memory (BiLSTM) network","Fault diagnosis;Atmospheric modeling;Perturbation methods;Predictive models;Feature extraction;Data models;Personnel","","1","","12","IEEE","3 Jul 2023","","","IEEE","IEEE Conferences"
"An On-Site Elastic Autonomous Service Network with Efficient Task Assignment","J. You; N. Qiao; J. Wang; G. Zhang; Y. Sheng; H. Deng; X. Liu","National Network New Media Engineering Research Center, Chinese Academy of Sciences, China; National Network New Media Engineering Research Center, Chinese Academy of Sciences, China; National Network New Media Engineering Research Center, Chinese Academy of Sciences, China; School of Computer Science and Technology, Nanjing Normal University, Nanjing, China; National Network New Media Engineering Research Center, Chinese Academy of Sciences, China; National Network New Media Engineering Research Center, Chinese Academy of Sciences, China; National Network New Media Engineering Research Center, Chinese Academy of Sciences, China",2016 IEEE 41st Conference on Local Computer Networks Workshops (LCN Workshops),"16 Feb 2017","2016","","","42","49","With the increasing demand of the big data processing and the personalized services in the Internet, the current service platforms such as cloud are becoming hard to meet the requirement of multiple-level quality of services (QoS) within a short execution time. In this paper, an on-site elastic autonomous service network named SEA is proposed to cope with the above problems by utilizing the available resources from edge devices. The proposed SEA is constructed by the devices at the edge of the Internet and provides multiple-level QoS service to users. The architecture of the SEA is firstly designed to maintain the edge devices efficiently and monitor the status of the available resources. Then, an efficient scheduling algorithm based on discrete particle swarm optimization (PSO) is proposed to assign the tasks to proper devices in the SEA. The evaluation shows that the average execution time based on PSO is reduced more than 20% in comparison with a state-of-the-art algorithm. The simulation also shows that the hybrid SEA-cloud service is superior to the cloud-based service.","","978-1-5090-2347-9","10.1109/LCN.2016.027","","https://ieeexplore.ieee.org/stamp/stamp.jsp?arnumber=7856136","on-site;elastics;autonomous;service network;scheduling;particle swarm optimization","Cloud computing;Computer architecture;Feature extraction;Quality of service;Scheduling algorithms;Bandwidth;Particle swarm optimization;Monitoring;Mobile handsets;Job shop scheduling","","","","22","IEEE","16 Feb 2017","","","IEEE","IEEE Conferences"
"Research on Data Acquisition of Intelligent Network Industry Chain Based on Data Integration and Self-Acquisition Technology","L. Liu; Q. Feng; S. Wu; F. Zhang","China Automotive Technology and Research Center Co., Ltd., Tianjin, China; China Automotive Technology and Research Center Co., Ltd., Tianjin, China; China Automotive Technology and Research Center Co., Ltd., Tianjin, China; China Automotive Technology and Research Center Co., Ltd., Tianjin, China",2023 5th International Conference on Artificial Intelligence and Computer Applications (ICAICA),"31 Jan 2024","2023","","","934","938","The process modeling method of supply chain is established. This project intends to adopt “access to associated information-assimilation and integration of multi-source information-large-scale information analysis and processing - multi-agent interactive application” as the main line to study the industrial collaborative support method based on industrial chain collaborative support services. The calculation methods of supply and demand chain, enterprise chain, value chain and space chain are presented. By collecting the basic information of the enterprise, itself, the link between the supply chain and the enterprise is found. The main research contents include large-scale data mining and analysis processing; Data analysis based on domain ontology; Information coding specification. The system uses ASP.NET MVC system architecture, and carries on the structured database design with SQLServer2012. An integrated application simulation experiment platform is constructed with distributed cloud computing architecture. This paper discusses the development and use of intelligent monitoring and big data collection system of supply chain from the aspects of enterprise management process and human power. Through the experiment simulation, the matching algorithm and the corresponding optimization method of the industry cooperation support can lay the foundation for the reasonable and reasonable development of enterprises.","2833-8413","979-8-3503-2331-3","10.1109/ICAICA58456.2023.10405460","","https://ieeexplore.ieee.org/stamp/stamp.jsp?arnumber=10405460","Industrial chain;industry matching algorithm;big data;Internet of things;informatization;data accommodation;autonomous acquisition","Industries;Cloud computing;Supply chains;Force;Collaboration;Systems architecture;Big Data","","","","9","IEEE","31 Jan 2024","","","IEEE","IEEE Conferences"
"Reinforcement Learning-Based High-Speed Path Following Control for Autonomous Vehicles","J. Liu; Y. Cui; J. Duan; Z. Jiang; Z. Pan; K. Xu; H. Li","CAS Key Laboratory of Human-Machine Intelligence-Synergy Systems, Shenzhen Institutes of Advanced Technology, Chinese Academy of Sciences, Shenzhen, China; CAS Key Laboratory of Human-Machine Intelligence-Synergy Systems, Shenzhen Institutes of Advanced Technology, Chinese Academy of Sciences, Shenzhen, China; HKUST Shenzhen-Hong Kong Collaborative Innovation Research Institute, Shenzhen, China; CAS Key Laboratory of Human-Machine Intelligence-Synergy Systems, Shenzhen Institutes of Advanced Technology, Chinese Academy of Sciences, Shenzhen, China; CAS Key Laboratory of Human-Machine Intelligence-Synergy Systems, Shenzhen Institutes of Advanced Technology, Chinese Academy of Sciences, Shenzhen, China; CAS Key Laboratory of Human-Machine Intelligence-Synergy Systems, Shenzhen Institutes of Advanced Technology, Chinese Academy of Sciences, Shenzhen, China; CAS Key Laboratory of Human-Machine Intelligence-Synergy Systems, Shenzhen Institutes of Advanced Technology, Chinese Academy of Sciences, Shenzhen, China",IEEE Transactions on Vehicular Technology,"19 Jun 2024","2024","73","6","7603","7615","Autonomous vehicles have received considerable attention, yet high-speed path following control remains a critical and challenging issue. At high speeds, achieving perfect control based on an accurate dynamic model of autonomous vehicles is difficult due to the nonlinear model parameters that change at the driving limit. Moreover, the strong coupling relationship between longitudinal control and lateral control also affects control performance. To address these challenges, a reinforcement learning-based control approach (RL-controller) is developed in this paper and applied to the high-speed path following task. The proposed RL-controller overcomes the challenges of explicit modeling and tight coupling control. Firstly, to obtain efficient learning features, our RL-controller is developed using a deep soft actor-critic method that incorporates multi-layer dense connection networks with skip connections and feature reuse. Secondly, an estimation method of the lane curvature is developed, which is chosen as prior knowledge to augment the input state of reinforcement learning. We model the lane using a transformer-based network structure that utilizes a third-order polynomial and train the model on our self-collected dataset. Thirdly, intuitive reward functions are built from the cross-track error, the angle error and the sideslip angle. At last, we verify our proposed RL-controller utilizing an open autonomous driving simulator. Compared with imitation learning and model-based optimal control methods, our RL-controller outperforms them in terms of the driving speed and compound error.","1939-9359","","10.1109/TVT.2024.3352543","Guang Dong Basic and Applied Basic Research Foundation(grant numbers:2023A1515011813); National Natural Science Foundation of China(grant numbers:62003328,62103403,62073311); Key Program of Natural Science Foundation of Shenzhen(grant numbers:JCYJ20200109115403807,JCYJ20200109115414354); BABR Foundation(grant numbers:2020B515130004); SZ-HKST Project(grant numbers:HZQB-KCZYB-2020083); ","https://ieeexplore.ieee.org/stamp/stamp.jsp?arnumber=10388422","Autonomous driving;reinforcement learning;high-speed path following","Vehicle dynamics;Couplings;Autonomous vehicles;Training data;Reinforcement learning;Lane detection;Transformers","","20","","47","IEEE","11 Jan 2024","","","IEEE","IEEE Journals"
"TinyML-Driven Distributed Collaborative Computing for Autonomous Vehicle Groups in Open Scenes","Q. Mao; S. Qiao; J. Yao; Y. Xie; Z. Cui; Z. Lyu","College of Information Engineering, Shanghai Maritime University, Shanghai, China; School of Software, Tiangong University, Tianjin, China; College of Information Engineering, Shanghai Maritime University, Shanghai, China; College of Information Engineering, Shanghai Maritime University, Shanghai, China; School of Computer Science and Technology, Tongji University, Shanghai, China; School of Computer Science and Technology, Xidian University, Xi’an, China",IEEE Transactions on Intelligent Transportation Systems,"","2025","PP","99","1","10","Existing implementations of autonomous vehicle groups focus on structured environments, overlooking challenges such as centralized computation bottlenecks, environmental interference, and the varied capabilities of vehicles in dynamic open scenes. To address these issues, this paper proposes a TinyML-based distributed framework for autonomous vehicle groups in open scenes. First, a hierarchical collaborative computing architecture is introduced, featuring adaptive inter-vehicle links across four specialized computational units. Second, a method for predicting link quality, which accounts for interference, is developed by using TinyLSTM to assess communication channels dynamically under real-world disturbances. Third, a heterogeneous group formation model is proposed, integrating objectives of computational synergy, stability, and efficiency, and solving it by using an improved discrete particle swarm optimization algorithm. Finally, the simulation results demonstrate that TLPP outperforms existing methods in terms of MAE, FLOPs, and parameters, while DF-A excels in computational synergy, stability, and efficiency.","1558-0016","","10.1109/TITS.2025.3589268","National Natural Science Foundation of China(grant numbers:62402338); Natural Science Foundation of Shanghai(grant numbers:24ZR1427500); ","https://ieeexplore.ieee.org/stamp/stamp.jsp?arnumber=11087750","Autonomous vehicle group;TinyML;distributed computing;open scenes","Collaboration;Autonomous vehicles;Computational modeling;Interference;Computer architecture;Vehicle dynamics;Tiny machine learning;Data models;Time factors;Resource management","","1","","","IEEE","22 Jul 2025","","","IEEE","IEEE Early Access Articles"
"A Simultaneous Wireless Power and Data Transfer System With Full-Duplex Mode for Underwater Wireless Sensor Networks","Y. Luo; Y. Yang; H. Hong; Z. Dai","Laboratory of Science and Technology on Integrated Logistics Support, College of Intelligence Science and Technology, National University of Defense Technology, Changsha, China; Laboratory of Science and Technology on Integrated Logistics Support, College of Intelligence Science and Technology, National University of Defense Technology, Changsha, China; College of Intelligence Science and Technology, National University of Defense Technology, Changsha, China; Laboratory of Science and Technology on Integrated Logistics Support, College of Intelligence Science and Technology, National University of Defense Technology, Changsha, China",IEEE Sensors Journal,"15 Apr 2024","2024","24","8","12570","12583","In this article, a novel simultaneous wireless power and data transfer (SWPDT) system is proposed for underwater wireless sensor networks (UWSNs). A pair of coils is used to establish forward power transfer and bidirectional data transfer links based on coupled magnetic resonance. While transmitting power to the load, the forward power waves are also used as the carrier for data transfer, thereby avoiding the use of an additional carrier source on the power transmitter side. An improved double-LCC double-CLC topology is presented to achieve both impedance matching and wave filtering of the SWPDT system in full-duplex mode, instead of using additional wave trappers, transformers, or tap coils. Compared with previous works, the proposed system can simultaneously achieve high power gains, low mutual interference, and simple circuit structure. Moreover, to deal with the conflicts between the power gains and the bandwidths of the channels, an improved multiobjective optimization method is proposed for the SWPDT system. Using this method, the Pareto optimal solutions of the system parameters can be found, and the comprehensive performance of the SWPDT system can be further improved. Finally, an experimental prototype is established, which achieves full-duplex wireless power and data transfer, with a maximum load power of 23.1 W, a forward data transfer rate of 20 kb/s, and a backward data transfer of 300 kb/s. There is almost no interference between power and data transfer. The experimental results show that the proposed SWPDT system has good application prospects in underwater sensor node charging and full-duplex communication.","1558-1748","","10.1109/JSEN.2024.3373789","National Natural Science Foundation of China(grant numbers:52107013); ","https://ieeexplore.ieee.org/stamp/stamp.jsp?arnumber=10471294","Coupled magnetic resonance;full-duplex communication;multiobjective optimization;simultaneous wireless power and data transfer (SWPDT);underwater wireless sensor networks (UWSNs)","Coils;Data transfer;Sensors;Wireless sensor networks;Full-duplex system;Wireless communication;Magnetic resonance","","15","","36","IEEE","12 Mar 2024","","","IEEE","IEEE Journals"
