"Document Title",Authors,"Author Affiliations","Publication Title",Date Added To Xplore,"Publication Year","Volume","Issue","Start Page","End Page","Abstract","ISSN",ISBNs,"DOI",Funding Information,PDF Link,"Author Keywords","IEEE Terms","Mesh_Terms",Article Citation Count,Patent Citation Count,"Reference Count","License",Online Date,Issue Date,"Meeting Date","Publisher",Document Identifier
"Techniques and Methodologies of Self-Adaptive Software and its Architecture: A Survey","A. R. Riaz; A. Rauf; S. M. M. Gilani; M. B. Bashir","University Institute of Information Technology, PMAS Arid Agriculture University, Rawalpindi, Pakistan; University Institute of Information Technology, PMAS Arid Agriculture University, Rawalpindi, Pakistan; University Institute of Information Technology, PMAS Arid Agriculture University, Rawalpindi, Pakistan; Dept. of Computer Science, Iqra University, Islamabad, Pakistan",2021 4th International Conference on Computing & Information Sciences (ICCIS),"19 Jan 2022","2021","","","1","5","Nowadays, due to the continuously changing en-vironment, modern software systems can work in a dynamic environment. But many changes occur at runtime so, to handle the changes self-adaptive mechanism plays an important role. To encounter the requirement of rapid application development adaptive software is used widely. Adaptive software architecture is based on three steps speculate, collaborate, learn. There are a lot of techniques for adaptive software architecture most appropriate technique is selected by comparing them. In this paper, we perform a survey on different research papers related to the self-adaptive system and self-adaptive architecture. After studied the techniques gaps in the literature are identified and compare those techniques. Different common parameters are identified and considered by studying literature. Then these parameters are used to analyze survey techniques which is helpful for researchers and future directions in this area.","","978-1-6654-9441-0","10.1109/ICCIS54243.2021.9676190","","https://ieeexplore.ieee.org/stamp/stamp.jsp?arnumber=9676190","Adaptive system;Adaptive Software;Software Architecture;Self-Adaptation;Dynamically adaptive systems","Adaptive systems;Runtime;Software architecture;Computer architecture;Software systems","","","","16","IEEE","19 Jan 2022","","","IEEE","IEEE Conferences"
"Architecture Based Approaches Supporting Flexible Design of Self-Adaptive Software","J. -E. Cha; J. -S. Kim; Y. -J. Jeong","Embedded Software Research Department, Electronics and Telecommunications Research Institute, Daejeon, Korea; Embedded Software Research Department, Electronics and Telecommunications Research Institute, Daejeon, Korea; Embedded Software Research Department, Electronics and Telecommunications Research Institute, Daejeon, Korea",2016 International Conference on Computational Science and Computational Intelligence (CSCI),"20 Mar 2017","2016","","","1424","1425","It is difficult to solve an optimization problem in smart devices software due to a trade-off relation between quality conditions and performance properties. Furthermore, development cost of complicated software is on the increase by fragmentation of devices into the small size. In this paper, we propose the design processes and methods reflecting diverse of flexible elements including physical features such as low-power and high-performance, co-design of hardware and software, and restricted resources usage. Our methods can establish the optimized self-adaptive design by reflecting the quality properties and performance requirements for applications working on systems, monitoring system's states in real-time, and customizing with the most proper design properties.","","978-1-5090-5510-4","10.1109/CSCI.2016.0280","","https://ieeexplore.ieee.org/stamp/stamp.jsp?arnumber=7881573","Self-Adaptive Software;Flexible Design;Architecture Based Approaches","Software;Metadata;Smart devices;Computer architecture;Hardware;Performance evaluation;Adaptive systems","","","","5","IEEE","20 Mar 2017","","","IEEE","IEEE Conferences"
"Bridging the gap between requirement analysis and architecture design of self-adaptive systems","S. Tang; L. Li; X. Cao; W. Tan","School of Computer and Information Engineering, Shanghai Second Polytechnic University, Shanghai, China; School of Computer and Information Engineering, Shanghai Second Polytechnic University, Shanghai, China; School of Computer and Information Engineering, Shanghai Second Polytechnic University, Shanghai, China; School of Computer and Information Engineering, Shanghai Second Polytechnic University, Shanghai, China",2015 6th IEEE International Conference on Software Engineering and Service Science (ICSESS),"30 Nov 2015","2015","","","1102","1105","Modern software systems often run on a changing and unpredictable environment, they need to adapt itself at runtime in response to changing requirements of users and running environment. Therefore, numerous methods have been proposed to support the development of self-adaptive system. Some approaches are requirements-based. Other approaches are architecture-based. By considering only a partial view of software systems, such proposals are limited in specifying the adaptivity of a software system. Aiming at this problem, this paper will discuss how to bridge the gap between the requirement analysis and architecture design of self-adaptive systems.","2327-0594","978-1-4799-8353-7","10.1109/ICSESS.2015.7339244","","https://ieeexplore.ieee.org/stamp/stamp.jsp?arnumber=7339244","self-adaptive system;goal model;requirement model;software architecture model;MAPE-K control loop","Adaptation models;Runtime;Software systems;Monitoring;Computer architecture;Analytical models","","","","10","IEEE","30 Nov 2015","","","IEEE","IEEE Conferences"
"An Architecture Framework for Experimentations with Self-Adaptive Cyber-physical Systems","M. Kit; I. Gerostathopoulos; T. Bures; P. Hnetynka; F. Plasil","Faculty of Mathematics and Physics, Charles University in Prague, Prague, Czech Republic; Faculty of Mathematics and Physics, Charles University in Prague, Prague, Czech Republic; Faculty of Mathematics and Physics, Charles University in Prague, Prague, Czech Republic; Faculty of Mathematics and Physics, Charles University in Prague, Prague, Czech Republic; Faculty of Mathematics and Physics, Charles University in Prague, Prague, Czech Republic",2015 IEEE/ACM 10th International Symposium on Software Engineering for Adaptive and Self-Managing Systems,"20 Aug 2015","2015","","","93","96","Recent advances in embedded devices capabilities and wireless networks paved the way for creating ubiquitous Cyber-Physical Systems (CPS) grafted with self-configuring and self-adaptive capabilities. As these systems need to strike a balance between dependability, open-endedness and adaptability, and operate in dynamic and opportunistic environments, their design and development is particularly challenging. We take an architecture-based approach to this problem and advocate the use of component-based abstractions and related machinery to engineer self-adaptive CPS. Our approach is structured around DEECo -- a component framework that introduces the concept of component ensembles to deal with the dynamicity of CPS at the middleware level. DEECo provides the architecture abstractions of autonomous components and component ensembles on top of which different adaptation techniques can be deployed. This makes DEECo a vehicle for seamless experiments with self-adaptive systems where the physical distribution and mobility of nodes, and the limited data availability play an important role.","2157-2321","978-0-7695-5567-6","10.1109/SEAMS.2015.28","","https://ieeexplore.ieee.org/stamp/stamp.jsp?arnumber=7194662","framework;self-adaptation;cyber-physical systems","Vehicles;Computers;Software engineering;Adaptive systems;Indexes;Knowledge engineering;Vehicle dynamics","","31","","9","IEEE","20 Aug 2015","","","IEEE","IEEE Conferences"
"Approach the Cognitive Networks for Self-Adaptive Control Based on Service Awareness","M. J. Du","Networking and Communication Div., Shanghai Jianqiao University, Shanghai, China",TENCON 2018 - 2018 IEEE Region 10 Conference,"24 Feb 2019","2018","","","0240","0245","With internet technology quickly development, now diversity information becomes explosive growth each day. A dynamic and smart network characteristic became a hot topic in academic field. This paper firstly studies multi services property by comparison way. Secondly analyzes the features for cognitive network and self-adaptive service control, and proposes the self-adaptive network architecture and intelligent service awareness model. By control theory finally designs a collaboration mechanism in self-adaptive control for service quality. The paper puts forward an innovative cognitive network and control mechanisms which not only intelligently modifies distribution of resources but automatically is suitable for a varying platform situation to ensure optimizing network quality. This distinctive research idea and solution must be of useful reference significant to coming smart information times.","2159-3450","978-1-5386-5457-6","10.1109/TENCON.2018.8650537","","https://ieeexplore.ieee.org/stamp/stamp.jsp?arnumber=8650537","Cognitive network;Self-adaptive layered architecture;Service awareness model;Collaboration control mechanism;Service target","Computer architecture;Monitoring;Quality of service;Protocols;IEEE Regions;Conferences;Market research","","","","12","IEEE","24 Feb 2019","","","IEEE","IEEE Conferences"
"A correct by construction approach for modeling and formalizing self-adaptive systems","M. Hachicha; E. Dammak; R. B. Halima; A. H. Kacem","ReDCAD Laboratory, University of Sfax, Tunisia; ReDCAD Laboratory, University of Sfax, Tunisia; ReDCAD Laboratory, University of Sfax, Tunisia; ReDCAD Laboratory, University of Sfax, Tunisia","2016 17th IEEE/ACIS International Conference on Software Engineering, Artificial Intelligence, Networking and Parallel/Distributed Computing (SNPD)","21 Jul 2016","2016","","","379","384","Self-adaptive systems adapt their own behavior autonomously in order to control the satisfaction of their requirements under changing environmental conditions. MAPE (Monitor, Analyze, Plan and Execute) control loops have been used as important models for realizing self-adaptation. Adaptive systems are generally more difficult to design, specify and verify due to their high complexity. In this paper, we propose a formal refinement approach that aims first to model self-adaptive systems based on MAPE control loop. Second, our approach aims to formally specify self-adaptive systems at a high level of abstraction using the Event-B method providing correct by construction software. This formal specification provides a way to verify correctness of self-adaptive systems regarding a number of criteria. We provide a software tool (as an Eclipse plug-in) that supports designers in their architectural choices by defining a set of patterns describing the different ways of organizing MAPE loops, such as Master/Slave, coordinated control and hierarchical control. We illustrate our approach within a marine monitoring environment case study for validation purpose.","","978-1-5090-2239-7","10.1109/SNPD.2016.7515928","","https://ieeexplore.ieee.org/stamp/stamp.jsp?arnumber=7515928","Self-adaptive systems;MAPE control loop;Design patterns;Event-B method;UML profile","Unified modeling language;Monitoring;Adaptation models;Temperature sensors;Context;Probes;Temperature measurement","","6","","12","IEEE","21 Jul 2016","","","IEEE","IEEE Conferences"
"RA4Self-CPS: A Reference Architecture for Self-adaptive Cyber-Physical Systems","M. P. d. O. Camargo; G. d. S. Pereira; D. Almeida; L. A. Bento; W. F. Dorante; F. J. Affonso","Sao Paulo State University (Unesp), BR; Sao Paulo State University (Unesp), BR; Sao Paulo State University (Unesp), BR; Sao Paulo State University (Unesp), BR; Sao Paulo State University (Unesp), BR; Universidade Estadual Paulista (UNESP), BR",IEEE Latin America Transactions,"23 Jan 2024","2024","22","2","113","125","Cyber-Physical Systems (CPS) represent an evolution of embedded systems by the computational elements interacting with physical entities through a network. Self-adaptive Cyber-Physical Systems (Self-CPS) present specific features compared to traditional CPS because this type of system can deal with changes at runtime. In parallel, Reference Architectures (RA) enable reusable artifacts that aggregate the knowledge of software architectures in specific domains. RAs have facilitated the development, standardization, and system evolution in different domains. Despite their relevance, reference architectures that could support the more systematic development of Self-CPS, covering issues like self-protecting and observability, are not found yet. Based on this scenario, the main contribution of this paper is to present an RA for Self-CPS named RA4Self-CPS. The goal of this RA is to support the Self-CPS development that requires self-protecting, observability, and adaptation at runtime. To show the viability of our RA, we conducted a case study that revealed a good perspective to contribute to the Self-CPS area.","1548-0992","","10.1109/TLA.2024.10412036","","https://ieeexplore.ieee.org/stamp/stamp.jsp?arnumber=10412036","reference architecture;cyber-physical systems;self-adaptive;self-CPS","Computer architecture;Software;Runtime;Cyber-physical systems;Adaptation models;Observability;Data models","","4","","","IEEE","23 Jan 2024","","","IEEE","IEEE Journals"
"Featured Scents: Towards Assessing Architectural Smells for Self-Adaptive Systems at Runtime","E. L. Dos Santos; P. -Y. Schobbens; G. Perrouin","PReCISE, NaDI, Faculty of Computer Science, University of Namur, Namur, Belgium; PReCISE, NaDI, Faculty of Computer Science, University of Namur, Namur, Belgium; PReCISE, NaDI, Faculty of Computer Science, University of Namur, Namur, Belgium",2022 IEEE 19th International Conference on Software Architecture Companion (ICSA-C),"25 May 2022","2022","","","104","107","Self-adaptive systems (SAS) change their behavior and structure at runtime to answer the changes in their environment. Such systems combine different architectural fragments or solutions via feature binding/unbinding at runtime. Moreover, this combination may negatively impact the system’s architectural qualities, exhibiting architectural bad smells (ABS). These issues are challenging to detect in the code due to the combinatorial explosion of interactions amongst features. Since SAS does not document these features in their source code, design time smell detection ignores them and risks reporting smells that are different than those observed at runtime. This paper assesses this risk to understand how ABS occurs at runtime for different feature combinations. We look for cyclic dependency and hub-like ABS in various runtime adaptations of two SAS, Adasim and mRubis. Our results indicate that architectural smells are feature-dependent and that their number is highly variable from one adaptation to the other. Some ABS appear in all runtime adaptations, some in only a few. We discuss the reasons behind these architectural smells for each system and motivate the need for targeted ABS analyses in SAS.","2768-4288","978-1-6654-9493-9","10.1109/ICSA-C54293.2022.00026","","https://ieeexplore.ieee.org/stamp/stamp.jsp?arnumber=9779816","Architectural Smells;Self-Adaptive Systems;Arcan;Behavioral Maps","Runtime;Codes;Costs;Software architecture;Instruments;Maintenance engineering;Feature extraction","","1","","16","IEEE","25 May 2022","","","IEEE","IEEE Conferences"
"Improved self-management architecture in self-adaptive system","M. Savargiv; E. Nazemi; S. MehrMolaei","Faculty of Computer and Information Technology Engineering, Qazvin Branch Islamic Azad University, Qazvin, Iran; Department of Computer Engineering, Shahid Beheshti University, Tehran, Iran; Faculty of Computer and Information Technology Engineering, Qazvin Branch Islamic Azad University, Qazvin, Iran",2017 Artificial Intelligence and Robotics (IRANOPEN),"26 Jun 2017","2017","","","1","5","Redesigning the large and complex software systems requires very high costs time and money. Hence, automatic management and automatic adaptability with minimal human intervention is unavoidable. Self-management is the greatest level of self-adaptive which include all self-adaptive details. Scalability and dynamic analysis support in the face of change are the main challenges of self-management. Due to the fact that self-managing is relevance to the all details of self-adaptive, it is required to special type of software architecture which be able to respond to all requirements of self-adaptive aspects. In this case, dynamic architecture is the best option. Regarding to the dynamic architecture, there are diverse criteria. If software architecture be able to meet these criteria, it will know as a dynamic architecture and it has license to apply in the self-management architecture. Different types of applications can be imagined for the issue of self-management software systems, some of them are: semantic web and middle ware service, networking, load balancing in distributed systems, service communication in service oriented system, etc. In this paper self-managing dynamic architecture is discussed and evaluated and a dynamic architecture for improving the self-managing architecture is proposed.","","978-1-5386-2862-1","10.1109/RIOS.2017.7956435","","https://ieeexplore.ieee.org/stamp/stamp.jsp?arnumber=7956435","Self-adaptive;Self-management;Dynamic architecture","Computer architecture;Software systems;Optimization;Computers;Service-oriented architecture","","2","","19","IEEE","26 Jun 2017","","","IEEE","IEEE Conferences"
"A Reference Architecture Based on Reflection for Self-Adaptive Software: A Second Release","F. J. Affonso; G. Nagassaki Campos; G. Guiguer Menaldo","Department of Statistics, Applied Mathematics and Computation, São Paulo State University (UNESP), Rio Claro, São Paulo, Brazil; Department of Statistics, Applied Mathematics and Computation, São Paulo State University (UNESP), Rio Claro, São Paulo, Brazil; IBM Corporation, São Paulo, Brazil",IEEE Access,"19 Jul 2024","2024","12","","97476","97499","The development of Self-adaptive Software (SaS) is not a trivial task because this type of software has specific features compared to traditional ones. In short, SaS can reflect on its internal and external states and propose structural, behavioral, and contextual changes that can be incorporated at runtime. Manual adaptation tasks, even if very well executed, normally become onerous in time and effort, besides being error prone because of the involuntary injection of errors by the developers. Automated processes have been used as a feasible solution to conduct software adaptation at runtime by minimizing human involvement (e.g., software engineers and developers) and quickening up the execution of tasks. In parallel, Reference Architectures (RA) have been used to aggregate knowledge and architectural artifacts, capturing the systems’ essence in specific domains. Therefore, it can be said that this type of architecture is an important way to support the development, standardization, and evolution of software systems. Considering this context, the main contribution of this paper is to present the second release of a reference architecture called RA4SaS (Reference Architecture for SaS). This architecture is based on reflection, a controlled adaptation approach, and a set of automated processes that support the development of SaS in both design and runtime. To show the applicability of our RA, we conducted a case study that explored three adaptation scenarios. As a result, we observe our RA has good potential to efficiently contribute to the SaS domain.","2169-3536","","10.1109/ACCESS.2024.3428368","Coordenação de Aperfeiçoamento de Pessoal de Nível Superior (CAPES), Brazil(grant numbers:88887.670715/2022-00); São Paulo Research Foundation (FAPESP), Brazil(grant numbers:2017/01703-6,2019/21510-3); ","https://ieeexplore.ieee.org/stamp/stamp.jsp?arnumber=10597388","Reference architecture;self-adaptive software;reflection;runtime;automated processes","Computer architecture;Reflection;Software systems;Runtime;Adaptation models;Task analysis;Adaptive systems","","","","44","CCBYNCND","15 Jul 2024","","","IEEE","IEEE Journals"
"SWITCH: An Exemplar for Evaluating Self-Adaptive ML-Enabled Systems","A. Marda; S. Kulkarni; K. Vaidhyanathan","Software Engineering Research Center, IIIT Hyderabad, India; Software Engineering Research Center, IIIT Hyderabad, India; Software Engineering Research Center, IIIT Hyderabad, India",2024 IEEE/ACM 19th Symposium on Software Engineering for Adaptive and Self-Managing Systems (SEAMS),"19 Jun 2024","2024","","","143","149","Addressing runtime uncertainties in Machine Learning-Enabled Systems (MLS) is crucial for maintaining Quality of Service (QoS). The Machine Learning Model Balancer is a concept that addresses these uncertainties by facilitating dynamic ML model switching, showing promise in improving QoS in MLS. Leveraging this concept, this paper introduces SWITCH, an exemplar developed to enhance self-adaptive capabilities in such systems through dynamic model switching in runtime. SWITCH is designed as a comprehensive web service catering to a broad range of ML scenarios, with its implementation demonstrated through an object detection use case. SWITCH provides researchers with a flexible platform to apply and evaluate their ML model switching strategies, aiming to enhance QoS in MLS. SWITCH features advanced input handling, real-time data processing, and logging for adaptation metrics supplemented with an interactive real-time dashboard for enhancing system observability. This paper details SWITCH's architecture, self-adaptation strategies through ML model switching, and its empirical validation through a case study, illustrating its potential to improve QoS in MLS. By enabling a hands-on approach to explore adaptive behaviors in ML systems, SWITCH contributes a valuable tool to the SEAMS community for research into self-adaptive mechanisms for MLS and their practical applications.","2157-2321","979-8-4007-0585-4","10.1145/3643915.3644105","","https://ieeexplore.ieee.org/stamp/stamp.jsp?arnumber=10555942","Self-Adaptation;Self Adaptive Systems;Machine Learning-Enabled Systems;Exemplar;Web Service;Object Detection","Adaptation models;Adaptive systems;Uncertainty;Runtime;Web services;Switches;Quality of service","","4","","25","","19 Jun 2024","","","IEEE","IEEE Conferences"
"An evaluation method for Self-Adaptive systems","A. Farahani; E. Nazemi; G. Cabri; A. Rafizadeh","Department of Computer Science and Engineering, Shahid Beheshti University, Tehran, Iran; Department of Physics, Informatics and Mathematics, University of Modena Reggio Emilia, Modena, Italy; Department of Computer Science and Engineering, Shahid Beheshti University, Tehran, Iran; Department of Computer Science and Engineering, Shahid Beheshti University, Tehran, Iran","2016 IEEE International Conference on Systems, Man, and Cybernetics (SMC)","9 Feb 2017","2016","","","002814","002820","Nowadays, change is an important aspect of the world. Complexity and change in requirements and environments bring us to Autonomic Systems as a solution. Like any other kind of software system, better implementation of a system needs a proper evaluation method for system implementation. To evaluate a Self-Adaptive system, appropriate quality factors are needed for evaluation. This research tries to use non-adaptive system's evaluation methods to evaluate Self-Adaptive ones. The qualitative factors for self-adaptive systems have been extracted from a literature review (as Self-Adaptive System Qualitative Factors or for abbreviation SAQFs). Hence, there is no explicit or even implicit way for measuring most of the SAQFs, This research has tried to measure them through some measurable Qualitative Criterion. These Qualitative Criteria (we call them QCs) consist of some self-adaptive systems attributes and also some non-adaptive systems' qualitative factors. A map between these SAQFs and software system's QCs (which are more measurable) have been introduced. For each QC, sufficient metrics for measuring could be dug up based on the problem context. For better knowing about the influence of qualitative factors on each other, a prerequisite and post-requisite graph from relations among SAQFs have been introduced. This relational graph shows the importance and impact of each factors measurement on measuring the systems from self-adaptive viewpoint. For evaluating the method, we have proposed a questionnaire to experts about the model the correctness of these impacts and influences have been verified. In addition, a case study on a system in changing environment evaluated with proposed method and the applicability of the method have been reviewed.","","978-1-5090-1897-0","10.1109/SMC.2016.7844665","","https://ieeexplore.ieee.org/stamp/stamp.jsp?arnumber=7844665","self-adaptive system;Autonomic computing;evaluation method;qualitative factors;qualitative criteria","Adaptation models;Measurement;Computer architecture;Adaptive systems;Mathematical model;Software;Monitoring","","5","","22","IEEE","9 Feb 2017","","","IEEE","IEEE Conferences"
"A 130nm 1Mb HfOx embedded RRAM macro using self-adaptive peripheral circuit system techniques for 1.6X work temperature range","F. Zhang; D. Fan; Y. Duan; J. Li; C. Fang; Y. Li; X. Han; L. Dai; C. Chen; J. Bi; M. Liu; M. -F. Chang","Key Laboratory of Microelectronics Devices & Integrated Technology, Institute of Microelectronics Chinese Academy of Sciences, Beijing, P. R. China; Key Laboratory of Microelectronics Devices & Integrated Technology, Institute of Microelectronics Chinese Academy of Sciences, Beijing, P. R. China; Key Laboratory of Microelectronics Devices & Integrated Technology, Institute of Microelectronics Chinese Academy of Sciences, Beijing, P. R. China; Key Laboratory of Microelectronics Devices & Integrated Technology, Institute of Microelectronics Chinese Academy of Sciences, Beijing, P. R. China; Key Laboratory of Microelectronics Devices & Integrated Technology, Institute of Microelectronics Chinese Academy of Sciences, Beijing, P. R. China; Key Laboratory of Microelectronics Devices & Integrated Technology, Institute of Microelectronics Chinese Academy of Sciences, Beijing, P. R. China; Xi'an UniIC Semiconductors Co., Ltd., Xi'an, Shaanxi, P. R. China; School of Electronic information and Engineering, North China University of Technology, Beijing, P.R. China; Key Laboratory of Microelectronics Devices & Integrated Technology, Institute of Microelectronics Chinese Academy of Sciences, Beijing, P. R. China; Key Laboratory of Microelectronics Devices & Integrated Technology, Institute of Microelectronics Chinese Academy of Sciences, Beijing, P. R. China; Key Laboratory of Microelectronics Devices & Integrated Technology, Institute of Microelectronics Chinese Academy of Sciences, Beijing, P. R. China; National Tsing Hua University, Hsinchu, Taiwan",2017 IEEE Asian Solid-State Circuits Conference (A-SSCC),"28 Dec 2017","2017","","","173","176","This paper designed a 1-Mb HfOx-based embedded Resistive Random Access Memory (RRAM) device with a one-transistor-one-resistor (1T1R) structure, and systematically investigated its working temperature range. It noted that this embedded RRAM macro has a 1.6X working temperature range than previous design for some extreme environment. Using the peripheral-assisted technique, it can enable the error rate of the RRAM macro under 0.5% which can reduce the complexity of ECC function. Experimental results show that, the RRAM macro achieves a wider work temperature range (between −55°C and 150°C), which improves the reliability of the entire embedded RRAM macro and has a high robustness as well.","","978-1-5386-3178-2","10.1109/ASSCC.2017.8240244","","https://ieeexplore.ieee.org/stamp/stamp.jsp?arnumber=8240244","RRAM macro;Reliability;Self-adaptive Write Circuit;Self-adaptive Sensing;Work Temperature Range","Integrated circuit reliability;Temperature measurement;Temperature distribution;Computer architecture;Hafnium compounds;Writing","","6","","8","IEEE","28 Dec 2017","","","IEEE","IEEE Conferences"
"The Mathematical Model of Reflection for Self-Adaptive Software","A. M. Bershadsky; A. S. Bozhday; Y. I. Evseeva; A. A. Gudkov","Computer Aided Design Department, Penza State University, Penza, Russia; Computer Aided Design Department, Penza State University, Penza, Russia; Computer Aided Design Department, Penza State University, Penza, Russia; Computer Aided Design Department, Penza State University, Penza, Russia","2018 9th International Conference on Information, Intelligence, Systems and Applications (IISA)","3 Feb 2019","2018","","","1","5","The article deals with the problem of creating a mathematical apparatus for implementing self-adaptive properties of applied software systems. Self-adaptability is the ability of software to modify its own srtucture and behavior under the influence of external factors (unforeseen at compile stage) by forming new system feedbacks on the basis of internal and external data flows. The key issue here is the mathematical description of possible options for structural and behavioural system changes. The proposed mathematical model is based on the author's concept of reflection according to which a software system is able to generate and embed in its structure new feedbacks due to mining own behavioral information. Software that use this self-adaptive mechanism named reflective systems.","","978-1-5386-8161-9","10.1109/IISA.2018.8633631","","https://ieeexplore.ieee.org/stamp/stamp.jsp?arnumber=8633631","reflective self-adaptive software systems;self-adaptability;reflection;variability model;hypergraphs;software feature diagram","Software systems;Reflection;Adaptation models;Adaptive systems;Mathematical model","","1","","10","IEEE","3 Feb 2019","","","IEEE","IEEE Conferences"
"Hazard Analysis for Self-Adaptive Systems Using System-Theoretic Process Analysis","S. Diemert; J. H. Weber","Department of Computer Science, University of Victoria, Victoria, Canada; Department of Computer Science, University of Victoria, Victoria, Canada",2023 IEEE/ACM 18th Symposium on Software Engineering for Adaptive and Self-Managing Systems (SEAMS),"11 Jul 2023","2023","","","145","156","Self-adaptive systems are able to change their behaviour at run-time in response to changes. Self-adaptation is an important strategy for managing uncertainty that is present during the design of modern systems, such as autonomous vehicles. However, assuring the safety of self-adaptive systems remains a challenge, particularly when the adaptations have an impact on safety-critical functions. The field of safety engineering has established practices for analyzing the safety of systems. System Theoretic Process and Analysis (STPA) is a hazard analysis method that is well-suited for self-adaptive systems. This paper describes a design-time extension of STPA for self-adaptive systems. Then, it derives a reference model and analysis obligations to support the STPA activities. The method is applied to three self-adaptive systems described in the literature. The results demonstrate that STPA, when used in the manner described, is an applicable hazard analysis method for safety-critical self-adaptive systems.","2157-2321","979-8-3503-1192-1","10.1109/SEAMS59076.2023.00028","","https://ieeexplore.ieee.org/stamp/stamp.jsp?arnumber=10173978","safety-critical systems;self-adaptive systems;hazard analysis;system-theoretic accident model process;system-theoretic process analysis","Analytical models;Adaptation models;Uncertainty;Adaptive systems;Computer architecture;Hazards;Autonomous vehicles","","1","","64","IEEE","11 Jul 2023","","","IEEE","IEEE Conferences"
"Self-Adaptive Weight Based on Dual-Attention for Differentiable Neural Architecture Search","Y. Xue; X. Han; Z. Wang","School of Software, Nanjing University of Information Science and Technology, Nanjing, Jiangsu, China; School of Software, Nanjing University of Information Science and Technology, Nanjing, Jiangsu, China; Department of Computer Science and Engineering, University of Notre Dame, Notre Dame, IN, USA",IEEE Transactions on Industrial Informatics,"4 Apr 2024","2024","20","4","6394","6403","Differentiable architecture search is a popular gradient-based method for neural architecture search, and has achieved great success in automating design of neural network architectures. However, it still has some limitations such as performance collapse, which seriously affects network architecture performance. To solve this issue, we propose an algorithm called self-adaptive weight based on dual-attention for differentiable neural architecture search (SWD-NAS) in this article. SWD-NAS utilizes a dual-attention mechanism to measure architectural weights. Specifically, an upper-attention module is used to adaptively select channels based on their weights before inputting into the search space. A lower-attention (LA) module is utilized to calculate architectural weights. In addition, we propose an architectural weight normalization to alleviate the unfair competition among connection edges. Finally, we evaluate the architectures searched on CIFAR-10 and CIFAR-100, achieving test errors of 2.51% and 16.13%, respectively. Furthermore, we transfer the architecture searched on CIFAR-10 to ImageNet, achieving top-one and top-five errors of 24.5% and 7.6%, respectively. This demonstrates the superior performance of the proposed algorithm compared to many gradient-based algorithms.","1941-0050","","10.1109/TII.2023.3348843","National Natural Science Foundation of China(grant numbers:62376127,61876089,61876185,61902281,61403206); Natural Science Foundation of Jiangsu Province(grant numbers:BK20141005); ","https://ieeexplore.ieee.org/stamp/stamp.jsp?arnumber=10384749","Neural architecture search (NAS);differentiable architecture search (DARTS);channel attention;self-adaptive weight","Computer architecture;Feature extraction;Neural networks;Search problems;Informatics;Optimization methods;Image edge detection","","22","","38","IEEE","9 Jan 2024","","","IEEE","IEEE Journals"
"A Self-Adaptive System for Vehicle Information Security Applications","C. -H. Huang; H. -Y. Chen; T. -F. Huang; Y. -Y. Tzeng; P. -Y. Li; P. -S. Wu","Department of Computer Science and Information Engineering, National Taitung University, Taiwan; Department of Computer Science and Information Engineering, National Taitung University, Taiwan; Department of Computer Science and Information Engineering, National Taitung University, Taiwan; Department of Computer Science and Information Engineering, National Taitung University, Taiwan; Department of Computer Science and Information Engineering, National Taitung University, Taiwan; Department of Computer Science and Information Engineering, National Taitung University, Taiwan",2015 IEEE 13th International Conference on Embedded and Ubiquitous Computing,"28 Dec 2015","2015","","","188","192","To provide complete vehicle information protection mechanism, this work proposes a self-adaptive system for vehicle information security applications (SAV). Different from the conventional software-based information access method, in the SAV, the access control policies are designed by the protection matrices and implemented as reconfigurable hardware modules. The information access method becomes specific and not generic, so the risks of illegal access of vehicle information can be reduced. To not only meet real-time requirements but also enhance hardware resource utilization, the cryptographic functions in the SAV are also implemented as reconfigurable hardware modules. Thus, the SAV can adapt its access control policies and cryptographic functions at runtime to different system requirements. Our experiments have also demonstrated the SAV can accelerate by up to 3.78x the processing time required by using the software-based design. Compared to the conventional embedded system design, the SAV can also reduce 27.1% of slice registers and 26.5% of slice LUTs in the Xilinx Virtex-5 XC5VLX110T FPGA.","","978-1-4673-8299-1","10.1109/EUC.2015.9","","https://ieeexplore.ieee.org/stamp/stamp.jsp?arnumber=7363637","","Hardware;Vehicles;Cryptography;Access control;Field programmable gate arrays;Computer architecture","","2","","17","IEEE","28 Dec 2015","","","IEEE","IEEE Conferences"
"Towards A Standardized Framework For Developing Trustworthy Self-Adaptive Robotic Systems","S. N. Nezhad; B. V. Acker; P. D. Meulenaere","Faculty of Applied Engineering, Cosys-Lab, University of Antwerp; Faculty of Applied Engineering, Cosys-Lab, University of Antwerp; Faculty of Applied Engineering, Cosys-Lab, University of Antwerp",2025 Annual Modeling and Simulation Conference (ANNSIM),"19 Aug 2025","2025","","","1","13","The use of robotic applications is rapidly expanding, with robots increasingly operating in unpredictable environments and in close proximity to humans. While traditionally confined to controlled settings, modern robots must operate in unpredictable real-world scenarios, raising the need for the robots to self-adapt to unprecedented situations. Self-adaptive systems, often realized through the MAPE-K loop, are essential for managing these uncertainties. However, MAPE-K is frequently implemented in an ad hoc manner, which is insufficient for developing trustworthy and reliable self-adaptive systems. The lack of a standardized framework complicates the deployment of adaptive robotic applications, making systematic trust integration challenging.We propose a standardized framework that aids robotic engineers in developing and deploying trust-integrated, distributed MAPE-K systems. Our approach explicitly incorporates a Trust component into the MAPE-K loop to enhance the trustworthiness of adaptive robotic applications. We demonstrate our framework in a real-world MAPE-K scenario using a TurtleBot4.","","979-8-3313-1616-7","","European Commission; ","https://ieeexplore.ieee.org/stamp/stamp.jsp?arnumber=11118755","self-adaptive systems;trustworthiness;MAPE-K;robotics;Model-Based Systems Engineering","Adaptive systems;Uncertainty;Systematics;Laser radar;Computational modeling;Computer architecture;Model driven engineering;Digital twins;Reliability;Robots","","","","23","","19 Aug 2025","","","IEEE","IEEE Conferences"
"A Role-Based Architecture for Self-Adaptive Cyber-Physical Systems","T. Kluge","Software Technology Group, Technische Universität Dresden, Dresden, Germany",2020 IEEE/ACM 15th International Symposium on Software Engineering for Adaptive and Self-Managing Systems (SEAMS),"19 Jun 2023","2020","","","120","124","Today's computing world features a growing number of cyber-physical systems that require the cooperation of many physical devices. Examples include autonomous cars and co-working robots, which are expected to appropriately adapt to any possible context they find themselves in (e.g. the presence of a nearby human). However, the controlling software continues to be developed using established object-oriented modelling techniques like UML, which do not natively possess a notion of context and thus may introduce accidental complexity. With increasing complexity, the probability of the introduction of software errors rises, which can have fatal consequences in cyber-physical systems. To address this, we envision a model-driven architecture for self-adaptive cyber-physical systems that explicitly models structured context. Entities are modelled as message-passing parallel processes and can play roles in specific contexts, which dynamically alter their behaviour and relationships with other parts of the system. Since the planning of complex adaptations can be cumbersome in real-world scenarios, we envision an intuitive formulation of adaptations as graph rewriting rules on the context model. This paper discusses the current state of research and identifies open research challenges. Based on this, the envisioned architecture as well as an evaluation strategy are presented.","2157-2321","978-1-4503-7962-5","10.1145/3387939.3391601","German Research Foundation (DFG); ","https://ieeexplore.ieee.org/stamp/stamp.jsp?arnumber=10148719","self-adaptive systems;context-sensitivity;roles;distributed systems;decentralized systems;graph rewriting","Adaptation models;Object oriented modeling;Unified modeling language;Computer architecture;Cyber-physical systems;Software;Complexity theory","","1","","24","","19 Jun 2023","","","IEEE","IEEE Conferences"
"The Use of Ontology in the Process of Designing Adaptive Software Systems","D. Fedasyuk; I. Lutsyk","Software Department, Lviv Polytechnic National University, Lviv, Ukraine; Software Department, Lviv Polytechnic National University, Lviv, Ukraine",2022 IEEE 17th International Conference on Computer Sciences and Information Technologies (CSIT),"2 Jan 2023","2022","","","503","506","The analysis of approaches and methods for creating adaptive and self-adaptive software systems has been carried out. It has been determined that most approaches require reconfiguration to change the functionality of the software. An ontology of the adaptive software system has been formed, which allows to present the main components of the software without reference to the structure of the subject area. The architecture of an adaptive software system was designed, which combines the principles of component-oriented and client-server architecture. Such solution will allow the software to be dynamically adapted depending on the needs of the user. An analysis of the characteristics of the ontological model based on quality assessment metrics has been carried out.","2766-3639","979-8-3503-3431-9","10.1109/CSIT56902.2022.10000528","","https://ieeexplore.ieee.org/stamp/stamp.jsp?arnumber=10000528","ontology;architecture of software systems;adaptive software systems;self-adaptive software systems;ontology evaluation metrics","Measurement;Adaptation models;Analytical models;Adaptive systems;Software architecture;Semantics;Computer architecture","","3","","14","IEEE","2 Jan 2023","","","IEEE","IEEE Conferences"
"A multi-objective self-adaptive differential evolution algorithm for conceptual high-rise building design","B. Ekici; I. Chatzikonstantinou; S. Sariyildiz; M. F. Tasgetiren; Q. -K. Pan","Department of Architecture Chair of Design Informatics Izmir, TU Delft, Yasar University, Turkey, Delft, The Netherlands; Department of Architecture Chair of Design Informatics Izmir, TU Delft, Yasar University, Turkey, Delft, The Netherlands; Department of Architecture Chair of Design Informatics Izmir, TU Delft, Yasar University, Turkey, Delft, The Netherlands; Department of Industrial Engineering, Yasar University, Izmir, Turkey; State Key Laboratory, Huazhong University of Science and Technology, Wuhan, Hubei, CN",2016 IEEE Congress on Evolutionary Computation (CEC),"21 Nov 2016","2016","","","2272","2279","This paper presents a multi-objective self-adaptive differential evolution algorithm to solve the form-finding problem of high-rise building design in the conceptual phase. The aim of the research is to reach suitable high-rise design alternatives for hard and soft objectives, which are construction cost per square meter, structural displacement, and visual perception of the spaces from the inside out subject to several constraints that are related with both high-rise construction regulations, and profitability of the spaces. We formulate the problem as a multi-objective realparameter constrained optimization problem for three objectives that are inherently conflicting. To tackle this problem, we developed two different optimization algorithms, namely, a Non-Dominated Sorting Genetic Algorithm II (NSGA-II) and a Self-Adaptive Differential Evolution Algorithm (jDE) in order to obtain Pareto fronts with diversified non-dominated solutions. The extensive computational results show that the jDE algorithm yields much more desirable Pareto front than the NSGA-II algorithm.","","978-1-5090-0623-6","10.1109/CEC.2016.7744069","","https://ieeexplore.ieee.org/stamp/stamp.jsp?arnumber=7744069","Evolutionary computation;computational design;high-rise optimization;performance-based design;multi-objective optimization","Optimization;Floors;Visual perception;Glass;Algorithm design and analysis;Urban areas","","9","","36","IEEE","21 Nov 2016","","","IEEE","IEEE Conferences"
"Comparison of Approaches for Self-Improvement in Self-Adaptive Systems","C. Krupitzer; F. M. Roth; M. Pfannemüller; C. Becker","Chair of Information Systems II, University of Mannheim Schloss, Mannheim, Germany; Chair of Information Systems II, University of Mannheim Schloss, Mannheim, Germany; Dept. of Inf. Syst., Univ. of Mannheim Schloss, Mannheim, Germany; Chair of Information Systems II, University of Mannheim Schloss, Mannheim, Germany",2016 IEEE International Conference on Autonomic Computing (ICAC),"22 Sep 2016","2016","","","308","314","Various trends such as mobility of devices, Cloud Computing, or Cyber-Physical Systems lead to a higher degree of distribution. These systems-of-systems need to be integrated. The integration of various subsystems still remains a challenge. Self-improvement within self-adaptive systems can help to shift integration tasks from the static design time to the runtime, which fits the dynamic needs of these systems. Thus, it can enable the integration of system parts at runtime. In this paper, we define self-improvement as an adaptation of an Autonomic Computing system's adaptation logic. We present an overview of approaches for self-improvement in the domains of Autonomic Computing and self-adaptive systems. Based on a taxonomy for self-adaptation, we compare the approaches and categorize them. The categorization shows that the approaches focus either on structural or parameter adaptation but seldomly combine both. Based on the categorization, we elaborate challenges, that need to be addressed by future approaches for offering self-improving system integration at runtime.","","978-1-5090-1654-9","10.1109/ICAC.2016.18","","https://ieeexplore.ieee.org/stamp/stamp.jsp?arnumber=7573157","Self-Adaptive Systems;Autonomic Computing;Self-Improvement;Comparison","Adaptation models;Runtime;Taxonomy;Synthetic aperture sonar;Computer architecture;Context;Robots","","26","","35","IEEE","22 Sep 2016","","","IEEE","IEEE Conferences"
"Adaptive Knowledge Bases in Self-Adaptive System Design","V. Klös; T. Göthel; S. Glesner","Technische Universität, Berlin; Technische Universität, Berlin; Technische Universität, Berlin",2015 41st Euromicro Conference on Software Engineering and Advanced Applications,"26 Oct 2015","2015","","","472","478","Self-adaptive systems allow for flexible solutions in changing environments. Usually, a fixed set of predefined rules is used to define the adaptation possibilities of a system. The main problem of such systems is to cope with environment behaviours that were not anticipated at design-time. In this case, no adaptation rule might be applicable or adaptations might not have the expected effect. In this paper, we propose an extended architecture of IBM's MAPE-K loop to cope with this problem. We impose a structure on the knowledge base consisting of an abstract system and environment model, a global goal model, and a set of (current) adaptation rules. Furthermore, we introduce an evaluation component that deletes failed adaptation rules, as well as a learning component that uses run-time models to autonomously generate new rules if the current ones are not applicable. With our approach, not only functional components can dynamically be adapted but also the adaptation logic itself.","2376-9505","978-1-4673-7585-6","10.1109/SEAA.2015.48","","https://ieeexplore.ieee.org/stamp/stamp.jsp?arnumber=7302492","self-adaptive systems;modelling;feedback loop;knowledge base;adaptation rules;run-time models","Adaptation models;Adaptive systems;Knowledge based systems;Analytical models;Topology;Data models;Temperature sensors","","17","","13","IEEE","26 Oct 2015","","","IEEE","IEEE Conferences"
"A traceability management framework for artefacts in self-adaptive systems","I. Perera; D. Meedeniya; M. Bandara","Department of Computer Science and Engineering, University of Moratuwa, Sri Lanka; Department of Computer Science and Engineering, University of Moratuwa, Sri Lanka; Department of Computer Science and Engineering, University of Moratuwa, Sri Lanka",2015 IEEE 10th International Conference on Industrial and Information Systems (ICIIS),"4 Feb 2016","2015","","","37","42","We expect software systems to be dependable and sufficiently responsive to the inevitable changes regularly happen in their operational environments. This can be a challenging task to achieve when systems are in enterprise scale and large enough to cater for multiple complex business processes. One approach to address this is by incorporating suitable software process models and managing various artefacts within the process. However, once deployed, only maintenance of the software is viable through the process; it may not be sufficient for the needed changes due to the essential difficulties associated with software engineering. In order to overcome this challenge, self-adaptive systems with dynamically modifying architectures are becoming popular and sufficiently warrant for a mainstream practice in future. In light of these developments, we identified an important yet missing part in self-adaptive system engineering, i.e. artefact traceability management at runtime. This paper presents the research work on developing a generic traceability management toolkit with a traceability interlink visualizer aiding software engineers to explore artefact inconsistencies rapidly. The toolkit was then extended with a widely used self-adaptive system framework. The evaluation of the developed traceability management framework with a case system is presented.","","978-1-4799-1876-8","10.1109/ICIINFS.2015.7398982","","https://ieeexplore.ieee.org/stamp/stamp.jsp?arnumber=7398982","Self-adaptive systems;Artefact consistency;Traceability management;Runtime traceability mapping","Software;Computer architecture;Unified modeling language;Runtime;Artificial intelligence;Visual databases;Visualization","","2","","21","IEEE","4 Feb 2016","","","IEEE","IEEE Conferences"
"Reliability Prediction of Self-Adaptive Systems Managing Uncertain AI Black-Box Components","M. Scheerer; R. Reussner","FZI Research Center for Information Technology, Karlsruhe, Germany; Karlsruhe Institute of Technology, I Research Center for Information Technology, Karlsruhe, Germany",2021 International Symposium on Software Engineering for Adaptive and Self-Managing Systems (SEAMS),"29 Jun 2021","2021","","","111","117","Advances in Artificial Intelligence (AI) are associated with a growing complexity of AI models, at the expense of transparency and comprehensibility. The black-box nature of AI components is of particular concern in safety-critical applications, as it can not be guaranteed whether a prediction is correct or not. Incorrect predictions, however, can have serious consequences, e.g., fatal collisions in autonomous driving. Therefore, we propose a novel method for safeguarding AI black-box components based on monitoring input data by using Self-Adaptive Systems (SAS). The presented concepts serve not only as a starting point for runtime approaches (e.g., models at runtime), but also for design-time approaches. As second contribution, we propose an approach for the validation of reconfiguration strategies of SAS's managing uncertain AI black-box components w.r.t. reliability objectives at design-time. We demonstrate the applicability of our approach by a proof-of-concept.","2157-2321","978-1-6654-0289-7","10.1109/SEAMS51251.2021.00024","","https://ieeexplore.ieee.org/stamp/stamp.jsp?arnumber=9462007","Self-adaptive systems;reliable machine learning;model-based reliability analysis;design-time analysis;AI black-box models","Analytical models;Runtime;Predictive models;Reliability engineering;Software reliability;Complexity theory;Artificial intelligence","","7","","34","IEEE","29 Jun 2021","","","IEEE","IEEE Conferences"
"A Self-Adaptive Traffic Light Control System Based on Speed of Vehicles","J. Li; Y. Zhang; Y. Chen","School of Computer Science and Software Engineering, East China Normal University, Shanghai; School of Computer Science and Software Engineering, East China Normal University, Shanghai; School of Computer Science and Software Engineering, East China Normal University, Shanghai","2016 IEEE International Conference on Software Quality, Reliability and Security Companion (QRS-C)","22 Sep 2016","2016","","","382","388","Intelligent transportation is a typical case of cyber-physical system (CPS). Due to the rapid increasing of the number of vehicles in city, problems caused by vehicles, like congestion and environment pollution, are becoming more and more serious. Traffic light control system is often used to control the vehicles passing for a solution of the congestion in the city. Present control systems used are normally assigned as to be static, i.e., traffic light signal changes in a static way. The aim of this paper is to propose a dynamical traffic light control system, i.e., change the traffic light signals in real time following the speed of vehicles. This system is an instance of V2I(Vehicle to Infrastructure) communication model, realizing data transmission between vehicles and traffic lights. Vehicles send speed messages to the traffic light when passing an intersection, then the traffic light analyzes the information and adjusts the signal time in real time. Each traffic light in each direction has a control strategy of itself without the orthogonal requirement. Therefore, the traffic light is a kind of cyber-physical system. This traffic light control system can maximize the number of vehicles passing intersection, and as a result, minimize the congestion and pollution. A traffic light control algorithm based on speed of vehicles and its simulation are presented. The safety and liveness of this control system are discussed too.","","978-1-5090-3713-1","10.1109/QRS-C.2016.58","","https://ieeexplore.ieee.org/stamp/stamp.jsp?arnumber=7573773","Intelligent transportation;Traffic light control system;Algorithm and Simulation","Control systems;Automobiles;Safety;Algorithm design and analysis;Roads","","30","","14","IEEE","22 Sep 2016","","","IEEE","IEEE Conferences"
"A Hybrid Approach Combining Control Theory and AI for Engineering Self-Adaptive Systems","R. D. Caldas; A. Rodrigues; E. B. Gil; G. N. Rodrigues; T. Vogel; P. Pelliccione","Chalmers | University of Gothenburg, Gothenburg, Sweden; University of Brasília, Brasília, DF, Brazil; University of Brasília, Brasília, DF, Brazil; University of Brasília, Brasília, DF, Brazil; Humboldt-Universität zu Berlin, Berlin, Germany; Chalmers | University of Gothenburg, Gothenburg, Sweden",2020 IEEE/ACM 15th International Symposium on Software Engineering for Adaptive and Self-Managing Systems (SEAMS),"19 Jun 2023","2020","","","9","19","Control theoretical techniques have been successfully adopted as methods for self-adaptive systems design to provide formal guarantees about the effectiveness and robustness of adaptation mechanisms. However, the computational effort to obtain guarantees poses severe constraints when it comes to dynamic adaptation. In order to solve these limitations, in this paper, we propose a hybrid approach combining software engineering, control theory, and AI to design for software self-adaptation. Our solution proposes a hierarchical and dynamic system manager with performance tuning. Due to the gap between high-level requirements specification and the internal knob behavior of the managed system, a hierarchically composed components architecture seek the separation of concerns towards a dynamic solution. Therefore, a two-layered adaptive manager was designed to satisfy the software requirements with parameters optimization through regression analysis and evolutionary meta-heuristic. The optimization relies on the collection and processing of performance, effectiveness, and robustness metrics w.r.t control theoretical metrics at the offline and online stages. We evaluate our work with a prototype of the Body Sensor Network (BSN) in the healthcare domain, which is largely used as a demonstrator by the community. The BSN was implemented under the Robot Operating System (ROS) architecture, and concerns about the system dependability are taken as adaptation goals. Our results reinforce the necessity of performing well on such a safety-critical domain and contribute with substantial evidence on how hybrid approaches that combine control and AI-based techniques for engineering self-adaptive systems can provide effective adaptation.","2157-2321","978-1-4503-7962-5","10.1145/3387939.3391595","CNPq(grant numbers:306017/2018-0); ","https://ieeexplore.ieee.org/stamp/stamp.jsp?arnumber=10148732","hybrid;self-adaptive software;control theory;optimization","Measurement;Prototypes;Software;Robustness;Control theory;Regression analysis;Artificial intelligence","","14","","41","","19 Jun 2023","","","IEEE","IEEE Conferences"
"Emergent Web Server: An Exemplar to Explore Online Learning in Compositional Self-Adaptive Systems","R. R. Filho; E. Alberts; I. Gerostathopoulos; B. Porter; F. M. Costa","Federal University of Goiás, Brazil; Vrije Universiteit Amsterdam, The Netherlands; Vrije Universiteit Amsterdam, The Netherlands; Lancaster University, United Kingdom; Federal University of Goiás, Brazil",2022 International Symposium on Software Engineering for Adaptive and Self-Managing Systems (SEAMS),"23 Jun 2022","2022","","","36","42","Contemporary deployment environments are volatile, with conditions that are often hard to predict in advance, demanding solutions that are able to learn how best to design a system at runtime from a set of available alternatives. While the self-adaptive systems community has devoted significant attention to online learning, there is less research specifically directed towards learning for open-ended architectural adaptation – where individual components represent alternatives that can be added and removed dynamically. In this paper we present the Emergent Web Server (EWS), an architecture-based adaptive web server with 42 unique compositions of alternative components that present different utility when subjected to different workload patterns. This artefact allows the exploration of online learning techniques that are specifically able to consider the composition of logic that comprises a given system, and how each piece of logic contributes to overall utility. It also allows the user to add new components at runtime (and so produce new composition options), and to remove existing components; both are likely to occur in systems where developers (or automated code generators) deploy new code on a continuous basis and identify code which has never performed well. Our exemplar bundles together a fully-functional web server, a number of pre-packaged online learning approaches, and utilities to integrate, evaluate, and compare new online learning approaches.","2157-2321","978-1-4503-9305-8","10.1145/3524844.3528079","Leverhulme Trust; ","https://ieeexplore.ieee.org/stamp/stamp.jsp?arnumber=9799868","artefact;self-adaptive systems;online learning;web server","Runtime;Codes;Adaptive systems;Autonomous systems;Software algorithms;Restful API;Web servers","","4","","30","","23 Jun 2022","","","IEEE","IEEE Conferences"
"Multi-agent Collaboration in Distributed Self-Adaptive Systems","F. Golpayegani","School of Computer Science and Statistics, Trinity College Dublin, Dublin, Ireland",2015 IEEE International Conference on Self-Adaptive and Self-Organizing Systems Workshops,"29 Oct 2015","2015","","","146","151","Multi-Agent Collaboration (MAC) is a means by which agents solve complex real-world problems. It encompasses agents' coordination, negotiation and cooperation towards their shared goal. A distributed collaboration community consisting of heterogeneous agents in ever-changing environments faces varying degrees of collaborators' goals and/or polices conflicts. Therefore, the focus of my research is on collaborators' conflict management, particularly during community formation in distributed Self-Adaptive Systems. In this paper, the MAC literature is reviewed and a Multi-Agent Collaboration Community Formation (MAC-CF) taxonomy is proposed. The taxonomy adds the essential Establishment phase to the MAC process. The Establishment phase covers all the essential structural and behavioural aspects of a collaboration community formation in order to minimize agents' conflicts in the early stage of collaboration. Additionally, an architecture selection guideline will be designed to facilitate the conflict management of collaborators' goals and policies during the collaboration. The evaluation of this approach will be based on Smart-Grid (SG) scenario implementing a Multi-Agent Self-Adaptive System composed of heterogeneous agents with multiple goals and policies.","","978-1-4673-8439-1","10.1109/SASOW.2015.29","","https://ieeexplore.ieee.org/stamp/stamp.jsp?arnumber=7306572","","Teamwork;Taxonomy;Conferences;Knowledge based systems;Guidelines;Decision making","","4","","22","IEEE","29 Oct 2015","","","IEEE","IEEE Conferences"
"Tele Assistance: A Self-Adaptive Service-Based System Exemplar","D. Weyns; R. Calinescu","Department of Computer Science, Linnaeus University, Sweden; Department of Computer Science, University of York, UK",2015 IEEE/ACM 10th International Symposium on Software Engineering for Adaptive and Self-Managing Systems,"20 Aug 2015","2015","","","88","92","Research on adaptive and self-managing systems is hindered by a lack of prototypical applications that researchers could use to evaluate and compare new methods, techniques and tools. To address this limitation, we introduce a reference implementation of a Tele Assistance System (TAS) for research on self-adaptation in the domain of service-based systems. Our TAS exemplar of service-based systems comes with pre-defined scenarios for comparing the effectiveness of different self-adaptation solutions. Other researchers can easily exploit the underlying service platform, reusable components and development method we devised for TAS to speed up the engineering of additional research exemplars for service-based systems.","2157-2321","978-0-7695-5567-6","10.1109/SEAMS.2015.27","","https://ieeexplore.ieee.org/stamp/stamp.jsp?arnumber=7194661","self-adaptation;artifact;service-based system;tele assistance","Reliability;Adaptive systems;Quality of service;Software engineering;Probes;Measurement;Uncertainty","","78","","15","IEEE","20 Aug 2015","","","IEEE","IEEE Conferences"
"Research on Adaptive Evolution Architecture for Spacecraft Control System","R. Wang; Z. Chen; J. Du","Software Center, Beijing Institute of Control Engineering, Beijing, China; Chief Engineer’s Office, Beijing Institute of Control Engineering, Beijing, China; System Innovation Center, Beijing Institute of Control Engineering, Beijing, China","2023 Asia Conference on Advanced Robotics, Automation, and Control Engineering (ARACE)","9 Jan 2024","2023","","","128","133","With the continuous expansion of space missions and the growth on complexity of on-board software, improving the adaptive evolution ability of spacecraft control system becomes an important research issue. This paper focus on the adaptive evolution architecture of spacecraft software, which aims to solve the problems including software and hardware coupling, logic and information coupling, etc. And it introduces adaptive evolution layer to the architecture and enhances software flexibility through hierarchy and modularity. Besides, the dynamic parsing execution mechanism of evolution rule is proposed to provide the basic support for the dynamic adjustment through task scheduling, system parameters, and task logic. The architecture and mechanism have good application value for realizing adaptive evolution of spacecraft control system.","","979-8-3503-2836-3","10.1109/ARACE60380.2023.00027","National Natural Science Foundation of China; ","https://ieeexplore.ieee.org/stamp/stamp.jsp?arnumber=10371624","spacecraft control system;self-adaptive;software architecture;system evolution","Space vehicles;Couplings;Adaptive systems;Software architecture;Space missions;Computer architecture;Dynamic scheduling","","","","17","IEEE","9 Jan 2024","","","IEEE","IEEE Conferences"
"Five Object-Oriented Design Principles to Improve the Quality of Self-Adaptivity Using MAPE Loops","C. Raibulet","DISCo, Dipartimento di Informatica, Università degli Studi di Milano-Bicocca, Milan, Italy",2016 IEEE 1st International Workshops on Foundations and Applications of Self* Systems (FAS*W),"19 Dec 2016","2016","","","96","97","Design principles define a set of guidelines for the development of software. Their objective is to provide mechanisms to design and implement good software and to avoid making inappropriate design decisions which may affect the quality of the software during its life cycle and which make software difficult to maintain and extend. The object-oriented design community uses several design principles, among which the most diffused ones are: single responsibility, open-closed, Liskov substitution, interface segregation, and dependency inversion. In this paper, it is investigated how these design principles may be interpreted and adopted for the development of self-adaptive software which exploit MAPE feedback control loops. Attention is focused on the quality improvement of self-adaptive systems through these design principles.","","978-1-5090-3651-6","10.1109/FAS-W.2016.31","","https://ieeexplore.ieee.org/stamp/stamp.jsp?arnumber=7789447","design principle;self-adaptivity;software quality","Software;Feedback control;Adaptive systems;Runtime;Monitoring;Computer architecture","","","","7","IEEE","19 Dec 2016","","","IEEE","IEEE Conferences"
"Engineering Trustworthy Self-Adaptive Software with Dynamic Assurance Cases","R. Calinescu; D. Weyns; S. Gerasimou; M. U. Iftikhar; I. Habli; T. Kelly","Department of Computer Science, University of York, York, United Kingdom; Department of Computer Science, Katholieke Universiteit Leuven, Leuven, Belgium; Department of Computer Science, University of York, York, United Kingdom; Department of Computer Science, Linnaeus University, Växjö, Sweden; Department of Computer Science, University of York, York, United Kingdom; Department of Computer Science, University of York, York, United Kingdom",IEEE Transactions on Software Engineering,"11 Nov 2018","2018","44","11","1039","1069","Building on concepts drawn from control theory, self-adaptive software handles environmental and internal uncertainties by dynamically adjusting its architecture and parameters in response to events such as workload changes and component failures. Self-adaptive software is increasingly expected to meet strict functional and non-functional requirements in applications from areas as diverse as manufacturing, healthcare and finance. To address this need, we introduce a methodology for the systematic ENgineering of TRUstworthy Self-adaptive sofTware (ENTRUST). ENTRUST uses a combination of (1) design-time and runtime modelling and verification, and (2) industry-adopted assurance processes to develop trustworthy self-adaptive software and assurance cases arguing the suitability of the software for its intended application. To evaluate the effectiveness of our methodology, we present a tool-supported instance of ENTRUST and its use to develop proof-of-concept self-adaptive software for embedded and service-based systems from the oceanic monitoring and e-finance domains, respectively. The experimental results show that ENTRUST can be used to engineer self-adaptive software systems in different application domains and to generate dynamic assurance cases for these systems.","1939-3520","","10.1109/TSE.2017.2738640","Defence Science and Technology Laboratory; ","https://ieeexplore.ieee.org/stamp/stamp.jsp?arnumber=8008800","Self-adaptive software systems;software engineering methodology;assurance evidence;assurance cases","Software systems;Control systems;Runtime;Monitoring;Computer architecture;Adaptive systems","","141","","132","IEEE","11 Aug 2017","","","IEEE","IEEE Journals"
"A Machine Learning-Driven Approach for Proactive Decision Making in Adaptive Architectures","H. Muccini; K. Vaidhyanathan","University of L’ Aquila, L’ Aquila, Italy; Gran Sasso Science Institute, L’ Aquila, Italy",2019 IEEE International Conference on Software Architecture Companion (ICSA-C),"13 May 2019","2019","","","242","245","Self-adaptation is nowadays considered to be the best solution to dynamically reconfigure a system in the occurrence of deviations from the expected quality of service (QoS) parameters. However, data- and event-driven systems, such as IoT applications, impose new heterogeneity, interoperability, and distribution issues, that make uncertainty on the QoS stability even harder. Typical adaption techniques make use of reactive approaches, an after-the-fact adaptation that starts when the system deviates from the expected QoS parameters. What we envision is instead a proactive approach to anticipate the changes before the event of a QoS deviation. More specifically, we propose IoTArchML, a machine learning-driven approach for decision making in aiding proactive architectural adaptation of IoT system. The approach i) continuously monitors the QoS parameters; ii) predicts, based on historical data, possible deviations from the acceptable QoS parameters; iii) considers a list of possible alternative solutions to prevent the QoS deviation; iv) selects the optimal solution from the list; and v) checks whether the envisioned solution satisfies the overall system QoS requirements. We, therefore, move the focus from self-adaptive architectures to self-learning architectures, enabling the architectures to learn and improve over a period of time.","","978-1-7281-1876-5","10.1109/ICSA-C.2019.00050","","https://ieeexplore.ieee.org/stamp/stamp.jsp?arnumber=8712155","Adaptive architectures;Machine learning;IoT architectures;Proactive decision making;Self-learnable","Quality of service;Machine learning;Adaptation models;Computer architecture;Internet of Things;Decision making;Software","","14","","26","IEEE","13 May 2019","","","IEEE","IEEE Conferences"
"Optimal Design of GNSS Satellite Link Emulator Architecture and Adaptive Channel Calibration Algorithm","L. Pengpeng; C. Lei; C. Huaming; L. Baiyu","College of Electronic Science, National University of Defense Technology, Changsha, China; College of Electronic Science, National University of Defense Technology, Changsha, China; College of Electronic Science, National University of Defense Technology, Changsha, China; College of Electronic Science, National University of Defense Technology, Changsha, China",2019 6th International Conference on Information Science and Control Engineering (ICISCE),"4 Jun 2020","2019","","","1090","1093","This paper improve GNSS satellite link emulator architecture. It through analysis the disadvantage of traditional satellite link emulator architecture, this paper presents an new architecture, improves the performance of satellite link emulator significantly. Relative to the traditional architecture, the new ideal innovation contains self-calibration for both analog local-oscillator(LO) frequency-drift and RF channel non-ideal characteristics . This article analyzed the traditional architecture would introduce errors into the amount of Doppler shift, targeted proposed a method to improve the design, that contains direct RF sampling and channel self-calibrating architecture . Based on the new system architecture, it proposes a adaptive channel self-calibration algorithm. Derived by the model, simulation and experimental, this paper verificates that, the new architecture and the adaptive channel self-calibration algorithm of satellite link emulator, solve the problems of the traditional architecture, while effectively enhance the adjustment accuracy for delay and frequency resolution of satellite link emulator.","","978-1-7281-5712-2","10.1109/ICISCE48695.2019.00220","","https://ieeexplore.ieee.org/stamp/stamp.jsp?arnumber=9107801","satellite link emulator architecture;multi-tone excitation signal;adaptive channel self-calibration","Radio frequency;Global navigation satellite system;Technological innovation;Information science;Satellites;Accuracy;Systems architecture;Hardware;Delays;Phase locked loops","","","","8","IEEE","4 Jun 2020","","","IEEE","IEEE Conferences"
"Self-adaptive anonymous communication scheme under SDN architecture","Tingting Zeng; Meng Shen; Mingzhong Wang; Liehuang Zhu; Fan Li","Beijing Engineering Research Center of High Volume Language Information Processing and Cloud Computing Applications, Beijing Institute of Technology, P. R. China; Key Laboratory of Computer Network and Information Integration (Southeast University), Ministry of Education, P. R. China; Faculty of Arts and Business, University of the Sunshine Coast, Queensland, Australia; Beijing Engineering Research Center of High Volume Language Information Processing and Cloud Computing Applications, Beijing Institute of Technology, P. R. China; Beijing Engineering Research Center of High Volume Language Information Processing and Cloud Computing Applications, Beijing Institute of Technology, P. R. China",2015 IEEE 34th International Performance Computing and Communications Conference (IPCCC),"18 Feb 2016","2015","","","1","8","Communication privacy and latency perceived by users have become great concerns for delay-sensitive Internet services. Existing anonymous communication systems either provide high anonymity at an expense of prolonged latency (e.g., mix-net), or offer better real-time performance by sacrificing the ability against traffic analysis attacks (e.g., Onion Routing). The emerging Software-Defined Networking (SDN) introduces additional challenges to communication anonymity, due to the existence of a centralized controller that has a global view of the entire network traffic. In this paper, we propose a new anonymous communication scheme for delay-sensitive services under SDN scenarios, which can simultaneously protect communication privacy and reduce the end-to-end latency. A self-adaptive method based on the mix-net framework is designed to dynamically modify the waiting threshold of mix nodes, which helps to reduce the communication latency. In order to preserve the degree of anonymity, the self-adaptive method is incorporated with a random walking strategy for packets forwarding. Both theoretical analysis and experimental results prove that our scheme provides a moderate degree of anonymity and effectively reduces the latency derived from mix-net by up to 50%.","2374-9628","978-1-4673-8590-9","10.1109/PCCC.2015.7410337","","https://ieeexplore.ieee.org/stamp/stamp.jsp?arnumber=7410337","Privacy Preservation;Self-Adaptive;Anonymous Communication;Software-Defined Networking (SDN)","Real-time systems;Relays;Entropy;Lead;Distance measurement;Annealing;Probabilistic logic","","3","","24","IEEE","18 Feb 2016","","","IEEE","IEEE Conferences"
"Dynamic Architectures Leveraging AI Agents and Human-in-the-Loop for Data Center Management","V. D. Sera; S. Kalra","Department of Computer Science and Engineering, Indian Institute of Technology, IIT Jodhpur, Jodhpur, India; Department of Computer Science and Engineering, Indian Institute of Technology, IIT Jodhpur, Jodhpur, India",2025 IEEE 22nd International Conference on Software Architecture Companion (ICSA-C),"30 May 2025","2025","","","324","333","To address the growing data needs, data centers are being established in new and unexplored terrains. This necessitates the development of robust data center management platforms capable of self-management. To make these systems adaptable to new uncertainties, especially in space, underwater, and remote data centers aimed at long-running or mission-critical operations, the architectures of these robust data center management platforms need to be accurately modeled to be dynamic and evolve during execution. We argue that, in addition to making systems self-managing and autonomous, there is a need for a human-centric adaptive architecture in the data center management domain. This involves incorporating human-in-the-loop mechanisms to oversee the system's self-adaptation and control anomalies and other drifting pointers that could affect the system's quality attributes. This paper also introduces AI Agents in the self-managing system, which can further enhance autonomous management flexibility by enabling dynamic system architecture changes through these agentic “digital workers.“ We propose a dynamic architecture framework combining AI Agents and Human-in-the-Loop for continuously improving data center management. The architecture expands the MAPE-K loop by introducing human-in-the-loop at the Plan phase and AI Agents at the Execute phase to enhance the dynamic architecture setup for autonomous self-managing data centers. This paper details the foundational AI Agents that need to be set at the Execute phase and provides a use case simulation evaluating one of the AI Agents from the proposed architecture. We also define the quality requirements, which may change at runtime in such dynamic architectures, and outline the scope of future work in this domain.","2768-4288","979-8-3315-3336-6","10.1109/ICSA-C65153.2025.00053","","https://ieeexplore.ieee.org/stamp/stamp.jsp?arnumber=11014915","Adaptive Architecture;Self-adaptation;Self-Managing Systems;Dynamic software architecture;Human-in-the-Loop;AI Agents;MAPE-K Loop;Data Center Management","Data centers;Runtime;Adaptive systems;Uncertainty;Autonomous systems;Software architecture;Computer architecture;Human in the loop;Artificial intelligence;Dynamical systems","","","","52","IEEE","30 May 2025","","","IEEE","IEEE Conferences"
"Energy Efficiency Through Architectural Tactics for Self-Adaptive Cloud Systems","H. Medeiros","SAMOVAR, Télécom SudParis, Institut Polytechnique de Paris, Palaiseau, France",2025 IEEE/ACM 47th International Conference on Software Engineering: Companion Proceedings (ICSE-Companion),"13 Jun 2025","2025","","","193","195","[CONTEXT] Cloud computing provides many benefits, such as virtualization, high availability, low cost of maintenance, and elasticity. These characteristics provide a flexible resource management, transparent to users, giving the illusion of access to almost unlimited resources. [PROBLEM] The increase of the energy consumption of cloud environments turns light over the amount of hardware resources provisioned in virtual machines. Self-adaptive systems are designed as a way to avoid and correct, under certain constraints, the degradation of quality of service (QoS) of software during its execution, which may be due to changes in environmental conditions. Self-adaptation brings elasticity to cloud-based applications by providing various configurations, thus avoiding the degradation of their QoS. Recent works in the literature on self-adaptive cloud systems (SACS) mainly focus on the analysis of the CPU usage and resource allocation for running cloud applications, neglecting the analysis of their impact on energy consumption. [OBJECTIVE] This PhD proposes to investigate how to integrate energy efficiency and energy awareness, as QoS criteria, in a selfadaptive architecture for cloud applications. [METHODOLOGY] It implies to study what are the necessary elements of a self-adaptive architecture of cloud applications at design-time, and how these elements should be exploited at run-time to ensure energy efficiency without impacting the performance of cloud applications.","2574-1934","979-8-3315-3683-1","10.1109/ICSE-Companion66252.2025.00058","French National Research Agency(grant numbers:ANR-23-PECL-0003); ","https://ieeexplore.ieee.org/stamp/stamp.jsp?arnumber=11024421","energy efficiency;energy awareness;cloud computing;microservice;self-adaptive systems;cloud application","Degradation;Cloud computing;Quality of service;Computer architecture;Elasticity;Energy efficiency;Virtual machines;Software;Resource management;Software engineering","","","","24","IEEE","13 Jun 2025","","","IEEE","IEEE Conferences"
"Leveraging Self-Adaptive Systems and Generative AI for Personalizing Educational Serious Games: Architecture and Future Challenges","A. Bucchiarone; F. Bonetti; E. Yigitbas","SWEN, Università degli Studi dell'Aquila, L'Aquila, Italy; Fondazione Bruno Kessler, Trento, Italy; Paderborn University, Paderborn, Germany",2025 IEEE/ACM 20th Symposium on Software Engineering for Adaptive and Self-Managing Systems (SEAMS),"13 Jun 2025","2025","","","103","110","The integration of self-adaptive systems (SAS) with Generative Artificial Intelligence (GAI) opens new possibilities to improve serious games (SG) by enabling dynamic adjustments in gameplay, customized content, and personalized learning experiences. This vision paper explores the potential of combining GAI with the MAPE-K framework to enable the generation and adaptation of real-time content in SGs. We propose a framework that addresses key challenges, including generalizing to different SGs, validating AI-generated content in real time, and tailoring content to individual players, while discussing future challenges such as managing conflicting goals, handling uncertainty, and defining robust evaluation metrics. Practical examples and an adaptable system architecture illustrate the framework envisioned. Finally, we discuss the challenges of evaluating SAS in this domain and outline future research directions.","2157-2321","979-8-3315-0181-5","10.1109/SEAMS66627.2025.00019","","https://ieeexplore.ieee.org/stamp/stamp.jsp?arnumber=11025885","Self-Adaptive Systems;Generative AI;Serious Games;Research Roadmap","Measurement;Uncertainty;Generative AI;Systems architecture;Learning (artificial intelligence);Computer architecture;Real-time systems;Serious games;Synthetic aperture sonar;Software engineering","","","","50","IEEE","13 Jun 2025","","","IEEE","IEEE Conferences"
"Predict the Future: Preventing unanticipated changes is the ultimate challenge for self-adaptive systems","G. Engels","Dept. of Computer Science, Paderborn University, Paderborn, Germany",2021 International Symposium on Software Engineering for Adaptive and Self-Managing Systems (SEAMS),"29 Jun 2021","2021","","","260","261","Systems interact with their environment. This might lead to unanticipated events as system models usually cover only to a certain extent the dependencies of a system with the environment. We argue that many of these unanticipated events might become predictable in case we handle current and in particular past behavior of the environment by digital twins. We propose to refine the traditional MAPE-K architecture towards a MAPE-Twin architecture. Thus, the traditional knowledge component becomes an analyzable repository of behavior which allows to predict potential events in the future and to deal with them in a predefined way. Thus, the ultimate challenge for self-adaptive systems are not unanticipated changes, but the prediction of future behavior of a system and its environment.","2157-2321","978-1-6654-0289-7","10.1109/SEAMS51251.2021.00045","","https://ieeexplore.ieee.org/stamp/stamp.jsp?arnumber=9462004","digital twin;predictive analytics;MAPE-K;MAPE-Twin;unanticipated change","Adaptive systems;Digital twin;Computer architecture;Software engineering","","2","","7","IEEE","29 Jun 2021","","","IEEE","IEEE Conferences"
"Towards a framework for testing and simulating self adaptive systems","Y. Abuseta; K. Swesi","Computer Science Department, Faculty of Science Al-Jabal Al-Gharbi University, Zintan, Libya; Computer Science Department, Faculty of Science Al-Jabal Al-Gharbi University, Zintan, Libya",2015 6th IEEE International Conference on Software Engineering and Service Science (ICSESS),"30 Nov 2015","2015","","","70","76","Self adaptive systems have been suggested as a promising solution for managing the complex and uncertain nature of today's software intensive systems. Yet, their design is still not conducted in a systematic manner. In particular, there is little work on the issue of developing a framework that accommodates the necessary reusable process elements and system components that augment the system under development with the self adaptation capabilities and enable the system developer to simulate and test these capabilities prior to deployment. In this paper, we attempted to address this issue and propose a testing framework for self adaptive systems. Only the high level requirements and a conceptual architecture of the framework are presented here. The self adaptive capability is designed around the feedback control loop proposed by IBM blueprint.","2327-0594","978-1-4799-8353-7","10.1109/ICSESS.2015.7339008","","https://ieeexplore.ieee.org/stamp/stamp.jsp?arnumber=7339008","self adaptive;framework;design patterns","Monitoring;Adaptive systems;Temperature sensors;Unified modeling language;Feedback control;Software systems","","2","","20","IEEE","30 Nov 2015","","","IEEE","IEEE Conferences"
"Self-Adaptive Robust Motion Planning for High DoF Robot Manipulator using Deep MPC","Y. Zhang; K. Mo; F. Shen; X. Xu; X. Zhang; J. Yu; C. Yu","University of Pittsburgh, PA, USA; University of Illinois Urbana-Champaign, IL, USA; San Jose State University at San Jose, CA, USA; Snap Inc. at Seattle, WA, USA; George Washington University, DC, USA; Warner Bro. Discovery at Culver City, CA, USA; Northeastern University at Boston, MA, USA","2024 3rd International Conference on Robotics, Artificial Intelligence and Intelligent Control (RAIIC)","17 Sep 2024","2024","","","139","143","In contemporary control theory, self-adaptive methodologies are highly esteemed for their inherent flexibility and robustness in managing modeling uncertainties. Particularly, robust adaptive control stands out owing to its potent capability of leveraging robust optimization algorithms to approximate cost functions and relax the stringent constraints often associated with conventional self-adaptive control paradigms. Deep learning methods, characterized by their extensive layered architecture, offer significantly enhanced approximation prowess. Notwithstanding, the implementation of deep learning is replete with challenges, particularly the phenomena of vanishing and exploding gradients encountered during the training process. This paper introduces a self-adaptive control scheme integrating a deep MPC, governed by an innovative weight update law designed to mitigate the vanishing and exploding gradient predicament by employing the gradient sign exclusively. The proffered controller is a self-adaptive dynamic inversion mechanism, integrating an augmented state observer within an auxiliary estimation circuit to enhance the training phase. This approach enables the deep MPC to learn the entire plant model in real-time and the efficacy of the controller is demonstrated through simulations involving a high-DoF robot manipulator, wherein the controller adeptly learns the nonlinear plant dynamics expeditiously and exhibits commendable performance in the motion planning task.","","979-8-3503-5262-7","10.1109/RAIIC61787.2024.10671222","","https://ieeexplore.ieee.org/stamp/stamp.jsp?arnumber=10671222","MPC;robust control;self-adaptive control;robotics motion planning","Training;Deep learning;Uncertainty;Dynamics;Estimation;Robustness;Planning","","7","","35","IEEE","17 Sep 2024","","","IEEE","IEEE Conferences"
"Self-test framework for self-adaptive software architecture","Y. M. Roopa; M. R. Babu","Dept.of CSE, Institute of Aeronautical Engineering, Hyderabad, INDIA; Dept.of CSE, Institute of Aeronautical Engineering, Hyderabad, INDIA","2017 International conference of Electronics, Communication and Aerospace Technology (ICECA)","18 Dec 2017","2017","2","","669","674","As researchers and contributors of the IT enterprise move in the direction of a vision of computing structures that manage themselves, it's far imperative to research methods to dynamically validate these systems to keep away from the high cost of system failures. Although research continues to advance in lots of areas of self adaptive systems, there's a loss of development within the area of testing components of systems at runtime. Self-adaptive features in systems dynamically invoke changes to the structure and behavior of components which could already be operating in an unpredictable surroundings; similarly emphasizing the need for runtime testing. In this paper we propose a framework that dynamically validates modifications in self-adaptive systems. Our body-work extends the present day shape of self-adaptive systems to consist of self-testing as an implicit characteristic. We validate our framework by way of creating a prototype of an autonomic container that incorporates the capability to self-test.","","978-1-5090-5686-6","10.1109/ICECA.2017.8212749","","https://ieeexplore.ieee.org/stamp/stamp.jsp?arnumber=8212749","self adaptive systems;component testing;Validation;safe adaptation","Adaptive systems;Built-in self-test;Adaptation models;Software;Runtime;Aerospace electronics","","5","","18","IEEE","18 Dec 2017","","","IEEE","IEEE Conferences"
"Lifelong Self-Adaptation: Self-Adaptation Meets Lifelong Machine Learning","O. Gheibi; D. Weyns","Katholieke Universiteit Leuven, Leuven, Belgium; Katholieke Universiteit Leuven, Belgium Linnaeus University, Sweden",2022 International Symposium on Software Engineering for Adaptive and Self-Managing Systems (SEAMS),"23 Jun 2022","2022","","","1","12","In the past years, machine learning (ML) has become a popular approach to support self-adaptation. While ML techniques enable dealing with several problems in self-adaptation, such as scalable decision-making, they are also subject to inherent challenges. In this paper, we focus on one such challenge that is particularly important for self-adaptation: ML techniques are designed to deal with a set of predefined tasks associated with an operational domain; they have problems to deal with new emerging tasks, such as concept shift in input data that is used for learning. To tackle this challenge, we present lifelong self-adaptation: a novel approach to self-adaptation that enhances self-adaptive systems that use ML techniques with a lifelong ML layer. The lifelong ML layer tracks the running system and its environment, associates this knowledge with the current tasks, identifies new tasks based on differentiations, and updates the learning models of the self-adaptive system accordingly. We present a reusable architecture for lifelong self-adaptation and apply it to the case of concept drift caused by unforeseen changes of the input data of a learning model that is used for decision-making in self-adaptation. We validate lifelong self-adaptation for two types of concept drift using two cases.","2157-2321","978-1-4503-9305-8","10.1145/3524844.3528052","","https://ieeexplore.ieee.org/stamp/stamp.jsp?arnumber=9799875","Self-adaptive systems;Concept drift;Machine learning;Lifelong machine learning;Uncertainty handling","Adaptation models;Adaptive systems;Autonomous systems;Decision making;Machine learning;Computer architecture;Data models","","11","","62","","23 Jun 2022","","","IEEE","IEEE Conferences"
"Constructing Self-Adaptive Software in Ubiquitous Computing Space","N. Chu; H. Liu; B. Ding; W. Li","Academy of Military Sciences, Beijing, China; Computer College, National University of Defense Technology, ChangSha, China; Computer College, National University of Defense Technology, ChangSha, China; Troops No. 75835, PLA, China",2018 IEEE International Conference on Computer and Communication Engineering Technology (CCET),"22 Nov 2018","2018","","","254","259","Self-adaptation endows software with the ability to adjust its behavior according to the changes in its environment. It is an effective approach to deal with dynamic environments, such as ubiquitous computing spaces. However, adaptability will significantly complicate software implementation and bring great challenges to software engineering practices. This paper presents an engineering approach for self-adaptive software, which systematically enables the reuse of software adaptation on both software architecture and development process. We propose a novel conceptual model as the foundation of our work at first, in which each software entity can imitate the reacting/joining behavior pattern of the individuals in natural adaptive systems. And then, mainly based on the enhancement of component technology, we map this conceptual model into a practical and reusable software architecture. A software factory with a model-driven process is presented as well. Several applications have been developed to validate the effectiveness and generality of our approach.","","978-1-5386-7437-6","10.1109/CCET.2018.8542198","","https://ieeexplore.ieee.org/stamp/stamp.jsp?arnumber=8542198","ubiquitous computing;adaptability;software architecture;software factory","Software;Adaptation models;Computational modeling;Ubiquitous computing;Adaptive systems;Computer architecture;Production facilities","","","","27","IEEE","22 Nov 2018","","","IEEE","IEEE Conferences"
"Rigorous Architectural Reasoning for Self-Adaptive Software Systems","N. Abbas; J. Andersson; M. U. Iftikhar; D. Weyns","AdaptWise, Linnaeus University, Sweden; AdaptWise, Linnaeus University, Sweden; AdaptWise, Linnaeus University, Sweden; AdaptWise, Linnaeus University, Sweden",2016 Qualitative Reasoning about Software Architectures (QRASA),"2 Jun 2016","2016","","","11","18","Designing a software architecture requires architectural reasoning, i.e., activities that translate requirements to an architecture solution. Architectural reasoning is particularly challenging in the design of product-lines of self-adaptive systems, which involve variability both at development time and runtime. In previous work we developed an extended Architectural Reasoning Framework (eARF) to address this challenge. However, evaluation of the eARF showed that the framework lacked support for rigorous reasoning, ensuring that the design complies to the requirements. In this paper, we introduce an analytical framework that enhances eARF with such support. The framework defines a set of artifacts and a series of activities. Artifacts include templates to specify domain quality attribute scenarios, concrete models, and properties. The activities support architects with transforming requirement scenarios to architecture models that comply to required properties. Our focus in this paper is on architectural reasoning support for a single product instance. We illustrate the benefits of the approach by applying it to an example client-server system, and outline challenges for future work.","","978-1-5090-2672-2","10.1109/QRASA.2016.9","","https://ieeexplore.ieee.org/stamp/stamp.jsp?arnumber=7484101","architectural reasoning;self-adaptive software systems;formal methods","Cognition;Servers;Computer architecture;Analytical models;Time factors;Automata;Multimedia communication","","6","","24","IEEE","2 Jun 2016","","","IEEE","IEEE Conferences"
"Value-Sensitive Design of Self-Organisation","V. Dignum; F. Dignum","Technology Policy and Management, Delft University of Technology, The Netherlands; Information and Computer Sciences, Utrecht University, The Netherlands",2015 IEEE 9th International Conference on Self-Adaptive and Self-Organizing Systems,"29 Oct 2015","2015","","","156","161","Self-organization refers to the capacity of networks of agents to combine and recombine their activities towards some form of overall order without centralized coordination. Such global order is the result of each agent acting based on its own interests and values, whose combination results in a situation that is profitable for all. As such, these systems are particularly robust, because they adapt to changes, and are able to ensure their own survivability. The growing complexity of applications requires solutions based on autonomous, robust and adaptive components. An important challenge for self-organizing systems is to ensure that constituent agents are such that desired emergent phenomena are produced. In this paper, we propose an architecture for self-organising agents based on values. This architecture presents two main advantages. Firstly, the use of values as basis for agent coordination results in solutions that do not impinge directly on the autonomy of the agents, as values are more abstract than goals and plans and therefore leave enough freedom for agents to choose their own paths. Secondly, values also enable higher level adaptability to environmental changes by providing a common criteria for the adaptation, which is independent of the environment. i.e. Whereas goals refer to specific desirable states of the environment, which might change when the environment changes, values refer to preferences for types of situations. These preferences keep stable under most changes of the environment. Even though self-organisation often occurs for functional/self-interested reasons, the fact that agents form an organisation leads to satisfaction of affiliation motives which may in turn be the reason for maintaining the organisation. The proposed architecture extends our work on modelling social agents and social practices. We show that using these social aspects as foundation for the system leads to stable adaptation patterns while maintaining a level of autonomy and robustness of the overall system.","1949-3681","978-1-4673-7535-1","10.1109/SASO.2015.25","","https://ieeexplore.ieee.org/stamp/stamp.jsp?arnumber=7306607","value-sensitive design;self-organisation;adaptation","Organizations;Context;Computer architecture;Adaptation models;Robustness;Contracts;Software agents","","1","","12","IEEE","29 Oct 2015","","","IEEE","IEEE Conferences"
"Towards a Plug-In Architecture to Enable Self-Adaptation through Middleware","S. Jahan; I. Riley; A. Sabino; R. Gamble","Tandy School of Computer Science, University of Tulsa, Tulsa, OK, USA; Tandy School of Computer Science, University of Tulsa, Tulsa, OK, USA; Tandy School of Computer Science, University of Tulsa, Tulsa, OK, USA; Tandy School of Computer Science, University of Tulsa, Tulsa, OK, USA",2021 IEEE International Conference on Autonomic Computing and Self-Organizing Systems Companion (ACSOS-C),"18 Nov 2021","2021","","","214","219","To be self-adaptive, a system must exhibit capabilities related to the monitoring, analyzing, planning, and executing adaptations. Often these activities require in-depth knowledge of the system's architecture, functionality, and requirements. Thus, the traditional design pattern for self-adaptive systems is the MAPE- K loop, which can be infeasible to implement into legacy systems. Popular approaches to incorporate self-adaptive behavior into legacy systems employ an external framework and/or middleware. These software applications require significant expertise in their choice of tools and can be unaccommodating to systems dependent on third-party vendors, i.e., enterprise systems. In this paper, we investigate the design of the Adapt! architecture as a plug-in architecture that operates as middleware to enable system self-adaptation. We discuss key challenges associated with middleware for self-adaptive system configuration, survey existing approaches, and characterize an extensible architecture that would be applicable to legacy systems. The Adapt! architecture is exemplified through two case studies that include a load balancer and a tele-assistance system.","","978-1-6654-4393-7","10.1109/ACSOS-C52956.2021.00054","","https://ieeexplore.ieee.org/stamp/stamp.jsp?arnumber=9599240","Self-adaptation;middleware;plug-in architecture;adaptation assessment","Conferences;XML;Computer architecture;Aging;Tools;Planning;Middleware","","1","","20","IEEE","18 Nov 2021","","","IEEE","IEEE Conferences"
"SAR Images Change Detection Based on Self-Adaptive Network Architecture","J. Shi; X. Liu; Y. Lei","School of Electronics and Information, Northwestern Polytechnical University, Xi’an, China; School of Electronics and Information, Northwestern Polytechnical University, Xi’an, China; School of Electronics and Information, Northwestern Polytechnical University, Xi’an, China",IEEE Geoscience and Remote Sensing Letters,"23 Jun 2021","2021","18","7","1204","1208","In the last few years, neural networks were introduced to change detection for a better understanding of remote sensing images. However, the designs of these neural networks were time-consuming processes of trial and error, which failed to account for their validity. Thus, a simple and efficient change detection method based on network architecture search in terms of the evolutionary algorithm is proposed to deal with SAR images change detection problems. In the proposed method, an efficient gene encoding is applied to represent the unpredictable optimal depth and the number of neurons in each hidden layer. Besides, a combinatorial evaluation strategy and a self-adaptive network solution selection are designed for effective and reasonable network architectures. What is more, a hidden layer random alignment crossover operator and a drawing lots mutation operator are designed for the enhancement of diversity of network architectures. Experimental results on a few SAR image data sets demonstrate that the proposed method can generate appropriate networks to solving SAR images change detection.","1558-0571","","10.1109/LGRS.2020.2994163","National Natural Science Foundation of China(grant numbers:61603299,61602385); National Natural Science Foundation of Shaanxi Province(grant numbers:2018JQ6003,2018JQ6030); Fundamental Research Funds for the Central Universities; ","https://ieeexplore.ieee.org/stamp/stamp.jsp?arnumber=9103016","Change detection;evolutionary algorithm;network architecture search (NAS);neural network;SAR images","Synthetic aperture radar;Biological neural networks;Training;Network architecture;Neurons;Remote sensing;Encoding","","12","","18","IEEE","28 May 2020","","","IEEE","IEEE Journals"
"Formal Specification and Verification of Self-Adaptive Concurrent Systems","M. I. Fakhir; S. A. R. Kazmi","Department of Computer Science, Government College University, Lahore, Pakistan; Department of Computer Science, Government College University, Lahore, Pakistan",IEEE Access,"10 Jul 2018","2018","6","","34790","34803","The assurance of required quality properties is one of the major challenges in self-adaptive systems (SASs). SASs have the capability to adapt their dynamic behavior autonomously at runtime due to uncertain changes in the environment. In general, an SAS is much difficult to specify and verify, because of its highly complex internal behavior and especially when time constraints are involved. In this research, we use modal μ-calculus (Mμ) for the specification and verification of colored Petri nets-based self-adaptive concurrent systems. We propose self-adaptive multi-agent concurrent system (SMACS) framework that is specifically designed for complex architectures. The internal structure of SMACS framework is based on MAPE-K feedback loop. Each phase of the feedback loop works as an internal agent (Int-Agent) known as Monitor Int-Agent, Analyzer Int-Agent, Planer Int-Agent, and Executer Int-Agent. The decentralized approach is being used in this research, and due to this approach, all agents intelligently adapt their behavior in the environment and send updates to other agents. For verification of internal properties like liveness, safeness, and deadlock-freedom of each agent, the TAPA model checker is being used. For the implementation of SMACS framework, traffic monitoring system is chosen as a case study.","2169-3536","","10.1109/ACCESS.2018.2849821","","https://ieeexplore.ieee.org/stamp/stamp.jsp?arnumber=8392667","Self-adaptive;multi-agent;formal specification;formal verification;modal μ-calculus;TAPA model checker","Adaptation models;Calculus;Feedback loop;Multi-agent systems;Model checking;Petri nets;Complex systems","","7","","36","OAPA","22 Jun 2018","","","IEEE","IEEE Journals"
"A self-adaptive dynamic partial reconfigurable architecture for online data stream compression","S. M. Najmabadi; Z. Wang; Y. Baroud; S. Simon","Department of Parallel Systems, University of Stuttgart, Stuttgart, Germany; Department of Parallel Systems, University of Stuttgart, Stuttgart, Germany; Department of Parallel Systems, University of Stuttgart, Stuttgart, Germany; Department of Parallel Systems, University of Stuttgart, Stuttgart, Germany",2016 International Conference on FPGA Reconfiguration for General-Purpose Computing (FPGA4GPC),"25 Jul 2016","2016","","","19","24","Online compression of I/O-data streams in general purpose computing will enhance the effective I/O bandwidth of processors, the bandwidth of the computer network as well as the storage capacity and the read/write performance of the storage. In this paper, a self-adaptive dynamic partial reconfigurable architecture for the online compression of data streams is introduced. The proposed architecture will bring new possibilities in online compression due to its adaptivity to different factors like current data bandwidth, data statistics and the level of available resources and so forth. The architecture consists of multiple partially reconfigurable regions that are reconfigured dynamically with suited compression or decompression IP cores based on the above-mentioned factors at run time. The main goal of the adaptive online compression of the data stream is to provide maximum decompression throughput. The degree of improvement depends on the network throughput and the available resources. Our analysis shows an improvement up to 40% in decompression throughput in comparison to non-adaptive approaches.","","978-1-5090-1359-3","10.1109/FPGA4GPC.2016.7518529","","https://ieeexplore.ieee.org/stamp/stamp.jsp?arnumber=7518529","dynamic partial reconfiguration;online compression;self-adaptive architecture","Throughput;Decoding;Bandwidth;Computer architecture;Mathematical model;Heuristic algorithms;Entropy","","2","","21","IEEE","25 Jul 2016","","","IEEE","IEEE Conferences"
"Stability of Self-Adaptive Software Architectures","M. Salama","School of Computer Science, The University of Birmingham, Birmingham, UK",2015 30th IEEE/ACM International Conference on Automated Software Engineering (ASE),"7 Jan 2016","2015","","","886","889","Stakeholders and organisations are increasingly looking for long-lived software. As architectures have a profound effect on the operational life-time of the software and the quality of the service provision, architectural stability could be considered a primary criterion towards achieving the long-livety of the software. Architectural stability is envisioned as the next step in quality attributes, combining many inter-related qualities. This research suggests the notion of behavioural stability as a primary criterion for evaluating whether the architecture maintains achieving the expected quality attributes, maintaining architecture robustness, and evaluating how well the architecture accommodates run-time evolutionary changes. The research investigates the notion of architecture stability at run-time in the context of self-adaptive software architectures. We expect to define, characterise and analyse this intuitive concept, as well as identify the consequent trade-offs to be dynamically managed and enhance the self-adaptation process for a long-lived software.","","978-1-5090-0025-8","10.1109/ASE.2015.93","","https://ieeexplore.ieee.org/stamp/stamp.jsp?arnumber=7372085","","Computer architecture;Stability criteria;Software;Software architecture;Adaptation models;Robustness","","1","","12","IEEE","7 Jan 2016","","","IEEE","IEEE Conferences"
"Self-Adaptive Service Driven Architecture for Intelligent Transport System","N. A. Khan; V. Brujic-Okretic; S. Khaddaj","Sinopec Research Institute of Petroleum Engineering, Beijing, China; Sinopec Research Institute of Petroleum Engineering, Beijing, China; Sinopec Research Institute of Petroleum Engineering, Beijing, China",2016 IEEE Intl Conference on Computational Science and Engineering (CSE) and IEEE Intl Conference on Embedded and Ubiquitous Computing (EUC) and 15th Intl Symposium on Distributed Computing and Applications for Business Engineering (DCABES),"17 Jul 2017","2016","","","669","672","Modern transport systems rely on an increasing number of sensors to control their operation including orientation, speed, arrival and departure times, fuel consumption, passenger count etc. These have become important parts of the echo system with their availability and performance playing a key role in daily commuting. However, they produce data in high volume and frequency that need to be processed fast enough so that it can be shared across the network in real-time. Traditional system architectures have been unable to meet transport systems quality requirements scuh as scalability, adaptability, sustainability, extendibility and high availability. Thus, in this work, we propose a novel architecture to acquire, store, manipulate and integrate information from heterogeneous data sources to produce a reliable prediction. It will help transport managers and bus companies to optimize, in real-time, scheduling, stops usage and passenger's time.","","978-1-5090-3593-9","10.1109/CSE-EUC-DCABES.2016.258","","https://ieeexplore.ieee.org/stamp/stamp.jsp?arnumber=7982320","Intelligent System Architecture;Real-time;Data Integration;Predictive analysis;Data mining;Smart devices","Real-time systems;Computer architecture;Reliability;Intelligent sensors;Systems architecture;Roads","","1","","12","IEEE","17 Jul 2017","","","IEEE","IEEE Conferences"
"A Multiagent-Based Framework for Self-Adaptive Software with Search-Based Optimization","L. Wang; Q. Li","School of Computer Science and Technology, Xidian University, Xi'an, P. R. China; Software Engineering Institute, Xidian University, Xi'an, P. R. China",2016 IEEE International Conference on Software Maintenance and Evolution (ICSME),"16 Jan 2017","2016","","","621","625","Planning a suitable solution to adapt to software changes is the most important and fundamental ability of self-adaptive software (SAS). However, with the increasing complexities of managed resources, context and user preferences, existing self-adaptive planning approaches need to be improved to deal with the complex changes which are multiple, interrelated and evolving. Search-based optimization (SBO) is well-suited to deal with multiple and complex problems. Hence, using SBO as a new self-adaptive planning approach may be a particularly promising research trajectory. This paper proposes a multi-agent framework for SAS with SBO to deal with complex changes, reduce maintenance time and cost, and enhance software quality. This framework defines a special software architecture of SAS to choose different planning approaches, uses the SBO to plan solutions for complex changes, and supports the online planning by multi agents. In addition, a corresponding workbench is being established to develop SAS according to this framework.","","978-1-5090-3806-0","10.1109/ICSME.2016.16","","https://ieeexplore.ieee.org/stamp/stamp.jsp?arnumber=7816529","Self-adaptive systems;Search-based software engineering;Multi-agent systems;Self-adaptive planning approaches;Search-based optimization","Synthetic aperture sonar;Planning;Software;Search problems;Software architecture;Context;Optimization","","8","","30","IEEE","16 Jan 2017","","","IEEE","IEEE Conferences"
"Self-Adaptive Weight Embedded Lightweight Network Using Semi-Supervised Learning for Low-Dose CT Image Denoising","J. Wang; H. Fan; Z. Wu; Q. Du; M. Li; J. Zheng; G. S. P. Mok; B. M. W. Tsui","School of Biomedical Engineering (Suzhou), Division of Life Sciences and Medicine, University of Science and Technology of China, Hefei, China; Department of Medical Imaging, Suzhou Institute of Biomedical Engineering and Technology, Chinese Academy of Sciences, Suzhou, China; School of Biomedical Engineering (Suzhou), Division of Life Sciences and Medicine, University of Science and Technology of China, Hefei, China; School of Biomedical Engineering (Suzhou), Division of Life Sciences and Medicine, University of Science and Technology of China, Hefei, China; School of Biomedical Engineering (Suzhou), Division of Life Sciences and Medicine, University of Science and Technology of China, Hefei, China; School of Biomedical Engineering (Suzhou), Division of Life Sciences and Medicine, University of Science and Technology of China, Hefei, China; Biomedical Imaging Laboratory, Department of Electrical and Computer Engineering, Faculty of Science and Technology, University of Macau, Macau, SAR, China; Department of Radiology, School of Medicine, Johns Hopkins University, Baltimore, MD, USA",IEEE Transactions on Radiation and Plasma Medical Sciences,"5 Sep 2025","2025","9","7","890","904","Low-dose computed tomography (LDCT) denoising methods based on supervised learning with labeled simulation data have made significant progress. However, these methods usually struggle to directly process unlabeled LDCT images due to inherent biases. While unsupervised methods have been explored to utilize unlabeled LDCT images, they typically involve complex network structures with limited denoising performance. To address these issues, we propose a self-adaptive weight embedded lightweight semi-supervised network (SWELNet) for unlabeled LDCT image denoising, which integrates supervised and unsupervised learning in a lightweight architecture. Unlike other semi-supervised algorithms that only consider the correlations between labeled simulation data and unlabeled data, the proposed SWELNet not only takes into account correlations but also the differences between data. There are three modules in the proposed network, respectively, for feature extraction, refinement and self-adaptive weight. Specially, the multiscale convolution feature extraction module (MCFEM) and recursive module (RECM) extract and refine common representations from labeled simulation and unlabeled data with the well-designed. After that, the softmax feature fusion module (SFFM) with self-adaptive weighted learning for forming different feature spaces for two types of data. Extensive experiments using one simulation and two unlabeled datasets demonstrate that the proposed SWELNet outperforms several state-of-the-art baseline network methods in terms of robustness and generalization, as well as inference efficiency. The code is available at https://github.com/nightastars/SWELNet-main.git.","2469-7303","","10.1109/TRPMS.2025.3541169","National Key Research and Development Program of China(grant numbers:2022YFC2404103); Suzhou Science and Technology Plan Project(grant numbers:SYG202345); Department of Science and Technology of Shandong Province(grant numbers:SYS202208); Jinan Haiyou Industrial Experts Program(grant numbers:1362022036); ","https://ieeexplore.ieee.org/stamp/stamp.jsp?arnumber=10883048","Deep learning;lightweight;low-dose computed tomography (LDCT) image denoising;self-adaptive weight;semi-supervised learning","Noise reduction;Computed tomography;Semisupervised learning;Training;Imaging;Image denoising;Feature extraction;Unsupervised learning;Correlation;X-ray imaging","","","","59","IEEE","12 Feb 2025","","","IEEE","IEEE Journals"
"A Self-Adaptive Feature Extraction Method for Aerial-View Geo-Localization","J. Lin; Z. Luo; D. Lin; S. Li; Z. Zhong","Department of Artificial Intelligence, Xiamen University, Xiamen, China; Department of Artificial Intelligence, Xiamen University, Xiamen, China; Department of Artificial Intelligence, Xiamen University, Xiamen, China; Department of Artificial Intelligence, Xiamen University, Xiamen, China; School of Computer Science and Information Engineering, Hefei University of Technology, Hefei, China",IEEE Transactions on Image Processing,"18 Dec 2024","2025","34","","126","139","Cross-view geo-localization aims to match the same geographic location from different view images, e.g., drone-view images and geo-referenced satellite-view images. Due to UAV cameras’ different shooting angles and heights, the scale of the same captured target building in the drone-view images varies greatly. Meanwhile, there is a difference in size and floor area for different geographic locations in the real world, such as towers and stadiums, which also leads to scale variants of geographic targets in the images. However, existing methods mainly focus on extracting the fine-grained information of the geographic targets or the contextual information of the surrounding area, which overlook the robust feature for scale changes and the importance of feature alignment. In this study, we argue that the key underpinning of this task is to train a network to mine a discriminative representation against scale variants. To this end, we design an effective and novel end-to-end network called Self-Adaptive Feature Extraction Network (Safe-Net) to extract powerful scale-invariant features in a self-adaptive manner. Safe-Net includes a global representation-guided feature alignment module and a saliency-guided feature partition module. The former applies an affine transformation guided by the global feature for adaptive feature alignment. Without extra region annotations, the latter computes saliency distribution for different regions of the image and adopts the saliency information to guide a self-adaptive feature partition on the feature map to learn a visual representation against scale variants. Experiments on two prevailing large-scale aerial-view geo-localization benchmarks, i.e., University-1652 and SUES-200, show that the proposed method achieves state-of-the-art results. In addition, our proposed Safe-Net has a significant scale adaptive capability and can extract robust feature representations for those query images with small target buildings. The source code of this study is available at: https://github.com/AggMan96/Safe-Net.","1941-0042","","10.1109/TIP.2024.3513157","National Natural Science Foundation of China(grant numbers:62076210,62276221,62376232); Fujian Provincial Natural Science Foundation of China(grant numbers:2022J01002); ","https://ieeexplore.ieee.org/stamp/stamp.jsp?arnumber=10797651","Geo-localization;cross-view;scale-invariant;self-adaptive","Feature extraction;Drones;Transformers;Buildings;Satellites;Data mining;Adaptation models;Visualization;Convolutional neural networks;Computer architecture","","4","","62","IEEE","12 Dec 2024","","","IEEE","IEEE Journals"
"A Self-Adaptive Dual-ILRO Clock-Recovery Technique for Two-Tone Battery-Free Crystal-Free Neural-Recording SoC","Z. Chang; C. Yang; Y. Zhang; Z. Li; H. Gao; Y. Luo; K. Xu; G. Pan; B. Zhao","Institude of VLSI Design, Zhejiang University, Hangzhou, China; Institude of VLSI Design, Zhejiang University, Hangzhou, China; Institude of VLSI Design, Zhejiang University, Hangzhou, China; Institude of VLSI Design, Zhejiang University, Hangzhou, China; Qiushi Academy for Advanced Studies, Zhejiang University, Hangzhou, China; Institude of VLSI Design, Zhejiang University, Hangzhou, China; Qiushi Academy for Advanced Studies, Zhejiang University, Hangzhou, China; College of Computer Science and Technology, Zhejiang University, Hangzhou, China; Institude of VLSI Design, Zhejiang University, Hangzhou, China",IEEE Transactions on Biomedical Circuits and Systems,"26 Jan 2024","2024","18","1","39","50","Wireless implantable devices are widely used in medical treatment, which should meet clinical constraints such as longevity, miniaturization, and reliable communication. Wireless power transfer (WPT) can eliminate the battery to reduce system size and prolong device life, while it's challenging to generate a reliable clock without a crystal. In this work, we propose a self-adaptive dual-injection-locked-ring-oscillator (dual-ILRO) clock-recovery technique based on two-tone WPT and integrate it into a battery-free neural-recording SoC. The 2$\text{nd}$-order inter-modulation (IM2) component of the two WPT tones is extracted as a low-frequency reference for battery-free SoC, and the proposed self-adaptive dual-ILRO technique extends the lock range to ensure an anti-interference PVT-robust clock generation. The neural-recording SoC includes a low-noise signal acquisition unit, a power management unit, and a backscatter circuit to perform neural signal recording, wireless power harvesting, and neural data transmission. Benefiting from the 6.4 $\mu$W low power of the clock recovery circuit, the overall SoC power is cut down to 49.8 $\mu$W. In addition, the proposed clock-recovery technique enables both signal acquisition and uplink communication to perform as well as that synchronized by an ideal clock, i.e., an effective number of 9.6 bits and a bit error rate (BER) less than 4.8 $\times\, 10^{-7}$ in chip measurement. The SoC takes a die area of 2.05 mm$^{2}$, and an animal test is conducted in a Sprague-Dawley rat to validate the wireless neural-recording performance, compared to a crystal-synchronized commercial chip.","1940-9990","","10.1109/TBCAS.2023.3302654","National Key R&D Program of China(grant numbers:2019YFB2204900); National Natural Science Foundation of China(grant numbers:61974130); ","https://ieeexplore.ieee.org/stamp/stamp.jsp?arnumber=10210000","Battery-free;clock recovery;crystal-free;injection locking;self-adaptive;wireless neural recording;wireless power transfer (WPT)","Clocks;Wireless communication;Injection-locked oscillators;Wireless power transfer;System-on-chip","Rats;Animals;Rats, Sprague-Dawley;Wireless Technology;Equipment Design;Prostheses and Implants;Electric Power Supplies","1","","25","IEEE","7 Aug 2023","","","IEEE","IEEE Journals"
"A Pattern-Oriented Design Framework for Self-Adaptive Software Systems","P. Arcaini; R. Mirandola; E. Riccobene; P. Scandurra","National Institute of Informatics, Japan; Politecnico di Milano, Italy; Università degli Studi di Milano, Italy; Università degli Studi di Bergamo, Italy",2019 IEEE International Conference on Software Architecture Companion (ICSA-C),"13 May 2019","2019","","","166","169","Multiple interacting MAPE-K loops, structured according to specific interaction patterns, have been introduced to design the adaptation logic in case of decentralized self-adaptive software systems. Designing such complex systems requires the availability of tools where MAPE patterns can be easily instantiated to provide fast architectural solutions, and the encoding towards specific domains is facilitated by automatic mapping of such pattern instantiations in domain-specific languages; validation and verification must be also supported to assure correct development of reliable systems. In this paper, we present a pattern-oriented framework, based on the MSL (MAPE Specification Language) modeling language, for the design of self-adaptive systems. The framework supports: (i) explicit modeling of the adaptation logic in terms of patterns of interactive MAPE-K loops; (ii) ability to tailor MSL models for a specific application domain and synthesize from them other modeling artifacts/code according to a target implementation context and scope (e.g., OpenHAB); (iii) ability to perform validation and verification of MSL models by means of the ASMETA formal framework.","","978-1-7281-1876-5","10.1109/ICSA-C.2019.00037","","https://ieeexplore.ieee.org/stamp/stamp.jsp?arnumber=8712366","Pattern-oriented design;self-adaptation;MAPE-K loops;MAPE patterns;ASMETA;OpenHAB","Adaptation models;Unified modeling language;Analytical models;Context modeling;Heating systems;Smart homes;Temperature sensors","","4","","10","IEEE","13 May 2019","","","IEEE","IEEE Conferences"
"From Self-Adaptation to Self-Evolution Leveraging the Operational Design Domain","D. Weyns; J. Andersson","Department of Computer Science, KU Leuven, Belgium and Linnaeus University, Sweden; Department of Computer Science and Media Technology, Linnaeus University, Sweden",2023 IEEE/ACM 18th Symposium on Software Engineering for Adaptive and Self-Managing Systems (SEAMS),"11 Jul 2023","2023","","","90","96","Engineering long-running computing systems that achieve their goals under ever-changing conditions pose significant challenges. Self-adaptation has shown to be a viable approach to dealing with changing conditions. Yet, the capabilities of a self-adaptive system are constrained by its operational design domain (ODD), i.e., the conditions for which the system was built (requirements, constraints, and context). Changes, such as adding new goals or dealing with new contexts, require system evolution. While the system evolution process has been automated substantially, it remains human-driven. Given the growing complexity of computing systems, human-driven evolution will eventually become unmanageable. In this paper, we provide a definition for ODD and apply it to a self-adaptive system. Next, we explain why conditions not covered by the ODD require system evolution. Then, we outline a new approach for self-evolution that leverages the concept of ODD, enabling a system to evolve autonomously to deal with conditions not anticipated by its initial ODD. We conclude with open challenges to realise self-evolution.","2157-2321","979-8-3503-1192-1","10.1109/SEAMS59076.2023.00022","","https://ieeexplore.ieee.org/stamp/stamp.jsp?arnumber=10174091","Self-adaptation;operational design domain;system evolution;self-evolution","Automation;Adaptive systems;Autonomous systems;Ecosystems;Computer architecture;Complexity theory;Software engineering","","3","","45","IEEE","11 Jul 2023","","","IEEE","IEEE Conferences"
"Self-Adaptive Layer: An Application of Function Approximation Theory to Enhance Convergence Efficiency in Neural Networks","K. -H. Chan; S. -K. Im; W. Ke","School of Applied Sciences, Macao Polytechnic Institute, Macao, China; Macao Polytechnic Institute, Macao, China; Macao Polytechnic Institute, Macao, China",2020 International Conference on Information Networking (ICOIN),"2 Mar 2020","2020","","","447","452","Neural networks provide a general architecture to model complex nonlinear systems, but the source data are often mixed with a lot of noise and interference information. One way to offer a smoother alternative for addressing this issue in training is to increase the neural or layer size. In this paper, a new self-adaptive layer is developed to overcome the problems of neural networks so as to achieve faster convergence and avoid local minimum. We incorporate function approximation theory into the layer element arrangement, so that the training process and the network approximation properties can be investigated via linear algebra, where the precision of adaptation can be controlled by the order of polynomials being used. Experimental results show that our proposed layer leads to significantly faster performance in convergence. As a result, this new layer greatly enhances the training accuracy. Moreover, the design and implementation can be easily deployed in most current systems.","1976-7684","978-1-7281-4199-2","10.1109/ICOIN48656.2020.9016534","","https://ieeexplore.ieee.org/stamp/stamp.jsp?arnumber=9016534","Function Approximation;Orthogonal Polynomial;Self-Adaptive;Neural Network","Function approximation;Training;Convergence;Biological neural networks;Nonlinear systems;Approximation algorithms","","2","","29","IEEE","2 Mar 2020","","","IEEE","IEEE Conferences"
"Multi-Scale Feedbacks for Large-Scale Coordination in Self-Systems","A. Diaconescu; L. J. Di Felice; P. Mellodge","LTCI, IP, Telecom Paris, Paris; ICTA, Universitat Autonoma de Barcelona; University of Hartford",2019 IEEE 13th International Conference on Self-Adaptive and Self-Organizing Systems (SASO),"1 Aug 2019","2019","","","137","142","Multi-scale structures, or hierarchies, are prevalent in large-scale dynamic systems, from inert matter to living and artificial systems, and systems-of-systems. Yet, a general theory helping to understand and develop multi-scale systems is still missing. This paper identifies common design aspects and variants, and synthesises them via a novel design pattern - Multi-Scale Feedbacks - to help adaptive coordination in large-scale systems. It also suggests relations between design choices and qualitative properties. The proposed pattern was distilled from a cross-domain study, including particle physics, molecular biology, neuroscience, insect and human organisations, ecosystems, autonomous control and systems-of-systems.","1949-3681","978-1-7281-2731-6","10.1109/SASO.2019.00025","","https://ieeexplore.ieee.org/stamp/stamp.jsp?arnumber=8780529","multi-scale feedbacks;hierarchy;adaptive control;large-scale coordination;design pattenr;robustness","Robustness;Neurons;Scalability;Encapsulation;Computer architecture;Sensitivity;Observers","","15","","58","IEEE","1 Aug 2019","","","IEEE","IEEE Conferences"
"Towards Systematic Maintenance of Assurance for Evolving Self-Adaptive Systems","L. Murphy; M. Carwehl; J. Päßler; M. Chechik","University of Toronto, Canada; Universität zu Berlin, Germany; University of Oslo, Norway; University of Toronto, Canada",2025 IEEE Engineering Reliable Autonomous Systems (ERAS),"27 Aug 2025","2025","","","1","8","Despite many advances in self-adaptive systems (SAS) research, the community has only recently begun exploring the evolution of SASs. We consider an evolution to be a necessary change of the SAS outside of its self-adaptation capabilities, e.g., to respond to unforeseen changes. In this work, we study the assurance of evolving SASs. Dynamic assurance cases (ACs) have been proposed as a means to certify a system’s safety and reliability under uncertainty. However, when the SAS evolves, developers require guidance about which parts of a dynamic AC can be repurposed and which costs may be introduced in re-assuring the evolved SAS. Towards this goal, we propose ReASSURE, a framework which provides a structured approach for reusing assurance evidence for evolving SASs. Building on existing techniques for dynamic AC development, compositional assurance, and product line engineering, ReASSURE aims to maximize reuse, minimize the cost, and quantify the effort of assuring evolving SASs.","","979-8-3315-1320-7","10.1109/ERAS63351.2025.11135664","","https://ieeexplore.ieee.org/stamp/stamp.jsp?arnumber=11135664","Self-Adaptive Systems;Product Lines;Assurance Cases;System Evolution","Adaptation models;Costs;Uncertainty;Systematics;Reliability engineering;Safety;Regression analysis;Maintenance;Stakeholders;Synthetic aperture sonar","","","","37","IEEE","27 Aug 2025","","","IEEE","IEEE Conferences"
"Engineering Self-Adaptive Systems with the Role-Based Architecture of Helena","A. Klarl","Ludwig-Maximilians-Universität, München, Germany",2015 IEEE 24th International Conference on Enabling Technologies: Infrastructure for Collaborative Enterprises,"13 Aug 2015","2015","","","3","8","When engineering self-adaptive systems, separating adaptation and application logic was proven beneficial to avoid interdependencies between adaptation strategy and standard behaviour. Several engineering methods support this separation in different phases of the classical development process, but none addresses it consistently in all of them. We propose a holistic model-driven engineering process with systematic transitions between all phases to develop self-adaptive systems. Adaptation is achieved by changing the behavioral mode of a component in response to perceptions. We realize behavioral modes by roles which a component can dynamically adopt. For specification, we propose adaptation automata which allow to specify complex adaptation behaviour by hierarchical structure and history of states. Furthermore, we propose the HELENA Adaptation Manager pattern to derive a role-based model from a specification. Due to its formal foundation, the model can be analyzed with Spin and executed with the Java framework jHelena.","1524-4547","978-1-4673-7692-1","10.1109/WETICE.2015.32","","https://ieeexplore.ieee.org/stamp/stamp.jsp?arnumber=7194319","self-adaptation;engineering;ensemble-based systems;roles;autonomic manager","Automata;Adaptation models;Robot sensing systems;Switches;History;Batteries","","12","","29","IEEE","13 Aug 2015","","","IEEE","IEEE Conferences"
"Self-Adaptive Service Deployment for Resilience of Smart Manufacturing Architectures","H. M. Van; A. S. da Silva; T. Knissel; G. Weiss","Fraunhofer IKS, Fraunhofer Institute for Cognitive Systems IKS, Munich, Germany; Fraunhofer IKS, Fraunhofer Institute for Cognitive Systems IKS, Munich, Germany; Fraunhofer IKS, Fraunhofer Institute for Cognitive Systems IKS, Munich, Germany; Fraunhofer IKS, Fraunhofer Institute for Cognitive Systems IKS, Munich, Germany",2023 IEEE International Conference on Autonomic Computing and Self-Organizing Systems Companion (ACSOS-C),"11 Dec 2023","2023","","","146","151","Recent advances in the manufacturing sector - including edge-to-cloud continuum, machine learning, and digitalization - can enable smart manufacturing solutions, such as control optimization and predictive maintenance. One challenge in new system architectures is the efficient resource management under changing conditions while meeting process requirements, such as latency, when deploying software services. To address this, we propose an approach for self-adaptive service deployment that increases the resilience of smart manufacturing systems. We combine self-adaptation principles with run-time models - that describe the system in the form of the standardized Asset Administration Shell - to enable flexible software architectures for manufacturing. The proposed solution comprises the continuous adaptation of the service deployment in response to system changes, such as resource exhaustion or failure, to ensure an optimized operation. An evaluation of an example manufacturing use case shows that the proposed solution leads to lower execution latency and continuation of production in situations with low resources, e.g., through failures, compared to less flexible deployment approaches.","","979-8-3503-3746-4","10.1109/ACSOS-C58168.2023.00055","","https://ieeexplore.ieee.org/stamp/stamp.jsp?arnumber=10336229","Industrial Automation;Smart Manufacturing Architectures;Edge-to-Cloud Continuum;Self-Adaptation;Self-Description;MAPE-K;Asset Administration Shell","Production systems;Software architecture;Systems architecture;Computer architecture;Telecommunication traffic;Software;Resource management","","","","22","IEEE","11 Dec 2023","","","IEEE","IEEE Conferences"
"Synergizing Domain Expertise With Self-Awareness in Software Systems: A Patternized Architecture Guideline","T. Chen; R. Bahsoon; X. Yao","Department of Computer Science, Loughborough University, Loughborough, U.K.; School of Computer Science, University of Birmingham, Birmingham, U.K.; Department of Computer Science and Engineering, Guangdong Provincial Key Laboratory of Brain-Inspired Intelligent Computation, Southern University of Science and Technology, Shenzhen, China",Proceedings of the IEEE,"18 Jun 2020","2020","108","7","1094","1126","To promote engineering self-aware and self-adaptive software systems in a reusable manner, architectural patterns and the related methodology provide an unified solution to handle the recurring problems in the engineering process. However, in existing patterns and methods, domain knowledge and engineers’ expertise that is built over time are not explicitly linked to the self-aware processes. This link is important, as knowledge is a valuable asset for the related problems and its absence would cause unnecessary overhead, possibly misleading results, and unwise waste of the tremendous benefits that could have been brought by the domain expertise. This article highlights the importance of synergizing domain expertise and the self-awareness to enable better self-adaptation in software systems, relying on well-defined expertise representation, algorithms, and techniques. In particular, we present a holistic framework of notions, enriched patterns and methodology, dubbed DBASES, that offers a principled guideline for the engineers to perform difficulty and benefit analysis on possible synergies, in an attempt to keep “engineers-in-the-loop.” Through three tutorial case studies, we demonstrate how DBASES can be applied in different domains, within which a carefully selected set of candidates with different synergies can be used for quantitative investigation, providing more informed decisions of the design choices.","1558-2256","","10.1109/JPROC.2020.2985293","Guangdong Provincial Key Laboratory of Brain-Inspired Intelligent Computation; Program for Guangdong Introducing Innovative and Enterpreneurial Teams(grant numbers:2017ZT07 × 386); Shenzhen Science and Technology Program(grant numbers:KQTD2016112514355531); Program for University Key Laboratory of Guangdong Province(grant numbers:2017KSYS008); ","https://ieeexplore.ieee.org/stamp/stamp.jsp?arnumber=9089006","Architectural patterns;human-in-the-loop;self-adaptive software systems;self-aware software systems","Software systems;Software algorithms;Self-aware;Guidelines;Knowledge engineering","","14","","91","CCBY","7 May 2020","","","IEEE","IEEE Journals"
"An Organizational Structure and Self-Adaptive Mechanism for Holonic Multi-Agent Systems","M. Wang; Q. Li; Y. Lin","School of Computer Science and Technology, Xidian University, Xi’an, China; School of Computer Science and Technology, Xidian University, Xi’an, China; School of Computer Science and Technology, Xidian University, Xi’an, China",IEEE Access,"14 Aug 2020","2020","8","","145128","145148","A holonic multi-agent system combines the concept of a holon with a multi-agent system; this combination has been proven to be an effective way to build a complex system. Great progress has been made in this area, but previous studies are fragmented and lack of a task-based perspective to model different systems in the real world. Therefore, this article proposes a formalistic model for HMAS from a task-based perspective. Not only the static organizational structure is designed, but also the dynamic running mechanism, including the self-adaptive mechanism and the task assignment mechanism based on the proposed holonic structure, are also discussed. Finally, a case study is provided to verify the self-adaptive mechanism. The experimental results show that our proposed DHMAS has the ability to adapt to the changing environment, and performs better in terms of the success rate and the response time when the system is heavily loaded.","2169-3536","","10.1109/ACCESS.2020.3014694","National Natural Science Foundation of China(grant numbers:61972300,61902288,61672401,61373045); Pre-Research Project of the Thirteenth Five-Year-Plan of China(grant numbers:315***10101,315**0102); ","https://ieeexplore.ieee.org/stamp/stamp.jsp?arnumber=9160943","Holonic multi-agent system;multi-agent system;organizational structure;self-adaptive mechanism;task-based perspective","Task analysis;Multi-agent systems;Software systems;Complex systems;Organizations;Computer architecture;Adaptation models","","3","","35","CCBY","6 Aug 2020","","","IEEE","IEEE Journals"
"A model driven agent-oriented self-adaptive software development method","Yiwei Lei; Kerong Ben; Zhiyong He","Department of Computer Engineering, Naval University of Engineering, Wuhan, Hubei; Department of Computer Engineering, Naval University of Engineering, Wuhan, Hubei; Department of Computer Engineering, Naval University of Engineering, Wuhan, Hubei",2015 12th International Conference on Fuzzy Systems and Knowledge Discovery (FSKD),"14 Jan 2016","2015","","","2242","2246","Software running in dynamic open environments needs to be able to autonomously adapt to changing contexts, which challenges traditional software development methods. Based on the existing work, we present a model-driven agent-oriented adaptive software development method. During the requirement analysis phase, we extend the Tropos goal model with external context conditions and internal event conditions, which can be utilized to specify adaptive software variations. In the design phase, we present an architecture design method based on model transformations, and provide a solution to map the requirement model to the design model. During the implementation phase, we design an integrated development environment which combines the Jadex platform and the JADE middleware, and propose a detailed implementation process based on the integrated environment.","","978-1-4673-7682-2","10.1109/FSKD.2015.7382301","","https://ieeexplore.ieee.org/stamp/stamp.jsp?arnumber=7382301","model-driven development;self-adaptive software;BDI agent;model transformation","Adaptation models;Fires;Software;Context;Unified modeling language;Object oriented modeling;Context modeling","","2","","13","IEEE","14 Jan 2016","","","IEEE","IEEE Conferences"
"Towards Autoscaling with Guarantees on Kubernetes Clusters","S. Burroughs; H. Dickel; M. van Zijl; V. Podolskiy; M. Gerndt; R. Malik; P. Patros","Department of Software Engineering, ORKA Cloud and Adaptive Systems Lab, University of Waikato, New Zealand; Chair of Computer Architecture and Parallel Systems, Technical University of Munich, Germany; Department of Software Engineering, ORKA Cloud and Adaptive Systems Lab, University of Waikato, New Zealand; Chair of Computer Architecture and Parallel Systems, Technical University of Munich, Germany; Chair of Computer Architecture and Parallel Systems, Technical University of Munich, Germany; Department of Software Engineering, ORKA Cloud and Adaptive Systems Lab, University of Waikato, New Zealand; Department of Software Engineering, ORKA Cloud and Adaptive Systems Lab, University of Waikato, New Zealand",2021 IEEE International Conference on Autonomic Computing and Self-Organizing Systems Companion (ACSOS-C),"18 Nov 2021","2021","","","295","296","Autoscaling is used by cloud providers, microser-vices, and edge computing applications to respond to dynamic load fluctuations. A critical direction of research has focused on providing guarantees under uncertainty that the auto scaling system will work as intended-both at design-time and more importantly, at runtime. In this work, we evaluate the efficacy of three complementary methods: A) deterministic finite automata, B) probabilistic process algebra and C) Proportional-Integral-Derivative (PID) control. We experimentally evaluate their efficacy in modelling and verify autoscaling on clusters managed by Kubernetes. Our results suggest that deterministic modelling can provide theoretically optimal guarantees for small deployments; probabilistic algebras are able to capture stochastic behaviours, but benefit from deterministic templates; and control theory benefits by providing a black-box approach for modelling, verification and control.","","978-1-6654-4393-7","10.1109/ACSOS-C52956.2021.00073","","https://ieeexplore.ieee.org/stamp/stamp.jsp?arnumber=9599238","Self-Adaptive Systems;Kubernetes;Autoscaling;Cloud Computing;Resource Management","Runtime;Fluctuations;Uncertainty;Algebra;Automata;Predictive models;Probabilistic logic","","4","","11","IEEE","18 Nov 2021","","","IEEE","IEEE Conferences"
"A Time-constrained Verifiable Architecture-based Self-adaptive Software Programming Framework","A. Naito; H. Nakagawa; T. Tsuchiya","Osaka University, Osaka, Japan; Osaka University, Osaka, Japan; Osaka University, Osaka, Japan","2025 IEEE 49th Annual Computers, Software, and Applications Conference (COMPSAC)","26 Aug 2025","2025","","","2154","2163","In architecture-based self-adaptation, the managed system is represented as a collection of components that adapt to environmental changes by reconfiguring their composition. When time constraints are involved, process flow diagrams are typically used for verification. However, the ambiguity between flow diagrams and component diagrams often causes confusion, complicating system design. This paper establishes a clear relationship between components and process flows, proposing a framework that facilitates component-oriented system development. Furthermore, it introduces an implementation API for self-adaptive systems with time-constraint verification capabilities and outlines a design procedure for developing such systems. To validate the proposed framework, we implemented and verified the operation of a transportation system, demonstrating its feasibility. Notably, the framework’s system structure ensures that even when a component is involved in multiple functions, the system configuration search can be completed within a fixed amount of time, regardless of the number of functions.","2836-3795","979-8-3315-7434-5","10.1109/COMPSAC65507.2025.00303","","https://ieeexplore.ieee.org/stamp/stamp.jsp?arnumber=11126705","self-adaptive systems;time constraints;framework","Adaptive systems;Transportation;Programming;Software;Time factors;Indexes","","","","21","IEEE","26 Aug 2025","","","IEEE","IEEE Conferences"
"On Architectural Diversity of Dynamic Adaptive Systems","H. Song; A. Elgammal; V. Nallur; F. Chauvel; F. Fleurey; S. Clarke","SINTEF ICT, Oslo, Norway; Trinity College, Distributed Systems Group, Dublin, Ireland; Trinity College, Distributed Systems Group, Dublin, Ireland; SINTEF ICT, Oslo, Norway; SINTEF ICT, Oslo, Norway; Trinity College, Distributed Systems Group, Dublin, Ireland",2015 IEEE/ACM 37th IEEE International Conference on Software Engineering,"17 Aug 2015","2015","2","","595","598","We introduce a novel concept of ``architecture diversity'' for adaptive systems and posit that increased diversity has an inverse correlation with adaptation costs. We propose an index to quantify diversity and a static method to estimate the adaptation cost, and conduct an initial experiment on an exemplar cloud-based system which reveals the posited correlation.","1558-1225","978-1-4799-1934-5","10.1109/ICSE.2015.201","","https://ieeexplore.ieee.org/stamp/stamp.jsp?arnumber=7203021","software architecture;software diversity;self-adaptive systems;constraint solving","Computer architecture;Diversity reception;Context;Indexes;Routing;Software;Adaptive systems","","5","","8","IEEE","17 Aug 2015","","","IEEE","IEEE Conferences"
"ADAPT: An agent-based development toolkit and operation platform for self-adaptive systems","Y. Li; Q. Li; L. Wang; W. Cheng; T. Wu","Software Engineering Institute, Xidian University, Xi'an, P. R. China; Software Engineering Institute, Xidian University, Xi'an, P. R. China; Software Engineering Institute, Xidian University, Xi'an, P. R. China; Software Engineering Institute, Xidian University, Xi'an, P. R. China; Software Engineering Institute, Xidian University, Xi'an, P. R. China",2017 IEEE Conference on Open Systems (ICOS),"5 Feb 2018","2017","","","53","58","Self-adaptive software (SAS) needs to handle complex software changes at runtime which are multiple, interrelated and unpredictable. However, existing specialized toolkits or platforms for SAS cannot fully assist the software in handling the changes with all the characteristics mentioned above at the same time. Therefore, based on the theories on MultiAgent Systems (MASs) and Search-based Software Engineering (SBSE), this paper proposes a reference architecture of SAS to handle the changes, and provides an Agent-based. Development toolkit and operAtion PlaTform for self-adaptive systems, called ADAPT, to support the development and operation of SAS according to the reference architecture. ADAPT can effectively handle complex changes with Agent technology and search-based planning method. It can also achieve automation in a way to reduce the burden of developers. Moreover, it provides adaptive abilities to SAS from the design time to runtime, reflecting the used methods in the whole process of software engineering.","2473-3660","978-1-5386-0731-2","10.1109/ICOS.2017.8280274","","https://ieeexplore.ieee.org/stamp/stamp.jsp?arnumber=8280274","Self-adaptive systems;Multi-agent systems;development toolkit;operation platform","Conferences;Open systems;Erbium","","3","","16","IEEE","5 Feb 2018","","","IEEE","IEEE Conferences"
"Towards a Hybrid Architecture for Self-Adaptive and Self-Organizing Systems","P. Schweizer; J. Lange; E. Henrichs; S. Tomforde; C. Krupitzer","Department of Food Informatics & Computational Science Hub, University of Hohenheim; Intelligent Systems Group, Kiel University; Department of Food Informatics & Computational Science Hub, University of Hohenheim; Intelligent Systems Group, Kiel University; Department of Food Informatics & Computational Science Hub, University of Hohenheim",2024 IEEE International Conference on Autonomic Computing and Self-Organizing Systems Companion (ACSOS-C),"2 Dec 2024","2024","","","41","46","In multi-agent systems, control can either be initiated from a central coordination unit, or each agent decides on its own about its next adaptation step to adjust to changes in the dynamic environment. To counteract a single point of failure as well as egoistic adaptation decisions, we propose the establishment of a hybrid architecture. Starting from static, fully centralized coordination and static, fully decentralized decision-making, the systems become adaptive through optimization techniques and reinforcement learning, respectively, before being merged into the hybrid system. To evaluate and compare the systems' performance, the coordination of platooning, where vehicles drive with a low inter-vehicle distance to reduce drag and improve traffic flow, serves as a running example.","","979-8-3503-8976-0","10.1109/ACSOS-C63493.2024.00028","Deutsche Forschungsgemeinschaft(grant numbers:516601628); ","https://ieeexplore.ieee.org/stamp/stamp.jsp?arnumber=10766116","Platooning Coordination;SASO;Hybrid Architecture","System performance;Decision making;Computer architecture;Reinforcement learning;Drives;Control systems;Vehicle dynamics;Distributed computing;Optimization;Multi-agent systems","","","","23","IEEE","2 Dec 2024","","","IEEE","IEEE Conferences"
"Challenges with Providing Reliability Assurance for Self-Adaptive Cyber-Physical Systems","S. Riaz; S. Kabir; F. Campean; G. Mokryani; C. Dao; J. A. Marquez; M. Ahmad A. Al-Ja’Afreh","Faculty of Engineering and Informatics, University of Bradford, UK; Faculty of Engineering and Informatics, University of Bradford, UK; Faculty of Engineering and Informatics, University of Bradford, UK; Faculty of Engineering and Informatics, University of Bradford, UK; Faculty of Engineering and Informatics, University of Bradford, UK; Faculty of Engineering and Informatics, University of Bradford, UK; Faculty of Engineering and Informatics, University of Bradford, UK",2022 6th International Conference on System Reliability and Safety (ICSRS),"21 Mar 2023","2022","","","394","399","Self-adaptive systems are evolving systems that can adjust their behaviour to accommodate dynamic requirements or to better serve the goal. These systems can vary in their architecture, operation, or adaptive strategies based on the application. Moreover, the evaluation can happen in different ways depending on system architecture and its requirements. Self-adaptive systems can be prone to situations like adaptation faults, inconsistencies in context or low performance on tasks due to their dynamism and complexity. That is why it is important to have reliability assurance of the system to monitor such situations which can compromise the system functionality. In this paper, we provide a brief background on different types of self-adaptive systems and various ways a system can evolve. We discuss the different mechanisms that have been applied in the last two decades for reliability evaluation of such systems and identify challenges and limitations as research opportunities related to the self-adaptive system’s reliability evaluation.","","978-1-6654-7092-6","10.1109/ICSRS56243.2022.10067782","","https://ieeexplore.ieee.org/stamp/stamp.jsp?arnumber=10067782","reliability;self-adaptive systems;reconfigurable systems;fault tolerance","Uncertainty;Automation;Adaptive systems;Systems architecture;Cyber-physical systems;Reliability engineering;Complexity theory","","2","","47","IEEE","21 Mar 2023","","","IEEE","IEEE Conferences"
"Smart and Adaptive Routing Architecture: An Internet-of-Things Traffic Manager Based on Artificial Neural Networks","A. Amiri; U. Zdun","University of Vienna, Software Architecture Group, University of Vienna, Doctoral School Computer Science, Vienna, Austria; University of Vienna Software Architecture Group, Vienna, Austria",2023 IEEE International Conference on Software Services Engineering (SSE),"4 Sep 2023","2023","","","1","11","Many studies have been performed on integrating the Internet of Things (IoT) with cloud services. As these systems become widely used, quality metrics are of concern. For example, users might specify access control to restrict their sensitive data being processed in the cloud. Routers, e.g., API gateways, message brokers, or sidecars, can provide this access control by blocking or routing device data to a specific cloud service. However, a static routing application might not suit the dynamic behavior of IoT applications well. For example, in a centralized schema, where all device data is routed to a component for control checking, performance can be an issue. On the other hand, distributed routing can harm the reliability of a system, as device data might be lost due to an unresponsive service. We present the Smart and Adaptive Routing (SAR) architecture that creates an optimal reconfiguration solution using a deep neural network based on the quality metrics of an IoT application. To design our architecture, we give a background of the published studies and a review of the gray literature, e.g., practitioner blogs, to categorize the knowledge in the domain of IoT-cloud traffic management. We systematically evaluate our approach in an extensive evaluation of 4500 cases and compare SAR with an empirical data set of 1200 hours. The results show that our approach significantly improves quality-of-service measures by adapting the IoT-cloud system at runtime.","","979-8-3503-4075-4","10.1109/SSE60056.2023.00032","","https://ieeexplore.ieee.org/stamp/stamp.jsp?arnumber=10234346","Self-Adaptive Systems;Dynamic Routing Architectures;Internet of Things;Reliability and Performance Trade-Offs;IoT-Cloud Traffic Management;Artificial Neural Networks","Access control;Cloud computing;Adaptive systems;Runtime;Computer architecture;Artificial neural networks;Routing","","1","","41","IEEE","4 Sep 2023","","","IEEE","IEEE Conferences"
"Self-adaptive Testing in the Field: Are We There Yet?","S. Silva; A. Bertolino; P. Pelliccione","Gran Sasso Science Institute (GSSI), L’Aquila, Italy; ISTI-CNR, Pisa, Italy; Gran Sasso Science Institute (GSSI), L’Aquila, Italy",2022 International Symposium on Software Engineering for Adaptive and Self-Managing Systems (SEAMS),"23 Jun 2022","2022","","","58","69","Testing in the field is gaining momentum, as a means to detect those failures that escape in-house testing by continuing the testing even while a system is operating in production. Among several approaches that are proposed, this paper focuses on the important notion of self-adaptivity of testing in the field, as such techniques need to adapt in many ways their strategy to the context and the emerging behaviors of the system under test. In this work, we investigate the topic by conducting a scoping review of the literature on self-adaptive testing in the field. We rely on a taxonomy organized in some categories that include the object to adapt, the adaptation trigger, the temporal characteristics, the realization issues, the interaction concerns, the type of field-based approach, and the impact/cost. Our study sheds light on self-adaptive testing in the field by identifying related key concepts and key characteristics and extracting some knowledge gaps to better guide future research.","2157-2321","978-1-4503-9305-8","10.1145/3524844.3528050","","https://ieeexplore.ieee.org/stamp/stamp.jsp?arnumber=9799850","Software testing in the field;Self-adaptive testing;Knowledge gaps","Software testing;Adaptive systems;Autonomous systems;Taxonomy;Production;Behavioral sciences;Testing","","3","","46","","23 Jun 2022","","","IEEE","IEEE Conferences"
"Software Architecture for ML-based Systems: What Exists and What Lies Ahead","H. Muccini; K. Vaidhyanathan","University of L’Aquila, L’Aquila, Italy; Gran Sasso Science Institute & University of L’Aquila, L’Aquila, Italy",2021 IEEE/ACM 1st Workshop on AI Engineering - Software Engineering for AI (WAIN),"8 Jul 2021","2021","","","121","128","The increasing usage of machine learning (ML) coupled with the software architectural challenges of the modern era has resulted in two broad research areas: i) software architecture for ML-based systems, which focuses on developing architectural techniques for better developing ML-based software systems, and ii) ML for software architectures, which focuses on developing ML techniques to better architect traditional software systems. In this work, we focus on the former side of the spectrum with a goal to highlight the different architecting practices that exist in the current scenario for architecting ML-based software systems. We identify four key areas of software architecture that need the attention of both the ML and software practitioners to better define a standard set of practices for architecting ML-based software systems. We base these areas in light of our experience in architecting an ML-based software system for solving queuing challenges in one of the largest museums in Italy.","","978-1-6654-4470-5","10.1109/WAIN52551.2021.00026","","https://ieeexplore.ieee.org/stamp/stamp.jsp?arnumber=9474391","Software Architecture;Machine Learning;Artificial Intelligence;Architecture Framework;Architecting Process;Self-adaptive Architecting;Architecture Evolution","Software architecture;Conferences;Machine learning;Computer architecture;Propulsion;Software systems;Market research","","46","","38","IEEE","8 Jul 2021","","","IEEE","IEEE Conferences"
"Cost optimization component selection approach for component based self-adaptive software architecture using component repository","Y. M. Roopa; A. R. Reddy","Dept. of CSE, JNTU Anantapuramu, Anantapuramu, A.P, INDIA; Dept. of CSE, SV University, Tirupati, A.P, INDIA",2016 International Conference on Communication and Electronics Systems (ICCES),"30 Mar 2017","2016","","","1","6","Now a days Ubiquitous computing plays major role in the adaptable software development. The ubiquitous computing works on the principle of context awareness. Context awareness is the methodology which recognizes and monitors the environment and adapt to the environment where they have been introduced. The self-adaptive software architecture is developed based on component based software engineering, which concentrates on the reusability of the software components to achieve better productivity. The proposed architecture uses component repository to adapt the changes to the architecture. The component repository is introduced where it contains the predefined and reusable components and their services for adaptation. The optimized algorithm applied for the component selection in the component repository. The GRASP algorithm is used to optimize the system architecture. The experimental results are validated based on real time environments and compare the results with other existing methods. The proposed models show the superiority in terms of performance.","","978-1-5090-1066-0","10.1109/CESYS.2016.7889859","","https://ieeexplore.ieee.org/stamp/stamp.jsp?arnumber=7889859","component;self-adaptive software;software architecture;optimization approach;GRASP. Introduction","Context;Monitoring;Computer architecture;Software;Servers;Adaptation models","","","","26","IEEE","30 Mar 2017","","","IEEE","IEEE Conferences"
"Automated Planning for Self-Adaptive Systems","R. Gil","INESC-ID, Universidade de Lisboa richard",2015 IEEE/ACM 37th IEEE International Conference on Software Engineering,"17 Aug 2015","2015","2","","839","842","Self-adaptation has been proposed as a viable solution to alleviate the management burden that is induced by the dynamic nature and increasing complexity of computer systems. In this context, architectural-based self-adaptation has emerged as one of the most promising approaches to automatically manage such systems, resorting to a control loop that includes monitoring, analyzing, planning, and executing adequate actions. This work addresses the challenges of adaptation planning -the decision-making process for selecting an appropriate course of action- with a focus on the problem of provisioning automated mechanisms for assembling adaptation plans, as a means to enhance adaptive capabilities under uncertainty. To this purpose, adaptations are modeled in a hierarchical manner, defining primitive actions, guarded actions, and deliberate plans, which may guide the system towards a desired state.","1558-1225","978-1-4799-1934-5","10.1109/ICSE.2015.273","","https://ieeexplore.ieee.org/stamp/stamp.jsp?arnumber=7203094","automated planning;PDDL;self-adaptive;self-management;planning","Planning;Adaptation models;Measurement;Uncertainty;Software;Adaptive systems;Medical services","","1","","26","IEEE","17 Aug 2015","","","IEEE","IEEE Conferences"
"Design of HPLS Laser System Self Alignment Beam Pointing Integrated Solution","A. COSTEA; P. Şchiopu; A. Farcaş","Faculty of Electronics, Telecommunications and Information Technology, University Politehnica of Bucharest, Bucharest, Romania; Faculty of Electronics, Telecommunications and Information Technology, University Politehnica of Bucharest, Bucharest, Romania; “Petru Poni” Institute of Macromolecular Chemistry, Iaşi, Romania","2021 13th International Conference on Electronics, Computers and Artificial Intelligence (ECAI)","23 Aug 2021","2021","","","1","6","Research activity is packed with a lot of different systems, having different degrees of complexity, interrelated, that have to multitask on multiple leveles, exchange data, collaborate, to achieve the best results in the shortest / optimal time. In order to have a successfully implemented research activity, a system have to be: reliably engineered - that is to function failure free for a given time interval, stable - for a controled interval of values given at input a stable system produces a controled interval of values at output, and not in the end, a quality implementation of the solution [1]. The ultimate goal is to significantly increase the performance, amongst other things by having errors, human and otherwise, less and less present, through the proposed system we constructed where the HPLS will achieve the status of being ”AI and robotically managed”. We integrate, modify, adapt, customize various equipment and make them work best together within our designed architecture - nothing more, nothing less, nothing else. A series of important activities are and can be very time consuming - need to speed up - automate! To release resources towards imagination, creativity, ideas, solutions [1].","","978-1-6654-2534-6","10.1109/ECAI52376.2021.9515108","","https://ieeexplore.ieee.org/stamp/stamp.jsp?arnumber=9515108","active self alignment;HPLS;beam pointing;piezo controlled actuation;cyber physical systems;self adaptive system","Computers;Laser theory;Adaptive systems;Computer architecture;Control systems;Reliability engineering;Complexity theory","","","","14","IEEE","23 Aug 2021","","","IEEE","IEEE Conferences"
"Assessing Self-Adaptation Strategies Using Cost-Benefit Analysis","I. Gerostathopoulos; C. Raibulet; E. Alberts","Department of Computer Science, Vrije Universiteit Amsterdam, Amsterdam, the Netherlands; Department of Computer Science, Vrije Universiteit Amsterdam, Amsterdam, the Netherlands; Universiteit van Amsterdam, Amsterdam, the Netherlands",2022 IEEE 19th International Conference on Software Architecture Companion (ICSA-C),"25 May 2022","2022","","","92","95","Self-adaptive software systems stand out from traditional ones in that they are able to autonomously change their behavior and structure during their execution using one or more self-adaptation strategies. The main objective of such a strategy is to maintain or even improve the functionalities/qualities of the system despite uncertainty in its operational environment. To date, a number of self-adaptation strategies have been proposed – following the architectural, control-theoretic, or online search paradigm – for several application domains. However, it is still unclear when a particular self-adaptation strategy needs to be developed and when it needs to be used at runtime (when a system can choose among several available strategies). In this paper, we aim to answer the above questions by relying on the assessment of a strategy’s costs (e.g., development effort, performance decrease) and benefits (e.g., re-usability, performance improvement) at design time and runtime. The main novelty is that we provide a holistic view over the return on investment of a strategy and propose that the system itself uses cost-benefit analysis to decide on which strategy to apply at runtime.","2768-4288","978-1-6654-9493-9","10.1109/ICSA-C54293.2022.00023","","https://ieeexplore.ieee.org/stamp/stamp.jsp?arnumber=9779812","Self-adaptive systems;self-adaptation strategies;costs;benefits;cost-benefit analysis;return on investment","Runtime;Uncertainty;Software architecture;Conferences;Software systems;Control theory;Behavioral sciences","","14","","16","IEEE","25 May 2022","","","IEEE","IEEE Conferences"
"Towards a Taxonomy for the Evaluation of Self-* Software","C. Raibulet","DISCo-Dipartimento di Informatica, Universitá degli Studi di Milano-Bicocca, Milan, Italy",2018 IEEE 3rd International Workshops on Foundations and Applications of Self* Systems (FAS*W),"3 Jan 2019","2018","","","22","23","Self-* properties characterize dynamic software able to perform changes on itself by itself during its execution. The objectives of these changes are to maintain the functionality for which the software has been implemented and its related quality, and/or to improve the performances of the software whenever this is possible. Changes aim to address a wide range of issues, e.g., from resource variability (e.g., due to mobility) and changing users' needs to security threats and faults. One of the main advantages of self-* software is that the complexity of changes is managed dynamically by the software and hidden from the users. Today, more and more software solutions are characterized by self-* properties. The objective of this paper is to investigate which are the evaluation approaches of self-* software and how self-* properties may be evaluated. Further, a taxonomy for the evaluation of self-* software is proposed.","","978-1-5386-5175-9","10.1109/FAS-W.2018.00020","","https://ieeexplore.ieee.org/stamp/stamp.jsp?arnumber=8599527","self-*;evaluation;metric;quality attribute","Software;Taxonomy;Software metrics;Adaptive systems;Software architecture","","5","","15","IEEE","3 Jan 2019","","","IEEE","IEEE Conferences"
"Runtime Evolution of the Adaptation Logic in Self-Adaptive Systems","F. M. Roth; C. Krupitzer; C. Becker","University of Mannheim, Schloss, Mannheim, Germany; University of Mannheim, Schloss, Mannheim, Germany; University of Mannheim, Schloss, Mannheim, Germany",2015 IEEE International Conference on Autonomic Computing,"17 Sep 2015","2015","","","141","142","Self-adaptive systems, which are highly related to Autonomic Computing, are a response to the increasing complexity and size of information systems. They are able to adapt their behavior to changes in the environment or system resources. A self-adaptive system consists of managed resources that realize functionality and an adaptation logic that controls the adaptations. So far, many research has been performed on adapting the managed resources. However, only few works cover adapting the adaptation logic, which might be necessary in several cases, e.g., When the architecture of the managed resources changes. This work adresses why adaptation of the adaptation logic might be beneficial, how it can be achieved, and what challenges arise.","","978-1-4673-6971-8","10.1109/ICAC.2015.20","","https://ieeexplore.ieee.org/stamp/stamp.jsp?arnumber=7266948","Self-adaptive system;adaptation logic;runtime evolution","Adaptation models;Runtime;Computer architecture;Synthetic aperture sonar;Monitoring;Computational modeling;Software","","6","","17","IEEE","17 Sep 2015","","","IEEE","IEEE Conferences"
"ReProbe: An Architecture for Reconfigurable and Adaptive Probes","F. Alessi; A. Tundo; M. Mobilio; O. Riganelli; L. Mariani","University of Milano-Bicocca, Milan, Italy; Vienna University of Technology, Vienna, Austria; University of Milano-Bicocca, Milan, Italy; University of Milano-Bicocca, Milan, Italy; University of Milano-Bicocca, Milan, Italy",2024 IEEE 21st International Conference on Software Architecture Companion (ICSA-C),"21 Aug 2024","2024","","","175","178","Modern distributed systems are highly dynamic and scalable, requiring monitoring solutions that can adapt to rapid changes. Monitoring systems that rely on external probes can only achieve adaptation through expensive operations such as deployment, undeployment, and reconfiguration. This poster paper introduces ReProbes, a class of adaptive monitoring probes that can handle rapid changes in data collection strategies. ReProbe offers controllable and configurable self-adaptive capabilities for data transmission, collection, and analysis methods. The resulting architecture can effectively enhance probe adaptability when qualitatively compared to state-of-the-art monitoring solutions.","2768-4288","979-8-3503-6625-9","10.1109/ICSA-C63560.2024.00037","","https://ieeexplore.ieee.org/stamp/stamp.jsp?arnumber=10628141","reconfigurable probe;adaptive probe;adaptive monitoring","Adaptive systems;Software architecture;Computer architecture;Data collection;Data communication;Probes;Monitoring","","","","23","IEEE","21 Aug 2024","","","IEEE","IEEE Conferences"
"Hierarchical Service Oriented Architecture for Development of Autonomic Systems","M. J. Khan","Department of Computer Science, Namal College, Mianwali, Pakistan",2015 IEEE 9th International Conference on Self-Adaptive and Self-Organizing Systems,"29 Oct 2015","2015","","","170","171","Software engineering literature is rich in terms of various architectural options to build conventional software systems but very less efforts have been put forward for generic architectures to build autonomic systems. This position paper presents a hierarchical generic service oriented architecture for developing autonomic systems.","1949-3681","978-1-4673-7535-1","10.1109/SASO.2015.30","","https://ieeexplore.ieee.org/stamp/stamp.jsp?arnumber=7306612","","Computer architecture;Service-oriented architecture;Autonomic systems;Monitoring;Accuracy;Planning;Architecture","","","","10","IEEE","29 Oct 2015","","","IEEE","IEEE Conferences"
"System Component-Level Self-Adaptations for Security via Bayesian Games","M. Zhang","Key Lab of High Confidence Software Technologies (MoE), Peking University, Beijing, China",2021 IEEE/ACM 43rd International Conference on Software Engineering: Companion Proceedings (ICSE-Companion),"7 May 2021","2021","","","102","104","Security attacks present unique challenges to self-adaptive system design due to the adversarial nature of the environment. However, modeling the system as a single player, as done in prior works in security domain, is insufficient for the system under partial compromise and for the design of fine-grained defensive strategies where the rest of the system with autonomy can cooperate to mitigate the impact of attacks. To deal with such issues, we propose a new self-adaptive framework incorporating Bayesian game and model the defender (i.e., the system) at the granularity of components in system architecture. The system architecture model is translated into a Bayesian multi-player game, where each component is modeled as an independent player while security attacks are encoded as variant types for the components. The defensive strategy for the system is dynamically computed by solving the pure equilibrium to achieve the best possible system utility, improving the resiliency of the system against security attacks.","2574-1926","978-1-6654-1219-3","10.1109/ICSE-Companion52605.2021.00047","National Natural Science Foundation of China; ","https://ieeexplore.ieee.org/stamp/stamp.jsp?arnumber=9402379","Self-adaptation;Bayesian game;Security","Computational modeling;Systems architecture;Games;Bayes methods;Security;System analysis and design;Software engineering","","","","24","IEEE","7 May 2021","","","IEEE","IEEE Conferences"
"Decentralized Self-Adaptive Systems: A Mapping Study","F. Quin; D. Weyns; O. Gheibi","Department of Computer Science, Katholieke Universiteit Leuven, Belgium; Katholieke Universiteit Leuven, Belgium, Linnaeus University, Sweden; Department of Computer Science, Katholieke Universiteit Leuven, Belgium",2021 International Symposium on Software Engineering for Adaptive and Self-Managing Systems (SEAMS),"29 Jun 2021","2021","","","18","29","With the increasing ubiquity and scale of self-adaptive systems, there is a growing need to decentralize the functionality that realizes self-adaptation. Our focus is on architecture-based self-adaptive systems where one or more functions for monitoring, analyzing, planning, and executing are realized by multiple components that coordinate with one another. While some earlier studies have shed light on existing work on the decentralization of self-adaptive systems, there is currently no clear overview of the state of the art in decentralization of self-adaptive systems. Yet, having a precise view on the state of the art in decentralized self-adaptive systems is crucial for researchers to understand existing solutions and drive future research efforts. To address this gap, we conducted a mapping study. The study focused on papers published at 24 important venues that publish research on self-adaptation. The study focused on the motivations for choosing a decentralized approach to realize self-adaptation, the adaptation functions that are decentralized, the realization of the coordination, and the open challenges in the area.","2157-2321","978-1-6654-0289-7","10.1109/SEAMS51251.2021.00014","","https://ieeexplore.ieee.org/stamp/stamp.jsp?arnumber=9462034","self adaptive systems;decentralization;MAPE K;mapping study","Adaptive systems;Planning;Monitoring;Software engineering","","18","","64","IEEE","29 Jun 2021","","","IEEE","IEEE Conferences"
"Hybrid Planning with Receding Horizon: A Case for Meta-self-awareness","S. Ghahremani; H. Giese","Hasso Plattner Institute, University of Potsdam, Potsdam, Germany; Hasso Plattner Institute, University of Potsdam, Potsdam, Germany",2021 IEEE International Conference on Autonomic Computing and Self-Organizing Systems Companion (ACSOS-C),"18 Nov 2021","2021","","","131","138","The trade-off between the quality and timeliness of adaptation is a multi-faceted challenge in engineering self-adaptive systems. Obtaining adaptation plans that fulfill system objectives with high utility and in a timely manner is the holy grail, however, as recent research revealed, it is not trivial. Hybrid planning is concerned with resolving the time and quality tradeoff via dynamically combining multiple planners that individually aim to perform either timely or with high quality. The choice of the most fitting planner is steered based on assessments of runtime information. A hybrid planner for a self-adaptive system requires (i) a decision-making mechanism that utilizes (ii) system-level as well as (iii) feedback control-level information at runtime. In this paper, we present Hypezon, a hybrid planner for self-adaptive systems. Inspired by model predictive control, Hypezon leverages receding horizon control to utilize runtime information during its decision-making. Moreover, we propose to engineer Hypezon for self-adaptive systems via two alternative designs that conform to meta-self-aware architectures. Meta-self-awareness allows for obtaining knowledge and reasoning about own awareness via adding a higher-level reasoning entity. Hypezon aims to address the problem of hybrid planning by considering it as a case for meta-self-awareness.","","978-1-6654-4393-7","10.1109/ACSOS-C52956.2021.00045","","https://ieeexplore.ieee.org/stamp/stamp.jsp?arnumber=9599247","meta-self-awareness;self-adaptive systems;hybrid planning;receding horizon control;coordinating;model predictive control","Runtime;Conferences;Decision making;Fitting;Computer architecture;Control systems;Cognition","","2","","33","IEEE","18 Nov 2021","","","IEEE","IEEE Conferences"
"Personalized Self Adaptive Internet-of-Things Enabled Sustainable Healthcare Architecture for Digital Transformation","S. Bhadula; S. Sharma","Department of Computer Science and Engineering, Graphic Era Deemed to be University, Dehradun, India; Department of Computer Science and Engineering, Graphic Era Deemed to be University, Dehradun, India",2023 Advanced Computing and Communication Technologies for High Performance Applications (ACCTHPA),"3 Apr 2023","2023","","","1","6","As the world undergoes digital transformation, the Internet of Things (IoT) has shown increasing trends in numerous sectors for cost-effective, efficient, and quality-driven services. The usage of the Internet of Things to enable a sustainable health care architecture is proposed as a cost-effective way to provide better and more real-time healthcare services. Healthcare digital transformation is the process of using digital technology to create new or alter existing business processes, culture, and customer experiences in order to satisfy changing business and market demands. Sustainable healthcare design provides high-quality care while reducing environmental impact, is cost-effective in the present and future, and has a positive social impact. Healthcare architectures can use the Internet of Things to be more watchful and proactive in their interactions with patients. Wheelchairs, defibrillators, nebulizers, oxygen pumps, and other monitoring devices are all tracked in real time utilizing IoT devices with sensors. Several advantages and obstacles are studied in order to foresee the IoT enabled healthcare architecture integration in future medical research for digital transformation.","","979-8-3503-9844-1","10.1109/ACCTHPA57160.2023.10083335","","https://ieeexplore.ieee.org/stamp/stamp.jsp?arnumber=10083335","Personalized Self Adaptive;Internet-of-Things;Sustainable Healthcare Architecture;Digital Transformation","Digital transformation;Wheelchairs;Medical services;Computer architecture;Market research;Real-time systems;Sensors","","8","","15","IEEE","3 Apr 2023","","","IEEE","IEEE Conferences"
"Engineering Self‐Adaptive Systems: A Short Tour in Seven Waves","D. Weyns",NA,An Introduction to Self-adaptive Systems: A Contemporary Software Engineering Perspective,"","2020","","","17","24","A characteristic example of a self‐adaptive system is a cloud platform that monitors the varying load of client applications and automatically adjusts capacity to maintain steady performance at the lowest possible cost. This chapter focuses on how self‐adaptive systems are engineered. The engineering of self‐adaptive systems is structured into seven waves that have emerged over time. These waves put complementary aspects of research on engineering self‐adaptive systems into focus that synergistically have contributed to the current body of knowledge in the field. The waves are: automating tasks, architecture‐based adaptation, runtime models, requirements‐driven adaptation, guarantees under uncertainty, control‐based software adaptation, learning from experience. The chapter summarizes how the subsequent waves have triggered each other, contributing complementary knowledge on the engineering of self‐adaptive systems.","","9781119574934","10.1002/9781119574910.ch2","","https://ieeexplore.ieee.org/xpl/ebooks/bookPdfWithBanner.jsp?fileName=9261310.pdf&bkn=9261286&pdfType=chapter","","Uncertainty;Runtime;Adaptation models;Software;Task analysis;Feedback loop","","1","","","","17 Nov 2020","","","IEEE","Wiley-IEEE Press eBook Chapters"
"A Self-Adaptive Bluetooth Indoor Localization System using LSTM-based Distance Estimator","Z. Li; J. Cao; X. Liu; J. Zhang; H. Hu; D. Yao","Department of Computing, The Hong Kong Polytechnic University, Hong Kong; Department of Computing, The Hong Kong Polytechnic University, Hong Kong; Department of Computing, The Hong Kong Polytechnic University, Hong Kong; Department of Computing, The Hong Kong Polytechnic University, Hong Kong; Alibaba Cainiao Network, Hangzhou, China; Alibaba Group, Hangzhou, China",2020 29th International Conference on Computer Communications and Networks (ICCCN),"30 Sep 2020","2020","","","1","9","In recent years, there is an increasing demand for indoor localization services with the aim to locate people and objects inside buildings. However, localization accuracy is susceptible to inaccurate and high variant sensor measurements due to the unpredictable fluctuations of received wireless signals and the sensitivity of hardware devices. To address this issue, in this paper, we establish a new Bluetooth indoor localization system, whose architecture can be basically decomposed into two parts: the internet-of-things (IoT) framework and the localization module. Concretely, the IoT platform uses the state-of-the-art light weight Spring Boot microservice framework consisting of multi-layer structure. In the localization module, it follows the general process of trilateration but significantly distinguished from it. A set of measures are adopted to strengthen the system's robustness when obtained measurements cannot be fully trusted. Specifically, in the first place, rather than using conventional propagation model to predict the distance between Bluetooth transmitter and receiver, we design a bran-new LSTM-based distance estimator which can better depict the nonlinearity of attenuation characteristics of radio signal. Moreover, we also employ a series of self-adaptive mechanisms, including elastic radius intersecting, multiple weighted centroid localization and self-adaptive Kalman tracking, to make the system robust against inaccurate measurements and unpredictable sudden variation of received wireless signal. A bunch of tests are conducted in both ideal lab environment and Alibaba's large-scale warehouse, and experimental results show our indoor localization system outperforms the state-of-the-art benchmarks by a large margin in both localization accuracy and stability.","2637-9430","978-1-7281-6607-0","10.1109/ICCCN49398.2020.9209674","","https://ieeexplore.ieee.org/stamp/stamp.jsp?arnumber=9209674","Bluetooth indoor localization;LSTM-based distance estimator;Self-adaptive Kalman tracking","Bluetooth;Wireless communication;Wireless sensor networks;Logic gates;Hardware;Position measurement;Business","","8","","33","IEEE","30 Sep 2020","","","IEEE","IEEE Conferences"
"Leveraging Test Logs for Building a Self-Adaptive Path Planner","K. Liu; X. Zhang; P. Arcaini; F. Ishikawa; W. Jiao","Peking University, China; National Institute of Informatics, Japan; National Institute of Informatics, Japan; National Institute of Informatics, Japan; Peking University, China",2020 IEEE/ACM 15th International Symposium on Software Engineering for Adaptive and Self-Managing Systems (SEAMS),"19 Jun 2023","2020","","","57","63","Recent approaches in testing autonomous driving systems (ADS) are able to generate a scenario in which the autonomous car collides, and a different ADS configuration that avoids the collision. However, such test information is too low level to be used by engineers to improve the ADS. In this paper, we consider a path planner component provided by our industry partner, that can be configured through some weights. We propose a technique to automatically re-engineer the path planner in terms of a self-adaptive path planner (SAPP) following the MAPE loop reference architecture. The Knowledge Base (KB) of SAPP contains descriptions of collision scenarios discovered with testing, and the corresponding alternative weights that avoid the collisions. We forecast two main usages of SAPP. First of all, designers are provided with a prototype that should facilitate the re-implementation of the path planner. As second usage, SAPP can be useful for improving the diversity of testing, as performing test case generation on SAPP will guarantee to find dangerous situations different from those used to build SAPP. Preliminary experiments indicate that SAPP can effectively adapt on the base of the solutions stored in KB.","2157-2321","978-1-4503-7962-5","10.1145/3387939.3391606","ERATO HASUO Metamathematics for Systems Design Project(grant numbers:JPM-JER1603); National Natural Science Foundation of China(grant numbers:61620106007); ","https://ieeexplore.ieee.org/stamp/stamp.jsp?arnumber=10148684","path planner;testing;self-adaptation;MAPE loop","Industries;Runtime;Knowledge based systems;Buildings;Prototypes;Test pattern generators;Iterative methods","","2","","25","","19 Jun 2023","","","IEEE","IEEE Conferences"
"Data-driven Adaptation in Microservice-based IoT Architectures","M. D. Sanctis; H. Muccini; K. Vaidhyanathan","Gran Sasso Science Institute, L’Aquila, Italy; University of L’Aquila, L’Aquila, Italy; Gran Sasso Science Institute, L’Aquila, Italy",2020 IEEE International Conference on Software Architecture Companion (ICSA-C),"19 May 2020","2020","","","59","62","Architecting self-adaptive Internet of Things (IoT) systems pose a lot of challenges due to heterogeneity, resource constraints, interoperability, etc. Although microservice architectures (MSA) emerged as a popular solution for developing next generation IoT systems, they further increase these challenges. This can be attributed to the complexity involved in managing adaptation concerns arising at different levels: i) IoT devices level, due to open and changing contexts, resource constraints, etc; ii) microservices level, due to dynamic resource demands; iii) application level itself, due to the changing user goals. In fact, recent studies have shown that traditional self-adaptation techniques are not flexible enough to be applied to MSA based systems. Moreover, what proposed in the literature handles adaptation either at the architectural level or at the application level. Towards this direction, we propose a self-adaptive architecture for microservice-based IoT systems. In particular, the architecture supports data-driven adaptations, by also leveraging machine learning techniques, and handles adaptations at different levels in a different manner: i) at device level, through a fog layer; ii) at microservice level, by leveraging the use of service mesh; iii) at application level, by means of dynamic QoS-aware service composition.","","978-1-7281-7415-0","10.1109/ICSA-C50368.2020.00019","","https://ieeexplore.ieee.org/stamp/stamp.jsp?arnumber=9095735","Self-adaptation;microservices;IoT architectures;machine learning;adaptation levels;data-driven adaptation;software architecture","Quality of service;Adaptation models;Performance evaluation;Internet of Things;Predictive models;Computer architecture;Monitoring","","17","","22","IEEE","19 May 2020","","","IEEE","IEEE Conferences"
"Research on Adaptive Evolution Model for Spacecraft Software","R. Wang; J. Du","Software Center Beijing Institute of Control Engineering, Beijing, China; System Innovation Center Beijing Institute of Control Engineering, Beijing, China","2022 Asia Conference on Advanced Robotics, Automation, and Control Engineering (ARACE)","18 Nov 2022","2022","","","143","149","With the continuous expansion of space applications and the continuous increase of software complexity, spacecraft systems will face more uncertainties during the running time. However, the traditional control method “satellite-ground loop” is hard to make real-time decisions on the issues, and it greatly restricts the development of space explorations. Therefore, spacecraft system needs to have the ability of self-adaption. An adaptive evolution model is proposed in this paper with the definition of roles, behaviors and resources. System determines the roles and the behaviors through the perception of environment, and organizes the scheduling, allocation and operation of software and hardware resources through the mapping relationship between behaviors and resources to realize the dynamic adjustment for spacecraft software. The model simplifies the implementation of self-adaptation by the real-time parsing of the mapping relationship between each layer. And the feasibility of the model is proved in two experimental scenes at the end.","","978-1-6654-5153-6","10.1109/ARACE56528.2022.00033","National Natural Science Foundation of China; ","https://ieeexplore.ieee.org/stamp/stamp.jsp?arnumber=9951110","spacecraft software;self-adaptive;model architecture;self-organization","Space vehicles;Adaptation models;Adaptive systems;Uncertainty;Dynamic scheduling;Software;Real-time systems","","2","","16","IEEE","18 Nov 2022","","","IEEE","IEEE Conferences"
"Many-Objective Centralized Adaptation Planning: Towards Hybrid Self-Adaptive and Self-Organizing Systems","P. Schweizer","Department of Food Informatics and Computational Science Hub, University of Hohenheim, Stuttgart, Germany",2024 IEEE International Conference on Autonomic Computing and Self-Organizing Systems Companion (ACSOS-C),"2 Dec 2024","2024","","","167","169","Driving semi-automated vehicles at close distances, called platooning, emerges as a promising strategy to address conflicts associated with the ever-increasing traffic volumes on German highways by optimizing fuel consumption and road utilization. Mapping the architecture of a self-adaptive system to platooning, a fully central coordination of vehicles would introduce a potential bottleneck, while fully decentralized decision-making might lead to conflicting adaptations. Therefore, this project aims to establish a hybrid self-adaptive and self-organizing system that is robust with micro-level autonomic adaptation decisions while centrally optimizing the decision-making.","","979-8-3503-8976-0","10.1109/ACSOS-C63493.2024.00052","","https://ieeexplore.ieee.org/stamp/stamp.jsp?arnumber=10766271","autonomous systems;optimization;coordination;adaptation","Roads;Decision making;Computer architecture;Planning;Fuels;Distributed computing","","1","","16","IEEE","2 Dec 2024","","","IEEE","IEEE Conferences"
"Fuzzy Self-Learning Controllers for Elasticity Management in Dynamic Cloud Architectures","P. Jamshidi; A. Sharifloo; C. Pahl; H. Arabnejad; A. Metzger; G. Estrada","Imperial College London, UK; University of Duisburg-Essen, Germany; University of Bozen-Bolzano, Italy; IC4, Dublin City University, Ireland; Universitat Duisburg-Essen, Duisburg, Nordrhein-Westfalen, DE; Intel, Ireland",2016 12th International ACM SIGSOFT Conference on Quality of Software Architectures (QoSA),"21 Jul 2016","2016","","","70","79","Cloud controllers support the operation and quality management of dynamic cloud architectures by automatically scaling the compute resources to meet performance guarantees and minimize resource costs. Existing cloud controllers often resort to scaling strategies that are codified as a set of architecture adaptation rules. However, for a cloud provider, deployed application architectures are black-boxes, making it difficult at design time to define optimal or pre-emptive adaptation rules. Thus, the burden of taking adaptation decisions often is delegated to the cloud application. We propose the dynamic learning of adaptation rules for deployed application architectures in the cloud. We introduce FQL4KE, a self-learning fuzzy controller that learns and modifies fuzzy rules at runtime. The benefit is that we do not have to rely solely on precise design-time knowledge, which may be difficult to acquire. FQL4KE empowers users to configure cloud controllers by simply adjusting weights representing priorities for architecture quality instead of defining complex rules. FQL4KE has been experimentally validated using the cloud application framework ElasticBench in Azure and OpenStack. The experimental results demonstrate that FQL4KE outperforms both a fuzzy controller without learning and the native Azure auto-scaling.","","978-1-5090-2567-1","10.1109/QoSA.2016.13","","https://ieeexplore.ieee.org/stamp/stamp.jsp?arnumber=7515437","Cloud Architectures;Fuzzy Control;Self-adaptive Systems;Self-learning;Q-Learning;Machine Learning","Cloud computing;Computer architecture;Runtime;Fuzzy logic;Monitoring;Time factors;Computational modeling","","53","","27","IEEE","21 Jul 2016","","","IEEE","IEEE Conferences"
"Robust and Adaptive Neural Networks for Self-Driving Cars in Challenging Road Conditions","P. Mehune; S. Dorle","Department of Electronics Engineering, GHRCE, Nagpur, Maharashtra, India; Department of Electronics Engineering, GHRCE, Nagpur, Maharashtra, India","2024 2nd International Conference on Computer, Communication and Control (IC4)","4 Apr 2024","2024","","","1","5","Autonomous driving has emerged as a transformative technology with the potential to revolutionize transportation. However, the reliable and safe operation of self-driving cars in challenging road conditions remains a significant obstacle. This research addresses this crucial challenge by proposing a novel framework based on robust and adaptive neural networks to enhance the capabilities of self-driving cars in navigating difficult road scenarios. The proposed framework leverages the power of deep learning and neural networks to enable self-driving cars to perceive and interpret complex and dynamic road environments accurately. By utilizing a comprehensive dataset comprising various challenging road conditions, the neural network model is trained to extract essential features and make informed decisions based on real-time inputs. To ensure robustness and adaptability, the neural network architecture incorporates advanced techniques such as transfer learning and reinforcement learning. Transfer learning enables the model to leverage pre-trained networks and generalize knowledge from different road conditions, significantly reducing the need for extensive data collection and training. Reinforcement learning allows the self-driving car to continuously improve its decision-making abilities by interacting with the environment and learning from rewards and penalties. Additionally, the framework includes a robust perception module that integrates multiple sensors, such as cameras, LiDAR, and radar, to provide a comprehensive and accurate understanding of the surrounding environment. The fusion of sensor data using deep neural networks enables the self-driving car to overcome limitations in individual sensor performance and adapt to varying road conditions, including low visibility, adverse weather, and complex traffic scenarios. Extensive experiments conducted on diverse challenging road conditions demonstrate the efficacy of the proposed framework. The results indicate significantly improved performance in terms of accuracy, reliability, and adaptability compared to conventional approaches. Moreover, the framework showcases enhanced safety, making it suitable for real-world applications. This research contributes to the advancement of self-driving car technology by addressing the critical issue of robustness and adaptability in challenging road conditions. The proposed framework utilizing robust and adaptive neural networks opens up new possibilities for safer and more reliable autonomous driving, paving the way for the widespread adoption of self-driving cars in complex environments.","","979-8-3503-8793-3","10.1109/IC457434.2024.10486747","","https://ieeexplore.ieee.org/stamp/stamp.jsp?arnumber=10486747","Robust and Adaptive Neural Networks;Self-Driving Cars;Challenging Road Conditions;Autonomous Driving;Real-Time Decision-Making;Sensor Fusion;LiDAR;Radar","Adaptive systems;Roads;Neural networks;Decision making;Transfer learning;Reinforcement learning;Sensor fusion","","4","","20","IEEE","4 Apr 2024","","","IEEE","IEEE Conferences"
"Generic Adaptive Monitoring Based on Executed Architecture Runtime Model Queries and Events","T. Brand; H. Giese","Hasso Plattner Institute at the University of Potsdam, Germany; Hasso Plattner Institute at the University of Potsdam, Germany",2019 IEEE 13th International Conference on Self-Adaptive and Self-Organizing Systems (SASO),"1 Aug 2019","2019","","","17","22","Monitoring is a key functionality for automated decision making as it is performed by self-adaptive systems, too. Effective monitoring provides the relevant information on time. This can be achieved with exhaustive monitoring causing a high overhead consumption of economical and ecological resources. In contrast, our generic adaptive monitoring approach supports effectiveness with increased efficiency. Also, it adapts to changes regarding the information demand and the monitored system without additional configuration and software implementation effort. The approach observes the executions of runtime model queries and processes change events to determine the currently required monitoring configuration. In this paper we explicate different possibilities to use the approach and evaluate their characteristics regarding the phenomenon detection time and the monitoring effort. Our approach allows balancing between those two characteristics. This makes it an interesting option for the monitoring function of self-adaptive systems because for them usually very short-lived phenomena are not relevant.","1949-3681","978-1-7281-2731-6","10.1109/SASO.2019.00012","","https://ieeexplore.ieee.org/stamp/stamp.jsp?arnumber=8780535","generic adaptive monitoring;monitoring effort;phenomenon detection time;architecture runtime model","Monitoring;Runtime;Unified modeling language;Adaptation models;Task analysis;Biological system modeling;Time factors","","6","","17","IEEE","1 Aug 2019","","","IEEE","IEEE Conferences"
"Modeling and verifying self-adaptive systems: A refinement approach","M. Hachicha; R. B. Halima; A. H. Kacem","University of Sfax, ReDCAD Laoratory, Sfax, Tunisia; University of Sfax, ReDCAD Laoratory, Sfax, Tunisia; University of Sfax, ReDCAD Laoratory, Sfax, Tunisia","2016 IEEE International Conference on Systems, Man, and Cybernetics (SMC)","9 Feb 2017","2016","","","003967","003972","Self-adaptive systems are able to modify their behavior and/or structure to deal with their continuously changing environment and internal dynamics. MAPE control loops, based on these four steps: Monitoring, Analysis, Planning, and Execution, have been identified as crucial elements in realizing self-adaptation of software systems. Adaptive systems are generally more difficult to design, specify and verify due to their high complexity. Ensuring the correctness of the system's adaptation logic is very crucial. In this paper, we propose a refinement approach that aims first to model step-by-step self-adaptive systems based on MAPE control loop. Second, our approach aims to formally specify self-adaptive systems at a high level of abstraction using the Event-B method. This formal specification provides a way to verify several properties for self-adaptive systems such as safety, reachability and temporal constraints. We illustrate our approach by verifying the fire detection system that exhibits a self-adaptive behavior.","","978-1-5090-1897-0","10.1109/SMC.2016.7844853","","https://ieeexplore.ieee.org/stamp/stamp.jsp?arnumber=7844853","","Unified modeling language;Monitoring;Adaptation models;Context;Safety;Batteries;Conferences","","6","","13","IEEE","9 Feb 2017","","","IEEE","IEEE Conferences"
"Designing applications for heterogeneous many-core architectures with the FlexTiles Platform","B. Janßen; F. Schwiegelshohn; M. Koedam; F. Duhem; L. Masing; S. Werner; C. Huriaux; A. Courtay; E. Wheatley; K. Goossens; F. Lemonnier; P. Millet; J. Becker; O. Sentieys; M. Hübner","Ruhr-University Bochum; Ruhr-University Bochum; Eindhoven University of Technology; Thales Research and Technology; Sundance Multiprocessor Technology, Karlsruhe Institute of Technology; Sundance Multiprocessor Technology, Karlsruhe Institute of Technology; University of Rennes 1, IRISA; University of Rennes 1, IRISA; Sundance Multiprocessor Technology, Karlsruhe Institute of Technology; Eindhoven University of Technology; Thales Research and Technology; Thales Research and Technology; Sundance Multiprocessor Technology, Karlsruhe Institute of Technology; Inria; Ruhr-University Bochum","2015 International Conference on Embedded Computer Systems: Architectures, Modeling, and Simulation (SAMOS)","28 Dec 2015","2015","","","254","261","The FlexTiles Platform has been developed within a Seventh Framework Programme project which is co-funded by the European Union with ten participants of five countries. It aims to create a self-adaptive heterogeneous many-core architecture which is able to dynamically manage load balancing, power consumption and faulty modules. Its focus is to make the architecture efficient and to keep programming effort low. Therefore, the concept contains a dedicated automated tool-flow for creating both the hardware and the software, a simulation platform that can execute the same binaries as the FPGA prototype and a virtualization layer to manage the final heterogeneous many-core architecture for run-time adaptability. With this approach software development productivity can be increased and thus, the time-to-market and development costs can be decreased. In this paper we present the FlexTiles Development Platform with a many-core architecture demonstration. The steps to implement, validate and integrate two use-cases are discussed.","","978-1-4673-7311-1","10.1109/SAMOS.2015.7363683","","https://ieeexplore.ieee.org/stamp/stamp.jsp?arnumber=7363683","Seventh Framework Programme;self-adaptive;heterogeneous;many-core;high efficiency;low development effort","Computer architecture;Nickel;Field programmable gate arrays;Hardware;Virtualization;Computational modeling;Monitoring","","8","","17","IEEE","28 Dec 2015","","","IEEE","IEEE Conferences"
"Demonstrating a Runtime Machine-Centric Emergent Software Architecture Framework","R. R. Filho; B. Porter","School of Computing and Communications, Lancaster University, Lancaster, UK; School of Computing and Communications, Lancaster University, Lancaster, UK",2016 IEEE International Conference on Autonomic Computing (ICAC),"22 Sep 2016","2016","","","239","240","Current solutions to self-adaptive software architecture are very human-centric, depending on humans to define policies or update models that guide software adaptation at runtime. We argue that this approach is not sufficient to provide fast responses to continual changes that occur in the current operating environment. Our approach derives a continually emergent software architecture by: autonomously exploring all possible architectures that can be used to realise a given software system; monitoring that system in execution in terms of its performance and its operating environment; and identifying the optimal architecture for each set of operating environment conditions that are encountered. This demonstration illustrates our framework in two scenarios: first, we enable participants to act as the autonomous agent, exploring various possible architectures over time, and manually constructing the rules by which adaptation will be driven, thereby demonstrating the complexity of human-centric architectural adaptation; and second, we then show a fully autonomous system that performs the same tasks automatically, resulting in emergent software architectures that are highly responsive to changes in the operating environment. Both scenarios are visualised through a graphical user interface.","","978-1-5090-1654-9","10.1109/ICAC.2016.35","","https://ieeexplore.ieee.org/stamp/stamp.jsp?arnumber=7573144","Emergent software;self-adaptive software architecture;autonomic computing;machine-centric adaptation","Computer architecture;Runtime;Web servers;Service-oriented architecture;Adaptation models","","1","","5","IEEE","22 Sep 2016","","","IEEE","IEEE Conferences"
