"Document Title",Authors,"Author Affiliations","Publication Title",Date Added To Xplore,"Publication Year","Volume","Issue","Start Page","End Page","Abstract","ISSN",ISBNs,"DOI",Funding Information,PDF Link,"Author Keywords","IEEE Terms","Mesh_Terms",Article Citation Count,Patent Citation Count,"Reference Count","License",Online Date,Issue Date,"Meeting Date","Publisher",Document Identifier
"Application of Computer Aided Design Software in Interior Design","X. Fang",Chongqing college of architecture and technology,2021 2nd International Conference on Urban Engineering and Management Science (ICUEMS),"11 May 2021","2021","","","181","184","With the gradual enrichment of people's material life, more and more people have raised their requirements for spiritual life. As an essential element in people's lives, housing is no longer a place to live. People want their living space to be more and more tasteful, style and connotation, and their appreciation of interior aesthetics is also improving. The development of computer design provides a way to meet people's increasing indoor aesthetic needs. This paper analyzes the application of computer aided design software in interior design, briefly expounds the application advantages of computer aided software in interior design, introduces the commonly used computer aided software, and puts forward the application ways of computer aided design in interior design, hoping to help related practitioners.","","978-1-6654-1289-6","10.1109/ICUEMS52408.2021.00045","","https://ieeexplore.ieee.org/stamp/stamp.jsp?arnumber=9426771","computer;aided design software;interior design","Industries;Design automation;Software;Personnel","","2","","6","IEEE","11 May 2021","","","IEEE","IEEE Conferences"
"Designing Control Software for Robot Swarms: Software Engineering for the Development of Automatic Design Methods","D. Bozhinoski; M. Birattari","IRIDIA, Universite Libre de Bruxelles, Bruxelles, Belgium; IRIDIA, Universite Libre de Bruxelles, Bruxelles, Belgium",2018 IEEE/ACM 1st International Workshop on Robotics Software Engineering (RoSE),"26 Aug 2018","2018","","","33","35","Over the past decade, swarm robotics has emerged as a promising engineering discipline. In this paper, we discuss the current research challenges and state-of-the-art in automatic design methods for swarm control software. This subject has recently received increasing attention from the swarm robotics community.We make a contribution towards the debate by proposing two lines of research from a software engineering point of view.","","978-1-4503-5760-9","","","https://ieeexplore.ieee.org/stamp/stamp.jsp?arnumber=8445817","swarm robotics;software engineering;design by optimization","Robot kinematics;Software;Robot sensing systems;Design methodology;Optimization;Software engineering","","","","10","","26 Aug 2018","","","IEEE","IEEE Conferences"
"How to Apply Human-Centered Design Process (HCDP) to Software Development Process?","S. Fukuzumi; N. Noda; Y. Tanikawa","NEC Corporation, Data Science research laboratories, Kawasaki, Japan; Business Innovation strategy division, NEC Corporation, Kawasaki, Japan; College of Engineering and Design, Shibaura Institute of Technology, Tokyo, Japan",2017 IEEE/ACM 1st International Workshop on Design and Innovation in Software Engineering (DISE),"3 Jul 2017","2017","","","13","16","This is a position paper of research related to usability and software engineering. Important problem to develop software with high usability is that it is difficult to apply human centered design process to software development process. To solve this, we propose three issues, they are 1) clarification of ""demand"" and evaluation process about user requirements, 2) how to fill gaps between software engineers and usability experts about HCD, 3) solution of twin peaks problem (gap between requirements and architecture). For these issues, it is necessary to discuss detail targets.","","978-1-5386-0400-7","10.1109/DISE.2017.10","","https://ieeexplore.ieee.org/stamp/stamp.jsp?arnumber=7965468","Human centered design;usability;development process;software engineer","Usability;Software engineering;ISO Standards;Ergonomics;Human computer interaction","","6","","19","IEEE","3 Jul 2017","","","IEEE","IEEE Conferences"
"Computer Aided Design of Application Software for Integrated Navigation Systems","S. Kravchuk; A. Petrov; I. Solov’ev; M. Shatskii","Moscow Experimental Design Bureau MOKB Mars, Branch of Dukhov Russian National Research Institute of Automation, Moscow, Russia; Moscow Experimental Design Bureau MOKB Mars, Branch of Dukhov Russian National Research Institute of Automation, Moscow, Russia; Moscow Experimental Design Bureau MOKB Mars, Branch of Dukhov Russian National Research Institute of Automation, Moscow, Russia; Moscow Experimental Design Bureau MOKB Mars, Branch of Dukhov Russian National Research Institute of Automation, Moscow, Russia",2023 30th Saint Petersburg International Conference on Integrated Navigation Systems (ICINS),"6 Jul 2023","2023","","","1","3","The paper presents a technology of computer aided design (CAD) for integrated navigation systems (INS). The paper describes the information system designed for automation of software development, its verification and testing. The paper discusses the stages of software development including automated documents generation according to standards requirements. At present the CAD technology is used in the MOKB ""Mars"" for development of prospective INS for space applications.","","978-5-91995-095-0","10.23919/ICINS51816.2023.10168458","","https://ieeexplore.ieee.org/stamp/stamp.jsp?arnumber=10168458","integrated navigation systems;software;automation","Space vehicles;Design automation;Software design;Navigation;Databases;Software algorithms;Software","","","","5","","6 Jul 2023","","","IEEE","IEEE Conferences"
"Evolutionary Design of a Second-Order Butterworth Lowpass Filter","Y. Li; X. Zhang; H. Liu","Physics School, Beihua University, Jilin City, China; Physics School, Beihua University, Jilin City, China; Physics School, Beihua University, Jilin City, China",2015 8th International Symposium on Computational Intelligence and Design (ISCID),"12 May 2016","2015","2","","532","535","The traditional design method of filter had too much human intervention, a very tedious design process. Precision of parameters was lower for the designed filter, bandpass edge of attenuation characteristics was not enough steep and filtering quality was lower. In order to overcome these shortcomings, an evolutionary design method for an analog filter is presented in the paper, according to basic principles of evolutionary design for circuit. The method is structure of a second-order Butterworth lowpass filter is devised by genetic programming. Optimization design of parameters for the filter is realized by improved adaptive genetic algorithm. Performance indexes for the filter are analyzed by simulation software. Design results have been simulated and verified. Experiment shows that values of evolutionary parameters are in line with theoretical values exceedingly for the filter, and simulation results are satisfying.","","978-1-4673-9587-8","10.1109/ISCID.2015.126","","https://ieeexplore.ieee.org/stamp/stamp.jsp?arnumber=7469190","lowpass filter;evolutionary design;genetic programming;genetic algorithms;simulation experiment","Band-pass filters;Filtering theory;Filtering algorithms;Sociology;Statistics;Design methodology;Matched filters","","2","","6","IEEE","12 May 2016","","","IEEE","IEEE Conferences"
"Evolutionary algorithm with convergence speed controller for automated software test data generation problem","Fangqing Liu; Han Huang; Zhifeng Hao","School of South China, University of Techology Software engineering, Guangzhou, China; School of South China, University of Techology Software engineering, Guangzhou, China; School of Mathematics and Big Data, Foshan University, Foshan, China",2017 IEEE Congress on Evolutionary Computation (CEC),"7 Jul 2017","2017","","","869","875","Software testing is an important process of software development. One of the challenges in testing software is to generate test cases which help to reveal errors. Automated software test data generation problem is hard because it needs to search the whole feasible area to find test cases covering all possible paths under acceptable time consumption. In this paper, evolutionary algorithm with convergence speed controller (EA-CSC) is presented for using the least test case overhead in solving automated test case generation problem. EA-CSC is designed as a framework which have fast convergence speed and capability to jump out of the local optimal solution over a range of problems. There are two critical steps in EA-CSC. The adaptive step size searching method accelerates the convergence speed of EA. The mutation operator can disrupt the population distribution and slows down the convergence process of EA. Moreover, the EA-CSC results are compared to the algorithms tested on the same benchmark problems, showing strong competitive.","","978-1-5090-4601-0","10.1109/CEC.2017.7969400","","https://ieeexplore.ieee.org/stamp/stamp.jsp?arnumber=7969400","Evolutionary Algorithm(EA);Convergence Speed Controller(CSC);Test Data Generation","Evolutionary computation;Software;Convergence;Testing;Sociology;Statistics;Search problems","","1","","17","IEEE","7 Jul 2017","","","IEEE","IEEE Conferences"
"Evolutionary Black-Box Topology Optimization: Challenges and Promises","D. Guirguis; N. Aulig; R. Picelli; B. Zhu; Y. Zhou; W. Vicente; F. Iorio; M. Olhofer; W. Matusik; C. A. Coello Coello; K. Saitou","University of Michigan at Ann Arbor, Ann Arbor, USA; Honda Research Institute Europe GmbH, Offenbach, Germany; Department of Mining and Petroleum Engineering, Polytechnic School of the University of São Paulo, São Paulo, Brazil; CSAIL, Massachusetts Institute of Technology, Cambridge, USA; Department of Mechanical Engineering, University of Michigan at Ann Arbor, Ann Arbor, USA; School of Agricultural Engineering, University of Campinas, Campinas, Brazil; Autodesk Research, Toronto, Canada; Honda Research Institute Europe GmbH, Offenbach, Germany; CSAIL, Massachusetts Institute of Technology, Cambridge, USA; Departamento de Computación (Evolutionary Computation Group), CINVESTAV-IPN, Mexico City, Mexico; Department of Mechanical Engineering, University of Michigan at Ann Arbor, Ann Arbor, USA",IEEE Transactions on Evolutionary Computation,"29 Jul 2020","2020","24","4","613","633","Black-box topology optimization (BBTO) uses evolutionary algorithms and other soft computing techniques to generate near-optimal topologies of mechanical structures. Although evolutionary algorithms are widely used to compensate the limited applicability of conventional gradient optimization techniques, methods based on BBTO have been criticized due to numerous drawbacks. In this article, we discuss topology optimization as a black-box optimization problem. We review the main BBTO methods, discuss their challenges and present approaches to relax them. Dealing with those challenges effectively can lead to wider applicability of topology optimization, as well as the ability to tackle industrial, highly constrained, nonlinear, many-objective, and multimodal problems. Consequently, future research in this area may open the door for innovating new applications in science and engineering that may go beyond solving classical optimization problems of mechanical structures. Furthermore, algorithms designed for BBTO can be added to existing software toolboxes and packages of topology optimization.","1941-0026","","10.1109/TEVC.2019.2954411","São Paulo Research Foundation (FAPESP)(grant numbers:2018/05797-8); Consejo Nacional de Ciencia y Tecnología(grant numbers:2016-01-1920); ","https://ieeexplore.ieee.org/stamp/stamp.jsp?arnumber=8906012","CADCAM;design automation;design optimization;evolutionary computation;large scale optimization;product design;topology optimization;topology","Topology;Evolutionary computation;Space exploration;Gradient methods;Linear programming;Genetic algorithms","","35","","311","IEEE","19 Nov 2019","","","IEEE","IEEE Journals"
"Application of Speech Recognition Translator based on Evolutionary Multi-objective Optimization Algorithm","L. Liu","Foreign Language School, Jilin Agricultural Science and Technology University, Jilin, China",2023 International Conference on Evolutionary Algorithms and Soft Computing Techniques (EASCT),"22 Jan 2024","2023","","","1","6","By utilizing evolutionary algorithms to achieve intelligent control of English translation software and improve the accuracy and adaptability of translation, an English translation speech recognition and translation algorithm based on evolutionary multi-objective algorithms is proposed and applied. The improved evolutionary algorithm can significantly improve the accuracy of word recognition without increasing iterations. A multi-objective learning parameter model for speech recognition English translators has been established. A multi-objective optimization model for information processing was constructed through repeated iterations and probabilistic reasoning of speech sources. Through adaptive correction control method, single objective control is carried out under multi-objective optimization, and the output of speech recognition English translator is optimized based on multi-objective optimization constraints. The simulation results show that the parameter estimation accuracy of using this method for English translation software design and multi-objective routing optimization is high, with a maximum speech recognition accuracy of 97.13% and a maximum recognition time of only 20.314ms.","","979-8-3503-1341-3","10.1109/EASCT59475.2023.10392501","","https://ieeexplore.ieee.org/stamp/stamp.jsp?arnumber=10392501","evolutionary algorithm;English translation;speech recognition;deviation correction;simulation","Graphics;Solid state drives;Operating systems;Software algorithms;Speech recognition;Evolutionary computation;Feature extraction","","1","","12","IEEE","22 Jan 2024","","","IEEE","IEEE Conferences"
"An Academic Framework for IC Physical Design Algorithms Development","D. Bulakh; A. Korshunov; A. Datsuk","Department of IC design, National Research University of Electronic Technology, Zelenograd, Moscow, Russian Federation; Department of IC design, National Research University of Electronic Technology, Zelenograd, Moscow, Russian Federation; IHP - Leibniz-Institut für innovative Mikroelektronik, Frankfurt (Oder), Germany",2021 International Seminar on Electron Devices Design and Production (SED),"3 Jun 2021","2021","","","1","4","Analyzing electronic design automation (EDA) computer aided design (CAD) contests it can be seen that the dominant part of tasks and problems belongs to physical design. This is due to the increments of the complexity of semiconductor devices that discovers an increasing number of new problems to be solved in nanometer scale layouts. As the number of the tasks and their complexity grows the new EDA tools should enhanced to solve the main algorithmic tasks. In this paper we present a new extensible EDA framework for physical level design algorithms development, testing and implementation. The framework provides ready-made solutions for secondary, auxiliary tasks such as file I/O and layout data manipulation. Developed EDA framework was integrated in educational process and made it possible to develop physical design algorithms using technological files.The reported study was done with a support of the state assignment of MIET (Theme No. FSMR-2020-0017/AAAA-A20-120071490038-5)","","978-1-6654-3942-8","10.1109/SED51197.2021.9444528","","https://ieeexplore.ieee.org/stamp/stamp.jsp?arnumber=9444528","Electronic Design Automation;Computer Aided Design;Physical Design;IC Layout","Integrated circuits;Visualization;Design automation;Layout;Software algorithms;Tools;Complexity theory","","1","","4","IEEE","3 Jun 2021","","","IEEE","IEEE Conferences"
"Evolutionary Computation and Reinforcement Learning for Cyber-physical System Design","C. Lu","Department of Engineering Complex Software Systems, Simula Research Laboratory, Oslo, Norway",2023 IEEE/ACM 45th International Conference on Software Engineering: Companion Proceedings (ICSE-Companion),"12 Jul 2023","2023","","","264","266","Cyber-physical systems (CPSs) are designed to in-tegrate computation and physical processes through constantly interacting with the physical environment. The complexity and uncertainty of the environment often come up with unpredictable situations, which place high demands on the dynamic adaptability of CPSs. Further, as the environment evolves, the CPS needs to constantly evolve itself to adapt to the changing environment. This paper presents a research plan that aims to develop a novel framework to address CPS design challenges under uncertain environments. We propose to utilize evolutionary computation and reinforcement learning techniques to design control policies that can adapt to the dynamic changes and uncertainties of the environment. Further, novel testing and evaluation approaches that can generate test cases while adapting to dynamic changes in the system and the environment will be explored.","2574-1934","979-8-3503-2263-7","10.1109/ICSE-Companion58688.2023.00071","","https://ieeexplore.ieee.org/stamp/stamp.jsp?arnumber=10172815","cyber-physical system;evolutionary computation;reinforcement learning;uncertainty","Uncertainty;Reinforcement learning;Evolutionary computation;Cyber-physical systems;Complexity theory;Testing;Software engineering","","","","27","IEEE","12 Jul 2023","","","IEEE","IEEE Conferences"
"Optimization of UV LED design using evolutionary algorithms","L. Leguay; H. Mączko; A. Schliwa; S. Birner","Institute of Solid-State Physics, Technical University of Berlin, Berlin, Germany; Nextnano GmbH, Munich, Germany; Institute of Solid-State Physics, Technical University of Berlin, Berlin, Germany; Nextnano GmbH, Munich, Germany",2023 IEEE Photonics Conference (IPC),"25 Dec 2023","2023","","","1","2","We present a computational approach combining evolutionary algorithms with calculation software nextnano++ to optimize the design of a nitride-based ultraviolet light-emitting diode (UV LED). Our findings reveal a significant improvement of the theoretical internal quantum efficiency of the nanostructure at the target wavelength 300 nm.","2575-274X","979-8-3503-4722-7","10.1109/IPC57732.2023.10360557","","https://ieeexplore.ieee.org/stamp/stamp.jsp?arnumber=10360557","Computational methods;evolutionary algorithms;evolution strategies;optimization;UV LED;internal quantum efficiency","Quantum computing;Software algorithms;Quantum mechanics;Evolutionary computation;Light emitting diodes;Software;Computational efficiency","","","","4","IEEE","25 Dec 2023","","","IEEE","IEEE Conferences"
"Simultaneous structure design optimization of multiple car models using the K computer","A. Oyama; T. Kohira; H. Kemmotsu; T. Tatsukawa; T. Watanabe","Institute of Space and Astronautical Science, Japan Aerospace Exploration Agency, Sagamihara, Japan; Technical Research Center, Mazda Motor Corporation, Fuchucho, Japan; Technical Research Center, Mazda Motor Corporation, Fuchucho, Japan; Institute of Space and Astronautical Science, Japan Aerospace Exploration Agency, Sagamihara, Japan; Institute of Space and Astronautical Science, Japan Aerospace Exploration Agency, Sagamihara, Japan",2017 IEEE Symposium Series on Computational Intelligence (SSCI),"8 Feb 2018","2017","","","1","4","A design tool for simultaneous structure design optimization of multiple car models is developed and applied to simultaneous design optimization of MAZDA CX-5 (SUV car), MAZDA6 wagon (large car), and MAZDA3 hatchback (small car) to demonstrate feasibility of the developed design tool. This problem is a multiobjective design optimization problem where the objectives are minimization of total weight of three car models and maximization of number of common thickness parts. To find the nondominated designs efficiently, an evolutionary multiobjective optimization algorithm named Cheetah is adopted. For analysis of the obtained nondominated and dominated designs, an interactive data mining tool iSPM is used. To evaluate crash performances accurately, a finite-element software LS-DYNA is used for each crash mode. To overcome difficulty in computational time, the K computer is used, where the required computational time is more than 360 hours using 73,728 cores of the K computer. As a result, many designs that outperform the initial design developed by Mazda Motor Corporation are found. In addition, the obtained nondominated designs reveal the trade-off between the two design objectives of the simultaneous structure design optimization problem of multiple car models.","","978-1-5386-2726-6","10.1109/SSCI.2017.8285350","","https://ieeexplore.ieee.org/stamp/stamp.jsp?arnumber=8285350","Car structure design;multiobjective design optimization;supercomputing","Automobiles;Design optimization;Vehicle crash testing;Design tools;Computational modeling;Minimization;Software","","24","","8","IEEE","8 Feb 2018","","","IEEE","IEEE Conferences"
"The Impact of Agile Software Development Process on the Quality of Software Product","P. Jain; A. Sharma; L. Ahuja","AIIT, Amity University, Noida, India; IT, IGDTUW, Delhi, India; AIIT, Amity University, Noida, India","2018 7th International Conference on Reliability, Infocom Technologies and Optimization (Trends and Future Directions) (ICRITO)","1 Jul 2019","2018","","","812","815","Developing a quality software product is an essential need for the software industry. Focusing on product's quality allows software users to adapt the product more easily and efficiently. Quality plays a vital role for the software users. It is a confirmation of all the requirements according to customer satisfaction. So, it's important to define a proper software development process that leads to a quality software product. Agile being one of the quickest methodologies for software development, allows the quality product to be delivered to the customer side. The objective of this paper is to discuss the impact of Agile Software Development Process (ASDP) on quality of software product by defining the mapping between agile software development process and various quality attributes. The paper presents an overall importance of software development process for a quality product.","","978-1-5386-4692-2","10.1109/ICRITO.2018.8748529","","https://ieeexplore.ieee.org/stamp/stamp.jsp?arnumber=8748529","Agile Software Development Process;Software Quality;Software Requirement Analysis;Software Design;Software Implementation;Software Testing;Software Maintainability","Agile software development;Software quality;Quality assessment;Product design;Software reliability","","30","","24","IEEE","1 Jul 2019","","","IEEE","IEEE Conferences"
"Software Testing Resource Allocation Algorithm based on Improved Evolutionary Algorithm","Y. Wang","The Logistics Group Of Beijing Jiaotong University, Beijing Jiaotong University, Beijing, China",2023 8th International Conference on Communication and Electronics Systems (ICCES),"1 Aug 2023","2023","","","674","678","Previous studies on software systems mostly focus on static models without fully considering dynamic changes. Aiming at the problem of the insufficient testing resources in the early stage, we proposed a software testing resource algorithm based on improved evolutionary algorithm. In the designed model, the multi-objective algorithm is constructed, the execution of the multi-objective optimization algorithm also needs to first establish the reliability model of the many-core software, and estimate the parameters of the reliability model from the failure data. In addition, it is necessary to establish a test cost model and determine its related parameters. At the same time, this paper chooses throughput, delay and packet loss rate as the performance measurement indicators of virtualized network functions and virtualized network function service chains. Through the test of controling the iteration times, the performance of the proposed model is tested.","","979-8-3503-9663-8","10.1109/ICCES57224.2023.10192849","","https://ieeexplore.ieee.org/stamp/stamp.jsp?arnumber=10192849","Evolutionary Algorithm;Software Testing;Resource Allocation Algorithm;System Optimization","Software testing;Heuristic algorithms;Software algorithms;Evolutionary computation;Software systems;Reliability engineering;Data models","","","","18","IEEE","1 Aug 2023","","","IEEE","IEEE Conferences"
"Component-based Engineering of Web User Interface Designs for Evolutionary Optimization","M. Bakaev; V. Khvorostov","Automated Control Systems department, Novosibirsk State Technical University, Novosibirsk, Russia; Automated Control Systems department, Novosibirsk State Technical University, Novosibirsk, Russia","2018 19th IEEE/ACIS International Conference on Software Engineering, Artificial Intelligence, Networking and Parallel/Distributed Computing (SNPD)","23 Aug 2018","2018","","","335","340","Component-based approach has proved its effectiveness in modern web engineering, where programmers increasingly rely on web development frameworks. In front-end web development parts of available solutions cannot be reused directly, due to technical and legal obstacles, so we propose a specific process to generate web user interfaces (WUI) designs from configurable components. The similarity between the generated designs and the exemplary high-quality solutions retrieved from case base is then optimized within the evolutionary algorithm. In our current paper we designate the structure of the components and justify the employment of Drupal as the organizational framework. We also describe the implementation details, including the two supplemental software tools that we developed: 1) web intelligence miner that collects website-related data from linked open data sources and 2) web UI screenshot analyzer that converts it into semantic-spatial representation in JSON format. Finally, we specify the new solutions generation algorithm, per the three WUI dimensions: functionality, layout and visual appearance.","","978-1-5386-5889-5","10.1109/SNPD.2018.8441135","","https://ieeexplore.ieee.org/stamp/stamp.jsp?arnumber=8441135","software components;user interface design;web engineering;case-based reasoning;evolutionary algorithms","Task analysis;User interfaces;Web design;Software tools;Visualization;Software engineering","","4","","15","IEEE","23 Aug 2018","","","IEEE","IEEE Conferences"
"Research on Product Innovation Design Method Based on User Requirements and Technology Evolution","M. Li; Y. Wang; T. Zhao","South China University of Technology, Guangzhou, China; South China University of Technology, Guangzhou, China; South China University of Technology, Guangzhou, China",2024 5th International Conference on Intelligent Design (ICID),"13 Jun 2025","2024","","","536","540","In order to optimize the systematic technological evolution and innovation process of products, respond to the constantly changing user demands, and combine the evolution trend of technological systems, a data-driven product innovation design method that integrates user demands and technological evolution is proposed. This research focuses on user demands, conducts quantitative analysis of the demands, and builds a systematic technological evolution method of products relying on product evolution strategies (simplification, substitution, addition, and transition). This research adopts flood disaster emergency rescue equipment to conduct case verification of this method, obtains a good scheme and conducts design deepening. This method can effectively meet user demands, output product innovation schemes, provide enterprises with a more complete theoretical basis for innovative design, and foresee the future development opportunities of products.","","979-8-3315-4149-1","10.1109/ICID64166.2024.11024575","","https://ieeexplore.ieee.org/stamp/stamp.jsp?arnumber=11024575","innovative design;technology evolution;user requirements;evolution strategy","Technological innovation;Systematics;Statistical analysis;Design methodology;Disasters;Market research;Systems engineering and theory;Software;Floods;Faces","","","","13","IEEE","13 Jun 2025","","","IEEE","IEEE Conferences"
"Evolutionary Neural Architecture Design of Liquid State Machine for Image Classification","C. Tang; J. Ji; Q. Lin; Y. Zhou","Faculty of Engineering, University of Toyama, Toyama-shi, Japan; College of Computer Science and Software Engineering, Shenzhen University, Shenzhen, China; College of Computer Science and Software Engineering, Shenzhen University, Shenzhen, China; State Key Laboratory of Synthetical Automation for Process Industry, Northeastern University, Shenyang, China","ICASSP 2022 - 2022 IEEE International Conference on Acoustics, Speech and Signal Processing (ICASSP)","27 Apr 2022","2022","","","91","95","As a recurrent spiking neural network, liquid state machine (LSM) has attracted more and more attention in neuromorphic computing due to its biological plausibility, computation power, and hardware implementation. However, the neural architecture of LSM, such as hidden neuron number, synaptic density, percentage connectivity, and connection state, has significant impact on its model performance. Manually defining a neural architecture will be ineffective and laborious in most cases. Therefore, based on a state-of-the-art differential evolution algorithm, an evolutionary neural architecture design methodology is proposed to automatically build suitable model topologies for LSM in this study, without any prior knowledge. The effectiveness of the proposed method has been validated on commonly-used image classification tasks.","2379-190X","978-1-6654-0540-9","10.1109/ICASSP43922.2022.9747040","","https://ieeexplore.ieee.org/stamp/stamp.jsp?arnumber=9747040","spiking neural network;liquid state machine;neural architecture;evolutionary algorithm;classification","Liquids;Design methodology;Neurons;Signal processing algorithms;Computer architecture;Evolutionary computation;Reservoirs","","3","","20","IEEE","27 Apr 2022","","","IEEE","IEEE Conferences"
"The applications of jumping genes inspired evolutionary algorithms in microwave circuit designs","S. Y. Zheng","Sun Yat-sen University, Guangzhou, China",2017 International Applied Computational Electromagnetics Society Symposium (ACES),"28 Sep 2017","2017","","","1","2","The optimization of a microwave circuit is a complex multi-objective problem (MOP) needed to be effectively solved. Multi-objective evolution algorithms (MOEAs) are efficient in dealing with MOPs because of their population property inspired by the natural evolution of species. Exploitation and exploration are of equal importance to MOEAs for approximating the optimal Pareto front (PF) well. However, most of them are focus on exploitation, and may result in poor diversity or stick at local optimal front. Jumping genes operator (JG) inspired from a biological discovery was introduced in different evolutionary algorithms to maintain the balance between in convergence and diversity. In this paper, the principle, applications and future directions for jumping genes inspired evolutionary algorithm are summarized.","","978-0-9960-0785-6","","","https://ieeexplore.ieee.org/stamp/stamp.jsp?arnumber=8051882","Evolutionary algorithm;jumping genes;optimization;microwave circuits","Sociology;Statistics;Evolutionary computation;Microwave circuits;Optimization;Biological cells;Algorithm design and analysis","","","","8","","28 Sep 2017","","","IEEE","IEEE Conferences"
"Impact of Human-Centered Design Process (HCDP) on Software Development Process","T. Farooqui; T. Rana; F. Jafari","Dept. of Computer Software Engineering, Military College of Signals (NUST), Islamabad, Pakistan; Dept. of Computer Software Engineering, Military College of Signals (NUST), Islamabad, Pakistan; Dept. of Computer Science, Fatima Jinnah Women University, Rawalpindi, Pakistan","2019 2nd International Conference on Communication, Computing and Digital systems (C-CODE)","4 Apr 2019","2019","","","110","114","Human centered design involves human perspective at every stage of the development process. This paper encompasses the impact of applying human-centered design process (HCDP) to the software development process (SDP). Applying human centered design process to the software development process needs to focus on human factors involved to enhance the usability and for effective user experience. This research focuses on achieving high usability and user experience by improving and applying the human centered design activities on the software development process. For this purpose we proposed our HCD model and a PSC (People using Software in a Context) analysis for achieving the good user experience and integrate it with the human centered design process to ensure high usability. This research will investigate on how applying HCDP influence software development process in order to improve usability and the quality of user experience. We have developed a simple calculator application to see the impact of applying our HCD model to SDP and identify issues with and without following our proposed HCD model. Results revealed that proposed HCD model is good to answer the issues identified in the conventional software development process.","","978-1-5386-9609-5","10.1109/C-CODE.2019.8680978","","https://ieeexplore.ieee.org/stamp/stamp.jsp?arnumber=8680978","Human Centered Design;Software Development Process;Usability;User experience","Usability;User experience;Calculators;Human factors;Testing;Digital systems","","16","","13","IEEE","4 Apr 2019","","","IEEE","IEEE Conferences"
"An Evolutionary Algorithm Using Multi-Strategy Combination for Single Objective Optimization Problem","J. Chen; J. Chen; H. Min","Guangzhou Key Laboratory of Robotics and Intelligent Software, South China University of Technology, Guangzhou, China; Guangzhou Key Laboratory of Robotics and Intelligent Software, South China University of Technology, Guangzhou, China; Guangzhou Key Laboratory of Robotics and Intelligent Software, South China University of Technology, Guangzhou, China",2017 IEEE International Conference on Computational Science and Engineering (CSE) and IEEE International Conference on Embedded and Ubiquitous Computing (EUC),"10 Aug 2017","2017","1","","655","658","In this paper, an evolutionary algorithm using multi-strategy combination is proposed to solve single objective optimization problem. The algorithm is based on the combination of multi-operator evolutionary algorithms, which uses three evolutionary algorithms, each with multiple search operators, to search global optimum. In order to propose a more efficient search algorithm, interior point method is used to optimize the evolutionary process. The proposed algorithm was tested on the CEC-2014 benchmark, whose experimental results were presented to discuss the features of the proposed algorithm, which showed that the proposed algorithm had efficient iteration and ability to reach good solutions for most problems.","","978-1-5386-3221-5","10.1109/CSE-EUC.2017.123","","https://ieeexplore.ieee.org/stamp/stamp.jsp?arnumber=8005875","single objective optimization;multi-strategy;interior point method;evolutionary algorithm","Optimization;Evolutionary computation;Sociology;Statistics;Algorithm design and analysis;Indium phosphide;III-V semiconductor materials","","1","","9","IEEE","10 Aug 2017","","","IEEE","IEEE Conferences"
"Construction of Sponge City Optimization Design Model Based on High-Dimensional Multi-Objective Evolutionary Algorithm","R. Nie; Y. Li","Shandong Vocational College of Light Industry Zibo, Zibo, Shandong, China; Shandong Vocational College of Light Industry Zibo, Zibo, Shandong, China","2024 First International Conference on Software, Systems and Information Technology (SSITCON)","20 Dec 2024","2024","","","1","5","Building the concept of sponge cities to address flood and water management challenges in urban development and improve the ecological environment. The design and construction of sponge cities is a multi-objective complex optimization problem that involves significant trade-offs since multiple factors need to be accounted for. In this study, we construct a sponge city optimal design model for multi-objective optimization based on NSGA-II algorithm considering rainwater utilization, flood risk and ecological environment as the key indicators. The framework finds a set of non-inferior solutions through NSGA-II algorithm that trades off among these competing objectives. The different solutions provided by the framework can be selected based on one’s needs and context, but the method of this study presents a very significant step forward from a decision-making perspective. This study demonstrates once more how this algorithm has a good potential related to searching for optimal decision solutions in multi-objective optimization.","","979-8-3503-5293-1","10.1109/SSITCON62437.2024.10796367","","https://ieeexplore.ieee.org/stamp/stamp.jsp?arnumber=10796367","sponge city optimal design;high level multi-objective evolutionary optimization algorithm;NSGA-II;MOEA/D","Biological system modeling;Optimization models;Urban areas;Software algorithms;Software systems;Search problems;Floods;Sustainable development;Information technology;Optimization","","","","20","IEEE","20 Dec 2024","","","IEEE","IEEE Conferences"
"The Impact of Software Development Process on Software Quality: A Review","B. Singh; S. Gautam","ICT Research Lab, University of Lucknow, Lucknow, India; ICT Research Lab, University of Lucknow, Lucknow, India",2016 8th International Conference on Computational Intelligence and Communication Networks (CICN),"26 Oct 2017","2016","","","666","672","Quality of software products depends upon various phase of software development process. Process of software development is used to create and achieve quality in software products. Software development process uses four main phases which have its own importance for development. Software quality is a conformance to requirements which is divided into functional and non-functional requirements. The objective of this paper is to present a review on the impact of software development process on software quality. In this paper various quality attributes have been considered during analysis of development process to see the impact on software quality. During analysis we observe that software architecture is more important phase than other phase because it provides abstract representation of overall structure of software.","2472-7555","978-1-5090-1144-5","10.1109/CICN.2016.137","","https://ieeexplore.ieee.org/stamp/stamp.jsp?arnumber=8082729","software development process;software quality;software requirement;software design;software coding/implementation;software testing","Software quality;Software design;Software reliability;Software architecture;Unified modeling language","","10","","78","IEEE","26 Oct 2017","","","IEEE","IEEE Conferences"
"ISO/IEC/IEEE International Standard - Systems and software engineering — Developing information for users in an agile environment","",,ISO/IEC/IEEE 26515:2018(E),"20 Dec 2018","2018","","","1","32","This document provides requirements and guidance to information developers and related roles on how to adapt the processes described in the ISO/IEC/IEEE 265NN family of International Standards to develop quality information for users. This document is independent of the agile development methods and tools that are used to produce the software. This document gives an overview of agile methodologies although it neither encourages nor discourages the use of any particular agile methodology. Therefore, this document uses generic agile terminology as much as possible.","","978-1-5044-5297-7","10.1109/IEEESTD.2018.8584455","","https://ieeexplore.ieee.org/stamp/stamp.jsp?arnumber=8584455","","IEEE Standards;ISO Standards;IEC Standards;Software engineering;Systems engineering and theory;Agile software development","","1","","","","20 Dec 2018","","","IEEE","IEEE Standards"
"Innovative Evolutionary Algorithm for the Design and Optimization of Meta-material Absorbers in the Solar Spectrum","A. I. Abeg; A. Khaleque; A. B. M. A. Hossain; E. H. Likhon","Dept. of Electrical & Electronic Engineering, Rajshahi University of Engineering & Technology, Rajshahi, Bangladesh; Dept. of Electrical & Electronic Engineering, Rajshahi University of Engineering & Technology, Rajshahi, Bangladesh; Dept. of Electrical & Electronic Engineering, Rajshahi University of Engineering & Technology, Rajshahi, Bangladesh; Dept. of Electrical & Electronic Engineering, Rajshahi University of Engineering & Technology, Rajshahi, Bangladesh",2023 IEEE International Conference on Telecommunications and Photonics (ICTP),"11 Apr 2024","2023","","","1","5","Efficiently capturing photons from the solar spec-trum is crucial for effective solar energy harvesting. To enhance photon absorption, there has been a growing interest in meta-material absorbers in recent years. Yet, designing and selecting parameters for these absorbers remains challenging due to their complex multi-physics properties. In this article, a new technique for designing meta-material absorber is studied using an interlink of simulation and optimization algorithm. Comsol Multiphysics software is used to simulate a metal-insulator-metal structure (Ni-SiO2-Ni in this case) to calculate average absorbance in solar spectrum of 200 - 2000 nm. A new innovative evolutionary algorithm is proposed to use this average absorbance as objective function for optimizing design parameters of the metamaterials more efficiently and reliably. A database is introduced in the algorithm to minimize the execution time. The proposed algorithm requires negligible simulation time compared to the traditional trial and error method and has improved initial average absorbance from 89.1% to 93.36%. Further analysis reveals that, on average, there is an absorbance of 92.37% in the ultraviolet range, 98.03% in the visible band, and 94.29% in the near-infrared range, with a peak absorption of 99.99% occurring at a wavelength of 650 nm. In addition, the proposed broad-band solar absorber presented in this work, can be used in optimizing the design of meta-materials for other applications with multiple objectives.","2836-2985","979-8-3503-9347-7","10.1109/ICTP60248.2023.10490552","","https://ieeexplore.ieee.org/stamp/stamp.jsp?arnumber=10490552","solar spectrum;metamaterial absorber;innovative evolutionary algorithm;optimization","Absorption;Databases;Solar energy;Evolutionary computation;Approximation algorithms;Reliability engineering;Telecommunications","","1","","27","IEEE","11 Apr 2024","","","IEEE","IEEE Conferences"
"Automatic Component-Wise Design of Multiobjective Evolutionary Algorithms","L. C. T. Bezerra; M. López-Ibáñez; T. Stützle","IRIDIA Laboratory, CoDE, Université Libre de Bruxelles, Brussels, Belgium; IRIDIA Laboratory, CoDE, Université Libre de Bruxelles, Brussels, Belgium; IRIDIA Laboratory, CoDE, Université Libre de Bruxelles, Brussels, Belgium",IEEE Transactions on Evolutionary Computation,"26 May 2016","2016","20","3","403","417","Multiobjective evolutionary algorithms (MOEAs) are typically proposed, studied, and applied as monolithic blocks with a few numerical parameters that need to be set. Few works have studied how the algorithmic components of these evolutionary algorithms can be classified and combined to produce new algorithmic designs. The motivation for studies of this latter type stem from the development of flexible software frameworks and the usage of automatic algorithm configuration methods to find novel algorithm designs. In this paper, we propose anMOEA template and a new conceptual view of its components that surpasses existing frameworks in both number of algorithms that can be instantiated from the template and flexibility to produce novel algorithmic designs. We empirically demonstrate the flexibility of our proposed framework by automatically designing MOEAs for continuous and combinatorial optimization problems. The automatically designed algorithms are often able to outperform six traditional MOEAs from the literature, even after tuning their numerical parameters.","1941-0026","","10.1109/TEVC.2015.2474158","COMEX Project (P7/36) within the Interuniversity Attraction Poles Programme of the Belgian Science Policy Office; Belgian F.R.S.-FNRS; ","https://ieeexplore.ieee.org/stamp/stamp.jsp?arnumber=7226795","Multiobjective optimization;permutation flowshop problem;automatic algorithm configuration;Automatic algorithm configuration;evolutionary algorithms;multiobjective optimization;permutation flow shop problem (PFSP)","Algorithm design and analysis;Sociology;Statistics;Measurement;Software algorithms;Evolutionary computation;Proposals","","81","","44","IEEE","27 Aug 2015","","","IEEE","IEEE Journals"
"Integrating User Experience into Agile : An Experience Report on Lean UX and Scrum","M. M. Alhammad; A. M. Moreno","Department of Software Engineering, King Saud University, Riyadh, Saudi Arabia; School of Computer Science Universidad Politécnica de Madrid, Madrid, Spain",2022 IEEE/ACM 44th International Conference on Software Engineering: Software Engineering Education and Training (ICSE-SEET),"13 Jun 2022","2022","","","146","157","The integration of Agile development and user experience (UX) has received significant attention over the past decade. The literature contains several process models and wide-ranging discussion about the benefits and challenges of this integration. However, academia has given this integration short shrift. In fact, there are very few publications covering educational courses dealing with Agile development and UX. In this paper, we report on our experience of designing and running a graduate software engineering course that covers the integration of Lean UX into Scrum and employs gamification to improve student engagement. We identified six lessons learned that new point to important aspects to be considered when integrating Agile development and UX in academia. For example, we discuss the complexity of managing Lean UX activities in short sprints or how the design of a testable and tactical hypothesis can be one of the most challenging aspects of the Lean UX process.","","978-1-6654-9592-9","10.1145/3510456.3514156","","https://ieeexplore.ieee.org/stamp/stamp.jsp?arnumber=9794220","Software and its engineering → Software creation and management → Software development process management → Software development methods → Agile software development;Human-centered computing → Interaction design → Interaction design process and methods → User centered design;Human-centered computing → Interaction design → Interaction design theory;concepts and paradigms","Training;Industries;Design methodology;Software;User experience;Educational courses;Complexity theory","","1","","42","","13 Jun 2022","","","IEEE","IEEE Conferences"
"Refactoring Microservices to Microservices in Support of Evolutionary Design","C. Zhong; S. Li; H. Zhang; H. Huang; L. Yang; Y. Cai","State Key Laboratory for Novel Software Technology, Nanjing University, Nanjing, China; State Key Laboratory for Novel Software Technology, Nanjing University, Nanjing, China; State Key Laboratory for Novel Software Technology, Nanjing University, Nanjing, China; State Grid Nanjing Power Supply Company, Nanjing, China; State Key Laboratory for Novel Software Technology, Nanjing University, Nanjing, China; Drexel University, Philadelphia, PA, USA",IEEE Transactions on Software Engineering,"13 Feb 2025","2025","51","2","484","502","Evolutionary design is a widely accepted practice for defining microservice boundaries. It is performed through a sequence of incremental refactoring tasks (we call it “microservice refactoring”), each restructuring only part of a microservice system (a.k.a., refactoring part) into well-defined services for improving the architecture in a controlled manner. Despite its popularity in practice, microservice refactoring suffers from insufficient methodological support. While there are numerous studies addressing similar software design tasks, i.e., software remodularization and microservitization, their approaches prove inadequate when applied to microservice refactoring. Our analysis reveals that their approaches may even degrade the entire architecture in microservice refactoring, as they only optimize the refactoring part in such applications, but neglect the relationships between the refactoring part and the remaining system. As the first response to the need, Micro2Micro is proposed to re-partition the refactoring part while optimizing three quality objectives including the interdependence between the refactoring and non-refactoring parts. In addition, it allows architects to intervene in the decision-making process by interactively incorporating their knowledge into the iterative search for optimal refactoring solutions. An empirical study on 13 open-source projects of different sizes shows that the solutions from Micro2Micro perform well and exhibit quality improvement with an average up to 45% to the original architecture. Users of Micro2Micro found the suggested solutions highly satisfactory. They acknowledge the advantages in terms of infusing human intelligence into decisions, providing immediate quality feedback, and quick exploration capability.","1939-3520","","10.1109/TSE.2024.3523487","Key Research and Development Program of Jiangsu Province(grant numbers:BE2021002-2); National Natural Science Foundation of China(grant numbers:62302210,62072227,62202219); Natural Science Foundation of Jiangsu Province(grant numbers:BK20241195); Innovation Projects and Overseas Open Projects of State Key Laboratory for Novel Software Technology, Nanjing University(grant numbers:ZZKT2024A18,ZZKT2024B07,KFKT2023A09,KFKT2023A10,KFKT2024A02,KFKT2024A13,KFKT2024A14); ","https://ieeexplore.ieee.org/stamp/stamp.jsp?arnumber=10818697","Microservice boundaries;evolutionary design;architecture refactoring","Microservice architectures;Computer architecture;Software;Human intelligence;Optimization;Software design;Object recognition;Maintenance;Companies;Codes","","1","","87","IEEE","31 Dec 2024","","","IEEE","IEEE Journals"
"A Hybrid Evolutionary Algorithm Based on Dominated Clustering for Constrained Bi-Objective Optimization Problems","L. Fan; Y. Liang; X. Liu; X. Gu","Institute of Software Engineering, Xi'an, China; Institute of Software Engineering, Xi'an, China; Institute of Software Engineering, Xi'an, China; School of Software Xidian University, Xi'an, China",2016 12th International Conference on Computational Intelligence and Security (CIS),"19 Jan 2017","2016","","","543","546","Constrained optimization problems are with great difficulties to be solved for the complex influences of their constraints. However, many crossover operators in the constrained evolutionary algorithms have a disadvantage on bias search of the boundary. A novel uniform design based crossover operator coupled with a new space searching strategy aiming to overcome this disadvantage are proposed in this paper. Based on this, a hybrid evolutionary algorithm with domination clustering is constructed to solve constrained multiobjective optimization problems. Experiments on 13 benchmarks are made, and the results are conpared with existing algorithms to demonstrate the effectiveness and positiveness of the proposed algorithm.","","978-1-5090-4840-3","10.1109/CIS.2016.0132","","https://ieeexplore.ieee.org/stamp/stamp.jsp?arnumber=7820523","hybrid evolutionary algorithm;dominated clustering;constrained multiobjective optimization;hybrid crossover","Evolutionary computation;Clustering algorithms;Optimized production technology;Benchmark testing;Clustering methods;Sociology","","1","","17","IEEE","19 Jan 2017","","","IEEE","IEEE Conferences"
"IEEE Approved Draft Standard for System, Software and Hardware Verification and Validation","",,"IEEE P1012/D17, August 2015","3 Sep 2015","2015","","","1","262","Verification and validation (V&V) processes are used to determine whether the development products of a given activity conform to the requirements of that activity and whether the product satisfies its intended use and user needs. V&V life cycle process requirements are specified for different integrity levels. The scope of V&V processes encompasses systems, software, and hardware, and it includes their interfaces. This standard applies to systems, software, and hardware being developed, maintained, or reused (legacy, commercial off-the-shelf [COTS], non-developmental items). The term software also includes firmware and microcode, and each of the terms system, software, and hardware includes documentation. V&V processes include the analysis, evaluation, review, inspection, assessment, and testing of products.","","978-0-7381-9934-4","","","https://ieeexplore.ieee.org/stamp/stamp.jsp?arnumber=7240184","acceptance testing;architecture evaluation;component testing;concept documentation evaluation;criticality;criticality analysis;design evaluation;disposal plan evaluation;environmental verification and validation (V&V) factors;hardware life cycle;hardware V&V;hardware verification and validation;hazard analysis;IEEE 1012;implementation evaluation;independent verification and validation (IV&V);integration testing;integrity level;interface analysis;IV&V;minimum V&V tasks;nth of a kind;objective evidence;operating procedure evaluation;qualification testing;quality assurance;regression analysis;regression testing;requirements allocation analysis;requirements evaluation;reuse software;risk analysis;security analysis;software life cycle;software quality assurance (SQA);software V&V;software verification and validation;source code documentation evaluation;source code evaluation;SQA;stakeholder needs and requirements evaluation;system element interaction analysis;system life cycle;system maintenance strategy assessment;system of interest;system requirements evaluation;system V&V;system verification and validation;testing;traceability analysis;V&V;V&V measures;validation;verification","IEEE Standards;Software;Hardware;Patents;Testing;Licenses","","","","","","3 Sep 2015","","","IEEE","IEEE Standards"
"A Machine Learning Enhanced Evolutionary Algorithm for Antenna Design","K. Fu; K. W. Leung","Department of Electrical Engineering, State Key Laboratory of Terahertz and Millimeter Waves, City University of Hong Kong, Hong Kong SAR, China; Department of Electrical Engineering, State Key Laboratory of Terahertz and Millimeter Waves, City University of Hong Kong, Hong Kong SAR, China",2023 IEEE Conference on Antenna Measurements and Applications (CAMA),"19 Dec 2023","2023","","","50","53","Antenna optimization based on traditional algorithms is always computationally expensive, because it is inevitable to conduct many full-wave simulations during the iterative process. Machine learning (ML) can reduce the computation budget during the optimization, but it requires a large dataset for training. This paper proposes a novel algorithm that combines ML with evolutionary algorithm to achieve efficient antenna synthesis. A synthesis experiment on a wide-band dielectric resonator antenna is conducted, and results show that the proposed algorithm can greatly improve the optimization efficiency compared with traditional optimization methods. The proposed algorithm can also be applied to other types of antenna synthesis problems. This work demonstrates the potential of the ML-enhanced evolutionary algorithm for efficient antenna designs and optimizations.","2643-6795","979-8-3503-2304-7","10.1109/CAMA57522.2023.10352720","City University of Hong Kong; Innovation Fund; ","https://ieeexplore.ieee.org/stamp/stamp.jsp?arnumber=10352720","Antenna optimization;dielectric resonator antennas;radial basis function network;particle swarm optimization;surrogate assisted evolutionary algorithm","Antenna measurements;Training;Machine learning algorithms;Radial basis function networks;Evolutionary computation;Machine learning;Dielectric resonator antennas","","1","","11","IEEE","19 Dec 2023","","","IEEE","IEEE Conferences"
"ISO/IEC/IEEE Approved Draft International Standard - Systems and Software Engineering -- Developing Information for Users in an Agile Environment","",,"ISO/IEC/IEEE P26515 FDIS, May 2018","25 Oct 2018","2018","","","1","33","","","978-1-5044-5266-3","","","https://ieeexplore.ieee.org/stamp/stamp.jsp?arnumber=8509665","","IEEE Standards;Software engineering;Systems engineering and theory","","","","","","25 Oct 2018","","","IEEE","IEEE Standards"
"A Structured Approach to Accessibility in Software Development Lifecycle","M. H. Saju; S. Alwidian; P. Mazumder; A. Azim","Faculty of Engineering and Applied Science, Ontario Tech University, Oshawa, Canada; Faculty of Engineering and Applied Science, Ontario Tech University, Oshawa, Canada; Faculty of Engineering and Applied Science, Ontario Tech University, Oshawa, Canada; Faculty of Engineering and Applied Science, Ontario Tech University, Oshawa, Canada",2025 IEEE/ACM International Workshop on Designing Software (Designing),"16 Jun 2025","2025","","","39","46","Accessibility is a fundamental aspect of designing and developing systems that are inclusive and usable by individuals of all abilities. Despite its importance, accessibility often receives insufficient attention during the development process, primarily due to the pressures of tight deadlines and early-stage design constraints. While existing literature largely focuses on the technical implementation of accessibility features, there is limited emphasis on enforcing accessibility as a core principle from the outset. Additionally, misconceptions persist about potential trade-offs in user experience when designing inclusive systems from the beginning. This research explores the premise that inclusive design does not compromise user experience when integrated from the initial stages of development. Through hypothesis testing, we demonstrate that systems designed with accessibility in mind deliver comparable user experiences to those developed without such considerations. We incorporated a color-blind friendly theme as an accessibility feature for the experiment. Furthermore, by surveying software engineers and analyzing their feedback, we identify practical strategies for embedding accessibility into the software development lifecycle. These include introducing fixed story points on accessibility features(color-blind friendly theme for our experiment) during the requirements phase, integrating personas of disabled people into the design and specification processes, and maintaining dedicated repositories for reusable back-end and front-end components. Our findings establish a clear framework for systematically ensuring accessibility, thereby fostering the creation of inclusive systems without adding unnecessary complexity or compromising quality.","","979-8-3315-1491-4","10.1109/Designing66910.2025.00014","","https://ieeexplore.ieee.org/stamp/stamp.jsp?arnumber=11029528","accessibility;persona;hypothesis testing;sprint point;reusability","Surveys;Systematics;User experience;Software;Interviews;Usability;Vision defects;System analysis and design;Software development management;Testing","","","","22","IEEE","16 Jun 2025","","","IEEE","IEEE Conferences"
"Using Evolutionary Diversity to Identify Problematic Software Parameters","E. W. Fulp; H. D. Gage; M. R. McNiece","Department of Computer Science, Wake Forest University, Winston-Salem, NC, USA; Department of Computer Science, Wake Forest University, Winston-Salem, NC, USA; Department of Computer Science, Wake Forest University, Winston-Salem, NC, USA",2017 IEEE Security and Privacy Workshops (SPW),"21 Dec 2017","2017","","","35","40","Many computer performance and security issues can be attributed to poor software configuration settings (misconfigurations). However, finding and resolving errors is complicated by the number of parameters to set and the complexity (unsuspected interdependencies) of these configurations. This problem only becomes more difficult as software systems become more integrated and complex. This paper introduces an evolutionary technique to identify and resolve parameter errors found in software configurations. The approach discovers characteristics of correct and incorrect parameter settings by comparing and contrasting a set of configurations. The composition of the configuration set is important and must contain sufficient information to identify and resolve the errors. Given the difficulty of forming this set, an evolutionary algorithm is used to discover configurations that have these characteristics. The effectiveness of this approach is analyzed experimentally through a study of various configurations with various security issues. Experimental results indicate the approach is able to identify and determine secure parameter settings when confronted with a variety of simulated attacks.","","978-1-5386-1968-1","10.1109/SPW.2017.28","","https://ieeexplore.ieee.org/stamp/stamp.jsp?arnumber=8227288","software configuration;misconfiguration;computer security;automated management;genetic algorithm","Security;Biological cells;Evolutionary computation;Guidelines;Complexity theory;Operating systems","","1","","13","IEEE","21 Dec 2017","","","IEEE","IEEE Conferences"
"Effort estimation models using evolutionary learning algorithms for software development","G. Gabrani; N. Saini","Department of Computer Engineering, BML Munjal University, Gurgaon, India; Department of Computer Engineering, BML Munjal University, Gurgaon, India",2016 Symposium on Colossal Data Analysis and Networking (CDAN),"19 Sep 2016","2016","","","1","6","Software effort estimation is a complicated task being carried out by software developers as very little information is available to them in the early phases of software development. The information collected about various attributes of software needs to be subjective, which otherwise can lead to uncertainty. Inaccurate software effort estimation can be disastrous as both underestimation and overestimation may result in schedule overruns and incorrect estimation of budget. This paper focuses on the comparative study of various non-algorithmic techniques used for estimating the software effort by empirical evaluation of five different evolutionary learning algorithms. The accuracy of these algorithms is found out and the behavior of these algorithms is analyzed with respect to the size and the type of data. All the five techniques are applied on three different datasets and various paramenters such as MMRE, PRED(25), PRED(50), PRED(75) are calculated. The proposed results are compared to other machine learning methods like SVR, ANFIS etc. The results show that evolutionary learning algorithms give more accurate results than machine learning algorithms.","","978-1-5090-0669-4","10.1109/CDAN.2016.7570916","","https://ieeexplore.ieee.org/stamp/stamp.jsp?arnumber=7570916","Software Effort Estimation;Evolutionary Learning Algorithms;Machine Learning Algorithms;Mean Magnitude of the Relative Error MMRE;Percentage of Predictions(x) PRED(x)","Software;Estimation;Software algorithms;Prediction algorithms;Data models;Algorithm design and analysis;Machine learning algorithms","","8","","13","IEEE","19 Sep 2016","","","IEEE","IEEE Conferences"
"Towards Integrated Framework for Efficient Educational Software Development","A. K. Mbiada; B. Isong; F. Lugayizi; A. Abu-Mahfouz","Computer Science Dept, North-West University, Mafikeng, South Africa; Computer Science Dept, North-West University, Mafikeng, South Africa; Computer Science Dept, North-West University, Mafikeng, South Africa; Council for Scientific and Industrial Research (CSIR), Pretoria, South Africa","2023 IEEE/ACIS 21st International Conference on Software Engineering Research, Management and Applications (SERA)","3 Aug 2023","2023","","","53","60","This paper proposes a framework for creating educational software systems that effectively meet student engagement and pedagogical goals. While different design methodologies have been used in developing educational software, most fail to satisfy the demands of users, stakeholders, and students, making it difficult to incorporate them into daily activities and support optimal learning outcomes. The proposed framework combines important techniques in Scrum, dynamic system development methods, and instructional design models. It comprises seven key phases: initial, instructional orientation, analysis, design, production, integration and implementation, and evaluation. The framework aims to guide the creation of educational software that successfully satisfies teachers' and students' demands and can be easily incorporated into teaching and learning procedures. We present the proposed framework components and compare them with other existing related models. Implementing the framework is expected to improve teaching/ learning, reduce development costs and time.","2770-8209","979-8-3503-4588-9","10.1109/SERA57763.2023.10197734","","https://ieeexplore.ieee.org/stamp/stamp.jsp?arnumber=10197734","educational software design;agile methods;instructional design;teaching and learning","Design methodology;Education;Project management;Production;Software systems;Software;Teamwork","","2","","42","IEEE","3 Aug 2023","","","IEEE","IEEE Conferences"
"Optimal Linear Crossover for Mitigating Negative Transfer in Evolutionary Multitasking","Z. Liu; J. Yuan; H. Zhang; T. Zeng; Z. Zhu","Institute for Advanced Study, Shenzhen University, Shenzhen, China; College of Computer Science and Software Engineering, Shenzhen University, Shenzhen, China; School of Undergraduate Education, Shenzhen Polytechnic University, Shenzhen, China; National Engineering Laboratory for Big Data System Computing Technology, Shenzhen University, Shenzhen; National Engineering Laboratory for Big Data System Computing Technology, Shenzhen University, Shenzhen, China",IEEE Transactions on Evolutionary Computation,"","2024","PP","99","1","1","Evolutionary multitasking algorithms use information exchange among individuals in a population to solve multiple optimization problems simultaneously. Negative transfer is a critical factor that affects the performance of evolutionary multitasking algorithms. In this study, we propose an innovative approach to mitigate negative transfer in evolutionary multitasking algorithms. The proposed approach is grounded in rigorous theoretical analysis, which provides valuable theoretical insights into the design of an optimal linear crossover operator for mitigating negative transfer. By identifying interpretable conditions, we establish a solid theoretical foundation to prevent negative transfer in diverse scenarios. Building upon these findings, we theoretically derive a closed-form expression for the optimal crossover operator and propose practical design methods based on approximations. Furthermore, we integrate the proposed optimal crossover operator into a fundamental evolutionary multitasking algorithm framework. The resultant algorithm is comparable or superior to other state-of-the-art methods. Empirical validation through comprehensive experiments confirms the effectiveness of our theoretical findings.","1941-0026","","10.1109/TEVC.2024.3490174","National Key Research and Development Program of China(grant numbers:2022YFF1202104); Basic and Applied Basic Research Foundation of Guangdong Province(grant numbers:2024A1515011542); Guangdong Provincial Ordinary Universities Youth Innovative Talent Project (Natural Science)(grant numbers:2023KQNCX064); ","https://ieeexplore.ieee.org/stamp/stamp.jsp?arnumber=10742196","Evolutionary algorithms;multitask optimization;optimal crossover","Knowledge transfer;Optimization;Evolutionary computation;Multitasking;Machine learning algorithms;Costs;Approximation algorithms;Vectors;Service computing;Postal services","","","","","IEEE","4 Nov 2024","","","IEEE","IEEE Early Access Articles"
"ELFIEP: Evolutionary Lifecycle Framework for Industrial Engineering Practice : A Ten Year Journey of Requirements Inspection Systems Design Methodology (RISDM)","S. Saito; M. Aoyama","NTT Corporation, NTT Computer & Data Science Laboratories, Tokyo, Japan; Department of Software Engineering, Nanzan University, Nagoya, Japan",2021 IEEE 29th International Requirements Engineering Conference (RE),"18 Nov 2021","2021","","","356","366","This paper reflects on a decade-long journey into the industrial practices developed for requirements inspection in the Japanese software industry; it proposes an ELFIEP (Evolutionary Lifecycle Framework for Industrial Engineering Practice). We published two papers in RE’13 and RE’14. The first paper introduced the industrial practice of SRS (Software Requirements Specifications) inspection system of a software company. The system is a set of inspection items: inspection processes, techniques, and supporting tools. In the second paper, to encourage wider industrial adoption of requirements inspection systems, we proposed a methodology for designing requirements inspection systems. Called RISDM (Requirements Inspection System Design Methodology), it has been recognized by professional communities in Japan. A number of software companies have adopted the methodology, and are now operating their individual inspection systems. This paper provides a retrospect of the journey to RISDM. Learning from the journey, we propose ELFIEP as a generic framework for the evolution of engineering practice, and discuss insights gained from the journey and the framework.","2332-6441","978-1-6654-2856-9","10.1109/RE51729.2021.00039","","https://ieeexplore.ieee.org/stamp/stamp.jsp?arnumber=9604657","Design Methodology;Professional Community;Evolutionary Lifecycle;Framework","Industries;Design methodology;Conferences;Companies;Inspection;Industrial engineering;Tools","","","","25","IEEE","18 Nov 2021","","","IEEE","IEEE Conferences"
"Design of Antenna Rapid Optimization Platform Based on Intelligent Algorithms and Surrogate Models","F. Jin; J. Dong; M. Wang; S. Wang","School of Software Central South University, Changsha, China; School of Information Science and Engineering, Central South University, Changsha, China; School of Information Science and Engineering, Central South University, Changsha, China; School of Information Science and Engineering, Central South University, Changsha, China","2018 12th International Symposium on Antennas, Propagation and EM Theory (ISAPE)","7 Feb 2019","2018","","","1","4","Optimizers in electromagnetic (EM) simulation software are facing challenges in optimization efficiency, supported optimization types and optimization results usability. Aiming to fill these gaps, a new antenna design exploration scheme is proposed, called Antenna Rapid Optimization Platform (AROP). The scheme adopts ANSOFT HFSS and MATLAB co-simulation method and provides a friendly graphical interface based on the antenna optimization process. State-of-the-art intelligent optimization algorithms and surrogate model methods are embedded, addressing efficient multi-objective antenna optimization problems and generating Pareto optimal solution sets. Design results show that the surrogate models assisted by evolutionary algorithms built into AROP can largely improve optimization capacity for high-performance antenna synthesis and deal with complex antenna designs with high-dimensional parameter space.","","978-1-5386-7302-7","10.1109/ISAPE.2018.8634299","","https://ieeexplore.ieee.org/stamp/stamp.jsp?arnumber=8634299","antenna design;intelligent optimization algorithms;surrogate models;optimization simulation platform","Antennas;Optimization;Software algorithms;Software;Computational modeling;Matlab;Design methodology","","4","","15","IEEE","7 Feb 2019","","","IEEE","IEEE Conferences"
"Using Simulation and the NSGA-II Evolutionary Multi-Objective Algorithm in the Design of a Compact Dual-Band Equatorial Helix Antenna","J. Moreno; I. Gonzalez; D. Rodriguez","Dept of Computer Science, University of Alcala, Alcala de Henares, Madrid, Spain; Dept of Computer Science, University of Alcala, Alcala de Henares, Madrid, Spain; Dept of Computer Science, University of Alcala, Alcala de Henares, Madrid, Spain",2017 6th International Conference on Space Mission Challenges for Information Technology (SMC-IT),"21 Dec 2017","2017","","","56","60","The design of a Compact Dual-band Equatorial helix antenna is presented. These antennas are used for Telemetry, Tracking, and Control (TTC) of satellites from the terrain base station. A simulation-optimization process is presented, a simulation tool named MONURBS is linked with a well-known multi-objective algorithm (NSGA-II) in order to design and optimize the parameters of the antenna. The size of the antenna that fulfills radiation patterns needed for the communication are obtained using simulation together with a multi-objective algorithm. In this work, a comparison with previous designs and the antenna prototype are be presented showing that this approach can achive solutions expediting the process.","","978-1-5386-3462-2","10.1109/SMC-IT.2017.17","","https://ieeexplore.ieee.org/stamp/stamp.jsp?arnumber=8227540","Simulation optimisation;NSGA-II;Antenna Design","Antenna radiation patterns;Optimization;Computational modeling;Algorithm design and analysis;Helical antennas;Sociology","","4","","9","IEEE","21 Dec 2017","","","IEEE","IEEE Conferences"
"Interactive Genetic Algorithms in Intelligent Art and Graphic Design System","Q. Zhao","Department of Art Education, Jinan Early Childhood Normal College, Jinan, China","2024 3rd International Conference on Data Analytics, Computing and Artificial Intelligence (ICDACAI)","16 Jan 2025","2024","","","237","241","Computer art design is a new way of artistic creation that relies on computer science and technology and closely combines computers with art graphic design. On this basis, this article utilizes a new intelligent art graphic design system with high design efficiency. The system management function module in the intelligent art graphic design system includes creating new design works and managing system configurations. The size and materials of the work in the modeling function module can also be adjusted appropriately according to specific environments. By comparing interactive genetic algorithms (GA) with traditional GA, the advantages of interactive GA in improving design efficiency were studied. In the comparison of completion time between interactive GA and traditional method design, the first image has a completion time of 3.1 hours for interactive GA design and 4.9 hours for traditional method design. The interactive GA in this article can effectively improve the efficiency of art graphic design in intelligent art graphic design systems.","","979-8-3315-1903-2","10.1109/ICDACAI65086.2024.00050","","https://ieeexplore.ieee.org/stamp/stamp.jsp?arnumber=10835635","intelligent art graphic design system;interactive genetic algorithm;artwork modeling;design completion time;design efficiency","Graphics;Computer science;Art;Data analysis;Costs;Psychology;Fatigue;Data models;Genetic algorithms;Convergence","","","","14","IEEE","16 Jan 2025","","","IEEE","IEEE Conferences"
"Switch Analysis for Running Time Analysis of Evolutionary Algorithms","Y. Yu; C. Qian; Z. -H. Zhou","National Key Laboratory for Novel Software Technology, Nanjing University, Nanjing, China; National Key Laboratory for Novel Software Technology, Nanjing University, Nanjing, China; National Key Laboratory for Novel Software Technology, Nanjing University, Nanjing, China",IEEE Transactions on Evolutionary Computation,"25 Nov 2015","2015","19","6","777","792","Evolutionary algorithms (EAs) are a large family of heuristic optimization algorithms. They are problem independent and have been applied in various optimization problems. Thus, general analysis tools are especially appealing for guiding the analysis of EAs in various situations. This paper develops the switch analysis approach for running time analysis of EAs, revealing their average computational complexity. Unlike previous analysis approaches that analyze an algorithm from scratch, the switch analysis makes use of another well-analyzed algorithm and, by contrasting them, can lead to better results. We investigate the power of switch analysis by comparing it with two commonly used analysis approaches, the fitness level method and the drift analysis. We define the reducibility between two analysis approaches for comparing their power. By the reducibility relationship, it is revealed that both the fitness level method and the drift analysis are reducible to the switch analysis, as they are equivalent to specific configurations of the switch analysis. We further show that the switch analysis is not reducible to the fitness level method, and compare it with the drift analysis on a concrete analysis case (the discrete linear problem). The reducibility study might shed some light on the unified view of different running time analysis approaches.","1941-0026","","10.1109/TEVC.2014.2378891","National Natural Science Foundation of China(grant numbers:61375061,61333014); Jiangsu Science Foundation(grant numbers:BK2012303); Collaborative Innovation Center of Novel Software Technology and Industrialization; ","https://ieeexplore.ieee.org/stamp/stamp.jsp?arnumber=6980091","Evolutionary algorithms;running time complexity;analysis approaches;switch analysis;Analysis approaches;evolutionary algorithms (EAs);running time complexity;switch analysis","Markov processes;Switches;Sociology;Statistics;Algorithm design and analysis;Evolutionary computation;Heuristic algorithms","","35","","34","IEEE","9 Dec 2014","","","IEEE","IEEE Journals"
"Design guidelines for SaaS development process","S. Aleem; R. Batool; F. Ahmed; A. M. Khattak","College of Technological Innovation, Zayed University, Abu Dhabi, UAE; Department of Computing Sciences, Thompson Rivers University, Kamloops, BC, Canada; College of Technological Innovation, Zayed University, Abu Dhabi, UAE; College of Technological Innovation, Zayed University, Abu Dhabi, UAE","2018 IEEE 9th Annual Information Technology, Electronics and Mobile Communication Conference (IEMCON)","17 Jan 2019","2018","","","825","831","A novel and widespread business model in cloud computing is to provide on-demand software as a service (SaaS) over the Internet. The software runs on a server and the user access it through an Internet connection. A single application instance can be shared by multiple users which provide a cost-effective solution to SaaS providers. Varying requirements from multiple users increase complexity in SaaS application design. The success of SaaS depends on its design. SaaS is different than traditional web-based application, so traditional application design model cannot full fill many SaaS specific design requirements. This paper provides a better understanding of key design factors in SaaS development process which results in a successful SaaS product following an improved design process. This study identifies key design factors through literature review and provides guidelines for key design factors on the SaaS application development. Ultimately, it will be beneficial for SaaS developers to improve the SaaS application development process and have a positive impact on the final product.","","978-1-5386-7266-2","10.1109/IEMCON.2018.8614745","","https://ieeexplore.ieee.org/stamp/stamp.jsp?arnumber=8614745","SaaS Design guidelines;Domain Analysis Design patterns;Design for Parallelism;Design for Failure;QoS","Software as a service;Cloud computing;Parallel processing;Quality of service;Computer architecture;Guidelines","","1","","61","IEEE","17 Jan 2019","","","IEEE","IEEE Conferences"
"AppDOSI: An Application for Analyzing and Monitoring the Personal Software Process","N. Denwattana; A. Saengsai; E. Charoenchaimonkon","Software engineering program, Burapha University, Chonburi, Thailand; Information System Engineering, Research Laboratory, Burapha University, Chonburi, Thailand; Centre for Educational Technology, Ministry of Education, Bangkok, Thailand",2019 4th International Conference on Information Technology (InCIT),"28 Nov 2019","2019","","","280","283","The software quality can be achieved by the process improvement; software engineers aim to analyze and monitor the whole process of the development. This paper presents `AppDOSI', a web application that allows software engineers to manage and keep track of their work performance. The design of the application was in line with the principle of the Personal Software Process (PSP). The application has been used extensively in the Software Developing Camp and gained a positive feedback from software engineering undergraduates as well as their course instructors.","","978-1-7281-1019-6","10.1109/INCIT.2019.8911993","","https://ieeexplore.ieee.org/stamp/stamp.jsp?arnumber=8911993","personal software process;PROxy-Based estimating;tracking individual performance;software architectural design;PSP","Software;Tools;Monitoring;Software engineering;Probes;Software measurement;Information technology","","","","9","IEEE","28 Nov 2019","","","IEEE","IEEE Conferences"
"Toward Evolutionary Multitask Convolutional Neural Architecture Search","X. Zhou; Z. Wang; L. Feng; S. Liu; K. -C. Wong; K. C. Tan","Department of Computing, The Hong Kong Polytechnic University, Hong Kong, SAR, China; School of System Design and Intelligent Manufacturing and the Department of Computer Science and Engineering, Southern University of Science and Technology, Shenzhen, China; College of Computer Science, Chongqing University, Chongqing, China; College of Computer Science and Software Engineering, Shenzhen University, Shenzhen, China; Department of Computer Science, City University of Hong Kong, Hong Kong, China; Department of Computing, The Hong Kong Polytechnic University, Hong Kong, SAR, China",IEEE Transactions on Evolutionary Computation,"30 May 2024","2024","28","3","682","695","Evolutionary neural architecture search (ENAS) methods have been successfully used to design convolutional neural network (CNN) architectures automatically. These methods have achieved excellent performance in creating a specific neural architecture for a single task but are less efficient for multiple tasks. Existing ENAS frameworks always repeatedly perform the search from scratch for each task, even though these tasks may be solved by similar CNN architectures. This work presents an evolutionary multitask convolutional neural architecture search (MTNAS) framework to enable efficient architecture searches in multitask scenarios by incorporating architectural similarities. The proposed MTNAS constructs architectures for different tasks simultaneously by implementing a knowledgesharing mechanism among multiple search processes. Specifically, promising architectures found in one search process can be transferred and reused to generate high-quality architectures for others. Furthermore, we devise an adaptive strategy to dynamically adjust the frequency of knowledge transfer, aiming to alleviate the potential effect of negative transfer. Extensive experiments demonstrate that MTNAS can outperform stateof- the-art neural architecture search (NAS) methods or achieve comparable performance in different tasks but with  $2\times $  less search cost.","1941-0026","","10.1109/TEVC.2023.3348475","National Key Research and Development Program of China(grant numbers:2022YFC3801700); National Natural Science Foundation of China (NSFC)(grant numbers:U21A20512,62106096,62306180); Research Grants Council of the Hong Kong SAR(grant numbers:PolyU11211521,PolyU15218622,PolyU15215623); Hong Kong Polytechnic University(grant numbers:P0039734,P0035379); Shenzhen Technology Plan(grant numbers:JCYJ20220530113013031); Characteristic Innovation Project of Colleges and Universities in Guangdong Province(grant numbers:2022KTSCX110); ","https://ieeexplore.ieee.org/stamp/stamp.jsp?arnumber=10376463","Convolutional neural network (CNN);evolutionary multitask optimization (EMTO);evolutionary neural architecture search (ENAS);knowledge transfer","Multitasking;Knowledge transfer;Convolutional neural networks;Neural architecture search;Evolutionary computation;Computer vision","","15","","76","IEEE","29 Dec 2023","","","IEEE","IEEE Journals"
"Architectural Refactoring for Functional Properties in Evolutionary Architecture","N. Chondamrongkul; J. Sun","School of Information Technology, Mae Fah Luang University, Chiang Rai, Thailand; School of Computer Science, University of Auckland, Auckland, New Zealand",2022 IEEE 19th International Conference on Software Architecture (ICSA),"24 May 2022","2022","","","146","156","The evolutionary architecture supports software systems to make small functional changes frequently and reliably. With fitness functions defined, we can ensure that the architectural goals are met as the system evolves. However, some functionality changes cause architectural changes, which impact a large part of the software system. Therefore, we aim at ensuring that changes in the architectural design do not impact the existing functionalities, while new functionalities are incorporated into the new design. This paper proposes an approach to automate architectural design refactoring that supports changes in functionalities. Our approach applies formal modeling and verification to refactor and verify the evolution process of software systems. The proposed algorithms help to automatically refactor the design by referencing the given architecture design. With our appproach, the evolution process can be planned and formally verified to guarantee that the system can evolve safely to support functionality changes. We evaluated our approach with four real-world systems. The results show the effectiveness of our refactoring approach to support new functional properties.","","978-1-6654-1728-0","10.1109/ICSA53651.2022.00022","","https://ieeexplore.ieee.org/stamp/stamp.jsp?arnumber=9779700","Design Refactoring;Formal Method;Model Checking;Functional property;Evolutionary Architecture","Software architecture;Design methodology;Conferences;Software algorithms;Computer architecture;Model checking;Software systems","","1","","38","IEEE","24 May 2022","","","IEEE","IEEE Conferences"
"Semi-automatic object-oriented software design using metaheuristic algorithms","Z. Javidi; R. Akbari; O. Bushehrian","Department of Computer Engineering and IT, Shiraz University of Technology, Shiraz, Iran; Department of Computer Engineering and IT, Shiraz University of Technology, Shiraz, Iran; Department of Computer Engineering and IT, Shiraz University of Technology Shiraz, Iran",2017 2nd Conference on Swarm Intelligence and Evolutionary Computation (CSIEC),"8 Jun 2017","2017","","","123","128","The quality of software design always has a significant impact on the extendibility and maintainability of the final product. Automatic techniques may help designers to achieve better design. There are several ways for software design automation. Generally Search-based methods such as GA, ant colony, and ICA are used for problems with large search space in which finding the optimal solution is hard. In this paper a hybrid algorithm called ICA-TS (Imperialist Competitive Algorithm-Tabu Search) is presented to generate class diagram of the under design system automatically. The method has three phases: First, formal concept analysis (FCA) for preprocessing phase of the method is used as a mean to generate initial solution. Next a hybrid of ICA and TS is used to update solutions. The relationships between classes are determined in third phase. Three standard case studies are used for performance evaluation and the results are compared with results of genetic and simple ICA. The results show that the presented method has competitive results and it can generate more efficient class diagram in terms of cohesion, coupling and complexity of system.","","978-1-5090-4330-9","10.1109/CSIEC.2017.7940169","","https://ieeexplore.ieee.org/stamp/stamp.jsp?arnumber=7940169","Software Design;Search-Based Software Engineering;Meta-Heuristic Algorithm;Formal Concept Analysis","Wireless fidelity","","2","","28","IEEE","8 Jun 2017","","","IEEE","IEEE Conferences"
"Approach to Rapid Software Design of Mobile Applications’ User Interface","V. Chernikov","Voronezh State Technical University, Voronezh, Russia",2018 23rd Conference of Open Innovations Association (FRUCT),"27 Dec 2018","2018","","","1","7","Mobile applications have a lot of unique challenges during the development process. One of them is monolith architecture that can't be skipped even for large Mobile Enterprise applications. Software engineer should keep mind the whole source code structure to be effective. This article will introduce an approach to Rapid Software Design that allows to make a working documentation related to code and understandable by all team members. Rapid Software Design is suitable for Waterfall/Agile processes of developing applications with graphical user interface (web, mobile, desktop, embedded) and initially was created for mobile projects. This article contains only the description of User Interface related documentation despite the whole Rapid Software Design also covering the usage of architecture patterns, business logic, services, features of mobile operation systems and writing automated tests.","2305-7254","978-9-5268-6536-2","10.23919/FRUCT.2018.8588030","","https://ieeexplore.ieee.org/stamp/stamp.jsp?arnumber=8588030","","Business;Software design;Documentation;User interfaces;Mobile applications;Graphics","","1","","7","","27 Dec 2018","","","IEEE","IEEE Conferences"
"An Evolutionary Software Paradigm for Developing Internet of Things (IoT) Based Systems","P. M. Jacob; P. Mani; J. Moni; D. Daniel; B. Vincent; R. P. Salim","Department of CSE, Providence College of Engineering, Chengannur, Kerala, India; School of Information Technology & Engineering, Vellore Institute of Technology, Vellore, India; Department of CSE, Providence College of Engineering, Chengannur, Kerala, India; Department of CSE, Providence College of Engineering, Chengannur, Kerala, India; Department of CSE, Providence College of Engineering, Chengannur, Kerala, India; Department of CSE, Providence College of Engineering, Chengannur, Kerala, India",2022 International Conference on Data Analytics for Business and Industry (ICDABI),"14 Feb 2023","2022","","","123","127","Automation and development of smart things is one of the primary concerns around the globe. The bond established between various sensors and internet introduced the concept of Internet of Things (IoT). IoT is in evolutionary phase and hence it lacks a standard reference model for its various design aspects. IoT comprises of hardware, software and communication modules. Though IoT deals with heterogeneous devices and protocols, it is a herculean task for the developer to standardize the software architecture and testing models. This research work focuses on the software aspects of an IoT based system. This work proposes a reference software paradigm for the IoT systems by considering the software architecture design phase and testing phase. We have evaluated our model in a smart farming environment by replicating some standard smart farming systems. The results show that our model can be used as a reference software paradigm for designing an efficient and effective IoT based system","","978-1-6654-9058-0","10.1109/ICDABI56818.2022.10041546","","https://ieeexplore.ieee.org/stamp/stamp.jsp?arnumber=10041546","Software design;Software testing;Software modelling;Software architecture;Internet of Things","Analytical models;Software architecture;Computational modeling;Software;Hardware;Data models;Internet of Things","","6","","13","IEEE","14 Feb 2023","","","IEEE","IEEE Conferences"
"Introducing Software Product Lines in Model-Based Design Processes: An Industrial Experience","D. Amalfitano; V. De Simone; A. R. Fasolino; M. Lubrano; S. Scala","Department of Electrical Engineering and Information Technologies, University of Naples Federico II, Naples, Italy; Department of Electrical Engineering and Information Technologies, University of Naples Federico II, Napoli, Campania, IT; Department of Electrical Engineering and Information Technologies, University of Naples Federico II, Naples, Italy; Department of Electrical Engineering and Information Technologies, University of Naples Federico II, Naples, Italy; Fiat Chrysler Automobiles, Pomigliano Technical Center, Pomigliano d'Arco, Italy",2016 13th Working IEEE/IFIP Conference on Software Architecture (WICSA),"21 Jul 2016","2016","","","287","290","Software has gained a critical role in the automotive domain that is becoming more and more complex. The ever-growing complexity in automotive software development is due to its high variability. In this scenario, automotive companies need to adopt cost-effective development processes in order to manage the variability of the produced software. A well-known solution for dealing with this problem is the adoption of Software Product Lines (SPL). In this paper we report an experience we performed in collaboration with the Fiat Chrysler Automobiles (FCA) company for the application of the SPL in one of its Model-Based Design (MBD) processes. SPL were supported by AutoMative, a software infrastructure we implemented for the semi-automatic generation of Product Architectures from specification documents.","","978-1-5090-2131-4","10.1109/WICSA.2016.36","","https://ieeexplore.ieee.org/stamp/stamp.jsp?arnumber=7516848","Product Line Architecture;Software Product Lines;Model Based Design;Automotive","Vehicles;Software;Feature extraction;Automotive engineering;Programmable logic arrays;Complexity theory;Companies","","3","","11","IEEE","21 Jul 2016","","","IEEE","IEEE Conferences"
"ISO/IEC/IEEE International Standard - Systems and software engineering -- Design and development of information for users","",,ISO/IEC/IEEE 26514:2022(E),"21 Jan 2022","2022","","","1","76","","","978-1-5044-8249-3","10.1109/IEEESTD.2022.9690115","","https://ieeexplore.ieee.org/stamp/stamp.jsp?arnumber=9690115","","IEEE Standards;ISO Standards;IEC Standards;Software engineering;Design methodology;System analysis and design","","","","","","21 Jan 2022","","","IEEE","IEEE Standards"
"A novel multi-objective design tool for multilevel converters by an electro-thermal evolutionary approach","G. Adinolfi; R. Ciavarella; G. Graditi; A. Merola; M. Valenti","ENEA - Italian National agency for new technologies, Energy and sustainable economic development Portici Research Center, Piazzale E. Fermi, Portici, Italy; ENEA - Italian National agency for new technologies, Energy and sustainable economic development Portici Research Center, Piazzale E. Fermi, Portici, Italy; ENEA - Italian National agency for new technologies, Energy and sustainable economic development Portici Research Center, Piazzale E. Fermi, Portici, Italy; ENEA - Italian National agency for new technologies, Energy and sustainable economic development Portici Research Center, Piazzale E. Fermi, Portici, Italy; ENEA - Italian National agency for new technologies, Energy and sustainable economic development Portici Research Center, Piazzale E. Fermi, Portici, Italy",2019 International Conference on Clean Electrical Power (ICCEP),"4 Nov 2019","2019","","","496","502","Multilevel converters will be one of the most important conversion systems in future power networks. These technologies can facilitate the integration of flexible DER in the grid also getting a significant role in microgrids. Designing high performances converters is not a trivial task due to the numerous different variables involved in the design process. This paper proposes a novel design approach and an easy-to-use executable program, employing a graphical user interface, dedicated to the design of multilevel converters. This software tool aims to obtain multilevel trade-off solutions in terms of efficiency, Mean Time Between Failure and price. The core of this tool consists in a multi-criterion optimization technique, based on the use of an evolutionary genetic algorithm, matched to accurate circuital models (i.e. electro-thermal reliable routine - TER and multilevel converter price routine). The solutions, plotted in two-dimensional and three-dimensional graphics, allow to easily choose the optimal solution for the specific context and visualize the corresponding bill of materials (BOM). The software also permits to consider innovative converter systems employing novel switching devices as the silicon carbide and the gallium nitride types.","2474-9664","978-1-7281-1356-2","10.1109/ICCEP.2019.8890197","","https://ieeexplore.ieee.org/stamp/stamp.jsp?arnumber=8890197","electro-thermal reliable design;evolutionary algorithms;micro-grids;multilevel converters","Tools;Topology;Reliability;Switches;Genetic algorithms;Graphical user interfaces","","1","","11","IEEE","4 Nov 2019","","","IEEE","IEEE Conferences"
"Genetic Algorithms in the Matrix Arrangement of Elements in Blocks on a Crystal Model","V. I. Danilchenko; Y. Vladimirovna Danilchenko; V. M. Kureichik","Computer-aided design of department, postgraduate, Federal State-Owned Autonomy, Educational Establishment of Higher Vocational Education ""Southern Federal University"", Taganrog, Russia; Computer-aided design of department, postgraduate, Federal State-Owned Autonomy, Educational Establishment of Higher Vocational Education ""Southern Federal University"", Taganrog, Russia; Computer-aided design of department, postgraduate, Federal State-Owned Autonomy, Educational Establishment of Higher Vocational Education ""Southern Federal University"", Taganrog, Russia",2021 International Seminar on Electron Devices Design and Production (SED),"3 Jun 2021","2021","","","1","4","The article describes the solution to the problem of placing elements in blocks on a crystal model based on a genetic algorithm (GA), which allows creating an algorithmic environment in the field of genetic search for solving the problem of placing elements on a crystal, taking into account the criterion for the maximum number of linear segments. The purpose of this work is to find ways of placing elements in blocks based on a genetic algorithm. The scientific novelty lies in the development of a modified genetic algorithm for computer-aided design of very large-scale integrated circuits, taking into account the criterion for the maximum number of line segments. The problem statement in this work is as follows: to optimize the placement of elements in blocks by using a modified GA taking into account the criterion for the maximum number of line segments. A fundamental difference from the known approaches in the use of new modified genetic structures in computer-aided design, in addition, the paper presents a new method for placing elements on a crystal, based on a modified GA, taking into account the criterion for the maximum number of linear segments. Thus, the problem of creating methods, algorithms and software for automated placement of elements on a chip is currently of particular relevance.","","978-1-6654-3942-8","10.1109/SED51197.2021.9444496","","https://ieeexplore.ieee.org/stamp/stamp.jsp?arnumber=9444496","genetic algorithms;graphs and hypergraphs;evolutionary computing;design automation;CAD;electronic production","Seminars;Integrated circuits;Design automation;Software algorithms;Crystals;Production;Genetics","","","","20","IEEE","3 Jun 2021","","","IEEE","IEEE Conferences"
"Surrogate-Assisted Evolutionary Algorithm With Model and Infill Criterion Auto-Configuration","L. Xie; G. Li; Z. Wang; L. Cui; M. Gong","School of System Design and Intelligent Manufacturing, Southern University of Science and Technology, Shenzhen, China; School of System Design and Intelligent Manufacturing, Southern University of Science and Technology, Shenzhen, China; School of System Design and Intelligent Manufacturing and the Department of Computer Science and Engineering, Southern University of Science and Technology, Shenzhen, China; College of Computer Science and Software Engineering and the Guangdong Laboratory of Artificial Intelligence and Digital Economy (SZ), Shenzhen University, Shenzhen, China; Key Laboratory of Collaborative Intelligence Systems, Ministry of Education, Xidian University, Xi’an, China",IEEE Transactions on Evolutionary Computation,"31 Jul 2024","2024","28","4","1114","1126","Surrogate-assisted evolutionary algorithms (SAEAs) have proven to be effective in solving computationally expensive optimization problems (EOPs). However, the performance of SAEAs heavily relies on the surrogate model and infill criterion used. To improve the generalization of SAEAs and enable them to solve a wide range of EOPs, this article proposes an SAEA called AutoSAEA, which features model and infill criterion auto-configuration. Specifically, AutoSAEA formulates model and infill criterion selection as a two-level multiarmed bandit problem (TL-MAB). The first and second levels cooperate in selecting the surrogate model and infill criterion, respectively. A two-level reward (TL-R) measures the value of the surrogate model and infill criterion, while a two-level upper confidence bound (TL-UCB) selects the model and infill criterion in an online manner. Numerous experiments validate the superiority of AutoSAEA over some state-of-the-art SAEAs on complex benchmark problems and a real-world oil reservoir production optimization problem.","1941-0026","","10.1109/TEVC.2023.3291614","National Natural Science Foundation of China(grant numbers:62206120,62106096,62036006); Shenzhen Technology Plan(grant numbers:JCYJ20220530113013031); ","https://ieeexplore.ieee.org/stamp/stamp.jsp?arnumber=10171212","Auto algorithm design;expensive optimization;surrogate-assisted evolutionary algorithm (SAEA);two-level multiarmed bandit (TL-MAB)","Adaptation models;Computational modeling;Predictive models;Optimization;Iron;Uncertainty;Evolutionary computation","","22","","62","IEEE","3 Jul 2023","","","IEEE","IEEE Journals"
"Optimization System Design of Building Internal Structure Based on Multi-Objective Evolutionary Algorithm","D. Xu; Y. Liu","School of Civil Engineering and Architecture Zaozhuang Vocational College of Science and Technology, ZaoZhuang, Shandong, China; School of Civil Engineering and Architecture Zaozhuang Vocational College of Science and Technology, ZaoZhuang, Shandong, China",2022 International Conference on Knowledge Engineering and Communication Systems (ICKES),"17 Mar 2023","2022","","","1","5","With the rapid development of China's construction industry, there are inevitably many problems in the construction process, such as unreasonable internal structure and incomplete equipment. In order to solve these problems, it is also proposed to better promote social and economic benefits and the improvement of people's living standards. This paper takes large capacity computer as the main research object to solve the optimization engineering design and calculation analysis of multi-objective evolutionary algorithm. The main content of the research is to realize the optimization of the internal structure of construction enterprises based on multi-objective evolutionary algorithm technology, maximize the efficiency in construction engineering by using genetic algorithm, and establish a mathematical model combining particle swarm intelligence theory. Finally, the model is tested. The test results show that the interior structure optimization system based on multi-objective evolutionary algorithm has short running time, low delay time and high compatibility rate. This shows that the performance of the system is excellent and meets the user's requirements.","","978-1-6654-5637-1","10.1109/ICKECS56523.2022.10060372","","https://ieeexplore.ieee.org/stamp/stamp.jsp?arnumber=10060372","multi-objective evolution;building interior;genetic algorithm;internal structure;optimization system","Analytical models;Adaptation models;Computational modeling;Buildings;Genetic programming;Mathematical models;Software","","1","","12","IEEE","17 Mar 2023","","","IEEE","IEEE Conferences"
"A Methodological Approach to the Software Development for Heating System Design","V. Stennikov; E. Barakhtenko; D. Sokolov","Pipeline energy systems department, ESI SB RAS, Irkutsk, Russia; Pipeline energy systems department, ESI SB RAS, Irkutsk, Russia; Pipeline energy systems department, ESI SB RAS, Irkutsk, Russia",2018 International Multi-Conference on Industrial Engineering and Modern Technologies (FarEastCon),"6 Jan 2019","2018","","","1","5","The paper presents a new methodological approach to the automated construction of software for solving the design problems of heating systems. The methodological approach is based on the Model-Driven Engineering paradigm. The essence of this paradigm is that the software is generated on the basis of formal description represented by models. The knowledge about heating systems, applied problems, and the applied software is formalized in the form of ontologies. The automated construction of the software system is performed on the basis of a computer model of a heating system, the ontologies and modern metaprogramming technologies. The proposed approach allows us to successfully solve the problem of separation of methods for solving applied problems and models of heating system elements. To this end, the methods are implemented in the form of software components that are not related to properties and models of specific equipment. And the models of heating system elements are automatically compiled into software components. In the process of software system construction, software components that implement models and methods are integrated dynamically. As a result, the software system oriented to solving a specific applied problem is created in an automated mode. The developed approach has been used for the implementation of the SOSNA software. The software is applied to design urban heating systems.","","978-1-5386-9535-7","10.1109/FarEastCon.2018.8602533","","https://ieeexplore.ieee.org/stamp/stamp.jsp?arnumber=8602533","methodological approach;Model-Driven Engineering;ontology;metaprogramming;heating system design","Heating systems;Software systems;Ontologies;Computational modeling;Software algorithms;Hydraulic systems","","3","","26","IEEE","6 Jan 2019","","","IEEE","IEEE Conferences"
"Designing Safety Critical Software Systems to Manage Inherent Uncertainty","A. C. Serban","Radboud University, Nijmegen, The Netherlands",2019 IEEE International Conference on Software Architecture Companion (ICSA-C),"13 May 2019","2019","","","246","249","Deploying machine learning algorithms in safety critical systems raises new challenges for system designers. The opaque nature of some algorithms together with the potentially large input space makes reasoning or formally proving safety difficult. In this paper, we argue that the inherent uncertainty that comes from using certain classes of machine learning algorithms can be mitigated through the development of software architecture design patterns. New or adapted patterns will allow faster roll out time for new technologies and decrease the negative impact machine learning components can have on safety critical systems. We outline the important safety challenges that machine learning algorithms raise and define three important directions for the development of new architectural patterns.","","978-1-7281-1876-5","10.1109/ICSA-C.2019.00051","","https://ieeexplore.ieee.org/stamp/stamp.jsp?arnumber=8712362","Software architecture;Software safety;Machine Learning","Safety;Software algorithms;Software architecture;Uncertainty;Software;Cognition;Machine learning algorithms","","15","","21","IEEE","13 May 2019","","","IEEE","IEEE Conferences"
"DesignSystemsJS - Building a Design Systems API for aiding standardization and AI integration","H. Shah; N. Kamuni","Department of Information Technology, Rochester Institute of Technology, USA; Department of AI-ML, BITS Pilani WILP, USA","2023 International Conference on Computing, Networking, Telecommunications & Engineering Sciences Applications (CoNTESA)","11 Jan 2024","2023","","","83","89","In the rapidly evolving landscape of software development, Design Systems have emerged as crucial frameworks that enforce consistency and efficiency in user interface (UI) and user experience (UX) design. However, the implementation of these systems varies significantly across teams, leading to discrepancies in understanding and applying design requirements. This inconsistency often results in divergent costs, efforts, and timelines in software projects. Our research introduces “DesignSystemsJS,” a novel JavaScript library, to address these challenges. Leveraging the widespread popularity and flexibility of JavaScript, widely recognized as a dominant programming language in both client and server-side web applications, DesignSystemsJS aims to standardize Design Systems requirements. It does so by enforcing a JSON format specification for defining the Design System, based on a meticulously researched checklist. This standardization is crucial in a domain where software reuse and the evolution of JavaScript applications often pose challenges related to third-party dependencies. Furthermore, DesignSystemsJS aims to support Artificial Intelligence (AI) integration, reflecting the ongoing paradigm shift in the software development industry towards generative AI assistants. AI integration in software testing and development has seen significant advancements, offering various approaches and tools to enhance efficiency and effectiveness. Our library taps into these advancements, utilizing AI techniques like data mining and machine learning to promote automated software reuse, a key aspect of modern software development. DesignSystemsJS’s architecture and API facilitate a more unified and streamlined approach to designing and implementing Design Systems, potentially revolutionizing how design consistency is maintained across different platforms and tools. This research paper details the methodology behind DesignSystemsJS, its features, and the potential impact it holds for the future of Design Systems development and AI integration.","","979-8-3503-8275-4","10.1109/CoNTESA61248.2023.10384889","","https://ieeexplore.ieee.org/stamp/stamp.jsp?arnumber=10384889","DesignSystemsJS;Design Systems;Design Systems API;Design Systems AI integration","Software testing;Industries;Standardization;Machine learning;User interfaces;Libraries;User experience","","1","","30","IEEE","11 Jan 2024","","","IEEE","IEEE Conferences"
"Generative Secure Design, Defined","R. Scandariato; J. Horkhoff; R. Feldt","University of Gothenburg, Gothenburg, Sweden; University of Gothenburg, Gothenburg, Sweden; Chalmers, Gothenburg, Sweden",2018 IEEE/ACM 40th International Conference on Software Engineering: New Ideas and Emerging Technologies Results (ICSE-NIER),"23 Aug 2018","2018","","","1","4","In software-intensive industries, companies face the constant challenge of not having enough security experts on staff in order to validate the design of the high-complexity projects they run. Many of these companies are now realizing that increasing automation in their secure development process is the only way forward in order to cope with the ultra-large scale of modern systems. This paper embraces that viewpoint. We chart the roadmap to the development of a generative design tool that iteratively produces several design alternatives, each attempting to solve the security goals by incorporating security mechanisms. The tool explores the possible solutions by starting from well-known security techniques and by creating variations via mutations and crossovers. By incorporating user feedback, the tool generates increasingly better design alternatives.","","978-1-4503-5662-6","","","https://ieeexplore.ieee.org/stamp/stamp.jsp?arnumber=8444824","Security;Design;Tool","Security;Unified modeling language;Tools;Software;Companies;Software engineering;Space exploration","","","","19","","23 Aug 2018","","","IEEE","IEEE Conferences"
"Development of MAI model and framework for designing reliable software","M. Fetaji; B. Fetaji; M. Ebibi","Contemporary Sciences and Technologies Computer Science, South East European University, Tetovo, Republic of Macedonia; Contemporary Sciences and Technologies Computer Science, South East European University, Tetovo, Republic of Macedonia; Contemporary Sciences and Technologies Computer Science, South East European University, Tetovo, Republic of Macedonia",2016 5th Mediterranean Conference on Embedded Computing (MECO),"1 Aug 2016","2016","","","77","82","The research study proposes MAI Model for developing reliable software and a framework of recommendation. The research study used a software solution to test the model and apply the framework as well as tested and evaluated it with the users using questionnaire. As contribution the study developed software solution based on the previously devised model and a framework with a set of tools supporting the spectrum of formal development activity from modeling to deployment. The developed model is applied on a particular practical application “PRIME DB” were have implemented and tested the proposed model as well as evaluated with the users. In conclusions insights are provided and recommendations are stated based on the study results realized.","","978-1-5090-2222-9","10.1109/MECO.2016.7525707","","https://ieeexplore.ieee.org/stamp/stamp.jsp?arnumber=7525707","trustable software;reliable software;model for trustable software;software engineering reliability","Software;Software reliability;Hardware;Object oriented modeling;Reliability engineering;Computational modeling","","","","12","IEEE","1 Aug 2016","","","IEEE","IEEE Conferences"
"Multi-objective optimization design of permanent magnet synchronous motor based on differential evolutionary algorithm","W. Zheng; Q. He","College of Software Engineering, Southeast University, Nanjing, China; College of Software Engineering, Southeast University, Nanjing, China",2024 4th International Conference on Electrical Engineering and Control Science (IC2ECS),"25 Mar 2025","2024","","","456","459","In this paper, a multi-objective optimization design method for permanent magnet synchronous motor based on differential evolution algorithm is proposed. Taking the motor quality and motor efficiency as the optimization objectives, and taking the power, motor outer diameter and pulsating torque as the constraints, the optimization model of permanent magnet synchronous motor is established, and the motor is optimized and designed based on differential evolution algorithm. Compared with the traditional response surface method, the proposed method has stronger global search capability, better robustness, and handles nonlinear multi-objective optimization problems better.","","979-8-3315-1010-7","10.1109/IC2ECS64405.2024.10928661","","https://ieeexplore.ieee.org/stamp/stamp.jsp?arnumber=10928661","Permanent magnet synchronous motor;multi-objective optimization;differential evolutionary algorithm;Pareto frontier","Electrical engineering;Torque;Optimization models;Evolutionary computation;Permanent magnet motors;Search problems;Robustness;Response surface methodology;Performance analysis;Optimization","","","","10","IEEE","25 Mar 2025","","","IEEE","IEEE Conferences"
"Evolutionary Graph Fusion Architecture Search","A. Mei; N. Li; T. Zhang; L. Ma","School of Software, Northeastern University, Shenyang, China; School of Software, Northeastern University, Shenyang, China; School of Software, Northeastern University, Shenyang, China; School of Software, Northeastern University, Shenyang, China",2025 IEEE Congress on Evolutionary Computation (CEC),"24 Jun 2025","2025","","","1","8","The great success of graph neural networks (GNNs) in graph-structured data tasks benefits from the powerful structure learning abilities of their architectures. For complex datasets, too deep GNNs can suffer from over-smoothing problem, leading to degradation of prediction performance. Recently, a graph fusion architecture designed by domain experts mitigates the over-smoothing problem. However, this design paradigm is labor and computation-intensive. Drawing on the idea of neural architecture search, this paper proposes evolutionary graph fusion architecture search (EGFAS), which can automatically find graph fusion architecture with the capability to solve the over-smoothing problem. Specifically, we design a graph fusion architecture search space, which includes multiple aggregation functions and fusion operations. An efficient encoding method is used to represent candidate architectures. Furthermore, we propose a surrogate model to solve the expensive overhead of performance evaluation. Experiments on five benchmark datasets are carried out to confirm the superiority of the proposed algorithm. It is shown that the proposed method leads to better results comparing to the state-of-the-art algorithms in terms of search effectiveness and adaptability to different datasets.","","979-8-3315-3431-8","10.1109/CEC65147.2025.11043065","National Natural Science Foundation of China; Fundamental Research Funds for the Central Universities; ","https://ieeexplore.ieee.org/stamp/stamp.jsp?arnumber=11043065","Graph Neural Network;Neural Architecture Search;Evolutionary Computation;Performance Predictor","Adaptation models;Computer architecture;Evolutionary computation;Benchmark testing;Search problems;Prediction algorithms;Graph neural networks;Encoding;Neural architecture search;Unsupervised learning","","","","63","IEEE","24 Jun 2025","","","IEEE","IEEE Conferences"
"Search-Based White-Box Fuzzing of Web Frontend Applications","I. Kertusha","School of Economics, Innovation and Technology, Kristiania University College, Oslo, Norway",2024 IEEE 35th International Symposium on Software Reliability Engineering Workshops (ISSREW),"3 Dec 2024","2024","","","95","98","Frontend is the initial point of contact for users with a web application. Therefore, it is crucial to provide the best possible user experience. Testing the frontend for faults and robustness is important to ensure a smooth and engaging interaction with users. We aim to design a novel white-box automated testing approach, using evolutionary algorithms, to generate and optimize test cases for web frontend applications. We have a three-year plan during which we aim to conduct a systematic literature review, develop a frontend testing tool, and publish papers on our work. Our initial research indicates that a few frontend testing tools are already available in the literature. However, most of these tools are based on a black-box approach, and as such, cannot test an application thoroughly, reducing the possibility of detecting faults. To the best of our knowledge, no current technique or tool is based on a white-box approach.","2994-810X","979-8-3503-6704-1","10.1109/ISSREW63542.2024.00054","European Research Council; ","https://ieeexplore.ieee.org/stamp/stamp.jsp?arnumber=10771466","frontend;whitebox;fuzzing;evolutionary algorithms;web application","Conferences;Software algorithms;Closed box;Evolutionary computation;Fuzzing;User experience;Robustness;Software reliability;Testing;Glass box","","1","","37","IEEE","3 Dec 2024","","","IEEE","IEEE Conferences"
"Evolutionary Perspective of Structural Clones in Software","J. Kanwal; O. Maqbool; H. A. Basit; M. A. Sindhu","Computer Science Department, Quaid-i-Azam University, Islamabad, Pakistan; Computer Science Department, Quaid-i-Azam University, Islamabad, Pakistan; Syed Babar Ali School of Science and Engineering, Lahore University of Management Sciences, Lahore, Pakistan; Computer Science Department, Quaid-i-Azam University, Islamabad, Pakistan",IEEE Access,"15 May 2019","2019","7","","58720","58739","Cloning in software represents similar program structures having its own benefits and drawbacks. Proper clone analysis is required to exploit the benefits of clones. A study of software clone evolution serves the purpose of understanding the maintenance implications of clones, which leads to their appropriate management. Structural clones (recurring patterns of simple clones) represent design level similarities in software. Evolutionary characteristics of clones can assess the relevance of those clones for software developers and maintainers. Although the evolution of simple clones has been thoroughly studied by researchers, the evolution of structural clones is still to be explored. In this paper, we study the evolution of structural clones by performing a longitudinal study on multiple versions of five Java systems. To perform a systematic study of the structural clone evolution, we define structural clones and their evolution patterns in a formal notation. Our results show that structural clones are more likely to change inconsistently, however, less frequently than simple clones, whereas the lifetime of the structural clones is similar to that of the simple clones. Evolutionary characteristics of structural clones suggest that they require more attention in their management. Analysis of structural clone evolution reveals similar reasons for changes, and similar trends in evolution patterns, for all subject systems. These trends reveal evolutionary characteristics of structural clones that can help in devising appropriate strategies for managing them, hence devising better clone management systems.","2169-3536","","10.1109/ACCESS.2019.2913043","Higher Education Commission, Pakistan; IGNITE(grant numbers:SRG-257); ","https://ieeexplore.ieee.org/stamp/stamp.jsp?arnumber=8701448","Clone evolution;software clones;structural clones;software engineering;software evolution;software design","Cloning;Software systems;Maintenance engineering;Tools;Software maintenance;Java","","1","","41","OAPA","29 Apr 2019","","","IEEE","IEEE Journals"
"Evolutionary Algorithm and Surrogate-Assisted Optimisation of a Pattern Reconfigurable Antenna for Sub-6 GHz Applications","S. H. A. Almalki; S. Khamas","School of Electrical and Electronic Engineering, University of Sheffield, Sheffield, UK; School of Electrical and Electronic Engineering, University of Sheffield, Sheffield, UK",2025 19th European Conference on Antennas and Propagation (EuCAP),"21 May 2025","2025","","","1","5","This paper presents the optimisation of the states of PIN diodes in a design of a pattern reconfigurable antenna operating at a centre frequency of 5 GHz. The proposed design comprises a patch antenna and a parasitic surface placed above it. The parasitic surface is a 4 × 4 metallic array connected by PIN diodes. Two optimisation techniques were used to find a set of PIN configurations that yielded satisfactory performance. The first technique involved an evolutionary algorithm, namely, Improving the Strength Pareto Evolutionary Algorithm (SPEA2). The second technique used a surrogate-assisted approach. Through simulation results, it was shown that SPEA2 outperforms the surrogate-assisted approach in terms of convergence speed. Furthermore, the proposed design achieved radiation efficiency up to 73% and broadside beam steering capabilities.","","978-88-31299-10-7","10.23919/EuCAP63536.2025.10999947","Taif University; ","https://ieeexplore.ieee.org/stamp/stamp.jsp?arnumber=10999947","evolutionary algorithm;surrogate;reconfigurable antenna;optimisation;sub-6 GHz","PIN photodiodes;Simulation;Patch antennas;Evolutionary computation;Software;Robustness;Reflection coefficient;Pins;Optimization;Convergence","","","","12","","21 May 2025","","","IEEE","IEEE Conferences"
"An Evolutionary Tool For Requirements and Design Crosscutting Concerns","J. Jasmis; A. A. Aziz; S. Jamel Elias; M. N. Hajar Hasrol Jono; R. Abd Razak; S. Mansor","Faculty of Computer and Mathematics, UiTM (Melaka), Jasin Campus, Melaka, Malaysia; Faculty of Computer and Mathematics, UiTM (Melaka), Jasin Campus, Melaka, Malaysia; Faculty of Computer and Mathematics, UiTM (Kedah), Kedah, Malaysia; Faculty of Computer and Mathematics, UiTM (Melaka), Jasin Campus, Melaka, Malaysia; Faculty of Computer and Mathematics, UiTM (Melaka), Jasin Campus, Melaka, Malaysia; Faculty of Computer and Mathematics, UiTM (Kedah), Kedah, Malaysia",2019 4th International Conference and Workshops on Recent Advances and Innovations in Engineering (ICRAIE),"19 Mar 2020","2019","","","1","5","To elevate a simple but important fashion to tolerate rapid changes in cross-cutting concerns in the requirements and design phases in multiple sizes of software development and maintenance tasks, Identification, Modularization, Design Composition Rule and Conflict Dissolution (IM-DeCRuD) approach was previously offered. This study delivered a tailored-design, prototype and constructed tool as a proof of concept of the proposed approach to IM-DeCRuD. The main attributes of the IMDeCRUD prototype are: requirements specification definition, requirements specification modification, requirements prioritization setting and graphics visualization of the representation generated using the Generic Modeling Environment (GME) tool. Java language was used as an interpreter to integrate the prototype functions. This research applied a library system as a simple case study to determine the importance of the IM-DeCRuD prototype. Ultimately, during the software development and evaluation activities, the prototype showed its ability for the tedious engineering process of requirements and design crosscutting concerns becoming more simpler.","","978-1-7281-2610-4","10.1109/ICRAIE47735.2019.9037754","","https://ieeexplore.ieee.org/stamp/stamp.jsp?arnumber=9037754","Identification;Modularization;Design Composition Rule and Conflict Dissolution (IM-DeCRuD); software design; Generic Modelling Environment (GME)","Prototypes;Software;Tools;Libraries;Task analysis;Graphics;Mathematics","","1","","11","Crown","19 Mar 2020","","","IEEE","IEEE Conferences"
"Towards Consistency Checking Between Software Architecture and Informal Documentation","J. Keim; A. Koziolek","Karlsruhe Institute of Technology, Karlsruhe, Germany; Karlsruhe Institute of Technology, Karlsruhe, Germany",2019 IEEE International Conference on Software Architecture Companion (ICSA-C),"13 May 2019","2019","","","250","253","In the development process, documenting the software architecture is important to capture all reasoning and design decisions. Without a good and complete documentation, there is a lot of tacit knowledge that easily can get lost resulting in threats for success and increased costs. However, software architecture documentation is often missing or outdated. One reason for it is the tedious and costly process of creating and updating documentation in comparison to (perceived) low benefits. In this paper, we first present our long-term vision, where all information from any sources are persisted to avoid losing crucial information about a system. A base problem in this vision is keeping information from different sources consistent, with a major challenge of keeping consistency between models and informal documentation. We plan to address checking the consistency between models and textual natural language artefacts using natural language understanding. For this, we plan to break down the task into smaller subtasks that should provide a better understanding of the documents and their semantics. The extracted information should then be used to create traceability links and to check whether statements within the textual documentation are consistent with the software architecture models.","","978-1-7281-1876-5","10.1109/ICSA-C.2019.00052","","https://ieeexplore.ieee.org/stamp/stamp.jsp?arnumber=8712160","Natural language processing;Software architecture;Software engineering;Consistency;Natural language understanding;Software architecture documentation","Documentation;Software architecture;Natural languages;Computer architecture;Software systems;Knowledge based systems","","7","","27","IEEE","13 May 2019","","","IEEE","IEEE Conferences"
"A Conical Area Evolutionary Algorithm Based on Modularity Q for Community Detection from Signed Networks","Y. Wu; P. Chao; W. Ying; L. He; S. Chen","School of Computer Science and Educational Software, Guangzhou University, Guangzhou, China; School of Software Engineering, South China University of Technology, Guangzhou, China; State Key Laboratory for Novel Software Technology, Nanjing University, Nanjing, China; School of Computer Science and Educational Software, Guangzhou University, Guangzhou, China; School of Computer Science and Educational Software, Guangzhou University, Guangzhou, China",2017 IEEE International Conference on Computational Science and Engineering (CSE) and IEEE International Conference on Embedded and Ubiquitous Computing (EUC),"10 Aug 2017","2017","1","","57","62","Most of the existing community detection (CD) methods are designed primarily for unsigned networks containing only positive links. Therefore, it is significant to explore and design effective CD methods for signed social networks (SNs) with both positive and negative links. In this paper, we first utilize decomposable characteristic of modularity Q to establish a bi-objective model for community detection from SNs. Afterwards, a conical area evolutionary algorithm based on the modularity Q (CAEAq-SN) is developed to solve this bi-objective model efficiently. Furthermore, a new tournament selection mechanism based on Q is applied to accelerate the convergence of Q. Experimental results on both benchmark networks and synthetic SNs indicate that CAEAq-SN achieves not only better community structures in term of both Q and NMI but also stronger robustness than the existing algorithm MEAs-SN.","","978-1-5386-3221-5","10.1109/CSE-EUC.2017.21","","https://ieeexplore.ieee.org/stamp/stamp.jsp?arnumber=8005773","Signed social networks;community detection;bi-objective optimization;evolutionary algorithms;modularity","Social network services;Evolutionary computation;Linear programming;Convergence;Optimization;Conferences;Software","","2","","12","IEEE","10 Aug 2017","","","IEEE","IEEE Conferences"
"Robust Design Optimization applied to unit warpage analysis of exposed die flip-chip package","C. -Y. Su; N. -J. Hsuan; Y. -H. Lin","R&D Center, Realtek Semiconductor Corp., Hsinchu, Taiwan; R&D Center, Realtek Semiconductor Corp., Hsinchu, Taiwan; R&D Center, Realtek Semiconductor Corp., Hsinchu, Taiwan",2024 IEEE Electrical Design of Advanced Packaging and Systems (EDAPS),"12 May 2025","2024","","","1","3","With the development of electronic packaging technology, demand for flip-chip interconnect technology is being driven by a number of factors from all corners of the semiconductor industry, and flip-chip technology provides a direct and efficient bond between chips and substrates, replacing traditional wire interconnections. Moreover, the exposed die flip-chip package can be produced due to its thin thickness and thermal dispersion, and the warpage behavior of the exposed die flip-chip package plays an important role in design stage. To control and optimize the warpage of the exposed die flip-chip package, this study is aims to test the ability of the software combination finite element method (FEM)/optimization module to handle a complex stacking/material relation with a significant number of parameters for parametric optimization. The result shows that the main factors affecting warpage are die thickness, thickness of equivalent copper circuit layer, coefficient of thermal expansion (CTE) of copper and coefficient of thermal expansion of compound at reflow temperature. Then the optimization analysis provides a process that is adopted for an evolutionary algorithm in the complete defined parameter range and it starts with 4 input parameters and output warpage results of room/reflow temperatures to find the parameter combination that has the best warpage performance. Finally, a robustness analysis around the best design is performed, and the distribution of warpage and failure probability are found.","2151-1233","979-8-3315-4325-9","10.1109/EDAPS64431.2024.10988488","","https://ieeexplore.ieee.org/stamp/stamp.jsp?arnumber=10988488","warpage;finite element method;optimization module;evolutionary algorithm;robustness analysis","Temperature sensors;Thermal expansion;Electronic packaging thermal management;Robustness;Finite element analysis;Thermal analysis;Flip-chip devices;Copper;Compounds;Optimization","","","","5","IEEE","12 May 2025","","","IEEE","IEEE Conferences"
"Traffic signal light control model based on evolutionary programming algorithm optimization BP neural network","L. Jiang; Y. Li; Y. Liu; C. Chen","Department of Software Engineerings, Software College Northeastern University, Liaoning Province, China; Department of Software Engineerings, Software College Northeastern University, Liaoning Province, China; Department of Software Engineerings, Software College Northeastern University, Liaoning Province, China; Department of Software Engineerings, Software College Northeastern University, Liaoning Province, China",2017 7th IEEE International Conference on Electronics Information and Emergency Communication (ICEIEC),"23 Oct 2017","2017","","","564","567","In this paper, evolutionary programming algorithm through the mutation operator and the selection strategy to find the optimal individual, used to initialize the BP neural network's weights and threshold value. Through this way, we can improve the training efficiency, speed up the convergence rate, increase the irregularity of the weights and threshold value, avoid BP neural network training into locally optimal solution. In this paper, the evolutionary programming algorithm optimization BP neural network is applied to the traffic signal light control, according to the historical traffic flow data of a crossroad to predict the next node's traffic flow data, and then through the predicted traffic flow data to re-adjust the traffic signal light frequency, to improve traffic congestion and other traffic problems. The experimental results show that evolutionary programming algorithm optimization BP neural network has a good effect on traffic signal light optimization.","2377-844X","978-1-5090-3025-5","10.1109/ICEIEC.2017.8076629","","https://ieeexplore.ieee.org/stamp/stamp.jsp?arnumber=8076629","BP neural network;Evolutionary programming algorithm;Intelligent traffic","Neural networks;Programming;Optimization;Algorithm design and analysis;Training;Traffic congestion;Mean square error methods","","5","","8","IEEE","23 Oct 2017","","","IEEE","IEEE Conferences"
"Analysis of Development Performance and Product Quality with Scrum Design Thinking Development (Case Study: E-Recruitment)","A. W. Ramadhan; D. S. Kusumo; M. K. Sabariah","School of Computing, Telkom University, Bandung, Indonesia; School of Computing, Telkom University, Bandung, Indonesia; School of Computing, Telkom University, Bandung, Indonesia",2022 1st International Conference on Software Engineering and Information Technology (ICoSEIT),"3 Feb 2023","2022","","","228","232","Software quality is the most important aspect of user expectations and is a major factor in software success. When the product meets the needs of the user, it can be said that the product is of high quality and vice versa, when the user is not satisfied with the product, it can be said that the product is of low quality. Based on the survey, e-recruitment websites still have problems related to complicated user flow, less user-friendly designs and lack of learnability. Currently creating software with quality that can meet user needs is a challenge for the software development team. The researchers propose Design Thinking as a solution to these problems because it can create a solution-oriented analysis that is carried out repeatedly. However, Design Thinking lacks project management techniques. On the other hand, some studies combine the concept of Design Thinking with Scrum to address the shortcomings of Design Thinking. However, the process in Scrum often creates a series of deadlines and iterations that reduce software quality, cost and time due to decreased Development Performance. To prove this, this study will conduct an analysis related to Product Quality and Development Performance from the merger of these concepts. Based on the test results, it can be concluded that product development with Scrum Design Thinking results in a relatively long process but can offer much better product quality.","","978-1-6654-7303-3","10.1109/ICoSEIT55604.2022.10030080","","https://ieeexplore.ieee.org/stamp/stamp.jsp?arnumber=10030080","Scrum;Design Thinking;Development Performance;Product Quality","Measurement;Computer bugs;Project management;Software quality;Throughput;Product design;Quality assessment","","1","","17","IEEE","3 Feb 2023","","","IEEE","IEEE Conferences"
"Evolutionary Architecture Search for Generative Adversarial Networks Based on Weight Sharing","Y. Xue; W. Tong; F. Neri; P. Chen; T. Luo; L. Zhen; X. Wang","School of Software, Nanjing University of Information Science and Technology, Nanjing, China; School of Software, Nanjing University of Information Science and Technology, Nanjing, China; Nanjing University of Information Science and Technology, Nanjing, China; National Institute of Advanced Industrial Science and Technology, Tokyo, Japan; Agency for Science, Technology and Research, Fusionopolis, Singapore; Agency for Science, Technology and Research, Fusionopolis, Singapore; Oak Ridge National Laboratory, Oak Ridge, TN, USA",IEEE Transactions on Evolutionary Computation,"30 May 2024","2024","28","3","653","667","Generative adversarial networks (GANs) are a powerful generative technique but frequently face challenges with training stability. Network architecture plays a significant role in determining the final output of GANs, but designing a fine architecture demands extensive domain expertise. This article aims to address this issue by searching for high-performance generator’s architectures through neural architecture search (NAS). The proposed approach, called evolutionary weight sharing GANs (EWSGAN), is based on weight sharing and comprises two steps. First, a supernet of the generator is trained using weight sharing. Second, a multiobjective evolutionary algorithm (MOEA) is employed to identify optimal subnets from the supernet. These subnets inherit weights directly from the supernet for fitness assessment. Two strategies are used to stabilize the training of the generator supernet: 1) a fair single-path sampling strategy and 2) a discarding strategy. Experimental results indicate that the architecture searched by our method achieved a new state-of-the-art among NAS–GAN methods with a Fréchet inception distance (FID) of 9.09 and an inception score (IS) of 8.99 on the CIFAR-10 dataset. It also demonstrates competitive performance on the STL-10 dataset, achieving FID of 21.89 and IS of 10.51.","1941-0026","","10.1109/TEVC.2023.3338371","National Natural Science Foundation of China(grant numbers:62376127,61876089,61876185,61902281,61403206); Natural Science Foundation of Jiangsu Province(grant numbers:BK20141005); Natural Science Foundation of the Jiangsu Higher Education Institutions of China(grant numbers:14KJB520025); Distinguished Professors of Jiangsu Province; ","https://ieeexplore.ieee.org/stamp/stamp.jsp?arnumber=10336909","Evolutionary computation;generative adversarial networks (GANs);generative model;neural architecture search (NAS)","Training;Generative adversarial networks;Network architecture;Search problems;Optimization;Evolutionary computation;Neural architecture search","","24","","62","IEEE","1 Dec 2023","","","IEEE","IEEE Journals"
"Exploring the Development of Computer Drawing in Graphic Design from a Technology Philosophy","C. -F. Yang; C. -S. Sun","Department of Visual Communication Design, Shu-Te University, Kaohsiung City, Taiwan; Department of Industry Technology Education, National Kaohsiung Normal University, Kaohsiung City, Taiwan",2016 IEEE Symposium on Service-Oriented System Engineering (SOSE),"19 May 2016","2016","","","333","339","Personal computers (PC) have become an integral and necessary part of everyone's lives since the introduction of the Apple II computer from Apple Inc. in 1978. PCs have guided human technology trends for nearly 40 years, and computers have changed many things in people's lives, including food, clothing, accommodation, travel, entertainment, and leisure. The field of graphic design is no exception. Graphic design technology has been significantly impacted by the development of computers. Since the appearance of computers, graphic design technology has gone through unprecedented technology innovation and change. Graphic design not only requires a high level of creativity, it also needs design technology to produce creative design results. In this study, we explored and compared the correlation between the history of PC development and history of graphic design from an interlacing historical and development perspective. We also explored technology philosophy of graphic design from a technology philosophy perspective.","","978-1-5090-2253-3","10.1109/SOSE.2016.20","","https://ieeexplore.ieee.org/stamp/stamp.jsp?arnumber=7473045","PC;graphic design;design creativity;technology philosophy","Computers;Graphics;Integrated circuits;History;Printing;Context;Production","","2","","13","IEEE","19 May 2016","","","IEEE","IEEE Conferences"
"Survey on the Impact of Agile Development on Software Quality","S. Zhu; H. Zhao; J. Huang; Y. Xing","Tongii University, Shanghai, China; Henan University, Zhengzhou, China; Beijing University of Posts and Telecommunications, Beijing, China; Beijing University of Posts and Telecommunications, Beijing, China","2024 IEEE 24th International Conference on Software Quality, Reliability, and Security Companion (QRS-C)","29 Oct 2024","2024","","","1322","1323","Software quality has grown increasingly significant in the information society nowadays. As information technology advances, software has permeated all aspects of social life. Our survey investigates the quality of domestic software products, encompassing the overall state of software quality, requirement quality, design quality, code quality, test quality, the focus of team efforts for the upcoming year, and the application and user experience of large models. Moreover, we analyze the impact of the prevalent agile development methodology on various aspects of software quality.","2693-9371","979-8-3503-6565-8","10.1109/QRS-C63300.2024.00175","","https://ieeexplore.ieee.org/stamp/stamp.jsp?arnumber=10727061","software quality;agile development;survey","Surveys;Codes;Software quality;User experience;Stability analysis;Software reliability;Security;Personnel;Software development management;Testing","","","","5","IEEE","29 Oct 2024","","","IEEE","IEEE Conferences"
"Multiobjective Many-Tasking Evolutionary Optimization using Diversified Gaussian-Based Knowledge Transfer","Q. Lin; Q. Wang; B. Chen; Y. Ye; L. Ma; K. C. Tan","College of Computer Science and Software Engineering, Shenzhen University, Shenzhen, China; College of Computer Science and Software Engineering, Shenzhen University, Shenzhen, China; College of Computer Science and Software Engineering, Shenzhen University, Shenzhen, China; College of Computer Science and Software Engineering, Shenzhen University, Shenzhen, China; College of Computer Science and Software Engineering, Shenzhen University, Shenzhen, China; Department of Data Science and Artificial Intelligence, The Hong Kong Polytechnic University, Hong Kong, P.R. China",IEEE Transactions on Evolutionary Computation,"","2024","PP","99","1","1","Multiobjective multitasking evolutionary algorithms have shown promising performance for tackling a set of multiobjective optimization tasks simultaneously, as the optimization experience gained within one task can be transferred to accelerate the solving of others. However, most studies only select similar transfer tasks based on their designed metrics, which become less efficient when tackling a large number of optimization tasks, as their transferred knowledge may be insufficiently diversified. To alleviate this issue, this article proposes a Multiobjective Many-Tasking Evolutionary Algorithm using Diversified Gaussian-based knowledge Transfer, named MMaTEA-DGT. In this algorithm, a diversified transfer selection strategy is presented to choose a number of similar and complementary source tasks for knowledge transfer. Then, based on the above diversified source tasks, a Gaussian-based transfer strategy is designed to transfer their various optimization knowledge. In this way, MMaTEA-DGT is more effective in transferring optimization knowledge to speed up the solving of many tasks. Experimental studies on both the benchmark suites and a real-world dynamic vaccine prioritization problem have indicated the superiority of MMaTEA-DGT over some recently proposed multiobjective many-tasking evolutionary algorithms.","1941-0026","","10.1109/TEVC.2024.3467048","National Key Research and Development Program of China(grant numbers:2018AAA0101301); the Research Grants Council of the Hong Kong SAR(grant numbers:PolyU11202418,PolyU11209219); ","https://ieeexplore.ieee.org/stamp/stamp.jsp?arnumber=10689719","Evolutionary algorithm;Multiobjective optimization;Many-tasking optimization;Gaussian distribution","Optimization;Knowledge transfer;Evolutionary computation;Multitasking;Vectors;Reviews;Resource management","","5","","","IEEE","24 Sep 2024","","","IEEE","IEEE Early Access Articles"
"Transferability in the Automatic Off-Line Design of Robot Swarms: From Sim-to-Real to Embodiment and Design-Method Transfer Across Different Platforms","M. Kegeleirs; D. G. Ramos; K. Hasselmann; L. Garattoni; G. Francesca; M. Birattari","IRIDIA, Université libre de Bruxelles, Brussels, Belgium; IRIDIA, Université libre de Bruxelles, Brussels, Belgium; Royal Military Academy, Brussels, Belgium; Toyota Motor Europe, Brussels, Belgium; Toyota Motor Europe, Brussels, Belgium; IRIDIA, Université libre de Bruxelles, Brussels, Belgium",IEEE Robotics and Automation Letters,"9 Feb 2024","2024","9","3","2758","2765","Automatic off-line design is an attractive approach to implementing robot swarms. In this approach, a designer specifies a mission to be accomplished by the swarm, and an optimization process generates suitable control software for the individual robots through computer-based simulations. Most relevant literature has focused on effectively transferring control software from simulation to physical robots. Here, we investigate 1)whether the design methods that generate control software are transferable across robot platforms and 2)whether control software generated via such methods is itself transferable.  We experiment with two ground mobile platforms with equivalent functional capabilities. Our measure of transferability is based on the performance drop observed when control software and/or design methods are ported from one platform to another. Results indicate that, while the control software generated via automatic design is possibly transferable, better performance can be achieved when a transferable method is directly applied to the new platform.","2377-3766","","10.1109/LRA.2024.3360013","Belgium's Wallonia-Brussels Federation; ARC Advanced project GbO-Guaranteed by Optimization; Belgian Fonds de la Recherche Scientifique—FNRS; Colombian Ministry of Science, Technology and Innovation—Minciencias; ","https://ieeexplore.ieee.org/stamp/stamp.jsp?arnumber=10416330","Automatic design;swarm robotics;transferability;methods and tools for robot system design;evolutionary robotics","Software;Robot sensing systems;Design methodology;Behavioral sciences;Swarm robotics;Reinforcement learning;Optimization","","5","","46","IEEE","29 Jan 2024","","","IEEE","IEEE Journals"
"Drag Reduction Analysis of Transonic RAE2822 Airfoil with Two-Dimensional Optimal Bump","J. Gao","Shanghai Aircraft Design and Research Institute, Shanghai, China",2023 3rd International Conference on Networking Systems of AI (INSAI),"23 May 2025","2023","","","239","246","Polished: Abstract—This paper presents a numerical study of the drag reduction characteristics of the transonic supercritical RAE2822 airfoil with a bump using the CFD method. An optimization design platform for the airfoil's bump parameters is established through the Isight optimization software to optimize the bump under different Mach numbers and angles of attack. The platform is validated and capable of automatic optimization without manual intervention. The results of the optimization show improvements in the lift-drag characteristics of the airfoil and a delay in flow separation and stall. The parameters of bump length, height, and position are influenced by the incoming flow, while the bump crest remains relatively fixed and located near the center of the bump.","","979-8-3503-4466-0","10.1109/INSAI60116.2023.00050","","https://ieeexplore.ieee.org/stamp/stamp.jsp?arnumber=10992657","Shock control bump;Transonic supercritical airfoil;Bump optimization design platform;Evolutionary algorithm;Drag reduction","Electric shock;Design methodology;Manuals;Evolutionary computation;Software;Delays;Artificial intelligence;Optimization;Automotive components","","","","","IEEE","23 May 2025","","","IEEE","IEEE Conferences"
"Integrating knowledge life cycle within software development process to produce a quality software product","O. Sabri; F. Alfifi","Management Information System Dept, Jazan University, Jazan, KSA; Management Information System Dept, Jazan University, Jazan, KSA",2017 International Conference on Engineering and Technology (ICET),"8 Mar 2018","2017","","","1","7","The main goal of this paper is to discuss the involvement of knowledge life cycle phases within software development processes to achieve software quality. This paper represents the importance of knowledge life cycle activities during a typical software development process to provide software as a final product/target. With the help of knowledge movements within the organization, the quality of provided software is used to improve organization performance and products better and faster. Additionally; the research will present a framework for knowledge management within software development life cycle as a means of evaluating the effects on people and organization, technology and workflows during the software development processes.","","978-1-5386-1949-0","10.1109/ICEngTechnol.2017.8308172","","https://ieeexplore.ieee.org/stamp/stamp.jsp?arnumber=8308172","Knowledge Management;Knowledge Management Practices;Knowledge Management Life Cycle;software engineering;software development process;software development lifecycle","Software;Organizations;Knowledge management;Software engineering;Maintenance engineering;System analysis and design","","4","","22","IEEE","8 Mar 2018","","","IEEE","IEEE Conferences"
"Evolutionary bound constraint handling for particle swarm optimization","A. H. Gandomi; A. R. Kashani","BEACON Center for the Study of Evolutionary in Action, Michigan State University East Lansing, Michigan, MI, USA; Department of Civil Engineering, Arak University, Arak, Iran",2016 4th International Symposium on Computational and Business Intelligence (ISCBI),"17 Nov 2016","2016","","","148","152","Most global optimization problems have some constraints within their solution space and some of them are related to the boundary limitations. Implementation of these restrictions calls a proper method that is readily usable. In the particle swarm optimization (PSO) algorithm, solutions can easily violate of the bounds limitations; therefore, a bound constraint handling (BCH) method affects the algorithm performance considerably. There are a few studies in the literature about this issue in PSO. This demand is tackled in this study by introducing an effective technique for BCH in the PSO algorithm, called evolutionary boundary constraint handling (EBCH). Several benchmark functions are optimized with the EBCH method, and the results are compared with ten other approaches proposed in the literature including general BCH approaches and PSO specific approaches. The results reveal that, in most cases, the EBCH can considerably improve the performance of the PSO algorithm in comparison with other BCH methods.","","978-1-5090-3488-8","10.1109/ISCBI.2016.7743274","","https://ieeexplore.ieee.org/stamp/stamp.jsp?arnumber=7743274","Particle swarm optimization;Evolutionary boundary constraint handling","Algorithm design and analysis;Benchmark testing;Mirrors;Optimization;Standards;Computer aided software engineering;Particle swarm optimization","","12","","19","IEEE","17 Nov 2016","","","IEEE","IEEE Conferences"
"ISO/IEC/IEEE Draft International Standard - Systems and Software Engineering--Design and development of information for users","",,"ISO/IEC/IEEE P26514/CD2, August 2020","24 Aug 2020","2020","","","1","88","","","978-1-5044-6949-4","","","https://ieeexplore.ieee.org/stamp/stamp.jsp?arnumber=9175060","","IEEE Standards;ISO Standards;IEC Standards;Software engineering;Systems engineering and theory","","","","","","24 Aug 2020","","","IEEE","IEEE Standards"
"Bionspired Search in the Transmission Line Design Calculation Problem when Placing VLSI Fragments","V. I. Danilchenko; Y. V. Danilchenko; V. M. Kureichik","Computer-aided design of department, Postgraduate Federal State-Owned Autonomy Educational Establishment of Higher Vocational Education “Southern Federal University”, Taganrog, Russia; Computer-aided design of department, Postgraduate Federal State-Owned Autonomy Educational Establishment of Higher Vocational Education “Southern Federal University”, Taganrog, Russia; Computer-aided design of department, Postgraduate Federal State-Owned Autonomy Educational Establishment of Higher Vocational Education “Southern Federal University”, Taganrog, Russia",2021 Radiation and Scattering of Electromagnetic Waves (RSEMW),"2 Aug 2021","2021","","","460","463","The paper presents a modified genetic algorithm for bionspired search for calculating a transmission line when placing very large - scale integration (VLSI) fragments, which allows you to create an algorithmic environment in the field of genetic search for solving non – deterministic polynomial (NP) complete problems. The purpose of this work is to find ways of calculating a transmission line based on bionspired search. The scientific novelty lies in the development of a modified genetic algorithm for bionspirated computer-aided transmission line design. The problem statement in this work is as follows: to optimize the design of the transmission line by using a modified GA. A fundamental difference from the known approaches in the use of new modified genetic structures in a bionspirated automated search, as well as a new method for calculating the transmission line, based on a modified GA in a bionspirated search structure, is presented in the work. A software algorithm for the structural calculation of a transmission line based on bionspirated search is proposed. Thus, the problem of creating methods, algorithms and software for automated calculation of a transmission line is currently of particular relevance. Its solution will improve the quality characteristics of the designed devices, reduce the time and cost of design.","","978-1-6654-2544-5","10.1109/RSEMW52378.2021.9494119","RFBR(grant numbers:20-37-90151); ","https://ieeexplore.ieee.org/stamp/stamp.jsp?arnumber=9494119","genetic algorithms;graphs and hypergraphs;evolutionary computing;transmission line calculation automation;CAD;VLSI","Power transmission lines;Software algorithms;Electromagnetic scattering;Very large scale integration;Search problems;Genetics;Software","","","","25","IEEE","2 Aug 2021","","","IEEE","IEEE Conferences"
"Self-sustaining Software Systems (S4): Towards Improved Interpretability and Adaptation","C. Cabrera; A. Paleyes; N. D. Lawrence","Department of Computer Science and Technology, University of Cambridge, United Kingdom; Department of Computer Science and Technology, University of Cambridge, United Kingdom; Department of Computer Science and Technology, University of Cambridge, United Kingdom",2024 IEEE/ACM International Workshop New Trends in Software Architecture (SATrends),"10 Sep 2024","2024","","","5","9","Software systems impact society at different levels as they pervasively solve real-world problems. Modern software systems are often so sophisticated that their complexity exceeds the limits of human comprehension. These systems must respond to changing goals, dynamic data, unexpected failures, and security threats, among other variable factors in real-world environments. Systems’ complexity challenges their interpretability and requires autonomous responses to dynamic changes. Two main research areas explore autonomous systems’ responses: evolutionary computing and autonomic computing. Evolutionary computing focuses on software improvement based on iterative modifications to the source code. Autonomic computing focuses on optimising systems’ performance by changing their structure, behaviour, or environment variables. Approaches from both areas rely on feedback loops that accumulate knowledge from the system interactions to inform autonomous decision-making. However, this knowledge is often limited, constraining the systems’ interpretability and adaptability. This paper proposes a new concept for interpretable and adaptable software systems: self-sustaining software systems (S4). S4 builds knowledge loops between all available knowledge sources that define modern software systems to improve their interpretability and adaptability. This paper introduces and discusses the S4 concept.CCS CONCEPTS• Software and its engineering → Designing software; Automatic programming; Software evolution.","","979-8-4007-0560-1","","","https://ieeexplore.ieee.org/stamp/stamp.jsp?arnumber=10669875","Autonomous Systems;Software Engineering;Knowledge Graphs;Data-Oriented Architectures;Large Language Models","Software architecture;Source coding;Natural languages;Prototypes;Software systems;Market research;Complexity theory","","","","40","CCBY","10 Sep 2024","","","IEEE","IEEE Conferences"
"A Cone Decomposition Evolutionary Algorithm with Dominance-based Archive for Many-objective Optimization Problems with Irregular Fronts","W. Ying; J. Huang; Y. Wu; Y. Deng; Y. Lan","School of Software Engineering, South China University of Technology, Guangzhou, PR China; School of Software Engineering, South China University of Technology, Guangzhou, PR China; School of Computer Science and Cyber Eng., Guangzhou University, Guangzhou, PR China; School of Software Engineering, South China University of Technology, Guangzhou, PR China; School of Software Engineering, South China University of Technology, Guangzhou, PR China",2020 IEEE Congress on Evolutionary Computation (CEC),"3 Sep 2020","2020","","","1","7","Most of the existing multi-objective evolutionary algorithms (MOEAs) are designed to solve many-objective optimization problems (MaOPs) with regular fronts. However, their effectiveness for MaOPs with irregular fronts are yet to be improved. In this paper, a cone decomposition evolutionary algorithm with dominance-based archive (CDEA-DA) is presented to extend decomposition-based MOEAs for MaOPs with irregular fronts. In CDEA-DA, an improved cone decomposition strategy is adopted to decompose one MaOP into several scalar subproblems. Then, a dominance-based archive is designed to collect the non-dominated solutions eliminated during evolution, so as to improve the quality of the obtained front. The proposed algorithm is compared with four state-of-the-art algorithms on unconstrained benchmark MaOPs. Empirical results demonstrate that CDEA-DA achieves the superior quality of fronts.","","978-1-7281-6929-3","10.1109/CEC48606.2020.9185860","","https://ieeexplore.ieee.org/stamp/stamp.jsp?arnumber=9185860","Many-objective optimization;irregular fronts;evolutionary algorithms;decomposition;dominance","Sociology;Statistics;Evolutionary computation;Optimization;Software engineering;Sorting;Indexes","","1","","16","IEEE","3 Sep 2020","","","IEEE","IEEE Conferences"
"HSCoNAS: Hardware-Software Co-Design of Efficient DNNs via Neural Architecture Search","X. Luo; D. Liu; S. Huai; W. Liu","School of Computer Science and Engineering, Nanyang Technological University, Singapore; HP-NTU Digital Manufacturing Corporate Lab, Nanyang Technological University, Singapore; HP-NTU Digital Manufacturing Corporate Lab, Nanyang Technological University, Singapore; HP-NTU Digital Manufacturing Corporate Lab, Nanyang Technological University, Singapore","2021 Design, Automation & Test in Europe Conference & Exhibition (DATE)","16 Jul 2021","2021","","","418","421","In this paper, we present a novel multi-objective hardware-aware neural architecture search (NAS) framework, namely HSCoNAS, to automate the design of deep neural networks (DNNs) with high accuracy but low latency upon target hardware. To accomplish this goal, we first propose an effective hardware performance modeling method to approximate the runtime latency of DNNs on target hardware, which will be integrated into HSCoNAS to avoid the tedious on-device measurements. Besides, we propose two novel techniques, i.e., dynamic channel scaling to maximize the accuracy under the specified latency and progressive space shrinking to refine the search space towards target hardware as well as alleviate the search overheads. These two techniques jointly work to allow HSCoNAS to perform fine-grained and efficient explorations. Finally, an evolutionary algorithm (EA) is incorporated to conduct the architecture search. Extensive experiments on ImageNet are conducted upon diverse target hardware, i.e., GPU, CPU, and edge device to demonstrate the superiority of HSCoNAS over recent state-of-the-art approaches.","1558-1101","978-3-9819263-5-4","10.23919/DATE51398.2021.9473937","Nanyang Technological University(grant numbers:M4082282,M4082087); ","https://ieeexplore.ieee.org/stamp/stamp.jsp?arnumber=9473937","","Performance evaluation;Runtime;Power demand;Image edge detection;Neural networks;Graphics processing units;Evolutionary computation","","8","","17","","16 Jul 2021","","","IEEE","IEEE Conferences"
"Design automation tasks scheduling for enhanced parallel execution of a state-of-the-art layout-aware sizing approach","D. Neves; R. Martins; N. Lourenço; N. Horta","Instituto de Telecomunicações, Instituto Superior Técnico - ULisbon, Lisbon, Portugal; Instituto de Telecomunicações, Instituto Superior Técnico - ULisbon, Lisbon, Portugal; Instituto de Telecomunicações, Instituto Superior Técnico - ULisbon, Lisbon, Portugal; Instituto de Telecomunicações, Instituto Superior Técnico - ULisbon, Lisbon, Portugal","2016 Design, Automation & Test in Europe Conference & Exhibition (DATE)","28 Apr 2016","2016","","","1513","1516","This paper presents an innovative methodology to efficiently schedule design automation tasks during the execution of an analog IC layout-aware sizing process. The referred synthesis process includes several sub-tasks such as DC simulation, floorplanning, placement, global routing, parasitic extraction, and circuit simulations in multiple worst case corners. The schedule of the design tasks is here optimized taking into account standard multi-core architectures, tasks dependencies, accurate time estimations for each task and a limited number of licenses for using commercial tools, e.g., number of simulator licenses. The proposed methodology, first, considers a directed acyclic graph for representing the design flow and task dependencies, then, an evolutionary kernel is used to implement a single-objective multi-constraint optimization. The efficiency and impact of the proposed approach is validated by using a state-of-the-art Analog IC design automation environment.","1558-1101","978-3-9815-3707-9","","","https://ieeexplore.ieee.org/stamp/stamp.jsp?arnumber=7459553","Analog Integrated Circuits;Electronic Design Automation;Schedulling;Parallel Processing","Licenses;Schedules;Integrated circuit modeling;Optimal scheduling;Design automation;Sociology","","","","13","","28 Apr 2016","","","IEEE","IEEE Conferences"
"On the effect of local search in the multi-objective evolutionary discovery of software architectures","A. Ramírez; J. R. Romero; S. Ventura","Universidad de Cordoba, Cordoba, AndalucÃ­a, ES; Universidad de Cordoba, Cordoba, AndalucÃ­a, ES; Dept. of Computer Science and Numerical Analysis, University of Córdoba Campus of Rabanales, Córdoba, Spain",2017 IEEE Congress on Evolutionary Computation (CEC),"7 Jul 2017","2017","","","2038","2045","Software architects devote substantial efforts to find the most fitting architectural description for their system, which should not only specify its structure, but is also required to meet multiple, simultaneous quality criteria. Evolutionary computation has recently demonstrated to provide insightful support during the design phase by automatically deciding how to organise internal software components and how they should interact each other. Observed from a multi-objective perspective, particular care has to be taken in order to reach an appropriate trade-off among design metrics, while providing the software engineer with diverse alternatives to choose among. However, multi-objective evolutionary algorithms may find difficulties to control both aspects and, at the same time, to explore the entire search space in depth. Under these circumstances, local search can be applied to complement the evolution by scrutinising the most promising search directions. This paper proposes two different approaches that take advantage of the benefits of local search within the multi-objective evolutionary discovery of component-based software architectures. A detailed analysis and comparative study provides interesting findings like the importance of assigning a sufficient number of evaluations to the local improvement. The way in which local search explores and compares solutions for acceptance is a relevant aspect to promote diversity during the discovery process as well.","","978-1-5090-4601-0","10.1109/CEC.2017.7969551","","https://ieeexplore.ieee.org/stamp/stamp.jsp?arnumber=7969551","","Software architecture;Search problems;Computer architecture;Memetics;Evolutionary computation;Measurement;Mathematical model","","","","16","IEEE","7 Jul 2017","","","IEEE","IEEE Conferences"
"Proving theorems by using evolutionary search with human involvement","Szu-Yi Huang; Y. -p. Chen","Department of Computer Science, National Chiao Tung University, HsinChu City, TAIWAN; Department of Computer Science, National Chiao Tung University, HsinChu City, TAIWAN",2017 IEEE Congress on Evolutionary Computation (CEC),"7 Jul 2017","2017","","","1495","1502","The link between logic and computation has been established by the BHK interpretation and the Curry-Howard isomorphism, based on which proof assistants capable of verifying formal proofs by transforming proofs into programs and by computationally evaluating the programs have been developed for the past few decades. Because evolutionary algorithms are search methods with remarkable feasibility and can be used to automatically generate programs, in our previous proposal, evolutionary algorithms and proof assistants were integrated to create a framework able to automatically prove simple theorems. In the present work, we aim to enhance the search ability of the proof generator such that proofs of slightly advanced, complicated theorems can be generated via evolutionary search with human involvement. This article describes in detail the algorithmic design of the proposed proof generator, how and why humans are involved in the process of proof development, and the test runs, in which proofs as Coq formalization of three theorems, the divisibility rule for 3, the sum of an arithmetic series, and the inequality of arithmetic and geometric means, were successfully generated. The developed source code with the obtained experimental results, including the human created rules and the software generated proofs, are released as open source.","","978-1-5090-4601-0","10.1109/CEC.2017.7969480","","https://ieeexplore.ieee.org/stamp/stamp.jsp?arnumber=7969480","Proof generator;evolutionary algorithm;proof assistant;Coq;automatic theorem proving;human involvement","Sociology;Statistics;Generators;Evolutionary computation;Software;Algorithm design and analysis;Computers","","1","","28","IEEE","7 Jul 2017","","","IEEE","IEEE Conferences"
"A Primary Theoretical Study on Decomposition-Based Multiobjective Evolutionary Algorithms","Y. -L. Li; Y. -R. Zhou; Z. -H. Zhan; J. Zhang","Education Department of Guangdong Province, Key Laboratory of Software Technology, Guangzhou, China; Education Department of Guangdong Province, Key Laboratory of Software Technology, Guangzhou, China; Education Department of Guangdong Province, Key Laboratory of Software Technology, Guangzhou, China; Education Department of Guangdong Province, Key Laboratory of Software Technology, Guangzhou, China",IEEE Transactions on Evolutionary Computation,"28 Jul 2016","2016","20","4","563","576","Decomposition-based multiobjective evolutionary algorithms (MOEAs) have been studied a lot and have been widely and successfully used in practice. However, there are no related theoretical studies on this kind of MOEAs. In this paper, we theoretically analyze the MOEAs based on decomposition. First, we analyze the runtime complexity with two basic simple instances. In both cases the Pareto front have oneto-one map to the decomposed subproblems or not. Second, we analyze the runtime complexity on two difficult instances with bad neighborhood relations in fitness space or decision space. Our studies show that: 1) in certain cases, polynomialsized evenly distributed weight parameters-based decomposition cannot map each point in a polynomial sized Pareto front to a subproblem; 2) an ideal serialized algorithm can be very efficient on some simple instances; 3) the standard MOEA based on decomposition can benefit a runtime cut of a constant fraction from its neighborhood coevolution scheme; and 4) the standard MOEA based on decomposition performs well on difficult instances because both the Pareto domination-based and the scalar subproblem-based search schemes are combined in a proper way.","1941-0026","","10.1109/TEVC.2015.2501315","National High-Technology Research and Development Program (863 Program) of China(grant numbers:2013AA01A212); National Natural Science Foundations of China (NSFC)(grant numbers:61402545,61202130,61170081); Natural Science Foundations of Guangdong Province for Distinguished Young Scholars(grant numbers:2014A030306038); Project for Pearl River New Star in Science and Technology(grant numbers:201506010047); NSFC Key Program(grant numbers:61332002); NSFC for Distinguished Young Scholars(grant numbers:61125205); NSFC Joint Fund with Guangdong under Key Projects(grant numbers:U1201258,U1135005); ","https://ieeexplore.ieee.org/stamp/stamp.jsp?arnumber=7329972","Decomposition-based multiobjective evolutionary algorithms (MOEAs);runtime analysis;theoretical study","Runtime;Optimization;Evolutionary computation;Algorithm design and analysis;Complexity theory;Sociology;Statistics","","39","","73","IEEE","17 Nov 2015","","","IEEE","IEEE Journals"
"Optimizing Product Appearance Design by using Genetic Algorithm Framework","X. Yu; Y. Shi; X. Wu","School of Art and Design, Wanjiang University of Technology, Ma’Anshan, China; School of Art and Design, Wanjiang University of Technology, Ma’Anshan, China; School of Art and Design, Wanjiang University of Technology, Ma’Anshan, China",2025 3rd International Conference on Data Science and Information System (ICDSIS),"10 Jul 2025","2025","","","1","6","The study adequately proves that Genetic Algorithms can greatly improve the product appearance design process. Through the automation of exploring design options, the method lightens designer workload while amplifying innovation potential. The use of a fitness-based evaluation mechanism enables objective measurement of beauty and user acceptability. Results from experiments confirm that the GA can converge to visually attractive and functionally efficient designs. The incorporation of consumer input and ergonomics into the fitness function provides real-world applicability to the results. The approach is conducive to fast iteration and personalization, essential in contemporary product development. Higher flexibility and speed compared to traditional design approaches are provided by the GA-driven system with accuracy of 98.2 % , precision of 98 % , Recall of 98 % and F1-Score of 98 %. The generated diversity of design across generations is conducive to greater marketability. This validates the fact that genetic algorithms are an asset to the industrial designer’s arsenal. Overall, the research contributes to computational design and evolutionary optimization areas.","","979-8-3315-4265-8","10.1109/ICDSIS65355.2025.11070884","","https://ieeexplore.ieee.org/stamp/stamp.jsp?arnumber=11070884","computational design;evaluation mechanism;evolutionary optimization areas;genetic algorithms","Product customization;Technological innovation;Three-dimensional displays;Software;Real-time systems;Product design;Vehicle dynamics;Sustainable development;Optimization;Genetic algorithms","","","","20","IEEE","10 Jul 2025","","","IEEE","IEEE Conferences"
"An evolutionary algorithm for performance optimization at software architecture level","X. Du; X. Yao; Y. Ni; L. L. Minku; P. Ye; R. Xiao","Faculty of software, The University of Birmingham, Fuzhou, China; Faculty of software, Fujian Normal University, Fuzhou, China; College of Mathematics and Computer, Wuhan Textile University, Wuhan, China; School of Computer Science, The University of Birmingham, Birmingham, UK; School of Computer Science, The University of Birmingham, Birmingham, UK; Faculty of software, The University of Birmingham, Fuzhou, China",2015 IEEE Congress on Evolutionary Computation (CEC),"14 Sep 2015","2015","","","2129","2136","Architecture-based software performance optimization can not only significantly save time but also reduce cost. A few rule-based performance optimization approaches at software architecture (SA) level have been proposed in recent years. However, in these approaches, the number of rules being used and the order of application of each rule are uncertain in the optimization process and these uncertainties have not been fully considered so far. As a result, the search space for performance improvement is limited, possibly excluding optimal solutions. Aiming to solve this problem, we propose an evolutionary algorithm for rule-based performance optimization at SA level named EA4PO. First, the rule-based software performance optimization at SA level is abstracted into a mathematical model called RPOM. RPOM can precisely characterize the mathematical relation between the usage of rules and the optimal solution in the performance improvement space. Then, a framework named RSEF is designed to support the execution of rule sequences. Based on RPOM and RSEF, EA4PO is proposed to find the optimal performance improvement solution. In EA4PO, an adaptive mutation operator is designed to guide the search direction by fully considering heuristic information of rule usage during the evolution. Finally, the effectiveness of EA4PO is validated by comparing EA4PO with a typical rule-based approach. The results show that EA4PO can explore a relatively larger space and get better solutions.","","978-1-4799-7492-4","10.1109/CEC.2015.7257147","","https://ieeexplore.ieee.org/stamp/stamp.jsp?arnumber=7257147","performance analysis;performance optimization algorithm;evolutionary algorithm;software architecture;search-based software engineering;rule","Optimization;Engines;Software performance;Time factors;Subspace constraints;Software architecture;Evolutionary computation","","4","","20","IEEE","14 Sep 2015","","","IEEE","IEEE Conferences"
"Guidelines toward Better Participation of Older Adults in Software Development Processes Using a New SPIRAL Method and Participatory Approach","W. Kopec; R. Nielek; A. Wierzbicki","Polish-Japanese Academy of Information Technology, Warsaw, Poland; Polish-Japanese Academy of Information Technology, Warsaw, Poland; Polish-Japanese Academy of Information Technology, Warsaw, Poland",2018 IEEE/ACM 11th International Workshop on Cooperative and Human Aspects of Software Engineering (CHASE),"26 Aug 2018","2018","","","49","56","This paper presents a new method of engaging older participants in the process of application and IT solutions development for older adults for emerging IT and tech startups. A new method called SPIRAL (Support for Participant Involvement in Rapid and Agile software development Labs) is proposed which adds both sustainability and flexibility to the development process with older adults. This method is based on the participatory approach and user empowerment of older adults with the aid of a bootstrapped Living Lab concept and it goes beyond well established user-centered and empathic design. SPIRAL provides strategies for direct involvement of older participants in the software development processes from the very early stage to support the agile approach with rapid prototyping, in particular in new and emerging startup environments with limited capabilities, including time, team and resources.","2574-1837","978-1-4503-5725-8","","","https://ieeexplore.ieee.org/stamp/stamp.jsp?arnumber=8445536","cooperative software development;participatory design;co-design;older adults;stakeholder participation;living lab;social design;intergenerational interaction;social inclusion;lean startup","Software;Market research;Spirals;Guidelines;Industries;Silver;Europe","","","","41","","26 Aug 2018","","","IEEE","IEEE Conferences"
"Impact of crossover and mutation on reproduction in evolutionary test model learning","M. Sroka; D. Fisch; R. Nagy","Faculty of Materials Science and Technology in Trnava, Slovak University of Technology in Bratislava, Trnava, Slovakia; Central Control Unit Software Development and Validation, Research and Development Centre BMW AG, Munich, Germany; Central Control Unit Software Development and Validation, Research and Development Centre BMW AG, Munich, Germany",2016 IEEE 14th International Symposium on Intelligent Systems and Informatics (SISY),"20 Oct 2016","2016","","","39","44","Automation in the software test design process has a significant impact on the software testing process and therefore also on the overall software development in the industry. The focus of this paper is on the automation of test case design via model-based testing for automotive embedded software. A method based on an evolutionary algorithm for acquiring the necessary test model automatically from sample test cases and additional sources of information is briefly described. This paper further investigates the impact of reproduction configuration on the evolutionary learning method.","1949-0488","978-1-5090-2866-5","10.1109/SISY.2016.7601515","","https://ieeexplore.ieee.org/stamp/stamp.jsp?arnumber=7601515","","Biological cells;Sociology;Statistics;Software;Testing;Software algorithms;Evolutionary computation","","1","","7","IEEE","20 Oct 2016","","","IEEE","IEEE Conferences"
"Lamarckian Platform: Pushing the Boundaries of Evolutionary Reinforcement Learning Toward Asynchronous Commercial Games","H. Bai; R. Shen; Y. Lin; B. Xu; R. Cheng","Guangdong Key Laboratory of Brain-Inspired Intelligent Computation, Department of Computer Science and Engineering, Southern University of Science and Technology, Shenzhen, China; NetEase Games AI Lab, Guangzhou, China; NetEase Games AI Lab, Guangzhou, China; Guangdong Key Laboratory of Brain-Inspired Intelligent Computation, Department of Computer Science and Engineering, Southern University of Science and Technology, Shenzhen, China; Guangdong Key Laboratory of Brain-Inspired Intelligent Computation, Department of Computer Science and Engineering, Southern University of Science and Technology, Shenzhen, China",IEEE Transactions on Games,"18 Mar 2024","2024","16","1","51","63","Despite the emerging progress of integrating evolutionary computation into reinforcement learning, the absence of a high-performance platform endowing composability and massive parallelism causes nontrivial difficulties for research and applications related to asynchronous commercial games. Here, we introduce Lamarckian1—an open-source platform featuring support for evolutionary reinforcement learning scalable to distributed computing resources. To improve the training speed and data efficiency, Lamarckian adopts optimized communication methods and an asynchronous evolutionary reinforcement learning workflow. To meet the demand for an asynchronous interface by commercial games and various methods, Lamarckian tailors an asynchronous Markov Decision Process interface and designs an object-oriented software architecture with decoupled modules. In comparison with the state-of-the-art RLlib, we empirically demonstrate the unique advantages of Lamarckian on benchmark tests with up to 6000 CPU cores: 1) both the sampling efficiency and training speed are doubled when running proximal policy optimization (PPO) on Google football game; 2) the training speed is 13 times faster when running PBT+PPO on Pong game. Moreover, we also present two use cases: 1) how Lamarckian is applied to generating behavior-diverse game AI; 2) how Lamarckian is applied to game balancing tests for an asynchronous commercial game.","2475-1510","","10.1109/TG.2022.3208324","National Natural Science Foundation of China(grant numbers:61906081); Shenzhen Science and Technology Program(grant numbers:RCBS20200714114817264); Guangdong Provincial Key Laboratory(grant numbers:2020B121201001); Program for Guangdong Introducing Innovative and Entrepreneurial Teams(grant numbers:2017ZT07X386); ","https://ieeexplore.ieee.org/stamp/stamp.jsp?arnumber=9897069","Asynchronous commercial games;evolutionary computation (EC);evolutionary reinforcement learning (EvoRL);platform;reinforcement learning (RL)","Games;Reinforcement learning;Training;Benchmark testing;Artificial intelligence;Evolutionary computation;Scalability","","3","","57","IEEE","21 Sep 2022","","","IEEE","IEEE Journals"
"Impact of mutation intensity on evolutionary test model learning","M. Sroka; R. Nagy; D. Fisch","Faculty of Materials Science and Technology, Trnava Slovak University of Technology in Bratislava, Trnava, Slovakia; Central Control Unit Software Development, Development Centre BMW AG, Munich, Germany; Central Control Unit Software Development, Development Centre BMW AG, Munich, Germany",2015 IEEE 19th International Conference on Intelligent Engineering Systems (INES),"23 Nov 2015","2015","","","271","276","Automation in the software testing process has significant impact on the overall software development in industry. The focus of this paper is on automation of test case design via model-based testing for automotive embedded software. A new method based on an evolutionary algorithm for acquiring the necessary test model automatically from sample test cases and additional sources of information was designed and this paper investigates the impact of mutation intensity on the evolutionary learning process.","","978-1-4673-7939-7","10.1109/INES.2015.7329720","","https://ieeexplore.ieee.org/stamp/stamp.jsp?arnumber=7329720","","Biological cells;Sociology;Statistics;Software;Testing;Evolutionary computation;Software algorithms","","2","","7","IEEE","23 Nov 2015","","","IEEE","IEEE Conferences"
"Localised mutation in evolutionary test model learning","M. Sroka; D. Fisch; R. Nagy","Faculty of Materials Science and Technology in Trnava, Slovak University of Technology in Bratislava, Trnava, Slovakia; Central Control Unit SW Development and Validation, Research and Development Centre BMW AG, Munich, Germany; Central Control Unit SW Development and Validation, Research and Development Centre BMW AG, Munich, Germany",2016 6th International Conference on Information Communication and Management (ICICM),"15 Dec 2016","2016","","","13","18","The focus of this paper is on automation of test case design via model-based testing for automotive embedded software. A method based on an evolutionary algorithm for acquiring the necessary test model automatically from sample test cases and additional sources of information is described. In an experiment the impact of localised mutational changes on the evolutionary learning method is investigated.","","978-1-5090-3495-6","10.1109/INFOCOMAN.2016.7784207","","https://ieeexplore.ieee.org/stamp/stamp.jsp?arnumber=7784207","model-based testing;evolutionary test model learning;localised mutation;reproduction operator","Biological cells;Sociology;Statistics;Testing;Software;Algorithm design and analysis;Software algorithms","","","","8","IEEE","15 Dec 2016","","","IEEE","IEEE Conferences"
"Optimized Software Product Line Architecture and Feature Modeling in Improvement of SPL","A. Zahoor Chohan; A. Bibi; Y. Hafeez Motla","University Institute of Information Technology (UIIT), PMAS UAAR, Rawalpindi, Pakistan; University Institute of Information Technology (UIIT), PMAS UAAR, Rawalpindi, Pakistan; University Institute of Information Technology (UIIT), PMAS UAAR, Rawalpindi, Pakistan",2017 International Conference on Frontiers of Information Technology (FIT),"18 Jan 2018","2017","","","167","172","Software product line is an emerging platform that helps an organization to develop their artifact from reusable components. However developing SPL architecture and selecting suitable PLA design method is most challenging process. Another issue arises in software architecture evolution is lack of optimization and re usability in product line architecture. This research paper proposes a framework for selection of suitable PLA design method that avoids their overlapping and improving reliability. It describes the best approach i.e. multi-objective optimization approach to optimize or automate the PLA design and defining reusability of software architecture evaluation data using simulation-based method. It also focuses to minimize risk and failure rate of software product line by making use of feature modeling.","","978-1-5386-3567-4","10.1109/FIT.2017.00037","","https://ieeexplore.ieee.org/stamp/stamp.jsp?arnumber=8261031","SPL;Software product line;PLA;Product line architecture;Optimized multilevel approaches;NIMSAD framework;Normative Information Model-based System Analysis and Design Framework","Programmable logic arrays;Computer architecture;Unified modeling language;Software product lines;Design methodology;Software architecture;Software","","4","","24","IEEE","18 Jan 2018","","","IEEE","IEEE Conferences"
"Model-Based Software Design and Testing in Blockchain Smart Contracts: A Systematic Literature Review","N. Sánchez-Gómez; J. Torres-Valderrama; J. A. García-García; J. J. Gutiérrez; M. J. Escalona","Web Engineering and Early Testing Research Group, Escuela Técnica Superior de Ingeniería Informática, University of Seville, Seville, Spain; Web Engineering and Early Testing Research Group, Escuela Técnica Superior de Ingeniería Informática, University of Seville, Seville, Spain; Web Engineering and Early Testing Research Group, Escuela Técnica Superior de Ingeniería Informática, University of Seville, Seville, Spain; Web Engineering and Early Testing Research Group, Escuela Técnica Superior de Ingeniería Informática, University of Seville, Seville, Spain; Web Engineering and Early Testing Research Group, Escuela Técnica Superior de Ingeniería Informática, University of Seville, Seville, Spain",IEEE Access,"17 Sep 2020","2020","8","","164556","164569","Blockchain technology promises to spark a real revolution. One of most important concepts associated with this technology is smart contracts, which enable the automatic execution of agreements and augur a world without intermediaries. The conditions and rules of “contracts” are established in a computer codes and trust is enforced by consensus among the participants. One relevant feature associated with smart contract is the immutability property, which establishes the non-alteration of blockchain network data after the clauses of the contract are been approved by all parties or entities involved. For this reason, smart contract development requires more effort and care than the development of other common programs. They require systematic mechanisms to collect requirements and functional specifications. In addition, it is necessary to verify and validate the agreed functionality and the implemented code before they are deployed in the blockchain platform. This article presents a systematic literature review of primary studies in the field of Software Development Life Cycle, focusing on model-based software design and testing in the blockchain domain of smart contracts. This research aims to identify gaps and/or opportunities for further research. After carried out this review, it was observed that no clear methodology exists for evaluating and validating the quality either of this software or the overall development process. This means that software developers may implement smart contract code in which bugs and serious security vulnerabilities appear when the software is delivered to their customers.","2169-3536","","10.1109/ACCESS.2020.3021502","Spanish Government’s Ministry of Economy and Competitiveness through the Guided Solutions for the Systematization of Early Quality Assurance in Software Engineering (POLOLAS) Project(grant numbers:TIN2016-76956-C3-2-R); Andalusian Regional Ministry of Economy, Knowledge, Business and University through the Trop@ Project(grant numbers:CEI-12-TIC021); ","https://ieeexplore.ieee.org/stamp/stamp.jsp?arnumber=9186040","Software engineering;software development life cycle;blockchain;smart contract;model-based software engineering;software testing;systematic literature review","Contracts;Software;Proposals;Testing;Systematics;Software engineering","","40","","74","CCBY","3 Sep 2020","","","IEEE","IEEE Journals"
"Context-Aware Security Patterns","E. Taşpolatoğlu; R. Heinrich","Institute of Information Security and Dependability, Karlsruhe Institute of Technology (KIT), Karlsruhe, Germany; Institute of Information Security and Dependability, Karlsruhe Institute of Technology (KIT), Karlsruhe, Germany",2024 8th International Conference on System Reliability and Safety (ICSRS),"31 Mar 2025","2024","","","537","544","Achieving and maintaining certain quality attributes of software-intensive systems is challenging, especially when these systems undergo change. In particular, information security is more difficult to maintain and degrades more rapidly than other non-functional attributes, often with catastrophic consequences. Security patterns are a well-established method for preventing and mitigating malicious attacks or unintentional failures. However, these patterns depend on contextual factors such as attacker behaviour and run-time configurations that are not explicitly addressed at design time, but evolve along with other software components or change dynamically in production. Security issues can arise after the initial development phases if software architects do not adequately document such contextual information in their designs. Existing approaches handle security-related information during the software design phase, but fail to consider the effects of evolving system architecture and environment due to implicit assumptions. Security pattern analysis needs to incorporate such contextual information to provide accurate security predictions. In this paper, we propose a novel approach for modelling security patterns and related contextual information within software architectures. This model-based documentation facilitates the analysis of the expected functionality of applied security patterns at an architectural abstraction level. We demonstrate how these architectural improvements support the maintenance of security by enabling architects to anticipate, track, and act upon the impact of evolutionary changes on the system. To validate our modelling approach, we apply it to a common case study.","","979-8-3503-5450-8","10.1109/ICSRS63046.2024.10927569","","https://ieeexplore.ieee.org/stamp/stamp.jsp?arnumber=10927569","model-based software design;software architecture;software security;security patterns;prerequisites","Software design;Software architecture;Systems architecture;Production;Software;Safety;Maintenance;Security;Pattern analysis;Context modeling","","","","34","IEEE","31 Mar 2025","","","IEEE","IEEE Conferences"
"The Design and Implementation of Primary Flight Display Components Based on SCADE","W. Yuanxun; Z. Shuang; K. Deqi; C. Lan; Z. Bin; Z. Tao","Department of Civil Aircraft, Xi’an Aeronautics Computing Technique Research Institute, Xi’an, China; Department of Civil Aircraft, Xi’an Aeronautics Computing Technique Research Institute, Xi’an, China; Department of Civil Aircraft, Xi’an Aeronautics Computing Technique Research Institute, Xi’an, China; Automated Data Room of Technology Protection Center, North West Air Traffic Management Bureau, Xi’an, China; Department of Civil Aircraft, Xi’an Aeronautics Computing Technique Research Institute, Xi’an, China; Department of Civil Aircraft, Xi’an Aeronautics Computing Technique Research Institute, Xi’an, China",2021 IEEE 3rd International Conference on Civil Aviation Safety and Information Technology (ICCASIT),"10 Dec 2021","2021","","","470","474","The primary flight display system provides pilots with key information such as flight, navigation and flight management through data interaction with multiple avionics subsystems. Its importance is self-evident. The traditional software development method of primary flight display system focuses on code and document, which has a large workload of manual coding and verification, high demand change cost, and it is difficult to meet the airworthiness requirements of DO- 178B/C. In view of the above problems, this paper studies the modeling mechanism of Safety-Critical Application Development Environment and summarizes the software development process of SCADE. Finally, taking the design of primary flight display components as the background, this paper expounds the specific development process based on SCADE environment, and verifies the feasibility and effectiveness of the design method of primary flight display components based on SCADE. The results show that SCADE realizes the automation of software development to a great extent, saves a lot of verification time, and reflects the advantages of software development in SCADE environment.","","978-1-6654-2518-6","10.1109/ICCASIT53235.2021.9633424","Aeronautical Science Foundation of China; ","https://ieeexplore.ieee.org/stamp/stamp.jsp?arnumber=9633424","safety critical application development environment;primary flight display;model design","Process design;Codes;Navigation;Display systems;Systems architecture;Manuals;Software","","","","8","IEEE","10 Dec 2021","","","IEEE","IEEE Conferences"
"Generating Initial Units in Games Using Evolutionary Algorithms and Dominance Relationship Matrix","M. Yang; Z. Yang","School of Computer Science, University Sains Malaysia, Penang, Malaysia; School of Computer Science, University Sains Malaysia, Penang, Malaysia",2024 5th International Conference on Big Data & Artificial Intelligence & Software Engineering (ICBASE),"26 Nov 2024","2024","","","15","19","The design of initial units in Real-Time Strategy games plays a crucial role in the gaming experience, providing players with a framework for early development and influencing strategies and decisions throughout the game. As RTS games evolve, the design of initial units continually innovates to accommodate the needs of players and the complexity of the game. Traditional resource allocation methods often rely on experience and intuition, lacking systematic and scientific approaches. However, designing these initial configurations is a time-consuming and labor-intensive process, requiring a significant amount of time and resources from game designers. Therefore, Procedural Content Generation (PCG) technology presents an attractive solution to this challenge. This paper proposes a novel PCG technique to expedite this process. Our method utilizes a comprehensive unit attribute system to construct a dominance relationship matrix, followed by the application of a genetic algorithm to optimize the initial units. We evaluate our technique in the scenario of generating initial units for real-time strategy games, resulting in balanced and diverse initial units.","","979-8-3315-0661-2","10.1109/ICBASE63199.2024.10762604","","https://ieeexplore.ieee.org/stamp/stamp.jsp?arnumber=10762604","Procedural Content Generation;Real-Time Strategy Games;Game Balance;Genetic Algorithms","Systematics;Procedural generation;Software algorithms;Games;Evolutionary computation;Real-time systems;Resource management;Optimization;Genetic algorithms;Software engineering","","","","19","IEEE","26 Nov 2024","","","IEEE","IEEE Conferences"
"Evolutionary Multitasking With Centralized Learning for Large-Scale Combinatorial Multiobjective Optimization","Y. Huang; W. Zhou; Y. Wang; M. Li; L. Feng; K. C. Tan","College of Computer Science, Chongqing University, Chongqing, China; College of Computer Science and Software Engineering, Shenzhen University, Shenzhen, China; Department of User Growth and Operations, Jing Dong Retail, Beijing, China; Department of User Growth and Operations, Jing Dong Retail, Beijing, China; College of Computer Science, Chongqing University, Chongqing, China; Department of Computing, The Hong Kong Polytechnic University, Hung Hom, Hong Kong SAR",IEEE Transactions on Evolutionary Computation,"2 Oct 2024","2024","28","5","1499","1513","Evolutionary multitasking (EMT) has attracted much attention in the community of evolutionary computation recently. It intends to improve the performance of evolutionary optimization on multiple problems via knowledge learning and transfer across them while the optimization processes progress online. Existing EMT paradigms can be classified as explicit EMT (EEMT) and implicit EMT (IEMT) according to the mechanisms adopted in the knowledge transfer. With additional knowledge learning and transfer modules, the EEMT often brings flexible algorithmic designs and effective knowledge transfer against the IEMT. However, most of the existing EEMT studies are designed for continuous optimization problems. Due to the difficulty of learning problem-specific mappings across combinatorial optimization problems, EEMT for combinatorial optimization is still in the nascent stage. Furthermore, it is worth noting that, with the growing number of tasks in today’s real-world applications and the enlarged number of decision variables in each of the tasks, learning mappings across tasks becomes more challenging. Keeping the above in mind, this article presents a novel EEMT algorithm with centralized learning for solving the large-scale and multiobjective combinatorial optimization in many-task manner, in which knowledge transfer across tasks is conducted based on a centralized learning model, instead of task-specific mappings which are required in existing EEMT studies. To investigate the performance of the proposed centralized learning assisted EEMT, comprehensive empirical studies have been conducted on the large-scale and multiobjective knapsack problems. Finally, the efficacy of our proposed method is further validated on a real-world combinatorial optimization application.","1941-0026","","10.1109/TEVC.2023.3323877","National Key Research and Development Program of China(grant numbers:2022YFC3801703); Joint Project JD User Growth Engine(grant numbers:H20211431); Research Grants Council of the Hong Kong SAR(grant numbers:PolyU11211521,PolyU15218622); National Natural Science Foundation of China (NSFC)(grant numbers:U21A20512); Hong Kong Polytechnic University(grant numbers:1-ZE0C); PolyU Start-Up Fund for Research Assistant Professor (RAPs) through the Strategic Hiring Scheme(grant numbers:P0045620); ","https://ieeexplore.ieee.org/stamp/stamp.jsp?arnumber=10278184","Combinatorial optimization;evolutionary multitasking (EMT);large-scale optimization","Task analysis;Optimization;Knowledge transfer;Multitasking;Search problems;Companies;Evolutionary computation","","8","","60","IEEE","11 Oct 2023","","","IEEE","IEEE Journals"
