"Document Title",Authors,"Author Affiliations","Publication Title",Date Added To Xplore,"Publication Year","Volume","Issue","Start Page","End Page","Abstract","ISSN",ISBNs,"DOI",Funding Information,PDF Link,"Author Keywords","IEEE Terms","Mesh_Terms",Article Citation Count,Patent Citation Count,"Reference Count","License",Online Date,Issue Date,"Meeting Date","Publisher",Document Identifier
"State-Of-The-Art And Directions For The Conceptual Design Of Safety-Critical Unmanned And Autonomous Aerial Vehicles","S. B. Nazarudeen; J. Liscouët","Department of Mechanical, Industrial and Aerospace Engineering, Gina Cody School of Engineering and Computer Science, Concordia University, Montreal, Canada; Department of Mechanical, Industrial and Aerospace Engineering, Gina Cody School of Engineering and Computer Science, Concordia University, Montreal, Canada",2021 IEEE International Conference on Autonomous Systems (ICAS),"6 Oct 2021","2021","","","1","5","Unmanned and Autonomous Aerial Vehicles (UAV/AAV) must be safe and reliable to prevent catastrophic accidents in population-dense areas. The study reveals the absence of a comprehensive UAV/AAV design for reliability approach in the open literature; in particular, there is no conceptual design methodology including safety and reliability considerations in the sizing. This finding leads to investigating the relevance of pursuing this research direction and identifying the challenges to address. For this matter, a straightforward approach combining sizing, systematic redundancy, controllability, and reliability assessments compares a conventional to a redundant design in a case study. The reliability analysis confirms that the redundant design is fault-tolerant and potentially highly reliable. However, the total mass almost doubles due to the lack of sizing and redundancy optimization. Plus, there is a high risk of under-sizing due to the limitations of a straightforward approach. This result emphasizes the need to develop a new conceptual design methodology based on sizing, including safety and reliability considerations. The paper concludes with research directions towards this goal. Thus, optimized redundant designs will contribute to the emergence of UAV/AAV for safety-critical applications in the near future.","","978-1-7281-7289-7","10.1109/ICAS49788.2021.9551158","","https://ieeexplore.ieee.org/stamp/stamp.jsp?arnumber=9551158","Unmanned Aerial Vehicle (UAV);Autonomous Aerial Vehicle (AAV);Reliability;Redundancy;Fault-tolerant;Multicopter;Conceptual Design;Sizing.","Vibrations;Design methodology;Redundancy;Fault tolerant systems;Reliability engineering;Controllability;Autonomous aerial vehicles","","6","","29","IEEE","6 Oct 2021","","","IEEE","IEEE Conferences"
"EDA for Autonomous Behavior Assurance","S. Saidi; D. Ziegenbein; J. V. Deshmukh; R. Ernst","Technical University Dortmund, Dortmund, Germany; Robert Bosch GmbH, Renningen, Germany; University of Southern California, Los Angeles, California, USA; Technical University Braunschweig, Braunschweig, Germany",2020 IEEE/ACM International Conference On Computer Aided Design (ICCAD),"25 Nov 2020","2020","","","1","3","Autonomous systems are self-governed and self-adaptive systems that must additionally comply with high assurance correctness and safety criteria. Such autonomous systems cannot be tested and verified in the traditional design process. While all systems hardware and software components can be implemented as usual, test and verification only cover the autonomous system functionality, but do not include the goal-driven autonomous behavior in all possible circumstances. This autonomous behavior is a primary design target. Thus, autonomous systems pose a number of emerging challenges and opportunities to the field of electronic design automation (EDA). Examples include specification of (evolving) requirements involving components and their interaction, defining different assurance levels for bounded operational environments, synthesis of mechanisms to guideline diagnosis and rigorously monitor systems integration after deployment.","1558-2434","978-1-6654-2324-3","","","https://ieeexplore.ieee.org/stamp/stamp.jsp?arnumber=9256544","","Autonomous systems;Safety;Tools;Monitoring;Design automation;Data models;Uncertainty","","","","12","","25 Nov 2020","","","IEEE","IEEE Conferences"
"A Component-Based Event-Driven Architecture Design for Autonomous Flying Software","J. Wang; Z. Zhou; H. Yu; J. Li; C. Li; Q. Wang","Software Department, Beijing Institute of Control Engineering, Beijing, China; Software Department, Beijing Institute of Control Engineering, Beijing, China; Software Department, Beijing Institute of Control Engineering, Beijing, China; Software Department, Beijing Institute of Control Engineering, Beijing, China; Software Department, Beijing Institute of Control Engineering, Beijing, China; Software Department, Beijing Institute of Control Engineering, Beijing, China",2024 IEEE 2nd International Conference on Image Processing and Computer Applications (ICIPCA),"15 Oct 2024","2024","","","1","5","Some satellites are designed to be capable of autonomous flight in order to be intelligent. However, many autonomous flight tasks need to be designed because of the complexity of satellite system, which brings heavy software development workload. A component-based event-driven architecture is proposed in this paper, which exacts software components from the complex system for reuse, and designs basic events for the event-driven architecture. This method simplifies the software development logic and significantly improves the development efficiency of autonomous flight software.","","979-8-3503-6024-0","10.1109/ICIPCA61593.2024.10709244","National Natural Science Foundation of China(grant numbers:U21B2015); ","https://ieeexplore.ieee.org/stamp/stamp.jsp?arnumber=10709244","Autonomous flight;software components;eventdriven architecture","Satellites;Image processing;Computer architecture;Computer applications;Software;Complexity theory;Logic;Complex systems;Software development management","","","","18","IEEE","15 Oct 2024","","","IEEE","IEEE Conferences"
"Design and Development of Networked Multiple FPGA Components for Autonomous Tiny Robot Car","T. Ohkawa; S. Tayama; H. Mori; D. Lee; H. Amano; I. Hirakawa; M. Sato; H. Watanabe","Department of Embedded Technology, Tokai University, Tokyo, Japan; Department of Embedded Technology, Tokai University, Tokyo, Japan; Department of Embedded Technology, Tokai University, Tokyo, Japan; Department of Embedded Technology, Tokai University, Tokyo, Japan; Department of Embedded Technology, Tokai University, Tokyo, Japan; Department of Embedded Technology, Tokai University, Tokyo, Japan; Department of Embedded Technology, Tokai University, Tokyo, Japan; Department of Embedded Technology, Tokai University, Tokyo, Japan",2019 International Conference on Field-Programmable Technology (ICFPT),"3 Feb 2020","2019","","","473","475","This article presents the design and the development of a system composed of multiple FPGA components for autonomous robot cars. In the FPT'19 FPGA design competition, there are several tasks for image recognition such as driving lane, traffic signal, human or object on the road. To promote team development, component-oriented FPGA development is employed. In this paper, we describe the whole system design by integrating FPGA components for autonomous driving, the design of each FPGA component and its development process.","","978-1-7281-2943-3","10.1109/ICFPT47387.2019.00096","","https://ieeexplore.ieee.org/stamp/stamp.jsp?arnumber=8977834","FPGA;component;network;robot car;autonomous driving;image recognition","Image recognition;Roads;Autonomous automobiles;Automobiles;Field programmable gate arrays;System analysis and design;Autonomous robots","","2","","10","IEEE","3 Feb 2020","","","IEEE","IEEE Conferences"
"Invited: Hardware/Software Co-Synthesis and Co-Optimization for Autonomous Systems","W. Chang; S. Zhao; S. Burton; H. Wang; T. Chen; N. Chen; N. Audsley","College of Computer Science and Electronic Engineering, Hunan University, China; Department of Computer Science, University of York, UK; Research Division for Safety, Fraunhofer Institute for Cognitive Systems IKS, Germany; Department of Computer Science, University of York, UK; School of Computer Science and Engineering, University of Electronic Science and Technology of China, China; Department of Computer Science, University of York, UK; Department of Computer Science, University of York, UK",2021 58th ACM/IEEE Design Automation Conference (DAC),"8 Nov 2021","2021","","","1319","1322","With ever more complicated functionalities being integrated in modern autonomous systems, traditional design methods may not remain sufficient to deliver trusted and high-performance systems with stringent temporal, safety and cost efficiency requirements. In this paper, we discuss the limitations of the traditional design methods with the above requirements enforced, in which hardware and software design are often considered separately. To tackle these limitations, this paper presents a novel design solution that synthesizes both software-level and hardware-level design. First, we highlight and analyze the interconnections between software-level methods (e.g. priority assignment and task allocation) and hardware design (e.g. cache and memory management), in terms of the resulting system performance, e.g. latency. Second, by applying the identified interconnections, we propose an optimization framework to produce high-quality synthesized solutions of both software and hardware design based on a set of candidate design methods. In addition, we describe potential research directions derived from the work and major challenges that can be investigated jointly by engineers and researchers from embedded systems, system safety and programming languages communities.","0738-100X","978-1-6654-3274-0","10.1109/DAC18074.2021.9586147","","https://ieeexplore.ieee.org/stamp/stamp.jsp?arnumber=9586147","","Software design;Autonomous systems;Design methodology;System performance;Hardware;Software;Safety","","3","","16","IEEE","8 Nov 2021","","","IEEE","IEEE Conferences"
"Autonomous System for Head-to-Head Race: Design, Implementation and Analysis; Team KAIST at the Indy Autonomous Challenge","C. Jung; A. Finazzi; H. Seong; D. Lee; S. Lee; B. Kim; G. Kang; H. Shim","Korea Advanced Institute of Science and Technology - EE Deajon Yousunggu Deahakro 291 ki c322, Daejeon 34141 Korea (the Republic of); Korea Advanced Institute of Science and Technology - EE Deajon Yousunggu Deahakro 291 ki c322, Daejeon 34141 Korea (the Republic of); Korea Advanced Institute of Science and Technology - EE Deajon Yousunggu Deahakro 291 ki c322, Daejeon 34141 Korea (the Republic of); Korea Advanced Institute of Science and Technology - EE Deajon Yousunggu Deahakro 291 ki c322, Daejeon 34141 Korea (the Republic of); Korea Advanced Institute of Science and Technology - EE Deajon Yousunggu Deahakro 291 ki c322, Daejeon 34141 Korea (the Republic of); Korea Advanced Institute of Science and Technology - EE Deajon Yousunggu Deahakro 291 ki c322, Daejeon 34141 Korea (the Republic of); Korea Advanced Institute of Science and Technology - EE Deajon Yousunggu Deahakro 291 ki c322, Daejeon 34141 Korea (the Republic of); Korea Advanced Institute of Science and Technology - EE Deajon Yousunggu Deahakro 291 ki c322, Daejeon 34141 Korea (the Republic of)",Field Robotics,"25 Feb 2025","2023","3","","766","800","While the majority of autonomous driving research has concentrated on everyday driving scenarios, further safety and performance improvements of autonomous vehicles require a focus on extreme driving conditions. In this context, autonomous racing is a new area of research that has been attracting considerable interest recently. Due to the fact that a vehicle is driven by its perception, planning, and control limits during racing, numerous research and development issues arise. This paper provides a comprehensive overview of the autonomous racing system built by team KAIST for the Indy Autonomous Challenge (IAC). Our autonomy stack consists primarily of a multi-modal perception module, a high-speed overtaking planner, a resilient control stack, and a system status manager. We present the details of all components of our autonomy solution, including algorithms, implementation, and unit test results. In addition, this paper outlines the design principles and the results of a systematical analysis. Even though our design principles are derived from the unique application domain of autonomous racing, they can also be applied to a variety of safety-critical, high-cost-of-failure robotics applications. The proposed system was integrated into a full-scale autonomous race car (Dallara AV-21) and field-tested extensively. As a result, team KAIST was one of three teams who qualified and participated in the official IAC race events without any accidents. Our proposed autonomous system successfully completed all missions, including overtaking at speeds of around 220 km/h in the IAC@CES2022, the world's first autonomous 1:1 head-to-head race (Figure 1).","2771-3989","","10.55417/fr.2023024","","https://ieeexplore.ieee.org/stamp/stamp.jsp?arnumber=10876090","autonomous racing;Indy Autonomous Challenge;system design;field experiment;computer vision","Autonomous vehicles;Trajectory;System analysis and design;Vehicle dynamics;Planning;Optimal control;Automobiles;Vehicles;Trajectory planning;Testing","","1","","","CCBY","25 Feb 2025","","","FRPS","FRPS Journals"
"Autonomous Systems Design: Charting a New Discipline","S. Saidi; D. Ziegenbein; J. V. Deshmukh; R. Ernst","Technische Universität Dortmund, Dortmund, Germany; Robert Bosch GmbH, Renningen, Germany; University of Southern California, Los Angeles, CA, USA; Technische Universität Braunschweig, Braunschweig, Germany",IEEE Design & Test,"10 Feb 2022","2022","39","1","8","23","Editor’s notes: Autonomous systems are becoming pervasive in many domains. This article presents a survey regarding various emerging research directions centered around the broad topic of autonomous systems. —Partha Pratim Pande, Washington State University","2168-2364","","10.1109/MDAT.2021.3128434","","https://ieeexplore.ieee.org/stamp/stamp.jsp?arnumber=9615198","","Autonomous systems;Safety;Computer architecture;Task analysis;Monitoring;Feedback loop","","6","","59","IEEE","16 Nov 2021","","","IEEE","IEEE Magazines"
"Hydrodynamic shape genealogy for teardrop-shaped Autonomous Underwater Vehicles","T. Liu; Y. Liu; L. Zhang; H. Zhang; Z. Wu; Y. Wang","Key Laboratory of Mechanism Theory and Equipment Design of Ministry of Education, Tianjin University, Tianjin, China; Key Laboratory of Mechanism Theory and Equipment Design of Ministry of Education, Tianjin University, Tianjin, China; Key Laboratory of Mechanism Theory and Equipment Design of Ministry of Education, Tianjin University, Tianjin, China; Key Laboratory of Mechanism Theory and Equipment Design of Ministry of Education, Tianjin University, Tianjin, China; Key Laboratory of Mechanism Theory and Equipment Design of Ministry of Education, Tianjin University, Tianjin, China; Key Laboratory of Mechanism Theory and Equipment Design of Ministry of Education, Tianjin University, Tianjin, China",OCEANS 2017 - Aberdeen,"26 Oct 2017","2017","","","1","6","More diverse marine tasks and longer range water missions require the hydrodynamic shape, viz. hull shape, of Autonomous Underwater Vehicles (AUVs) for both efficient design and least resistance. Therefore a systematic design for the hydrodynamic shape of AUVs is needed and necessary to meet the various requirements. In the present work, a hierarchical classification for the hull shape of AUVs was proposed according to the shape characteristics of the main hull of AUVs. Focused on the teardrop-shaped AUVs, hydrodynamic drags of a series of hull shapes were computed and analyzed using the computational fluid dynamics (CFD) simulation method with different hull shape parameters and Reynolds numbers (Re). The general mathematical model of volumetric coefficient of hydrodynamic drag and hull shape parameters, i.e., length diameter ratio (L/D), nose length diameter ratio (Ln/D), tail length diameter ratio (Lt/D) and Reynolds number (Re), was established and verified. The present work makes it possible to efficiently design the hull shape with minimum drag.","","978-1-5090-5278-3","10.1109/OCEANSE.2017.8084736","","https://ieeexplore.ieee.org/stamp/stamp.jsp?arnumber=8084736","autonomous underwater vehicles;hydrodynamic shape genealogy;volumetric coefficient model;efficient design","Shape;Hydrodynamics;Drag;Nose;Indexes;Underwater autonomous vehicles;Systematics","","2","","13","IEEE","26 Oct 2017","","","IEEE","IEEE Conferences"
"Autonomous System for Head-to-Head Race: Design, Implementation, and Analysis; Team KAIST at the Indy Autonomous Challenge","C. Chanyoung Chung; A. Finazzi; H. Seong; D. Lee; S. Lee; B. Kim; G. Gang; D. Hyunchul Shim","FieldAI, Mission Viejo, CA, USA; Technology Innovation Institute, Masdar City, Abu Dhabi, United Arab Emirates; Korea Advanced Institute of Science and Technology, Daejeon, South Korea; Electronics and Telecommunications Research Institute, Daejeon, South Korea; Korea Advanced Institute of Science and Technology, Daejeon, South Korea; Samsung Electronics, Hwaseong-si, South Korea; Korea Advanced Institute of Science and Technology, Daejeon, South Korea; Korea Advanced Institute of Science and Technology, Daejeon, South Korea",IEEE Transactions on Field Robotics,"8 Aug 2025","2025","2","","574","600","Autonomous racing has emerged as a promising field of research, attracting growing interest. In racing, vehicles operate at the limits of perception, planning, and control, raising unique research and engineering challenges. This article presents an overview ofthe autonomous racing system developed by team KAIST for the Indy Autonomous Challenge (IAC), as shownin Fig. 1. The KAIST racing stack features multimodal perception modules, a high-speed overtaking planner, a resilient control system, and a system monitoring framework. We provide detailed insights into each component, including the algorithms, implementation, and evaluation results. Furthermore, the article presents design principles shaped by three years of high-speed autonomous racing experience, offering insights applicable to other safety-critical, high-risk robotics domains. Our autonomous system was integrated into a full-scale race car (Dallara AV-21) and extensively field-tested. As a result, team KAIST was one of only three teams to qualify for and compete in the official IAC races without incident. Our system successfully fulfilled all race objectives, including overtaking at speeds of up to 220 km/h in the IAC@CES2022, the world’s first autonomous head-to-head race.","2997-1101","","10.1109/TFR.2024.3497922","SK Hynix Inc.; Institute of Information communications Technology Planning Evaluation (IITP) Grant by the Korean Government [Ministry of Science and ICT (MSIT)](grant numbers:2021-0-00029); ","https://ieeexplore.ieee.org/stamp/stamp.jsp?arnumber=10756789","Autonomous racing;autonomous systems;field-harden;real-time computation;resilience system","Autonomous vehicles;Trajectory;Safety;Planning;Vehicle dynamics;Testing;Optimization;Autonomous systems;Autonomous robots;Real-time systems;Resilience;Sports;Collision avoidance;Vehicle safety","","5","","74","IEEE","18 Nov 2024","","","IEEE","IEEE Journals"
"Design of an autonomous electric single-seat vehicle based on environment recognition algorithms","J. Valera; L. Huaman; L. Pasapera; E. Prada; L. Soto; L. Agapito","IEEE Student of Mechatronic Engineering at Pontificia Universidad Católica del Perú, Lima, Peru; IEEE Student of Mechatronic Engineering at Pontificia Universidad Católica del Perú, Lima, Peru; IEEE Student of Mechatronic Engineering at Pontificia Universidad Católica del Perú, Lima, Peru; IEEE Student of Mechatronic Engineering at Pontificia Universidad Católica del Perú, Lima, Peru; IEEE Student of Mechatronic Engineering at Pontificia Universidad Católica del Perú, Lima, Peru; IEEE Student of Mechatronic Engineering at Pontificia Universidad Católica del Perú, Lima, Peru",2019 IEEE Sciences and Humanities International Research Conference (SHIRCON),"5 Mar 2020","2019","","","1","4","Today's autonomous vehicles are equipped with a variety of sensors, control techniques and actuators depending on the objectives and requirements of the addressing issue. In research, some even employ commercial cars to house their devices. The high cost of all these components represents a limitation in the development of an autonomous vehicle system. Therefore, researchers have no option but to rely on experimentation under simulated environments or to use small vehicles that in many cases do not accurately represent a real parametric dynamic system. This article describes the design of an autonomous electric vehicle prototype, which includes control systems, microcontrollers, encoders, motor controllers, LIDAR, and cameras, with the aim of having a reference in the literature that is low-cost and whose program code is employable in a real-life context. The present vehicle, whose structure is based on a conventional tubular go-kart, has been provided with the capability of moving autonomously by using computer vision and artificial intelligence algorithms. This document records the first steps of the design taking into account parameters of a real-life environment and the flexibility of A.I. algorithms.","","978-1-7281-3818-3","10.1109/SHIRCON48091.2019.9024852","","https://ieeexplore.ieee.org/stamp/stamp.jsp?arnumber=9024852","Autonomous vehicle;control system;computer vision;vehicle design;artificial intelligence","Resistance;Sensors;DC motors;Autonomous vehicles;Force;Classification algorithms;Batteries","","6","","11","IEEE","5 Mar 2020","","","IEEE","IEEE Conferences"
"Design of an autonomous surface vehicle (ASV) for swarming application","M. H. A. Majid; M. R. Arshad","Underwater Control, and Robotic Group (UCRG), Universiti Sains Malaysia, Pulau Pinang, Malaysia; Underwater Control, and Robotic Group (UCRG), Universiti Sains Malaysia, Pulau Pinang, Malaysia",2016 IEEE/OES Autonomous Underwater Vehicles (AUV),"12 Dec 2016","2016","","","230","235","Autonomous surface vehicle (ASV) is a versatile marine vehicle developed to fulfill complexity requirement of wide range offshore activities. Currently, ASVs are primarily developed based on the conventional surface vessel design in term of body structure and maneuverability capability. One of the today's ASV research interests is swarming application. The conventional ASV design has a limitation where it possesses large turning radius which is less suited for swarming purpose especially for a small area application. In this paper, a new ASV prototype is developed to accommodate swarming requirement and motion stability. Firstly, design requirements and the corresponding design methodology to achieve the aforementioned objectives are discussed. The practical aspects of the design are briefly presented and some related results from experiments related to the platform testing are presented. At the end of this paper, some future potential applications of the proposed ASV design are briefly highlighted.","2377-6536","978-1-5090-2442-1","10.1109/AUV.2016.7778676","","https://ieeexplore.ieee.org/stamp/stamp.jsp?arnumber=7778676","autonomous surface vehicle;swarm robot;swarming application;new surface vehicle;surface vehicle stability","Turning;Sea surface;Force;Robots;Vehicles;Navigation","","12","","12","IEEE","12 Dec 2016","","","IEEE","IEEE Conferences"
"Design of a Reconfigurable Autonomous Underwater Vehicle for Offshore Platform Monitoring and Intervention","M. Pagliai; A. Ridolfi; J. Gelli; A. Meschini; B. Allotta","Department of Industrial Engineering (DIEF), University of Florence, Interuniversity Center of Integrated Systems for the Marine Environment (ISME), Florence, Italy; Department of Industrial Engineering (DIEF), University of Florence, Interuniversity Center of Integrated Systems for the Marine Environment (ISME), Florence, Italy; Department of Industrial Engineering (DIEF), University of Florence, Interuniversity Center of Integrated Systems for the Marine Environment (ISME), Florence, Italy; Department of Industrial Engineering (DIEF), University of Florence, Interuniversity Center of Integrated Systems for the Marine Environment (ISME), Florence, Italy; Department of Industrial Engineering (DIEF), University of Florence, Interuniversity Center of Integrated Systems for the Marine Environment (ISME), Florence, Italy",2018 IEEE/OES Autonomous Underwater Vehicle Workshop (AUV),"6 Jun 2019","2018","","","1","6","A new type of vehicle has been designed by the Department of Industrial Engineering of the University of Florence (DIEF); it is an AUV (Autonomous Underwater Vehicle) capable of switching its shape according to mission needs matching the best UUVs (Unmanned Underwater Vehicles) features: it is compact and near torpedo-shaped in case of long distance missions, such as surveillance and monitoring (closed configuration, typical of AUVs), on the other end it becomes isotropic for site inspection and on-site manipulation (open configuration, emblem of ROVs - Remotely Operated Vehicles). The main goal of the work is adding to the hydrodynamic vehicle the capability of changing its structure and its thruster configuration. The paper deals with the study and the design of the vehicle. Its main features, design choices and payloads, that can be equipped with, are described.","2377-6536","978-1-7281-0253-5","10.1109/AUV.2018.8729776","","https://ieeexplore.ieee.org/stamp/stamp.jsp?arnumber=8729776","Autonomous Underwater Vehicles;Marine Robotics Systems;Underwater Robotics;Robotics Design;Reconfigurable Robots;Variable Thrusters Allocation","Attitude control;Shape;Layout;Navigation;Industrial engineering;Payloads;Ethernet","","6","","20","IEEE","6 Jun 2019","","","IEEE","IEEE Conferences"
"Proposal of a Methodology for Mechatronic Design From Ideation to Embodiment Design: Application in a Masonry Robot Case Study Design","L. A. Salazar-Calderón; J. Izquierdo-Reyes; J. A. d. l. Tejera","Tecnologico de Monterrey, School of Engineering and Science, Tlalpan, Mexico City, Mexico; Tecnologico de Monterrey, School of Engineering and Science, Tlalpan, Mexico City, Mexico; Tecnologico de Monterrey, School of Engineering and Science, Tlalpan, Mexico City, Mexico",IEEE Access,"13 Aug 2025","2025","13","","140667","140684","The growing complexity of industrial automation requires advanced design methodologies that integrate mechanical, electronic, and software systems into cohesive mechatronic products. This paper introduces an innovative engineering design methodology focused on the development of mechatronic products, covering from ideation to embodiment design. For its validation, the methodology was applied in a case study involving the design of a construction robot that automates key tasks such as block transportation, mortar application, and block placement. The robot was designed using a modular approach, allowing for scalability and adaptability to various tasks within the construction environment. To evaluate the methodology’s effectiveness, a comparative assessment was conducted using five key criteria: Iterative Process, Multidisciplinary Work, Design Complexity, Usability, and Adaptability. The proposed methodology scored 3, 3, 3, 2, and 2 respectively, on a 0-3 scale, demonstrating strong performance in early-stage iteration, cross-disciplinary integration, and handling of complex designs, with moderate usability and adaptability. These results position the methodology among the most balanced approaches, bridging both classical and modern design methods, such as those proposed by Ulrich or the V-model. Initial validation of this case study, through simulations and conceptual design, highlights the robot’s potential to improve efficiency and reduce labor costs. Although the case study targets construction, the methodology is adaptable to various industrial contexts, particularly manufacturing processes requiring automation, modularity, and flexibility. Future work includes the development of a physical prototype and further validation, with the potential to expand the methodology to broader manufacturing environments, fostering human-robot collaboration and adaptive production systems.","2169-3536","","10.1109/ACCESS.2025.3595509","Instituto Tecnológico y de Estudios Superiores de Monterrey Escuela de Ingeniería y Ciencias; Consejo Nacional de Humanidades Ciencias y Tecnologías (CONAHCYT) with the Scholarship CVU(grant numbers:1239223); ","https://ieeexplore.ieee.org/stamp/stamp.jsp?arnumber=11108166","Bricklaying robot;design methodology;engineering design;mechatronic products","Mechatronics;Design methodology;Service robots;Complexity theory;Iterative methods;Collaboration;Usability;Proposals;Mechanical systems;Transportation","","","","43","CCBYNCND","4 Aug 2025","","","IEEE","IEEE Journals"
"Automatic Domain-Specific SoC Design for Autonomous Unmanned Aerial Vehicles","S. Krishnan; Z. Wan; K. Bhardwaj; P. Whatmough; A. Faust; S. Neuman; G. -Y. Wei; D. Brooks; V. J. Reddi","Harvard University; Georgia Institute of Technology; Lawrence Livermore National Lab; Arm Research; Google Research, Brain Team; Harvard University; Harvard University; Harvard University; Harvard University",2022 55th IEEE/ACM International Symposium on Microarchitecture (MICRO),"26 Oct 2022","2022","","","300","317","Building domain-specific accelerators is becoming increasingly paramount to meet the high-performance requirements under stringent power and real-time constraints. However, emerging application domains like autonomous vehicles are complex systems with constraints extending beyond the computing stack. Manually selecting and navigating the design space to design custom and efficient domain-specific SoCs (DSSoC) is tedious and expensive. Hence, there is a need for automated DSSoC design methodologies. In this paper, we use agile and autonomous UAVs as a case study to understand how to automate domain-specific SoCs design for autonomous vehicles. Architecting a UAV DSSoC requires consideration of parameters such as sensor rate, compute throughput, and other physical characteristics (e.g., payload weight, thrust-to-weight ratio) that affect overall performance. Iterating over several component choices results in a combinatorial explosion of the number of possible combinations: from tens of thousands to billions, depending on implementation details. To navigate the DSSoC design space efficiently, we introduce AutoPilot, a systematic methodology for automatically designing DSSoC for autonomous UAVs. AutoPilot uses machine learning to navigate the large DSSoC design space and automatically select a combination of autonomy algorithm and hardware accelerator while considering the cross-product effect across different UAV components. AutoPilot consistently outperforms general-purpose hardware selections like Xavier NX and Jetson TX2, as well as dedicated hardware accelerators built for autonomous UAVs. DSSoC designs generated by AutoPilot increase the number of missions on average by up to 2.25×, 1.62×, and 1.43× for nano, micro, and mini-UAVs, respectively, over baselines. Further, we discuss the potential application of AutoPilot methodology to other related autonomous vehicles.","","978-1-6654-6272-3","10.1109/MICRO56248.2022.00033","","https://ieeexplore.ieee.org/stamp/stamp.jsp?arnumber=9923818","Domain-Specific Architectures;ML for Systems;Autonomous Machines;IoT and Edge Computing;Mobile Systems","Systematics;Microarchitecture;Navigation;Design methodology;Autonomous aerial vehicles;Throughput;Real-time systems","","25","","89","IEEE","26 Oct 2022","","","IEEE","IEEE Conferences"
"Design and Development of 3D Printed based Magnetic Coupling System for Autonomous Underwater Vehicle","I. Ahmad; A. Ghafail; A. M. Abdelrhman; S. Chithambaram; S. A. Imam; M. Hammad","Department of Mechanical Engineering, School of Engineering Bahrain Polytechnic, Isa Town, Kingdom of Bahrain; Department of Mechanical Engineering, School of Engineering Bahrain Polytechnic, Isa Town, Kingdom of Bahrain; Department of Mechanical Engineering, School of Engineering Bahrain Polytechnic, Isa Town, Kingdom of Bahrain; Department of Mechanical Engineering, School of Engineering Bahrain Polytechnic, Isa Town, Kingdom of Bahrain; Department of Mechanical Engineering, School of Engineering Bahrain Polytechnic, Isa Town, Kingdom of Bahrain; Department of Mechanical Engineering, School of Engineering Bahrain Polytechnic, Isa Town, Kingdom of Bahrain","2023 5th International Congress on Human-Computer Interaction, Optimization and Robotic Applications (HORA)","26 Jun 2023","2023","","","1","4","Underwater robots are increasingly used for military, commercial, and other applications. They play a crucial role in exploring the oceans and performing tasks that are too dangerous or difficult for humans to do, such as scouting and detecting failures in marine structures/pipelines. However, due to contact-based vector thrust transmission, these robots face the problem of water leakage into their internal circuitry. Therefore, it is necessary to design and develop a fully contactless vector thrust transmission-based autonomous underwater robot with less weight in order to consume less power. In this research, a 3D printed based magnetic coupling system has been designed and developed for autonomous underwater vehicles (AUV). Various components of the magnetic coupling system were 3D printed using Polylactic Acid (PLA) material. Neodymium (NdFeB) magnets were used to develop the magnetic coupling for contactless vector thrust transmission. The magnetic coupling system was successfully tested both in-lab and in a real-time environment without any mishap. It was observed that the 3D printing of the different components reduces the weight of the AUV which helps in the contactless vector thrust transmission.","","979-8-3503-3752-5","10.1109/HORA58378.2023.10156659","","https://ieeexplore.ieee.org/stamp/stamp.jsp?arnumber=10156659","Magnetic Coupling;3D Printing;Autonomous underwater vehicle;Contactless thrust transmission","Couplings;Autonomous underwater vehicles;Three-dimensional displays;Neodymium;Programmable logic arrays;Three-dimensional printing;Turning","","1","","8","IEEE","26 Jun 2023","","","IEEE","IEEE Conferences"
"IEEE Standard for Autonomous Robotics (AuR) Ontology","",,IEEE Std 1872.2-2021,"12 May 2022","2022","","","1","49","This standard extends IEEE Std 1872-2015, IEEE Standard for Ontologies for Robotics and Automation, to represent additional domain-specific concepts, definitions, and axioms commonly used in Autonomous Robotics (AuR). This standard is general and can be used in many ways--for example, to specify the domain knowledge needed to unambiguously describe the design patterns of AuR systems; to represent AuR system architectures in a unified way; or as a guideline to build autonomous systems consisting of robots operating in various environments.","","978-1-5044-7988-2","10.1109/IEEESTD.2022.9774339","","https://ieeexplore.ieee.org/stamp/stamp.jsp?arnumber=9774339","automation;autonomous robots;IEEE1872.2;ontology;robotics","IEEE Standards;Ontologies;Robotics and automation;Autonomous systems","","5","","","","12 May 2022","","","IEEE","IEEE Standards"
"TIE M CAD Design Challenge","A. Falk; M. F. Demian; P. Coanda; A. R. Spânu","Continental Autonomous Mobility Romania Autonomous Mobility, Timişoara, Romania; Continental Autonomous Mobility Romania Autonomous Mobility, Timişoara, Romania; Display Solutions Continental Automotive Timişoara Continental Automotive Timişoara, Timişoara,, Roamania; Mechatonics and Precision Engineering, National Univerity of Sience and Technology, Bucharest, Romania",2024 IEEE 30th International Symposium for Design and Technology in Electronic Packaging (SIITME),"30 Dec 2024","2024","","","60","63","The TIE M-Mechanical CAD Design Challenge is a competitive event designed to assess the proficiency of mechanical engineering students in computer-aided design (CAD). With a specific focus on electronic packaging and electro-mechanical assembly, this challenge evaluates the students’ capabilities in designing and manufacturing mechanical components using advanced CAD software. Through this challenge, students demonstrate their technical knowledge and skills acquired through coursework, positioning the challenge as a benchmark certification in mechanical CAD design within the realm of electronic systems.","2642-7036","979-8-3315-3951-1","10.1109/SIITME63973.2024.10814898","","https://ieeexplore.ieee.org/stamp/stamp.jsp?arnumber=10814898","TIE-M;CAD;Design;electro-mechanical assembly","Industries;Design automation;Project management;Benchmark testing;Software;Mechanical engineering;Assembly;Certification;Electronics packaging","","","","2","IEEE","30 Dec 2024","","","IEEE","IEEE Conferences"
"Rapid Design Space Exploration with Constraint Programming","M. Maroti; W. Hedgecock; P. Volgyesi","Bolyai Institute, University of Szeged, Szeged, Hungary; Institute for Software Integrated Systems, Vanderbilt University, Nashville, TN, USA; Institute for Software Integrated Systems, Vanderbilt University, Nashville, TN, USA",2022 IEEE Workshop on Design Automation for CPS and IoT (DESTION),"28 Jun 2022","2022","","","27","33","Sample-efficient design space exploration (DSE) of complex CPS architectures remains a key challenge for identifying optimal configurations of components, design parameters and architectural choices. Detailed executable models require significant investment to build and are typically slow to evaluate. On the other hand, high-level conceptual models may lack the exactness or accuracy to evaluate and compare. In this paper we propose a constraint-based approach for capturing the design space and a vectorized, iterative solver for rapidly discovering Pareto-optimal design points. The paper describes the constraint-based modeling approach and developed tools through a concrete design optimization problem of unmanned underwater vehicles.","","978-1-6654-7040-7","10.1109/DESTION56136.2022.00011","Air Force Research Laboratory; ","https://ieeexplore.ieee.org/stamp/stamp.jsp?arnumber=9805393","design optimization;constraints;Pareto-optimal;UUV;CPS","Constraint handling;Autonomous underwater vehicles;Design automation;Conferences;Space exploration;Iterative methods;Design optimization","","1","","9","IEEE","28 Jun 2022","","","IEEE","IEEE Conferences"
"Vulnerability-Oriented Fuzz Testing for Connected Autonomous Vehicle Systems","L. J. Moukahal; M. Zulkernine; M. Soukup","Queen’s University, Kingston, ON, Canada; Queen’s University, Kingston, ON, Canada; Irdeto, Ottawa, ON, Canada",IEEE Transactions on Reliability,"30 Nov 2021","2021","70","4","1422","1437","In an era of connectivity and automation, the vehicle industry is adopting numerous technologies to transform driver-centric vehicles into intelligent mechanical devices driven by software components. Software integration and network connectivity inherit numerous security issues that open the door for malicious attacks. Software security testing is a scalable and practical approach to identify systems’ weaknesses and vulnerabilities at an early stage and throughout their life-cycle. Security specialists recommend fuzz testing to identify vulnerabilities within vehicle software systems. Nevertheless, the randomness and blindness of fuzzing hinder it from becoming a reliable security tool. This article presents a vulnerability-oriented fuzz (VulFuzz) testing framework that utilizes security vulnerability metrics designed particularly for connected and autonomous vehicles to direct and prioritize the fuzz testing toward the most vulnerable components. While most gray-box fuzzing techniques aim solely to expand code coverage, the proposed approach assigns weights to ensure a thorough examination of the most vulnerable components. Moreover, we employ an input structure-aware mutation technique that can bypass vehicle software systems’ input formats to boost test performance and avoid dropped test cases. Such a testing technique will contribute to the quality assurance of vehicle software engineering. We implemented the proposed approach on OpenPilot, a driver assistance system, and compared our results to American fuzzy lop (AFL) and an unguided mutation-based fuzzer. Within 16.8 h, VulFuzz exposed 335 crashes, 41 times more than AFL and two times more than an unguided mutation-based fuzzer. VulFuzz is explicitly efficient for automotive systems, reaching the same code coverage as AFL but with more exposed crashes and fewer dropped messages.","1558-1721","","10.1109/TR.2021.3112538","Irdeto; Natural Sciences and Engineering Research Council of Canada; Canada Research Chairs; ","https://ieeexplore.ieee.org/stamp/stamp.jsp?arnumber=9557794","Autonomous systems security;autonomous system security testing;autonomous systems vulnerability;connected and autonomous vehicle;fuzz testing;gray-box testing;vehicle security","Security;Autonomous systems;Software systems;Industries;Fuzzing;Testing;Autonomous vehicles","","29","","75","IEEE","4 Oct 2021","","","IEEE","IEEE Journals"
"Mechanical Design of an Anchoring System for Autonomous Underwater Vehicles","C. Duguid; A. B. Phillips; N. Linton; L. Bowring; E. Chaney; R. Templeton; R. Marlow; R. Sherif; A. Johnson","Marine Autonomous and Robotic Systems, National Oceanography Centre, Southampton, UK; Marine Autonomous and Robotic Systems, National Oceanography Centre, Southampton, UK; Marine Autonomous and Robotic Systems, National Oceanography Centre, Southampton, UK; Marine Autonomous and Robotic Systems, National Oceanography Centre, Southampton, UK; Marine Autonomous and Robotic Systems, National Oceanography Centre, Southampton, UK; Marine Autonomous and Robotic Systems, National Oceanography Centre, Southampton, UK; Marine Autonomous and Robotic Systems, National Oceanography Centre, Southampton, UK; Marine Autonomous and Robotic Systems, National Oceanography Centre, Southampton, UK; Marine Autonomous and Robotic Systems, National Oceanography Centre, Southampton, UK",OCEANS 2024 - Halifax,"25 Nov 2024","2024","","","1","7","Autonomous Underwater Vehicles (AUVs) are a critical technology that enable monitoring and inspection of the complex subsea environment. AUV deployments are often limited by the endurance of the platform. One option to increase endurance, particularly when constant operation is not required, is to anchor to the seabed in a reduced power state. Here we show the mechanical design, development and testing of a novel anchoring system for the 1500m depth rated Autosub Long Range (ALR). The ALR, like most AUVs, is typically ballasted to be slightly positively buoyant so in the event of failure the AUV should rise to the surface. However, to successfully anchor the vehicle to the seabed the AUV plus anchor system will need to be negatively buoyant. The anchor system developed solves the issue of buoyancy change and anchoring by combining them into a single action. This is achieved by deliberately flooding a pressure vessel to make the AUV negatively buoyant, this pressure vessel is then released from the AUV (while still attached via a tether). When the pressure vessel settles on the sea floor, it acts as an anchor while the AUV floats above. When the AUV is ready to depart, the tether is detached using a galvanic burn wire release. To enable repeated anchoring sequences, the system needs to have multiple anchors installed. However, each system is ballasted to be neutrally buoyant, so that once the AUV completes an anchoring sequence, it returns to its original slight positive buoyancy. The anchoring system was tested in both lab tests and two separate field trials, with the first in Ardmucknish Bay, Scotland, April 2023, and the second in Shetland, Scotland, October 2023. During testing it was shown that the vehicle and anchor system could hold position at anchor with water current speeds of up to 0.6m/s. The holding power of the current anchor design is variable depending on the substrate of the sea floor, with hard surfaces likely providing less holding power than silt, mud or sandy substrates. Further testing is required to determine the limits of the anchors holding power, while further design is also required to ensure that none of the components corrode while at anchor, that the anchors do not induce excessive drag to the vehicle, and environmental testing to ensure the mechanisms operate correctly after an extended period in the ocean.","2996-1882","979-8-3315-4008-1","10.1109/OCEANS55160.2024.10754251","Natural Environment Research Council(grant numbers:NE/T012714/1); ","https://ieeexplore.ieee.org/stamp/stamp.jsp?arnumber=10754251","Autonomous Underwater Vehicles;Anchoring;Mechanical Design;Underwater Technology","Sea surface;Autonomous underwater vehicles;Electronic ballasts;Pressure vessels;Sea floor;Buoyancy;Wire;Substrates;Monitoring;Testing","","1","","15","IEEE","25 Nov 2024","","","IEEE","IEEE Conferences"
"System-Level Design Space Exploration for High-Level Synthesis Under End-to-End Latency Constraints","Y. Liao; T. Adegbija; R. Lysecky","Department of Electrical and Computer Engineering, The University of Arizona, Tucson, AZ, USA; Department of Electrical and Computer Engineering, The University of Arizona, Tucson, AZ, USA; Department of Electrical and Computer Engineering, The University of Arizona, Tucson, AZ, USA",IEEE Transactions on Computer-Aided Design of Integrated Circuits and Systems,"20 Mar 2025","2025","44","4","1354","1365","Many modern embedded systems have end-to-end (EtoE) latency constraints that necessitate precise timing to ensure high reliability and functional correctness. The combination of high-level synthesis (HLS) and design space exploration (DSE) enables the rapid generation of embedded systems using various constraints/directives to find Pareto-optimal configurations. Current HLS DSE approaches often address latency by focusing on individual components, without considering the EtoE latency during the system-level optimization process. However, to truly optimize the system under EtoE latency, we need a holistic approach that analyzes individual system components’ timing constraints in the context of how the different components interact and impact the overall design. This article presents a novel system-level HLS DSE approach, called EtoE-DSE, that accommodates EtoE latency and variable timing constraints for complex multicomponent application-specific embedded systems. EtoE-DSE employs a latency estimation model and a pathfinding algorithm to identify and estimate the EtoE latency for paths between any endpoints. It also uses a frequency-based segmentation process to segment and prune the design space, alongside a latency-constrained optimization algorithm for efficiently and accurately exploring the system-level design space. We evaluate our approach using a real-world use case of an autonomous driving subsystem compared to the state-of-the-art in HLS DSE. We show that our approach yields substantially better-optimization results than prior DSE approaches, improving the quality of results by up to 89.26%, while efficiently identifying Pareto-optimal configurations in terms of energy and area.","1937-4151","","10.1109/TCAD.2024.3471892","National Science Foundation(grant numbers:CNS-1844952); ","https://ieeexplore.ieee.org/stamp/stamp.jsp?arnumber=10701001","Autonomous driving;high level synthesis;Pareto optimization;system-level design","Timing;Embedded systems;Space exploration;Optimization;Planning;Computational modeling;Hardware;Autonomous vehicles;System-level design;Estimation","","","","23","IEEE","1 Oct 2024","","","IEEE","IEEE Journals"
"cReComp: Automated Design Tool for ROS-Compliant FPGA Component","K. Yamashina; H. Kimura; T. Ohkawa; K. Ootsu; T. Yokota","Graduate School of Engineering, Utsunomiya University, Tochigi, Japan; Graduate School of Engineering, Utsunomiya University, Tochigi, Japan; Graduate School of Engineering, Utsunomiya University, Tochigi, Japan; Graduate School of Engineering, Utsunomiya University, Tochigi, Japan; Graduate School of Engineering, Utsunomiya University, Tochigi, Japan",2016 IEEE 10th International Symposium on Embedded Multicore/Many-core Systems-on-Chip (MCSOC),"8 Dec 2016","2016","","","138","145","Autonomous mobile robots require high-performance computation to meet variety of requirements of functions, such as sensing, intelligent image processing and controlling actuators. We focus on FPGA as a hardware platform for autonomous mobile robot system. However, a FPGA-based system is not effective in development cost, since it requires HDL-based design whose productivity is relatively low. In order to solve this problem, we have already proposed a design principle of ROS-compliant FPGA component, which is effective in easy integration of a FPGA device into any robot system. Although it allows ROS-based software to access easily to hardware circuitry in FPGA, high development cost of HDL-based circuitry still remains as a large problem. So, in this paper, we propose cReComp which is an automated design tool to improve productivity of ROS-compliant FPGA component. cReComp generates codes of interface software and hardware automatically. We evaluate cReComp from two major aspects: improvements in design productivity, and operation speed of generated FPGA components by cReComp. Experimental results show that only less than one hour is enough for novice designers to implement a ROS-compliant FPGA component into programmable SoC. Furthermore, our results reveal that generated FPGA component operates 1.85 times faster than the original software-based component.","","978-1-5090-3531-1","10.1109/MCSoC.2016.47","","https://ieeexplore.ieee.org/stamp/stamp.jsp?arnumber=7774431","FPGA;Programmable SoC;Component oriented development;ROS;ROS-compliant FPGA component;Robot","Field programmable gate arrays;Software;Hardware;Robots;Productivity;Design tools;Peer-to-peer computing","","24","","32","IEEE","8 Dec 2016","","","IEEE","IEEE Conferences"
"Managing Risk in the Design of Modular Systems for an Autonomous Shuttle","T. H. Drage; K. Quirke-Brown; L. Haddad; Z. Lai; K. L. Lim; T. Bräunl","The REV Project, The University of Western Australia, Perth, WA, Australia; Dow Centre for Sustainable Engineering Innovation, The University of Queensland, Brisbane, QLD, Australia; The REV Project, The University of Western Australia, Perth, WA, Australia; The REV Project, The University of Western Australia, Perth, WA, Australia; The REV Project, The University of Western Australia, Perth, WA, Australia; The REV Project, The University of Western Australia, Perth, WA, Australia",IEEE Open Journal of Intelligent Transportation Systems,"20 Sep 2024","2024","5","","555","565","This paper presents an analysis and implementation of a robust autonomous driving system for an electric passenger shuttle in shared spaces. We present results of a risk assessment for our vehicle scenario and develop a flexible architecture that integrates safety features and optimises open-source software, facilitating research and operational functionality. Identifying limitations of the Robot Operating System (ROS) framework, we incorporate our own control measures for autonomous, unsupervised operation with enhanced intelligence. The study emphasizes algorithm selection based on application requirements to ensure optimal performance. We discuss system improvements, including monitoring node implementation and localization algorithm selection. Future work should explore transitioning to a real-time operating system (RTOS) and establishing standardized software engineering practices for consistent reliability. Our findings contribute to effective autonomous shuttle systems in shared spaces, promoting safer and more reliable transportation solutions.","2687-7813","","10.1109/OJITS.2024.3425165","","https://ieeexplore.ieee.org/stamp/stamp.jsp?arnumber=10589470","Autonomous vehicles;safety systems;functional safety;autonomous shuttle bus","Reliability;Autonomous vehicles;Vehicle safety;Software reliability;Public transportation;Autonomous driving;Electric vehicles;Real-time systems","","3","","41","CCBYNCND","8 Jul 2024","","","IEEE","IEEE Journals"
"FPGA Design for Autonomous Vehicle Driving Using Binarized Neural Networks","K. Wei; K. Honda; H. Amano","Keio University, Kohoku-ku, Yokohama, Japan; Keio University, Kohoku-ku, Yokohama, Japan; Keio University, Kohoku-ku, Yokohama, Japan",2018 International Conference on Field-Programmable Technology (FPT),"20 Jun 2019","2018","","","425","428","We propose an autonomous vehicle controlled by FPGAs. In our design, considering embedded systems, we apply the binarized neural networks (BNNs) which can realize a satisfying result in high speed and accuracy to recognize pedestrians and some obstacles on a given road. To detect the traffic light, a passive camera-based pipeline is applied. Furthermore, the implementation of road lane detection is based on color selection algorithm, Canny Edge Detection, and Hough Transformation. The proposed design is realized by two Xilinx boards: PYNQ-Z1 and Zynq-Xc7Z010. These two FPGA boards cooperate with each other through a shared network cable. In the proposed design, the resource used by Zynq-Xc7Z010 can be greatly reduced and the inference time on the FPGA has been thousands times faster than the software implementation.","","978-1-7281-0214-6","10.1109/FPT.2018.00091","","https://ieeexplore.ieee.org/stamp/stamp.jsp?arnumber=8742321","FPGA;Autonomous driving;Binarized Neural Networks;Image processing;Hough transformation;Canny Edge Detection;Zynq;Pynq","Roads;Field programmable gate arrays;Image color analysis;Image edge detection;Autonomous vehicles;Neural networks;Training","","5","","7","IEEE","20 Jun 2019","","","IEEE","IEEE Conferences"
"Design of an Autonomous Surveillance Robot Using Simultaneous Localization and Mapping","H. Shanavas; S. A. Ahmed; M. H. Safwat Hussain","Department of Electronics and communication MVJCE, Bangalore; Department of Electronics and communication MVJCE, MVJCE, Bangalore; Department of Electronics and communication MVJCE, MVJCE, Bangalore",2018 International Conference on Design Innovations for 3Cs Compute Communicate Control (ICDI3C),"16 Aug 2018","2018","","","64","68","In this paper, the design as well as complete implementation of a robot which can be autonomously controlled for surveillance. It can be seamlessly integrated into an existing security system already present. The robot's inherent ability allows it to map the interiors of an unexplored building and steer autonomously using its self-ruling and pilot feature. It uses a 2D LIDAR to map its environment in real-time and HD camera records suspicious activity. It also features an in-built display with touch based commands and voice recognition that enables people to interact with the robot during any situation.","","978-1-5386-7523-6","10.1109/ICDI3C.2018.00022","","https://ieeexplore.ieee.org/stamp/stamp.jsp?arnumber=8437090","Robot Operating System (ROS), Autonomous Mobile Robot (AMR), Simultaneous Localization and Mapping (SLAM), Light Detection and Ranging (LIDAR)","Robot kinematics;Mobile robots;Laser radar;Hardware;Simultaneous localization and mapping","","7","","11","IEEE","16 Aug 2018","","","IEEE","IEEE Conferences"
"Evolution of the IEEE P7009 Standard: Towards Fail-Safe Design of Autonomous Systems","M. Farrell; M. Luckcuck; L. Pullum; M. Fisher; A. Hessami; D. Gal; Z. Murahwi; K. Wallace","Dept. of Computer Science, Maynooth University Co., Kildare, Ireland; Dept. of Computer Science, Maynooth University Co., Kildare, Ireland; Computer Science and Mathematics Division, Oak Ridge National Laboratory, USA; Dept. of Computer Science, University of Manchester, Manchester, UK; Vega Systems, UK; Leverhulme Centre for the Future of Intelligence, University of Cambridge, UK; University Of Johannesburg, Johannesburg, South Africa; Independent, UK",2021 IEEE International Symposium on Software Reliability Engineering Workshops (ISSREW),"14 Feb 2022","2021","","","401","406","Autonomous systems are complex, diverse, and likely be used in environments that change unpredictably. We must develop mechanisms to cope with failures, potentially caused by both the natural stresses of the operating environment and the system's inadequate environmental models. Failures also arise from system component wear. In 2016, the IEEE launched the Global Initiative on Ethics of Autonomous and Intelligent Systems in response to the proliferation of increasingly-autonomous systems. A cornerstone of this initiative is the IEEE P7000 series of projects, which set the standards for the future of ethical intelligent and autonomous technologies. This paper describes the ongoing development of the IEEE P7009 standard on “Fail-Safe Design of Autonomous and Semi-Autonomous Systems”. We provide a collective perspective on the ongoing development of IEEE P7009, and outline the objectives, current approaches, issues under discussion, and two exemplar use cases from different sectors: one high-regulation, the other low-regulation.","","978-1-6654-2603-9","10.1109/ISSREW53611.2021.00109","","https://ieeexplore.ieee.org/stamp/stamp.jsp?arnumber=9700402","Autonomous Systems;Fail Safe;Standards","Ethics;Technological innovation;Autonomous systems;Conferences;IEEE Standards Association;Mathematical models;Software reliability","","11","","25","IEEE","14 Feb 2022","","","IEEE","IEEE Conferences"
"Safeguarding Autonomous UAV Navigation: Agent Design using Evolving Behavior Trees","N. Potteiger; X. Koutsoukos","Department of Computer Science, Vanderbilt University, Nashville, TN, USA; Department of Computer Science, Vanderbilt University, Nashville, TN, USA",2024 IEEE International Systems Conference (SysCon),"17 Jun 2024","2024","","","1","8","The rise in autonomous Unmanned Aerial Vehicles (UAVs) for objectives requiring long-term navigation in diverse environments is attributed to their compact, agile, and accessible nature. Specifically, problems exploring dynamic obstacle and collision avoidance are of increasing interest as UAVs become more popular for tasks such as transportation of goods, formation control, and search and rescue routines. Prioritizing safety in the design of autonomous UAVs is crucial to prevent costly collisions that endanger pedestrians, mission success, and property. Safety must be ensured in these systems whose behavior emerges from multiple software components including learning-enabled components. Learning-enabled components, optimized through machine learning (ML) or reinforcement learning (RL), require adherence to safety constraints while interacting with the environment during training and deployment, as well as adaptation to new unknown environments. In this paper, we safeguard autonomous UAV navigation by designing agents based on behavior trees with learning-enabled components, referred to as Evolving Behavior Trees (EBTs). We learn the structure of EBTs with explicit safety components, optimize learning-enabled components with safe hierarchical RL, deploy, and update specific components for transfer to unknown environments. Safe and successful navigation is evaluated using a realistic UAV simulation environment. The results demonstrate the design of an explainable learned EBT structure, incurring near-zero collisions during training and deployment, with safe time-efficient transfer to an unknown environment.","2472-9647","979-8-3503-5880-3","10.1109/SysCon61195.2024.10553469","","https://ieeexplore.ieee.org/stamp/stamp.jsp?arnumber=10553469","unmanned aerial vehicles;autonomous navigation;explainable AI;behavior trees;hierarchical reinforcement learning;genetic programming","Training;Navigation;Atmospheric modeling;Transportation;Autonomous aerial vehicles;Search problems;Software","","2","","23","IEEE","17 Jun 2024","","","IEEE","IEEE Conferences"
"Validation of Safety Necessities for a Safety-Bag Component in Experimental Autonomous Vehicles","C. Paul; L. Benjamin; S. Walter; M. Brini","Universite de Technologie de Compiegne, Compiegne, ÃŽle-de-France, FR; Universite de Technologie de Compiegne, Compiegne, ÃŽle-de-France, FR; Universite de Technologie de Compiegne, Compiegne, ÃŽle-de-France, FR; CNRS, Universite de Technologie de Compiegne, Compiegne Cedex, France",2018 14th European Dependable Computing Conference (EDCC),"11 Nov 2018","2018","","","33","40","This work presents a study to improve the safety of experimental autonomous vehicles in the Heudiasyc laboratory. This work presents risk analyses showing that the use of our vehicles involves significant risks during experiments, and that integrating an Independent Safety Component called Safety-Bag in the vehicle architecture can significantly reduce these risks. The Safety-Bag carries out the on-line verification of safety necessities by checking the vehicle's current state with safety rules and taking or disabling actions to ensure a safe behavior. In our work, we present and we apply two methods for risk analysis (FMEA and HazOp-UML) to design these safety necessities in the case of experimental autonomous vehicles. We also present the validation of two safety necessities through fault injection experiments with a robotized Fluence vehicle and a vehicle in the loop testbed.","","978-1-5386-8060-5","10.1109/EDCC.2018.00017","","https://ieeexplore.ieee.org/stamp/stamp.jsp?arnumber=8530758","Safety-Bag, dependability, safety, fault tolerance, FMEA, HazOp-UML, autonomous vehicles","Safety;Autonomous vehicles;Sensors;Risk analysis;Fault tolerance;Fault tolerant systems;Automotive engineering","","5","","18","IEEE","11 Nov 2018","","","IEEE","IEEE Conferences"
"Dual-Cockpit Human and Hardware-in-the-Loop Test Bench for Autonomous Vehicle Development","D. Garikapati; Y. Liu; M. Brown; T. Littlehale; H. Yamamoto; C. Bao","Systems and Safety Engineering Department, AD/ADAS, Woven by Toyota, Palo Alto, CA, USA; Vehicle Software Platform Department, AD/ADAS, Woven by Toyota, Palo Alto, CA, USA; Controls Engineering Department, AD/ADAS, Woven by Toyota, Palo Alto, CA, USA; Hardware Engineering Department, AD/ADAS, Woven by Toyota, Palo Alto, CA, USA; Vehicle Software Platform Department, AD/ADAS, Woven by Toyota, Palo Alto, CA, USA; Vehicle Software Platform Department, AD/ADAS, Woven by Toyota, Palo Alto, CA, USA",IEEE Transactions on Intelligent Vehicles,"10 Jul 2025","2024","9","12","7688","7700","This paper introduces innovative approaches to address challenges in testing and validating autonomous driving systems, emphasizing the need for alternative methods like Real-Time and Virtual Simulation Environments. A Dual-Cockpit Human and Hardware-in-the-Loop (DC HHIL) test bench has been developed, combining various testing approaches and enabling extensive testing in controlled settings. The system, acting as a full autonomy solution, enhances driver capabilities, particularly in safety-critical scenarios. This paper details the test bench's architecture, hardware and software components, and its contribution to autonomous system development and validation. Control mechanisms, synchronization aspects, and haptic feedback design are discussed, showcasing the bench's versatility. Experiments include latency studies, human behavior analysis, and steering intervention detection, demonstrating its effectiveness in mimicking real-world scenarios. The DC HHIL test bench emerges as a crucial tool for autonomous vehicle development, offering a comprehensive and risk-reducing alternative to traditional testing methods.","2379-8904","","10.1109/TIV.2024.3401086","Woven by Toyota North America; ","https://ieeexplore.ieee.org/stamp/stamp.jsp?arnumber=10530467","Autonomous vehicles;autonomous driving;self-driving;autonomy software;autonomy feature;case study;control limits;functional safety;human-in-the-loop(HuIL);human-machine interface(HMI);hardware-in-the-loop(HIL);human behavior study;limits database;multiple safety profiles;ODD;safety engineering;safety limits;scenario;systems engineering;trade study","Testing;Safety;Real-time systems;Autonomous vehicles;Software;Autonomous driving;Human in the loop;Human computer interaction;Systems engineering and theory","","3","","36","IEEE","14 May 2024","","","IEEE","IEEE Journals"
"Autonomous flight control law for an indoor UAV quadrotor","F. Yu; G. Chen; N. Fan; Y. Song; L. Zhu","School of Mechanical engineering, Hangzhou Dianzi University, Hangzhou; School of Mechanical engineering, Hangzhou Dianzi University, Hangzhou; School of Automation, Hangzhou Dianzi University, Hangzhou; School of Automation, Hangzhou Dianzi University, Hangzhou; School of Mechanical engineering, Hangzhou Dianzi University, Hangzhou",2017 29th Chinese Control And Decision Conference (CCDC),"17 Jul 2017","2017","","","6767","6771","This paper proposes a control law using open source autopilot controller to realize autonomous flight of indoor UAV quadrotor in the environment of motion capture system (i.e. Optitrack). Dynamic modeling, controller design, overall system design are introduced respectively. The working principle of the system, hardware components and software components are described as well. The experimental results are provided to demonstrate the effectiveness of the proposed scheme.","1948-9447","978-1-5090-4657-7","10.1109/CCDC.2017.7978396","","https://ieeexplore.ieee.org/stamp/stamp.jsp?arnumber=7978396","Indoor UAV quadrotor;Dynamic modeling;Motion capture system;Autonomous flight Control","Unmanned aerial vehicles;Attitude control;Aircraft;Aerospace electronics;Algorithm design and analysis;Navigation","","5","","12","IEEE","17 Jul 2017","","","IEEE","IEEE Conferences"
"Field of View and Its Design for the Autonomous Driving System of Tram","K. Yuan; Y. Zhu; Y. Wu; X. Liang","Metro Business Division, Shanghai Fuxin Intelligent Transportation Solutions Co., Ltd. Shanghai Engineering Research Center of Modern Tram Operation Control System, Shanghai, China; Metro Business Division, Shanghai Fuxin Intelligent Transportation Solutions Co., Ltd. Shanghai Engineering Research Center of Modern Tram Operation Control System, Shanghai, China; Metro Business Division, Shanghai Fuxin Intelligent Transportation Solutions Co., Ltd. Shanghai Engineering Research Center of Modern Tram Operation Control System, Shanghai, China; Metro Business Division, Shanghai Fuxin Intelligent Transportation Solutions Co., Ltd. Shanghai Engineering Research Center of Modern Tram Operation Control System, Shanghai, China","2021 International Conference on Information Control, Electrical Engineering and Rail Transit (ICEERT)","10 Jan 2022","2021","","","236","239","The requirements for the field of view (FoV) of the perception-based autonomous driving system for tram are proposed. The range and composition of the FoV, combined with the specific systematic and controlling characteristics of the rail transit systems, are first analyzed, focusing on the features and applications, then the criteria for designing the FoV for the autonomous driving system for tram can be concluded and further referenced by the designers, manufacturers, operators and researchers of such system.","","978-1-6654-3817-9","10.1109/ICEERT53919.2021.00052","","https://ieeexplore.ieee.org/stamp/stamp.jsp?arnumber=9666000","component;Tram;Autonomous driving;Perception;Range of view;Sensor","Rails;Electrical engineering;Systematics;Focusing;Control systems;Autonomous vehicles","","1","","6","IEEE","10 Jan 2022","","","IEEE","IEEE Conferences"
"Autonomous drone control system for object tracking: Flexible system design with implementation example","P. Smyczyński; Ł. Starzec; G. Granosik","Institute of Automatic Control, Lodz University of Technology, Łódź, POLAND; Institute of Automatic Control, Lodz University of Technology, Łódź, POLAND; Institute of Automatic Control, Lodz University of Technology, Łódź, POLAND",2017 22nd International Conference on Methods and Models in Automation and Robotics (MMAR),"21 Sep 2017","2017","","","734","738","This paper contains presentation of the flexible control system for an autonomous UAV (unmanned air vehicle). The complete description of hardware and software solutions used to realize autonomous flight are presented in this work. Main objective of the research was to develop software which provides ease of adjustment and extendibility to drone system with different equipment. Presented system is utilizable on various hardware platforms and is capable of realizing different missions with minimal adjustments. Described concept significantly simplifies designing complex system by introducing modular architecture. Presented method of dividing software components into modules with single functionality minimizes amount of work necessary to adjust system in case of changes in hardware. Presented general concept of system architecture is backed up with real life working model designed for tracking and landing on moving target. This paper contains detailed description of algorithms used in the project. Landing area detection is accomplished with vision system. Canny's edge detection algorithm with contour shape analysis algorithm is used for marker detection. Lucas-Kanade optical flow algorithm is applied for tracking detected pattern. Mission planning is realized as dedicated state machine developed for this particular task. System design is built with use of ROS (Robot Operating System) and is utilizing its subscriber-publisher method of data exchange between separated software units. Especially designed frame is used as hardware platform. Exemplary system is realized with Raspberry Pi 3 as onboard computer and Pixhawk flight controller. This concept and the exemplary system is a result of preparation for Mohamed Bin Zayed International Robotic Challenge 2017 in Abu Dhabi. Results from experiments performed as trials for the competition and future prospects are presented in this paper.","","978-1-5386-2402-9","10.1109/MMAR.2017.8046919","","https://ieeexplore.ieee.org/stamp/stamp.jsp?arnumber=8046919","autonomous flight;drone control;flexible system design","Sensors;Drones;Software;Hardware;Image processing;Algorithm design and analysis;Planning","","19","2","8","IEEE","21 Sep 2017","","","IEEE","IEEE Conferences"
"Race Against the Machine: A Fully-Annotated, Open-Design Dataset of Autonomous and Piloted High-Speed Flight","M. Bosello; D. Aguiari; Y. Keuter; E. Pallotta; S. Kiade; G. Caminati; F. Pinzarrone; J. Halepota; J. Panerati; G. Pau","Autonomous Robotics Research Center of the Technology Innovation Institute, Abu Dhabi, United Arab Emirates; Autonomous Robotics Research Center of the Technology Innovation Institute, Abu Dhabi, United Arab Emirates; Autonomous Robotics Research Center of the Technology Innovation Institute, Abu Dhabi, United Arab Emirates; Autonomous Robotics Research Center of the Technology Innovation Institute, Abu Dhabi, United Arab Emirates; Autonomous Robotics Research Center of the Technology Innovation Institute, Abu Dhabi, United Arab Emirates; Autonomous Robotics Research Center of the Technology Innovation Institute, Abu Dhabi, United Arab Emirates; Autonomous Robotics Research Center of the Technology Innovation Institute, Abu Dhabi, United Arab Emirates; Autonomous Robotics Research Center of the Technology Innovation Institute, Abu Dhabi, United Arab Emirates; Autonomous Robotics Research Center of the Technology Innovation Institute, Abu Dhabi, United Arab Emirates; Autonomous Robotics Research Center of the Technology Innovation Institute, Abu Dhabi, United Arab Emirates",IEEE Robotics and Automation Letters,"11 Mar 2024","2024","9","4","3799","3806","Unmanned aerial vehicles, and multi-rotors in particular, can now perform dexterous tasks in impervious environments, from infrastructure monitoring to emergency deliveries. Autonomous drone racing has emerged as an ideal benchmark to develop and evaluate these capabilities. Its challenges include accurate and robust visual-inertial odometry during aggressive maneuvers, complex aerodynamics, and constrained computational resources. As researchers increasingly channel their efforts into it, they also need the tools to timely and equitably compare their results and advances. With this dataset, we want to (i) support the development of new methods and (ii) establish quantitative comparisons for approaches originating from the broader robotics and artificial intelligence communities. We want to provide a one-stop resource that is comprehensive of (i) aggressive autonomous and piloted flight, (ii) high-resolution, high-frequency visual, inertial, and motion capture data, (iii) commands and control inputs, (iv) multiple light settings, and (v) corner-level labeling of drone racing gates. We also release the complete specifications to recreate our flight platform, using commercial off-the-shelf components and the open-source flight controller Betaflight, to democratize drone racing research.","2377-3766","","10.1109/LRA.2024.3371288","","https://ieeexplore.ieee.org/stamp/stamp.jsp?arnumber=10452776","Aerial systems: perception and autonomy;data sets for robot learning;data sets for robotic vision","Drones;Cameras;Logic gates;Quadrotors;Benchmark testing;Batteries;Autonomous aerial vehicles;Robot learning;Robot vision systems;Autonomous aerial vehicles","","2","","31","IEEE","28 Feb 2024","","","IEEE","IEEE Journals"
"Towards 3D Autonomy: Developing an Affordable and Scalable Autonomous Car-Like Robot","V. P. Van; T. D. Dinh; N. D. Van","Institute of Engineering and Technology, Vinh University, Vinh City, Vietnam; Institute of Engineering and Technology, Vinh University, Vinh City, Vietnam; Institute of Engineering and Technology, Vinh University, Vinh City, Vietnam",2025 10th International Conference on Applying New Technology in Green Buildings (ATiGB),"9 Sep 2025","2025","","","22","26","Developing autonomous mobile robot systems requires complex software and expensive hardware, posing significant challenges for students and researchers who must dedicate substantial effort to system integration. This study presents a 3D-scaled autonomous robot design capable of executing cutting-edge studies in indoor and outdoor surroundings. The approach uses affordable, off-the-shelf mechanical, electrical, and software ingredients. By leveraging commercially standard and cost-effective materials, the proposed technique fulfills developing requirements and scalable autonomy in 3D dynamic and terrain environments, offering high accuracy and reliability for tasks such as localization and mapping, perception, exploration, and control. This framework aims to reduce the barriers to entry for autonomous robotics research and applications by prioritizing accessibility and relaxation of use. Researchers and developers can implement sophisticated techniques without costly, custombuilt hardware and software efforts. Currently in its initial stages, the design has been validated through several experimental trials. The framework has been open-sourced, with updates and future developments scheduled to benefit the broader robotics community.","","979-8-3315-9548-7","10.1109/ATiGB66719.2025.11142155","","https://ieeexplore.ieee.org/stamp/stamp.jsp?arnumber=11142155","Autonomous vehicle;3D mapping;control;exploration","Three-dimensional displays;Simultaneous localization and mapping;System integration;Software;Hardware;Software reliability;Mobile robots;Vehicle dynamics;Standards;Autonomous robots","","","","12","IEEE","9 Sep 2025","","","IEEE","IEEE Conferences"
"Building an autonomous boat: a multidisciplinary design engineering approach","A. Troupiotis-Kapeliaris; N. Gavalakis; K. Koutis; D. Lamparas; G. Melissourgos; G. Nikolaidis; N. Sapountzis; L. -V. Skouras; M. Stampoulou; G. Voudimos; T. Kogias; I. Xidias; D. Zissis","Research Labs, MarineTraffic, Athens, Greece; Department of Product & Systems Design Engineering, University of the Aegean, Ermoupoli, Greece; Department of Product & Systems Design Engineering, University of the Aegean, Ermoupoli, Greece; Department of Product & Systems Design Engineering, University of the Aegean, Ermoupoli, Greece; Department of Product & Systems Design Engineering, University of the Aegean, Ermoupoli, Greece; Department of Product & Systems Design Engineering, University of the Aegean, Ermoupoli, Greece; Department of Product & Systems Design Engineering, University of the Aegean, Ermoupoli, Greece; Department of Product & Systems Design Engineering, University of the Aegean, Ermoupoli, Greece; Department of Product & Systems Design Engineering, University of the Aegean, Ermoupoli, Greece; Department of Product & Systems Design Engineering, University of the Aegean, Ermoupoli, Greece; Department of Product & Systems Design Engineering, University of the Aegean, Ermoupoli, Greece; Department of Product & Systems Design Engineering, University of the Aegean, Ermoupoli, Greece; Department of Product & Systems Design Engineering, University of the Aegean, Ermoupoli, Greece",2023 IEEE 10th International Workshop on Metrology for AeroSpace (MetroAeroSpace),"27 Jul 2023","2023","","","556","561","This paper describes the work completed for the design and development of a prototype autonomous boat (or autonomous surface vessel). The goal of the boat was to compete in a number of races, which were part of the International Aegean Ro-Boat Races, sailing completely autonomously, that is using onboard data sensors and processing, so as to navigate safely, without any input from shore. It outlines the path to development from initial concept and requirements, to detailed design of the physical and software systems, complete to the first sea trials. We describe how the boat performs the entire Sense-Think-Act paradigm on board, at sea, while using occupancy grids to safely navigate and avoid collisions. The boat perceives its surroundings through a collection of low-cost sensors (such as cameras, LIDAR, etc) that are used to map the environment. Following this, path and trajectory planning algorithms, navigate the boat safely and free of collisions towards its destination. Overall this work demonstrates the potential of using open source software and off the shelf components to build a cost effective autonomous vessel with advanced capabilities. Although the design purpose and requirements of this boat were very specific, the basic design of the boat can be adapted to different needs, environments and applications. The system has been extensively tested in various environments, including open water testing, and the results demonstrate its capacity to navigate safely and efficiently.","2575-7490","978-1-6654-5690-6","10.1109/MetroAeroSpace57412.2023.10189956","","https://ieeexplore.ieee.org/stamp/stamp.jsp?arnumber=10189956","autonomous vehicle;autonomous movement;collision avoidance;mission planning;autopilot","Costs;Navigation;Trajectory planning;Boats;Prototypes;Software systems;Sensors","","4","","49","IEEE","27 Jul 2023","","","IEEE","IEEE Conferences"
"Autonomous vehicles require batteries with lasting power","",,IEEE Spectrum,"25 Nov 2020","2020","57","12","5","5","The stage of the load cycle, potential, local concentration, temperature, and direction of the current all affect the aging and degradation of a battery cell. This is important to consider when developing autonomous vehicles (AVs), which rely on a large number of electronic components to function. When designing long-lasting batteries that are powerful enough to keep up with energy demands, engineers can turn to simulation.","1939-9340","","10.1109/MSPEC.2020.9271795","","https://ieeexplore.ieee.org/stamp/stamp.jsp?arnumber=9271795","","Batteries;Autonomous vehicles;Visualization;Software;Manufacturing;Ions;Electronic components","","","","0","IEEE","25 Nov 2020","","","IEEE","IEEE Magazines"
"An Agile Service Design Method for Network Automation and Zero-Touch Management","M. Pan; H. Wang; Q. Yuc","Research Institute of China Telecom Corporation Limited, Guangzhou, China; Research Institute of China Telecom Corporation Limited, Guangzhou, China; Research Institute of China Telecom Corporation Limited, Guangzhou, China","2023 3rd International Conference on Computer Science, Electronic Information Engineering and Intelligent Control Technology (CEI)","15 May 2024","2023","","","18","24","With the continuous access of massive data, devices, and emerging applications to the Internet, network complexity and network management are facing unprecedented challenges. Therefore, it is urgent to optimize network and service management through artificial intelligence technology, and Standards Development Organizations (SDO) put forward the standards for network automation and zero-touch management. The service design of the Product-Service-Resource (PSR) model discussed in the paper is one of the means of network automation and zero-touch management through decoupling networks and services hierarchically. The paper also introduces the method of automated service design that effectively reduces the development cycle and human errors, which is the basis for realizing a fully autonomous network.","","979-8-3503-7205-2","10.1109/CEI60616.2023.10528056","","https://ieeexplore.ieee.org/stamp/stamp.jsp?arnumber=10528056","Communication network design and management;PSR;ZSM;autonomous network;hierarchical structure;hierarchical orchestration","Computer science;Autonomous networks;Design methodology;Standards organizations;Organizations;Telecommunications;Internet","","","","13","IEEE","15 May 2024","","","IEEE","IEEE Conferences"
"Assurance for Integrating Advanced Algorithms in Autonomous Safety-Critical Systems","M. Stafford; S. Bhattacharyya; M. Clark; N. Neogi; T. C. Eskridge","Department of Computer Science, Florida Institute of Technology, Melbourne, FL, USA; Department of Computer Science, Florida Institute of Technology, Melbourne, FL, USA; Galois Inc., Dayton, OH, USA; NASA Langley Research Center, Hampton, VA, USA; Department of Computer Science, Florida Institute of Technology, Melbourne, FL, USA",IEEE Systems Journal,"9 Dec 2021","2021","15","4","4852","4863","Although advanced algorithms are needed to enable increasingly autonomous civil aviation applications, there are limitations in assurance technologies, which must be addressed to gain trust in the performance of these algorithms. This gap emphasizes the need to guarantee safety by capturing performance boundaries, as these algorithms are integrated. Additionally, multiple similar algorithms might need to be executed sequentially or concurrently to accomplish a mission or provide guidance for safety-critical operations. The selection among algorithm functionalities is a complex and critical activity that needs to be systematically designed and analyzed before actual implementation. Toward this end, we discuss our proposed process, which includes formally modeling abstractions of the algorithms in an architectural framework, then identifying the key performance parameters, followed by verification of the composition of these algorithms with formal contracts based on assumptions and guarantees. Finally, to reduce the gap between design and implementation, an automated translation from the architectural model to source code has been developed, which is a Java-based outline of the implementation. We demonstrate our compositional approach in assuring the behavior of an autonomous aerial system via a collision avoidance case study with advanced algorithms to handle critical emerging situations.","1937-9234","","10.1109/JSYST.2020.3023286","Harris Institute of Assured Information; Florida Institute of Technology; ","https://ieeexplore.ieee.org/stamp/stamp.jsp?arnumber=9212655","Architecture design analysis;automated reasoning;autonomous system design;formal methods","Computer architecture;Monte Carlo methods;Cognition;Software engineering;Safety;Software algorithms;Autonomous systems","","","","31","IEEE","5 Oct 2020","","","IEEE","IEEE Journals"
"Autonomous solar USV with an automated launch and recovery system for UAV: State of the art and Design","M. Aissi; Y. Moumen; J. Berrich; T. Bouchentouf; M. Bourhaleb; M. Rahmoun","LARSA, ENSAO Mohammed 1st University, Oujda, Morocco; ATLANSpace, Rabat, Morocco; LARSA, ENSAO Mohammed 1st University, Oujda, Morocco; LARSA, ENSAO Mohammed 1st University, Oujda, Morocco; LARSA, ENSAO Mohammed 1st University, Oujda, Morocco; LARSA, ENSAO Mohammed 1st University, Oujda, Morocco","2020 IEEE 2nd International Conference on Electronics, Control, Optimization and Computer Science (ICECOCS)","14 Jan 2021","2020","","","1","6","This paper aims to briefly summarize and outline the modern state of USVs (Unmanned Surface Vehicles) and UAVs (Unmanned Aerial Vehicles) technologies performing tasks in a cooperative way, and a proposed solution of a solar USV concept design, to satisfy the primary goal for creating a long-lasting mobile autonomous launch-and-recovery system for UAV, autonomous batteries charging and missions planning. This includes as well, a related problematic, and reasons that motivate the research, a comparison between recent existing systems and conceptual design. The results of a proposed solution and conceptual design are summarized with reference to the project's goals, while future works involved within the project are also discussed.","","978-1-7281-6921-7","10.1109/ICECOCS50124.2020.9314415","","https://ieeexplore.ieee.org/stamp/stamp.jsp?arnumber=9314415","Unmanned Surface Vehicles;USVs;Unmanned Aerial Vehicles;UAVs;autonomous recovery system for UAV;automated launch and recovery;autonomous solar vehicle;autonomous batteries charging","Unmanned aerial vehicles;Sea surface;Robots;Rotors;Marine vehicles;Batteries;Task analysis","","13","","21","IEEE","14 Jan 2021","","","IEEE","IEEE Conferences"
"Security for Autonomous Vehicle Networks","A. Sui; G. Muehl","Huawei Technologies Duesseldorf GmbH, Munich, Germany; Huawei Technologies Duesseldorf GmbH, Munich, Germany",2020 IEEE 3rd International Conference on Electronic Information and Communication Technology (ICEICT),"1 Feb 2021","2020","","","67","69","Autonomous driving is developing rapidly with the progress of AI. But due to the evolution of automotive E/E architecture and interaction of vehicle-to-everything, security threats are also increasing rapidly. In this paper, we try to identify the technical challenges and the core issues of securing Autonomous Vehicles and the networks, make an analysis of the mainstream standards and industry best practices, and furthermore highlight some research areas.","","978-1-7281-9045-7","10.1109/ICEICT51264.2020.9334354","","https://ieeexplore.ieee.org/stamp/stamp.jsp?arnumber=9334354","Security;Autonomous Vehicle (AV);Vehicle-to-everything (V2X)","Information and communication technology;Security;Artificial intelligence;Autonomous vehicles;Vehicle-to-everything;Standards;Automotive engineering","","4","","15","IEEE","1 Feb 2021","","","IEEE","IEEE Conferences"
"Waterfall is too slow, let's go Agile: Multi-domain Coupling for Synthesizing Automotive Cyber-Physical Systems","D. Roy; M. Balszun; T. Heurung; S. Chakraborty; A. Naik","Technical University of Munich, Germany; Technical University of Munich, Germany; Siemens Industry Software GmbH, Germany; Technical University of Munich, Germany; Siemens Industry Software GmbH, Germany",2018 IEEE/ACM International Conference on Computer-Aided Design (ICCAD),"3 Jan 2019","2018","","","1","7","For future autonomous vehicles, the system development life cycle must keep up with the rapid rate of innovation and changing needs of the market. Waterfall is too slow to react to such changes, and therefore, there is a growing emphasis to adopt Agile development concepts in the automotive industry. Ensuring requirements traceability, and thus proving functional safety, is a serious challenge in this direction. Modern cars are complex cyber-physical systems and are traditionally designed using a set of disjoint tools, which adds to the challenge. In this paper, we point out that multi-domain coupling and design automation using correct-by-design approaches can lead to safe designs even in an Agile environment. In this context, we study current industry trends. We further outline the challenges involved in multi-domain coupling and demonstrate using a state-of-the-art approach how these challenges can be addressed by exploiting domain-specific knowledge.","1558-2434","978-1-4503-5950-4","10.1145/3240765.3243500","","https://ieeexplore.ieee.org/stamp/stamp.jsp?arnumber=8587725","Agile;traceability;safety;correct-by-design;digital continuity;multi-domain coupling;design automation","Automotive engineering;Tools;Software;Industries;Design automation;Couplings;Unified modeling language","","4","","30","","3 Jan 2019","","","IEEE","IEEE Conferences"
"Research on Embedded Mechanism Design Based on Component Motion Equations","J. Yuan; Y. Song","School of Engineering, China University of Petroleum-Beijing at Karamay, Karamay, China; School of Engineering, China University of Petroleum-Beijing at Karamay, Karamay, China","2024 International Conference on Internet of Things, Robotics and Distributed Computing (ICIRDC)","8 Sep 2025","2024","","","1055","1061","This paper presents a comprehensive study on the design of an embedded mechanism based on component motion equations, specifically focusing on an execution scheme for lining paper. The study begins with the conceptualization of the embedded execution plan, followed by an in-depth parameter design for various mechanisms, including linkages, cylindrical cams, gears, and groove wheels. Utilizing established motion equations, we analyze the motion speed and acceleration of these mechanisms, while also assessing the force conditions at critical points to identify potential hazards. The findings contribute to the understanding of the dynamics involved in embedded mechanisms and provide a foundation for future designs in automated systems.","","979-8-3315-3405-9","10.1109/ICIRDC65564.2024.00193","","https://ieeexplore.ieee.org/stamp/stamp.jsp?arnumber=11146256","Embedded mechanism;Motion equations;Parameter design","Service robots;Gears;Force;Focusing;Wheels;Mechanism design;Reliability engineering;Hazards;Internet of Things;Optimization","","","","5","IEEE","8 Sep 2025","","","IEEE","IEEE Conferences"
"Invited: Autonomous Driving Digital Twin Empowered Design Automation: An Industry Perspective","B. Yu; J. Tang; S. -S. Liu","BeyonCa, China; South China University of Technology, China; BeyonCa, China",2023 60th ACM/IEEE Design Automation Conference (DAC),"15 Sep 2023","2023","","","1","4","Designing reliable computing systems for autonomous driving is extremely challenging, as the performance and reliability of the systems have to be thoroughly evaluated under an extremely large amount of driving scenarios. Physically constructing scenarios and conducting testing for autonomous driving systems is time-consuming and expensive. To minimize the need for physical testing and improve development efficiency, we developed a digital-twin-based simulation, which can generate an integral, precise, and comprehensive representation of physical scenarios. In this paper, we share our experiences with the digital-twin-based simulation for autonomous driving, particularly the design requirements and components demanded to facilitate virtual environment construction and design verification, which could greatly improve development efficiency.","","979-8-3503-2348-1","10.1109/DAC56929.2023.10247889","","https://ieeexplore.ieee.org/stamp/stamp.jsp?arnumber=10247889","","Industries;Design automation;Virtual environments;Reliability engineering;Digital twins;Behavioral sciences;Autonomous vehicles","","1","","12","IEEE","15 Sep 2023","","","IEEE","IEEE Conferences"
"Autonomous Underwater Vehicles’ Control System Design Implementation","M. H. Zamir; A. Parveen; M. H. Akhtar; A. Jalil","Z.H. College of Engg. & Tech., Aligarh Muslim University, India; Z.H. College of Engg. & Tech., Aligarh Muslim University, India; Z.H. College of Engg. & Tech., Aligarh Muslim University, India; Z.H. College of Engg. & Tech., Aligarh Muslim University, India","2023 International Conference on Power, Instrumentation, Energy and Control (PIECON)","4 Apr 2023","2023","","","1","5","Technology advancements have allowed AUVs to explore parts of the ocean that are inhospitable and inaccessible to humans. Because of the several marine systems fields in which they are being used, AUVs have attracted a lot of attention in recent years. Numerous fields of exploration and research such as marine geoscience has a wide range of applications for Autonomous Underwater Vehicles (AUVs), which are being used in the scientific, military, commercial, and policy fields. Although AUV technology has been developed and occasionally used in science since the 1960s, routine AUV utilization in science is a recent development. As we talk about underwater vehicles, one of their main components is the genetic map of the AUV. In this paper, we have discussed from designing the schematic of the control system on paper to implementing it in our AUV SEA 5.0. Some light has also been shed on the provisions for future improvements in the vehicle.","","979-8-3503-9976-9","10.1109/PIECON56912.2023.10085754","","https://ieeexplore.ieee.org/stamp/stamp.jsp?arnumber=10085754","Control System;Autonomous Underwater Vehicle;Geo science;Proportional-Integral-Derivative","Autonomous underwater vehicles;Costs;Oceans;Instruments;Control systems;Reliability engineering;Genetics","","1","","17","IEEE","4 Apr 2023","","","IEEE","IEEE Conferences"
"Designing a cost-effective Autonomous Vehicle Control System Kit (AVCS Kit)","L. Dang; N. Sriramoju; G. Tewolde; J. Kwon; X. Zhang","Electrical and computer Engineering Department, Kettering University, Flint, MI, United States; Electrical and computer Engineering Department, Kettering University, Flint, MI, United States; Electrical and computer Engineering Department, Kettering University, Flint, MI, United States; Electrical and computer Engineering Department, Kettering University, Flint, MI, United States; Electrical and computer Engineering Department, Kettering University, Flint, MI, United States",2017 IEEE AFRICON,"7 Nov 2017","2017","","","1453","1458","Autonomous vehicles are equipped with a variety of instrumentations, sensors and controls depending upon the mission of the target vehicle. One of the biggest challenges in developing autonomous vehicles system is their cost. Often times, researchers with limited budget do not have the resources to acquire realistic autonomous vehicle test platforms for carrying out their experiments on. Most researchers become limited to conduct their research in simulation environments or use small toy cars that do not accurately represent the real system. This paper describes the design of a low-cost Autonomous Vehicle Control System Kit (AVCS Kit) using inexpensive microcontrollers, encoders, motor controllers, LIDAR, and camera. The main focus of the project was to determine how much capability could be achieved on designing the AVCS Kit to transform a normal kids'-ride-on electric car to an autonomous vehicle research platform. As presented in the paper, with the use of commercially available components we were able to achieve a good performance system at a minimal cost. In the last section, the paper demonstrates the application of the AVCS kit for an autonomous vehicle lane-following and obstacle avoidance research experiment that was developed using this platform.","2153-0033","978-1-5386-2775-4","10.1109/AFRCON.2017.8095696","","https://ieeexplore.ieee.org/stamp/stamp.jsp?arnumber=8095696","Autonomous vehicle control system (AVCS);architecture;sensors;actuators","Autonomous vehicles;Laser radar;Sensors;Cameras;Automobiles;Microcontrollers","","5","","12","IEEE","7 Nov 2017","","","IEEE","IEEE Conferences"
"Using Decision Support in Human-in-the-Loop Experimental Design Toward Building Trustworthy Autonomous Systems","J. M. Gregory; F. Sanchez; E. Lancaster; A. -A. Agha-Mohammadi; S. K. Gupta","DEVCOM Army Research Laboratory, Adelphi, MD, USA; Booz Allen Hamilton, Washington, D.C., USA; Booz Allen Hamilton, Washington, D.C., USA; NASA Jet Propulsion Laboratory, Pasadena, CA, USA; Viterbi School of Engineering, University of Southern California, CA, USA",2023 32nd IEEE International Conference on Robot and Human Interactive Communication (RO-MAN),"13 Nov 2023","2023","","","205","212","Experimental design of autonomous systems involves defining experimental inputs to maximize the experimenter’s information gained, minimize costs, and balance risk. This effectively leads to improved understanding and trustworthiness, which are necessary for deployment in realworld settings. Since experimental design is inherently a human-in-the-loop, sequential decision making problem, and decisions are being made about complex systems, an investigation into decision-making quality and decision-supporting methods is warranted. In this work, we investigate a decision support system (DSS) to augment the human’s experimental design decision making abilities, and conduct an exploratory user study to investigate the potential for decision support. Our findings show that experimenters, including experienced field roboticists, make suboptimal decisions and mistakes during the experimental design process, which suggests robotics research could benefit from DSSs. Our proposed DSS shows promise in some select aspects of experimental design, including helping to reduce suboptimal decisions, and participants in the user study reported favorable opinions of using such a system, including a sense of usefulness and lack of burden. The broader implication of this work is the identification of decision support in experimental design as one way to help bridge the gap between academia and industry by way of accelerated, informative experimentation and increased system explainability.","1944-9437","979-8-3503-3670-2","10.1109/RO-MAN57019.2023.10309571","","https://ieeexplore.ieee.org/stamp/stamp.jsp?arnumber=10309571","","Decision support systems;Industries;Costs;Autonomous systems;Service robots;Buildings;Spread spectrum communication","","","","31","IEEE","13 Nov 2023","","","IEEE","IEEE Conferences"
"A Novel Platform of Autonomous Vehicle in Multi-Disciplinary Industry","T. L. Nguyen; H. Q. T. Ngo; T. P. Nguyen; H. Nguyen","Department of Mechatronics Engineering, Vietnam National University-Ho Chi Minh City, Ho Chi Minh City, Vietnam; Department of Mechatronics Engineering, Vietnam National University-Ho Chi Minh City, Ho Chi Minh City, Vietnam; Department of Mechatronics Engineering, Vietnam National University-Ho Chi Minh City, Ho Chi Minh City, Vietnam; HUTECH, Ho Chi Minh City University of Technology, Ho Chi Minh City, Vietnam",2019 International Conference on System Science and Engineering (ICSSE),"5 Sep 2019","2019","","","517","521","The emerging technologies into a compact unit become one of key trends in engineering design. If the product has more advanced functions, the chance to utilize in a wide range of industry is identified. Only a single field could not succeed in our era. Therefore, in this paper, the integration in many majors into one hardware is presented as successful model. The design of autonomous model involves hardware components and infrastructure. Then, the modeling of autonomous system is simulated on computer to meet the proposed design. The implementation of control strategy into model is to drive autonomous system to complete mission. From these results, it can be seen that the proposed design is feasible, effective and capable in real world.","2325-0925","978-1-7281-0525-3","10.1109/ICSSE.2019.8823298","","https://ieeexplore.ieee.org/stamp/stamp.jsp?arnumber=8823298","robotics;human-centered design;motion control;community design;automated vehicle","Wheels;Urban areas;Autonomous vehicles;Loading;Mechatronics;Actuators","","1","","16","IEEE","5 Sep 2019","","","IEEE","IEEE Conferences"
"Development of Autonomous Car—Part II: A Case Study on the Implementation of an Autonomous Driving System Based on Distributed Architecture","K. Jo; J. Kim; D. Kim; C. Jang; M. Sunwoo","Automotive Control and Electronics Laboratory (ACE Lab), Department of Automotive Engineering, Hanyang University, Seoul, Korea; Automotive Control and Electronics Laboratory (ACE Lab), Department of Automotive Engineering, Hanyang University, Seoul, Korea; Automotive Control and Electronics Laboratory (ACE Lab), Department of Automotive Engineering, Hanyang University, Seoul, Korea; Automotive Control and Electronics Laboratory (ACE Lab), Department of Automotive Engineering, Hanyang University, Seoul, Korea; Automotive Control and Electronics Laboratory (ACE Lab), Department of Automotive Engineering, Hanyang University, Seoul, Korea",IEEE Transactions on Industrial Electronics,"26 Jun 2015","2015","62","8","5119","5132","Part I of this paper proposed a development process and a system platform for the development of autonomous cars based on a distributed system architecture. The proposed development methodology enabled the design and development of an autonomous car with benefits such as a reduction in computational complexity, fault-tolerant characteristics, and system modularity. In this paper (Part II), a case study of the proposed development methodology is addressed by showing the implementation process of an autonomous driving system. In order to describe the implementation process intuitively, core autonomous driving algorithms (localization, perception, planning, vehicle control, and system management) are briefly introduced and applied to the implementation of an autonomous driving system. We are able to examine the advantages of a distributed system architecture and the proposed development process by conducting a case study on the autonomous system implementation. The validity of the proposed methodology is proved through the autonomous car A1 that won the 2012 Autonomous Vehicle Competition in Korea with all missions completed.","1557-9948","","10.1109/TIE.2015.2410258","NRF; Korean government (MEST)(grant numbers:2011-0017495); Industrial Strategy Technology Development Program of MKE(grant numbers:10039673); BK21 plus program(grant numbers:22A20130000045); Ministry of Education, Republic of Korea; ","https://ieeexplore.ieee.org/stamp/stamp.jsp?arnumber=7056521","Autonomous car;distributed system;development process;system platform;FlexRay;Autonomous car;development process;distributed system;FlexRay;system platform","Vehicles;Heuristic algorithms;Sensors;Planning;Global Positioning System;Software;Roads","","208","1","49","IEEE","9 Mar 2015","","","IEEE","IEEE Journals"
"Essential design steps to ensure that autonomous vehicles meet EMC requirements","T. H. Hubing",Clemson University,2017 IEEE International Symposium on Electromagnetic Compatibility & Signal/Power Integrity (EMCSI),"23 Oct 2017","2017","","","1","34","This article consists of a collection of slides from the author's conference presentation. Some of the specific areas/topics discussed include: EMC requirements; autonomous vehicles; microcontroller output driver; series resistors; ESD coupling; I/O devices; high-speed devices; digital logic; magnetic field coupling; filter inductor; LVDS display interface; CAN interface; hybrid-electric vehicles; and power inverter.","2158-1118","978-1-5386-2231-5","10.1109/ISEMC.2017.8078028","","https://ieeexplore.ieee.org/stamp/stamp.jsp?arnumber=8078028","","Electromagnetic compatibility;Automotive engineering;Conferences;Microcontrollers;Autonomous vehicles;Automotive components","","1","","","IEEE","23 Oct 2017","","","IEEE","IEEE Conferences"
"Towards autonomous ocean observing systems using Miniature Underwater Gliders with UAV deployment and recovery capabilities","E. Sollesnes; O. M. Brokstad; R. K. boe; B. Vågen; A. Carella; A. Alcocer; A. P. Zolich; T. A. Johansen","Department of Mechanical, Electronics and Chemical Engineering, Oslo Metropolitan University, Oslo, Norway; Department of Mechanical, Electronics and Chemical Engineering, Oslo Metropolitan University, Oslo, Norway; Department of Mechanical, Electronics and Chemical Engineering, Oslo Metropolitan University, Oslo, Norway; Department of Mechanical, Electronics and Chemical Engineering, Oslo Metropolitan University, Oslo, Norway; Department of Mechanical, Electronics and Chemical Engineering, Oslo Metropolitan University, Oslo, Norway; Department of Mechanical, Electronics and Chemical Engineering, Oslo Metropolitan University, Oslo, Norway; Centre of Autonomous Marine Operations and Systems (NTNU AMOS), Department of Engineering Cybernetics, Norwegian University of Science and Technology, Trondheim, Norway; Centre of Autonomous Marine Operations and Systems (NTNU AMOS), Department of Engineering Cybernetics, Norwegian University of Science and Technology, Trondheim, Norway",2018 IEEE/OES Autonomous Underwater Vehicle Workshop (AUV),"6 Jun 2019","2018","","","1","5","This paper presents preliminary results towards the development of an autonomous ocean observing system using Miniature Underwater Gliders (MUGs) that can operate with the support of Unmanned Aerial Vehicles (UAVs) and Unmanned Surface Vessels (USVs) for deployment, recovery, battery charging, and communication relay. The system reduces human intervention to the minimum, revolutionizing the affordability of a broad range of surveillance and data collection operations. The MUGs are equipped with a small Variable Buoyancy System (VBS) composed of a gas filled piston and a linear actuator powered by brushless DC motor and a rechargable lithium ion battery in an oil filled flexible enclosure. By using a fully pressure tolerant electronic design the aim is to reduce the total complexity, weight, and cost of the overall system. A first prototype of the VBS was built and demonstrated in a small aquarium. The electronic components were tested in a pressure testing facility to a minimum of 20bar. Preliminary results are promising and future work will focus on system and weight optimization, UAV deployment/recovery strategies, as well as sea trials to an operating depth of 200m.","2377-6536","978-1-7281-0253-5","10.1109/AUV.2018.8729752","","https://ieeexplore.ieee.org/stamp/stamp.jsp?arnumber=8729752","Autonomous Ocean Observing Systems;Miniature Underwater Gliders;Unmanned Aerial Vehicles;Unmanned Surface Vessels","Batteries;Brushless DC motors;Oils;Buoyancy;Prototypes;Oceans","","8","","14","IEEE","6 Jun 2019","","","IEEE","IEEE Conferences"
"Development of Design Procedures for the Synthesis of Design Solutions for Data Management, Design and Production Procedures at the Stages of the Life Cycle of an Electronic Product","J. V. Donetskaya; Y. A. Gatchin","Federal State Autonomous Educational Institution of Higher Education, ITMO National Research University (ITMO University), St. Petersburg, Russia; Federal State Autonomous Educational Institution of Higher Education, ITMO National Research University (ITMO University), St. Petersburg, Russia",2020 Wave Electronics and its Application in Information and Telecommunication Systems (WECONF),"2 Jul 2020","2020","","","1","5","The report suggests the development of design procedures for the synthesis of design solutions for managing product data and design and production procedures at the stages of the life cycle. Variants of the tasks of forming design decisions are given, the requirements for them are formulated. The rules of choosing descriptions of the components of a digital passport and the wording of the similarity criterion are presented, which forms the developed design procedures. Based on the results obtained, an implementation option is proposed for the formation of design decisions.","","978-1-7281-4944-8","10.1109/WECONF48837.2020.9131470","","https://ieeexplore.ieee.org/stamp/stamp.jsp?arnumber=9131470","design procedures;data management;synthesis of design decisions;management of design and production procedures","Manufacturing industries;Instruments;Production;Telecommunications;Task analysis","","2","","21","IEEE","2 Jul 2020","","","IEEE","IEEE Conferences"
"Key Safety Design Overview in AI-driven Autonomous and Battery-electric Vehicles","V. Vyas; Z. Xu","Department of Autonomous Driving, Mercedes Benz Research and Development NA, Sunnyvale, CA, USA; University of Washington, Sunnyvale, CA, USA",2024 2nd International Conference on Advancements and Key Challenges in Green Energy and Computing (AKGEC),"11 Feb 2025","2024","","","1","8","With the increasing presence of autonomous SAE level 3 and level 4, which incorporate artificial intelligence software, along with the complex technical challenges they present, it is critical to maintain a strong focus on functional safety and robust software design. This paper explores the necessary safety architecture and systematic approach for automotive software and hardware, including fail-soft handling of automotive safety integrity level (ASIL) D (highest level of safety integrity), adoption of machine learning (ML), and artificial intelligence (AI) in automotive safety architecture. By addressing the unique challenges presented by increasing AI-based automotive software, we proposed various techniques, such as mitigation strategies and safety failure analysis, to enforce safety compliance and reliability of automotive software, as well as the role of AI in software reliability throughout the data lifecycle.","","979-8-3503-9017-9","10.1109/AKGEC62572.2024.10868556","","https://ieeexplore.ieee.org/stamp/stamp.jsp?arnumber=10868556","Safety Design;Automotive Software;Performance Evaluation;Advanced Driver Assistance Systems (ADAS) Applications;Automotive Software Systems;Electronic Control Units","Technological innovation;Systematics;Software design;Vehicle safety;Software algorithms;Computer architecture;Software;Software reliability;Autonomous vehicles;Vehicles","","2","","56","IEEE","11 Feb 2025","","","IEEE","IEEE Conferences"
"An Open-Source Scenario Architect for Autonomous Vehicles","T. Stahl; J. Betz","Chair of Automotive Technology, Technical University of Munich, Garching, Germany; Chair of Automotive Technology, Technical University of Munich, Garching, Germany",2020 Fifteenth International Conference on Ecological Vehicles and Renewable Energies (EVER),"2 Nov 2020","2020","","","1","8","The development of software components for autonomous driving functions should al-ways include an extensive and rigorous evaluation. Since real-world testing is expensive and safety-critical - especially when facing dynamic racing scenarios at the limit of handling - a favored approach is simulation-based testing. In this work, we pro-pose an open-source graphical user interface, which allows the generation of a multi-vehicle scenario in a regular or even a race environment. The under-lying method and implementation is elaborated in detail. Furthermore, we showcase the potential use-cases for the scenario-based validation of a safety assessment module, integrated into an autonomous driving software stack. Within this scope, we introduce three illustrative scenarios, each focusing on a different safety-critical aspect.","","978-1-7281-5641-5","10.1109/EVER48776.2020.9243029","","https://ieeexplore.ieee.org/stamp/stamp.jsp?arnumber=9243029","Autonomous vehicles;safety assessment;scenario-based testing;scenario architect","Focusing;Safety;Vehicle dynamics;Autonomous vehicles;Open source software;Testing;Graphical user interfaces","","7","","18","IEEE","2 Nov 2020","","","IEEE","IEEE Conferences"
"An educational perspective on the Aquabots development platform for autonomous navigation","J. M. Mol; P. H. Verheijen; J. A. Smallegange; J. C. Scholtens","Centre of Expertise HRTech, Rotterdam University of Applied Sciences, Rotterdam, The Netherlands; Rotterdam Mainport Institute, Rotterdam University of Applied Sciences, Rotterdam, The Netherlands; Innovation and Educational, Development STC Group, Rotterdam, The Netherlands; RDM Workshops, Rotterdam University of Applied Sciences, Rotterdam, The Netherlands",2025 Symposium on Maritime Informatics and Robotics (MARIS),"1 Sep 2025","2025","","","1","4","Aquabots is a development platform for autonomous navigation which was initiated in 2010 by the Rotterdam University of Applied Sciences and system integrator Imtech. In 2014, the first student team successfully crossed the river Nieuwe Maas with their Remotely Operated Vessel (Aquabot) EindMaas. By structuring the project as stacked research, where each team builds upon the work of their predecessors, significant time savings and deeper knowledge development have been achieved. This modular concept, starting from 2017, has enabled various, consecutive student teams to develop individual components of the system architecture. This approach ensured continuity, prevented knowledge loss, and allowed teams to focus on advancing the technology rather than redoing previous work. Over the years, as developments have progressed, it has become increasingly difficult to preserve and extend the knowledge base. To combat the major drawback of various consecutive student teams, a community system will be set up, consisting of teachers, company representatives and students who have contributed to the Aquabots project over the years. This will require active and fruitful cooperation and knowledge sharing, not only from the academic side (students plus teachers), but also from the business sector. We believe that the incubation phase of followup multidisciplinary student teams working on the Aquabots project can be shortened significantly. In this way common resources as well as knowledge can accumulate, academic potential can be explored, and the related business sector will have access to building blocks which can be applied to exploit their business potential. This paper documents best practices and challenges of such a modular learning community.","","979-8-3315-1310-8","10.1109/MARIS64137.2025.11139683","","https://ieeexplore.ieee.org/stamp/stamp.jsp?arnumber=11139683","drone;modular design;control center;autonomous shipping;learning community","Knowledge based systems;Systems architecture;Companies;Teamwork;Rivers;Informatics;Best practices;Business;Autonomous robots;Drones","","","","16","IEEE","1 Sep 2025","","","IEEE","IEEE Conferences"
"Utilization of design patterns in AUTOSAR Adaptive standard","M. Kotur; N. Lukić; M. Krunić; G. Velikić","Faculty of Technical Sciences, Novi Sad, Serbia; Faculty of Technical Sciences, Novi Sad, Serbia; Faculty of Technical Sciences, Novi Sad, Serbia; Faculty of Technical Sciences, Novi Sad, Serbia",2020 IEEE 10th International Conference on Consumer Electronics (ICCE-Berlin),"17 Feb 2021","2020","","","1","6","Modern civilization faces a significant challenge in embracing emerging technologies, like autonomous driving. In this article authors present that autonomous driving lies in software safety standards which are in ongoing revisions and improvements under the eyes of interested parties and public in whole. The article explains the key concepts for software development in the modern automotive industry such as ISO, V model, ASIL, SOME / IP and programming languages used in the implementation of the solution, such as C ++. Article also addressed AUTOSAR as the global standardization consortium for automotive software architectures that aims to adapt to current trends, and to provide a consistent standard for these aspects. Design patterns in AUTOSAR Adaptive standard have been validated as a useful aspect in communication between different software components. So, there is a need to create and permanently upgrade a catalog of design patterns which helps designers to build reliable critical software architecture adequate for intense communication within the car.","2166-6822","978-1-7281-5885-3","10.1109/ICCE-Berlin50680.2020.9352172","Ministry of Education; ","https://ieeexplore.ieee.org/stamp/stamp.jsp?arnumber=9352172","automotive;software engineering;AUTOSAR Adaptive;design patterns;camera service","Industries;Software architecture;Software safety;Software reliability;Standards;Autonomous vehicles;Automotive engineering","","1","","22","IEEE","17 Feb 2021","","","IEEE","IEEE Conferences"
"Experimental Investigation on Implementing Autonomous Bus Control Using Lyapunov Approach","J. F. Nugroho; F. Rizaldi; Y. Y. Nazaruddin; A. Widyotriatmo","Instrumentation and Control Research Group, Institut Teknologi Bandung, Bandung, Indonesia; Instrumentation and Control Research Group, Institut Teknologi Bandung, Bandung, Indonesia; Instrumentation and Control Research Group, Institut Teknologi Bandung National Center for Sustainable Transportation Technology, Bandung, Indonesia; Instrumentation and Control Research Group, Institut Teknologi Bandung, Bandung, Indonesia",2019 6th International Conference on Electric Vehicular Technology (ICEVT),"13 Feb 2020","2019","","","196","201","Autonomous vehicle is a system which can maneuver through its surrounding to reach a certain location and orientation. Path following control is one of the most proposed control scheme to achieve this objective. In this paper, the path following control, based on the Lyapunov stability approach, designed specifically for a bus, will be proposed and tested experimentally. The mathematical model of the bus kinematics and controller will be presented. The main concerns of the presentation will be the technical details of the path following control implementation such as the design of the system, the controller and actuator, and also the data communication among all components. The experimental investigation was conducted using a miniature scaled bus with the length and width of the bus is 39 cm and 15.5 cm respectively. For the data communication, MQTT was used for as the protocol. The experimental results show how the autonomous bus followed the desired path satisfactorily.","","978-1-7281-2917-4","10.1109/ICEVT48285.2019.8993964","","https://ieeexplore.ieee.org/stamp/stamp.jsp?arnumber=8993964","autonomous vehicle;path following control;experimental design;Lyapunov stability","Vehicular and wireless technologies;Actuators;Protocols;Kinematics;Control systems;Mathematical models;Data communication;Autonomous vehicles;Lyapunov methods","","","","10","IEEE","13 Feb 2020","","","IEEE","IEEE Conferences"
"System Analysis and Generative Design for IceNode, a Buoyant Vehicle for Measuring Melt Rate under Ice Shelves","D. Schoelen; E. B. Clark; F. Mechentel; C. Gebara","Jet Propulsion Laboratory California Institute of Technology, Pasadena, USA; Jet Propulsion Laboratory California Institute of Technology, Pasadena, USA; Jet Propulsion Laboratory California Institute of Technology, Pasadena, USA; Jet Propulsion Laboratory California Institute of Technology, Pasadena, USA",OCEANS 2021: San Diego – Porto,"15 Feb 2022","2021","","","1","9","Antarctic ice shelves buttress the Antarctic Ice Sheet from sliding into the ocean, and their collapse could trigger a meter or more of global sea level rise by the end of the century. Current state-of-the-art predictions for ice shelf behavior in a warming climate have large uncertainty, significantly hindered by a lack of in situ melt rate observations under ice shelves, especially near grounding zones. IceNode is a novel robotic vehicle under development at the NASA Jet Propulsion Laboratory to acquire such measurements, but presents a complex design problem owing to the large design space and conflicting performance requirements. Evaluating a preliminary design requires several types of tedious analysis which prevents rapid iteration and exploration of the design space. We present the implementation of a custom system analysis framework which was used to automate analysis such as resource budgeting, mission simulation, mass and buoyancy balancing, and static landing stability analysis of a given design configuration. Using this framework, we selected parameters which had the largest effects on design success and conducted a generative design study in which we programmatically varied a handful of parameters to generate 1540 different design candidates and test them across 160 different environmental scenarios. The custom built system analysis tool enabled rapid development of critical analysis and automated exploration of a large design space to guide preliminary design of the IceNode vehicle.","0197-7385","978-0-692-93559-0","10.23919/OCEANS44145.2021.9706076","","https://ieeexplore.ieee.org/stamp/stamp.jsp?arnumber=9706076","icenode;ice shelf;ice shelves;grounding zone;melt;sea level rise;climate change;underwater vehicles;oceanic instrumentation;sensors;robotics;autonomous;vehicle design;buoyant lander;profiling float;oceanography;systems engineering;generative design;design analysis","Space vehicles;Analytical models;Uncertainty;Grounding;Sea measurements;Buoyancy;Antarctica","","2","","14","","15 Feb 2022","","","IEEE","IEEE Conferences"
"Approaching Current Challenges in Developing a Software Stack for Fully Autonomous Driving","S. Sagmeister; S. Hoffmann; T. Betz; D. Ebner; D. Esser; M. Lienkamp","Technical University of Munich, Germany; Technical University of Munich, Germany; Technical University of Munich, Germany; Technical University of Munich, Germany; Technical University of Munich, Germany; Technical University of Munich, Germany",2025 IEEE Intelligent Vehicles Symposium (IV),"6 Aug 2025","2025","","","1577","1584","Autonomous driving is a complex undertaking. A common approach is to break down the driving task into individual sub tasks through modularization. These sub-modules are usually developed and published separately. However, if these individually developed algorithms have to be combined again to form a full-stack autonomous driving software, this poses particular challenges. Drawing upon our practical experience in developing the software of TUM Autonomous Motorsport, we have identified and derived these challenges in developing an autonomous driving software stack within a scientific environment. We do not focus on the specific challenges of individual algorithms but on the general difficulties that arise when deploying research algorithms on real-world test vehicles. To overcome these challenges, we introduce strategies that have been effective in our development approach. We additionally provide open-source implementations that enable these concepts on GitHub. As a result, this paper's contributions will simplify future full-stack autonomous driving projects, which are essential for a thorough evaluation of the individual algorithms.","2642-7214","979-8-3315-3803-3","10.1109/IV64158.2025.11097792","Deutsche Forschungsgemeinschaft(grant numbers:469341384); ","https://ieeexplore.ieee.org/stamp/stamp.jsp?arnumber=11097792","","Software design;Software algorithms;Full stack;Software;Safety;Software measurement;Autonomous vehicles;Research and development;Software development management","","","","43","IEEE","6 Aug 2025","","","IEEE","IEEE Conferences"
"Real Time Autonomous Maritime Navigation using Dynamic Visibility Graphs","E. Xidias; D. Zissis","Department of Product and Systems Design Engineering, University of the Aegean, Ermoupolis, Syros, Greece; Department of Product and Systems Design Engineering, University of the Aegean, Ermoupolis, Syros, Greece",2018 IEEE/OES Autonomous Underwater Vehicle Workshop (AUV),"6 Jun 2019","2018","","","1","6","In recent years, there has been a growing interest in autonomous self-guided vessels, for a wide range of application domains such as scientific research, ocean resource exploration, transportation and other. In this paper we explore one of the most critical components of autonomous vessels, intelligent transportation and motion planning, and propose an automatic collision avoidance methodology, applicable to both unmanned surface or underwater vessels operating on the sea surface, using Dynamic Visibility Graphs while respecting the International Regulations for Preventing Collisions at Sea (known as COLREGS). The efficiency of the developed method is investigated and discussed through characteristic simulated experiments.","2377-6536","978-1-7281-0253-5","10.1109/AUV.2018.8729821","","https://ieeexplore.ieee.org/stamp/stamp.jsp?arnumber=8729821","self guided vessels;motion planning;COLREGs rules;visibility graph","Sea surface;Planning;Vehicle dynamics;Dynamics;Marine vehicles;Shape;Navigation","","5","","12","IEEE","6 Jun 2019","","","IEEE","IEEE Conferences"
"Autonomous Object Detection and Landing with Parrot Rolling Spider in Matlab Simulink","L. Traeger; O. Faruque","Information Systems, University of Maryland, Baltimore County, Baltimore, MD, USA; Information Systems, University of Maryland, Baltimore County, Baltimore, MD, USA","2023 Congress in Computer Science, Computer Engineering, & Applied Computing (CSCE)","9 Apr 2024","2023","","","953","956","Object detection using autonomous drones is a typical application of computer vision and robotics. More than detecting the objects with the UAV might be required since many real-life applications require some physical interaction with the detected objects. This paper proposes a generic frame-work implementing algorithmic code-blocks for a Flight Control System executing an autonomous object search, detection, and landing task on the detected surface. We adapt this framework in Matlab for simulation, deployment, and fine tune the final landing parameters on the supported Parrot Rolling Spider.","","979-8-3503-2759-5","10.1109/CSCE60160.2023.00160","","https://ieeexplore.ieee.org/stamp/stamp.jsp?arnumber=10487230","UAV;Flight Control System (FCS);flight simulation;object detection;down-facing camera","Software packages;Object detection;Autonomous aerial vehicles;Cameras;Search problems;Task analysis;Tuning","","1","","11","IEEE","9 Apr 2024","","","IEEE","IEEE Conferences"
"Integrated Data-Driven and Model-Based Trade-off Analysis of Sensor Suite System for Autonomous Ground Vehicle Navigation","S. S. Damera; P. K. M. S; J. S. Baras","Department of Electrical and Computer Engineering, Institute for Systems Research (ISR) at the University of Maryland, College Park, MD, USA; Department of Electrical and Computer Engineering, Institute for Systems Research (ISR) at the University of Maryland, College Park, MD, USA; Department of Electrical and Computer Engineering, Institute for Systems Research (ISR) at the University of Maryland, College Park, MD, USA",2024 IEEE International Symposium on Systems Engineering (ISSE),"6 Nov 2024","2024","","","1","8","In recent years, the deployment of robots for commercial applications has surged, emphasizing the need to incorporate autonomy into these systems. The widespread adoption of autonomous robots across diverse fields thus necessitates a rigorous design framework. To address this, we recently proposed an Integrated Data-Driven and Model-Based Systems Engineering (IDDMBSE) framework—an extension of our traditional Model-Based Systems Engineering (MBSE). Our IDDMBSE framework aims to enable trusted autonomy in autonomous systems. In this work, we outline a methodology for trade-off analysis within the IDDMBSE framework, supporting the development of autonomous robots based on functional, performance, and programmatic requirements. The method comprises two key components: 1) Model-Based Optimization (MBO) - Leveraging domain-specific knowledge, MBO facilitates efficient simulation-based design, and 2) Data-Driven Evaluation (DDE) - Decoupling DDE from MBO allows effective exploration and statistical analysis of the design space. We demonstrate the utility of the proposed framework by using it to perform design space exploration and trade-off analysis for the design of the sensor suite of an autonomous ground robot. Our results show how a classical design problem that is often deemed intractable using model-based methods and unscalable using data-driven methods can benefit through the use of our hybrid framework.","2687-8828","979-8-3503-5372-3","10.1109/ISSE63315.2024.10741117","U.S. Army; Arm; ","https://ieeexplore.ieee.org/stamp/stamp.jsp?arnumber=10741117","Model-Based Systems Engineering;Design Space Exploration;Robotics","Space vehicles;Analytical models;Statistical analysis;Navigation;Robot sensing systems;Land vehicles;Space exploration;Optimization;Autonomous robots","","","","15","IEEE","6 Nov 2024","","","IEEE","IEEE Conferences"
"Towards Mechatronics Approach of System Design, Verification and Validation for Autonomous Vehicles","C. Samak; T. Samak; V. Krovi","Department of Automotive Engineering, Automation, Robotics and Mechatronics Laboratory (ARMLab), Clemson University International Center for Automotive Research (CU-ICAR), Greenville, USA; Department of Automotive Engineering, Automation, Robotics and Mechatronics Laboratory (ARMLab), Clemson University International Center for Automotive Research (CU-ICAR), Greenville, USA; Department of Automotive Engineering, Automation, Robotics and Mechatronics Laboratory (ARMLab), Clemson University International Center for Automotive Research (CU-ICAR), Greenville, USA",2023 IEEE/ASME International Conference on Advanced Intelligent Mechatronics (AIM),"2 Aug 2023","2023","","","1208","1213","Modern-day autonomous vehicles are increasingly becoming complex multidisciplinary systems composed of mechanical, electrical, electronic, computing and information subsystems. Furthermore, the individual constituent technologies employed for developing autonomous vehicles have started maturing up to a point, where it seems beneficial to start looking at the synergistic integration of these components into sub-systems, systems, and potentially, system-of-systems. Hence, this work applies the principles of mechatronics approach of system design, verification and validation for the development of autonomous vehicles. Particularly, we discuss leveraging multidisciplinary co-design practices along with virtual, hybrid and physical prototyping and testing within a concurrent engineering framework to develop and validate a scaled autonomous vehicle using the AutoDRIVE Ecosystem. We also describe a case-study of autonomous parking application using a modular probabilistic framework to illustrate the benefits of the proposed approach.","2159-6255","978-1-6654-7633-1","10.1109/AIM46323.2023.10196233","","https://ieeexplore.ieee.org/stamp/stamp.jsp?arnumber=10196233","Autonomous vehicles;mechatronics approach;multidisciplinary design;simulation and virtual prototyping;rapid prototyping;verification and validation","Mechatronics;Ecosystems;Supply chains;Probabilistic logic;Reliability engineering;Concurrent engineering;Safety","","5","","31","IEEE","2 Aug 2023","","","IEEE","IEEE Conferences"
"Requirements-Driven Test Generation for Autonomous Vehicles With Machine Learning Components","C. E. Tuncali; G. Fainekos; D. Prokhorov; H. Ito; J. Kapinski","Toyota, Ann Arbor, USA; School of Computing, Informatics, and Decision Systems Engineering, Arizona State University, Tempe, USA; Toyota, Ann Arbor, USA; Toyota, Ann Arbor, USA; Toyota, Ann Arbor, USA",IEEE Transactions on Intelligent Vehicles,"25 May 2020","2020","5","2","265","280","Autonomous vehicles are complex systems that are challenging to test and debug. A requirements-driven approach to the development process can decrease the resources required to design and test these systems, while simultaneously increasing the reliability. We present a testing framework that uses signal temporal logic (STL), which is a precise and unambiguous requirements language. Our framework evaluates test cases against the STL formulae and additionally uses the requirements to automatically identify test cases that fail to satisfy the requirements. One of the key features of our tool is the support for machine learning (ML) components in the system design, such as deep neural networks. The framework allows evaluation of the control algorithms, including the ML components, and it also includes models of CCD camera, lidar, and radar sensors, as well as the vehicle environment. We use multiple methods to generate test cases, including covering arrays, which is an efficient method to search discrete variable spaces. The resulting test cases can be used to debug the controller design by identifying controller behaviors that do not satisfy requirements. The test cases can also enhance the testing phase of development by identifying critical corner cases that correspond to the limits of the system's allowed behaviors. We present STL requirements for an autonomous vehicle system, which capture both component-level and system-level behaviors. Additionally, we present three driving scenarios and demonstrate how our requirements-driven testing framework can be used to identify critical system behaviors, which can be used to support the development process.","2379-8904","","10.1109/TIV.2019.2955903","NSF(grant numbers:CNS 1446730,CNS 1350420); ","https://ieeexplore.ieee.org/stamp/stamp.jsp?arnumber=8911483","Autonomous vehicles;cyber-physical systems;system validation;system verification","Sensors;Autonomous vehicles;Laser radar;Test pattern generators;Charge coupled devices;Closed loop systems","","91","","72","IEEE","25 Nov 2019","","","IEEE","IEEE Journals"
"Cross-Layer Control Adaptation for Autonomous System Resilience","M. I. Momtaz; S. Banerjee; S. Pandey; J. Abraham; A. Chatterjee","School of Electrical and Computer Engineering, Georgia Institute of Technology, Atlanta, GA; School of Electrical and Computer Engineering, Georgia Institute of Technology, Atlanta, GA; School of Electrical and Computer Engineering, Georgia Institute of Technology, Atlanta, GA; Department of Electrical and Computer Engineering, The University of Texas at Austin, Austin, TX; School of Electrical and Computer Engineering, Georgia Institute of Technology, Atlanta, GA",2018 IEEE 24th International Symposium on On-Line Testing And Robust System Design (IOLTS),"30 Sep 2018","2018","","","261","264","The last decade has seen tremendous advances in the transformation of ubiquitous control, computing and communication platforms that are anytime, anywhere. These platforms allow humans to interact with machines through sensing, control and actuation functions in ways not imaginable a few decades ago. While robust control techniques aim to maintain autonomous system performance in the presence of bounded modeling errors, they are not designed to manage large multi- parameter variations and internal component failures that are inevitable during lengthy periods of field deployment. To address the trustworthiness of autonomous systems in the field, we propose a cross-layer error resilience approach in which errors are detected and corrected at appropriate levels of the design (hardware-through software) with the objective of minimizing the latency of error recovery while maintaining high failure coverage. At the control processor level, soft errors in the digital control processor are considered. At the system level, sensor and actuator failures are analyzed. These impairments define the health of the system. A methodology for adapting the control procedure of the autonomous system to compensate for degraded system health is proposed. It is shown how this methodology can be applied to simple linear and nonlinear control systems to maintain system performance in the presence of internal component failures. Experimental results demonstrate the feasibility of the proposed methodology.","1942-9401","978-1-5386-5992-2","10.1109/IOLTS.2018.8474159","","https://ieeexplore.ieee.org/stamp/stamp.jsp?arnumber=8474159","System resilience;error tolerance;checksum encoding;autonomous systems","Real-time systems;Autonomous systems;Resilience;Transient analysis;DC motors;Kalman filters;Learning (artificial intelligence)","","4","","18","IEEE","30 Sep 2018","","","IEEE","IEEE Conferences"
"A Reliability Engineering Based Approach to Model Complex and Dynamic Autonomous Systems","T. F. Horeis; T. Kain; J. -S. Müller; F. Plinke; J. Heinrich; M. Wesche; H. Decke","IQZ GmbH, Hamburg, Germany; Volkswagen AG, Wolfsburg, Germany; Volkswagen AG, Wolfsburg, Germany; IQZ GmbH, Hamburg, Germany; IQZ GmbH, Hamburg, Germany; Volkswagen AG, Wolfsburg, Germany; Volkswagen AG, Wolfsburg, Germany",2020 International Conference on Connected and Autonomous Driving (MetroCAD),"13 Jul 2020","2020","","","76","84","The development of system architectures, fulfilling a diverse set of technical and economic requirements, is known to be a challenging task when designing a new vehicle. The demands particularly concerning the system’s reliability, availability, and safety, are, however, remarkably increasing when glancing towards full vehicle autonomy, since this level of automatization excludes any takeover actions by passengers. To satisfy the requirements, a fail-operational system design that includes several fallback paths is required. Since classical approaches, which require adding fallback paths with various redundant and segregated components, contradict the harsh cost constraints prevailing in the automotive sector, further use of those approaches is not desirable. Hence, various new concepts are developed to dissolve this contradiction, i.e., reducing the number of hardware and software components, while on the other hand, keeping the level of reliability high. The problem, though, is that the systems resulting from applying those concepts are highly complex and can not be sufficiently analyzed with today’s tools regarding the availability, safety, and reliability of the system. Therefore, in this paper, we introduce AT-CARS (Analyzing Tool for Complex, Autonomous, and Reliable Systems), a tool capable of analyzing various complex systems architectures designed for autonomous vehicles. Our tool aims to support system engineers responsible for determining suitable system architectures that fulfill the expected safety requirements while satisfying the monetary conditions by providing measurements concerning availability, safety, and reliability. Those parameters are determined by a state-based Monte Carlo simulation, which supports dynamic failure management procedures.","","978-1-7281-6059-7","10.1109/MetroCAD48866.2020.00020","","https://ieeexplore.ieee.org/stamp/stamp.jsp?arnumber=9138648","Monte Carlo simulation;autonomous driving;software failure;availability;safety;reliability","Monte Carlo methods;Failure analysis;Reliability engineering;Software;Safety;Software reliability;Vehicle dynamics;Complex systems;System analysis and design;Autonomous vehicles","","4","","26","IEEE","13 Jul 2020","","","IEEE","IEEE Conferences"
"Tools and Methodologies for Autonomous Driving Systems","A. Bhat; S. Aoki; R. Rajkumar","Department of Electrical and Computer Engineering, Carnegie Mellon University, Pittsburgh, PA, USA; Department of Electrical and Computer Engineering, Carnegie Mellon University, Pittsburgh, PA, USA; Department of Electrical and Computer Engineering, Carnegie Mellon University, Pittsburgh, PA, USA",Proceedings of the IEEE,"17 Sep 2018","2018","106","9","1700","1716","Due to the advent of active safety features and automated driving capabilities, the scope and complexity of embedded computing systems within automobiles continue to increase. Moreover, with the introduction of communication technologies like dedicated short range communications (DSRC), autonomous vehicles can also communicate with each other, pedestrians and the infrastructure. As the number of applications and levels of autonomy within such connected and autonomous vehicles (CAVs) increase the inherent safety-critical nature of CAVs imposes strict requirements in terms of testing and verification of system correctness. Hence, appropriate tools and methodologies are to manage these increasing complexity and testing requirements. In this paper, we present a standard reference architecture for CAVs and the tools and methodologies we use to model, design, develop and test systems to realize CAV applications.","1558-2256","","10.1109/JPROC.2018.2841339","","https://ieeexplore.ieee.org/stamp/stamp.jsp?arnumber=8418447","Autonomous vehicles;cyber-physical systems;design methodology;design tools;real-time systems;software tools","Cyber-physical systems;Sensors;Intellgent vehicles;Autonomous vehicles;Computer architecture;Vehicle safety","","46","","50","IEEE","23 Jul 2018","","","IEEE","IEEE Journals"
"An Extensible Autonomous Reconfiguration Framework for Complex Component-Based Embedded Systems","J. Schlatow; M. Moestl; R. Ernst","Institute of Computer and Network Engineering, TU Braunschweig; Institute of Computer and Network Engineering, TU Braunschweig; Institute of Computer and Network Engineering, TU Braunschweig",2015 IEEE International Conference on Autonomic Computing,"17 Sep 2015","2015","","","239","242","We present a framework based on constraint satisfaction that adds self-integration capabilities to component-based embedded systems by identifying correct compositions of the desired components and their dependencies. This not only allows autonomous integration of additional functionality but can also be extended to ensure that the new configuration does not violate any extra-functional requirements, such as safety or security, imposed by the application domain.","","978-1-4673-6971-8","10.1109/ICAC.2015.18","","https://ieeexplore.ieee.org/stamp/stamp.jsp?arnumber=7266973","based;constraint satisfaction;embedded systems;incremental self-integration;software deployment","Embedded systems;Encoding;Contracts;Adaptation models;Modeling;Component architectures;Computer architecture","","11","","11","IEEE","17 Sep 2015","","","IEEE","IEEE Conferences"
"Cybersecurity Challenges of Autonomous Systems","M. Hamad; C. Prehofer; M. Asplund; T. Löhr; L. Bublitz; A. Zeh; M. Singh; S. Steinhorst","Technical University of Munich, Germany; DENSO Automotive, Germany; Linköping University, Sweden; P3 automotive GmbH, Germany; P3 automotive GmbH, Germany; Infineon Technologies, Germany; CISPA Helmholtz Center for Information Security, Germany; Technical University of Munich, Germany","2025 Design, Automation & Test in Europe Conference (DATE)","21 May 2025","2025","","","1","10","With the recent dramatic increase in performance of artificial intelligence and related computing systems, together with advanced sensing, connectivity, and technological platforms, autonomous systems are poised to enter many application domains such as transportation and manufacturing. As autonomy increases, the risks of cybersecurity threats are equally rising, requiring the development of sophisticated methods on all layers of autonomous systems architectures. Therefore, this paper systematically introduces cybersecurity challenges ranging from the physical layer to the system of systems layer defining the collaboration of autonomous systems. Without loss of generality, autonomous vehicles are used to highlight current developments, illustrating which efforts are necessary to achieve secure and safe autonomous systems. Our discussions are comprehensively highlighting which research domains require further investigation and offer promising opportunities to contribute to mitigating cybersecurity challenges of autonomous systems.","1558-1101","978-3-9826741-0-0","10.23919/DATE64628.2025.10992708","Federal Ministry for Economic Affairs and Climate Action; European Union(grant numbers:101120779); ","https://ieeexplore.ieee.org/stamp/stamp.jsp?arnumber=10992708","Autonomous Systems;Autonomous Vehicles;Security","Transportation;Interconnected systems;Physical layer;Software;Sensors;Manufacturing;Computer security;Autonomous vehicles;Research and development;System of systems","","","","56","","21 May 2025","","","IEEE","IEEE Conferences"
"Constraint Decision Optimization Model for Safe Autonomous Vehicle Operation","H. B. Riley; M. Celenk","School of Electrical Engineering and Computer Science Athens, Ohio, USA; School of Electrical Engineering and Computer Science Athens, Ohio, USA",2018 IEEE Intelligent Vehicles Symposium (IV),"21 Oct 2018","2018","","","2188","2194","Numerous researchers and organizations continue to refine technologies that will soon allow vehicles to autonomously drive safely from Point A to Point B. Accuracy determining the position of the self-driving vehicle relative to lane markers and road boundaries specifically during inclement weather conditions continues is of primary importance. This paper presents an investigation and associated results where road land boundary markers are detected in conjunction with the ability decipher the horizon when the front view of the vehicle's path is degraded. Degradation of driving scenes can be attributed to such weather conditions as heavy rain, fog, snow, or dust storms. The detection of lane markers and road boundaries is especially important for roads that exhibit severe curves, aggressive uphill slopes and downhill valleys, respectively. Additionally, we present a model to predict deviations from reference distances associated with roads with such design constraints along with some promising experimental results.","1931-0587","978-1-5386-4452-2","10.1109/IVS.2018.8500570","","https://ieeexplore.ieee.org/stamp/stamp.jsp?arnumber=8500570","Automated Driving Systems (ADS);autonomous vehicle;intelligent vehicles;iR sensors","Sensors;Roads;Autonomous vehicles;Principal component analysis;GSM;Computational modeling;Embedded systems","","","","19","IEEE","21 Oct 2018","","","IEEE","IEEE Conferences"
"An Integrated Design Method For Cyber-Physical Production Systems","G. Wan; P. Wang; L. Xue; P. Zeng","University of Chinese Academy of Sciences, Beijing, China; University of Chinese Academy of Sciences, Beijing, China; University of Chinese Academy of Sciences, Beijing, China; Lab. of Networked Control Systems, Chinese Academy of Sciences, Shenyang, China","2018 IEEE 3rd Advanced Information Technology, Electronic and Automation Control Conference (IAEAC)","16 Dec 2018","2018","","","791","796","The industrial cyber-physical production system contains a variety of heterogeneous devices and models, which increase the complexity of system design, particularly in software programming. Although the proposed model-driven engineering (MDE) is applied to industrial automation for this issue, the inherent complex dependencies and constraints between models and the availability of suitable tools for code generation limit the application of the model-driven approach in practice, especially as the system becomes more enormous. The component-based design (CBD) approach, which is a bottom-up approach, in contrast to the MDE that is top-down, is proposed to manage the complexity of software aspect based on the idea that building a system from existing components instead of the scratch. However, CBD can't provide the whole system model, so other ways should be adopted to design the system structure in advance. This paper presents an integrated design approach based on the combination of CBD and MDE to realize auto-design for cyber-physical production systems.","2381-0947","978-1-5386-4509-3","10.1109/IAEAC.2018.8577518","","https://ieeexplore.ieee.org/stamp/stamp.jsp?arnumber=8577518","Component-based Design;IEC 61499;Industrial automation;Model-based design;Ontology;Semantic technology","Unified modeling language;Automation;Control systems;Software;Ontologies;Testing;Integrated design","","2","","24","IEEE","16 Dec 2018","","","IEEE","IEEE Conferences"
"N-shopping: Towards an autonomous online shopping system for NEOM megacity","S. Brahimi; A. A. Salam; M. Alqahtani","College of Computer Science and Information Technology, Imam Abdulrahman Bin Faisal University, Dammam, Saudi Arabia; College of Computer Science and Information Technology, Imam Abdulrahman Bin Faisal University, Dammam, Saudi Arabia; College of Computer Science and Information Technology, Imam Abdulrahman Bin Faisal University, Dammam, Saudi Arabia",2018 15th Learning and Technology Conference (L&T),"31 May 2018","2018","","","74","79","A new way of living leads to new and advanced developmental area of innovation. In this paper, an online shopping system design for NEOM megacity project is proposed. The system is based on the use of self-regulating vans and middle stores. Self-regulating vans are employed for delivering the customer orders from different stores passing by the middle stores that appear as common intersecting points. The advantage of doing so is to speed up the delivery process by assigning the customer order to more than one van following the concept of relay race tracking. The relative issues to be addressed here is mainly an initial system design with each of its components being discussed based on the NEOM vision.","","978-1-5386-4817-9","10.1109/LT.2018.8368488","","https://ieeexplore.ieee.org/stamp/stamp.jsp?arnumber=8368488","NEOM;online shopping;IoT;self-regulating cars;middle stores;tracking;embedded systems","Automobiles;Autonomous automobiles;Embedded systems;Internet of Things;Drones;Schedules;System analysis and design","","","","16","IEEE","31 May 2018","","","IEEE","IEEE Conferences"
"Operational Context-Based Design Method of Autonomous Vehicles Logical Architectures","Y. Damak; Y. Leroy; G. Trehard; M. Jankovic","Laboratoire Genie Industriel, CentraleSupélec, Université Paris-Saclay and AKKA Technologies, Gif-sur-Yvette, France; Laboratoire Genie Industriel, CentraleSupélec, Université Paris-Saclay and AKKA Technologies, Gif-sur-Yvette, France; AKKA Technologies, Guyancourt, France; Laboratoire Genie Industriel, CentraleSupélec, Université Paris-Saclay and AKKA Technologies, Gif-sur-Yvette, France",2020 IEEE 15th International Conference of System of Systems Engineering (SoSE),"1 Jul 2020","2020","","","439","444","Autonomous Vehicles (AV) exhibit new characteristics rendering its architecting process challenging. They are context-aware cyber-physical systems with a high sensitivity toward their operational context. In addition to the lack of industrial feedback, their architecture needs to be adapted to their Operational Context (OC). The current literature doesn’t provide a clear method for designing AV architecture based on their OC. This paper proposes a four steps method following the Concept of Operation approach (ConOps) and functional chain modeling to design AV architecture based on their OC and experts knowledge. The method uses a state-of the-art OC ontology for AV and improves the identification speed and coverage of the AV’s operational needs. A case study is presented addressing the proposed methods and limitations.","","978-1-7281-8050-2","10.1109/SoSE50414.2020.9130533","","https://ieeexplore.ieee.org/stamp/stamp.jsp?arnumber=9130533","Operational Context-based design;Autonomous Vehicles;Model-based System Engineering (MBSE);Cyber-Physical Systems (CPS)","Adaptation models;Sensitivity;Design methodology;Conferences;Ontologies;Cyber-physical systems;Rendering (computer graphics)","","6","","19","IEEE","1 Jul 2020","","","IEEE","IEEE Conferences"
"Mechanism Design for Battery Swapping in a Heterogeneous Robotic System","D. Kotarski; A. Scuric; N. Krznar","Department of Mech. Eng., Karlovac University of Applied Sciences, Karlovac, Croatia; Faculty of Mech. Eng. and Naval Arch., University of Zagreb, Zagreb, Croatia; Department of Mech. Eng., Karlovac University of Applied Sciences, Karlovac, Croatia",2025 6th International Conference in Electronic Engineering & Information Technology (EEITE),"22 Sep 2025","2025","","","1","6","This paper presents the design and development of a heterogeneous robotic system that integrates ground and aerial robots through a docking module equipped with a battery-swapping mechanism. The system is designed to extend the operational autonomy, particularly for repetitive tasks. The battery-swapping mechanism incorporates custom components for translational motion, ensuring precise alignment and a reliable connection between the battery and the aerial robot or docking module. The development process includes both a design phase and prototyping, followed by preliminary testing on the ground platform, aerial platform, and battery-swapping mechanism. Special attention is given to evaluating the performance of the x-axis mechanism to ensure smooth and efficient battery swapping. The results demonstrate the system’s potential to enhance operational autonomy.","","979-8-3315-4419-5","10.1109/EEITE65381.2025.11165980","","https://ieeexplore.ieee.org/stamp/stamp.jsp?arnumber=11165980","heterogeneous robotic system;UGV;multirotor UAV;battery-swapping mechanism;two-axis mechanism design","Mechanism design;Focusing;System integration;Autonomous aerial vehicles;Reliability engineering;Batteries;Design tools;Information technology;Robots;Testing","","","","15","IEEE","22 Sep 2025","","","IEEE","IEEE Conferences"
"Optimization of Software Component Allocation for Autonomous Driving in Cloud–Vehicular Edge","J. Park; Y. Na; S. Cho; K. Jo","Central Communication Unit System Cell, Hyundai Mobis Company, Ltd., Yongin, Gyeonggi, South Korea; Department of Automotive Engineering, Hanyang University, Seoul, South Korea; Software Research and Development Team, ACEWORKS Inc., Seoul, South Korea; Department of Automotive Engineering, Hanyang University, Seoul, South Korea",IEEE Internet of Things Journal,"25 Oct 2024","2024","11","21","35007","35022","A computing system for autonomous vehicles must efficiently process vast amounts of data from various sensors in real-time and have a backup design to handle system failures. Adding more computing devices improves performance and redundancy, but increases costs and energy consumption. With the development of vehicle-to-everything (V2X) communication technologies and edge computing, such as multiaccess edge computing (MEC), computation offloading has been introduced. This process involves the use of cloud or edge servers to handle calculations normally performed by on-board computers, thereby reducing their workload and offering redundancy. This article proposes an offloading strategy that optimizes the allocation of software components (SWCs) in autonomous driving software. By optimizing SWC allocation, SWCs can be effectively assigned to specific computing units. This article established a cost function and constraints based on SWC-specific features to address the offloading decision problem as an allocation optimization issue. This article also defines safety-related metrics, including the response time requirements and failure risks of SWCs, to set criteria for offloading decisions. The proposed SWC optimization method is tested and validated using a real autonomous driving vehicle demonstration involving both cloud and vehicular edge environments.","2327-4662","","10.1109/JIOT.2024.3432880","National Research Foundation of Korea (NRF); Korean Government Ministry of Science and ICT (MSIT)(grant numbers:RS-2023-00209252); Technology Innovation Program (Development on Automated Driving with Perceptual Prediction Based on T-Car/Vehicle Parts to Intelligent Control/System Integration For Assessment) funded by the Ministry of Trade, Industry and Energy (MOTIE), South Korea(grant numbers:20018101); ","https://ieeexplore.ieee.org/stamp/stamp.jsp?arnumber=10608157","Autonomous driving;cloud-vehicular edge;computation offloading;optimization;vehicle-to-everything (V2X)","Autonomous vehicles;Software;Resource management;Cloud computing;Real-time systems;Optimization;Costs","","1","","30","IEEE","24 Jul 2024","","","IEEE","IEEE Journals"
"A Cost Effective Sustainable Autonomous Unmanned Surface Vehicle for Automated Water Surface Cleaning","A. Pathak; M. Haroon; M. Raju; S. Shetty; K. Rege; S. Shetty; V. Kalaichelvi","Department of Computer Science, BITS Pilani, Dubai Campus, Dubai, UAE; Department of Electrical & Electronics Engineering, BITS Pilani, Dubai Campus, Dubai, UAE; Department of Computer Science, BITS Pilani, Dubai Campus, Dubai, UAE; Department of Computer Science, BITS Pilani, Dubai Campus, Dubai, UAE; Department of Computer Science, BITS Pilani, Dubai Campus, Dubai, UAE; Department of Electrical & Electronics Engineering, BITS Pilani, Dubai Campus, Dubai, UAE; Department of Electrical & Electronics Engineering, BITS Pilani, Dubai Campus, Dubai, UAE","2024 International Conference on Modeling, Simulation & Intelligent Computing (MoSICom)","18 Feb 2025","2024","","","580","585","This paper presents the IFOR CB-24, a fully automated unmanned surface vehicle (USV) designed for waterbody cleaning and quality testing. Utilizing edge computing, computer vision, and lightweight machine learning algorithms like the Random Forest Classifier, the USV navigates water surfaces, performs quality testing, and removes trash using a custom conveyor belt system. The design focuses on cost-effectiveness, computational efficiency, and environmental sustainability, offering significant advancements in automated waterbody management.","","979-8-3315-3331-1","10.1109/MoSICom63082.2024.10881406","","https://ieeexplore.ieee.org/stamp/stamp.jsp?arnumber=10881406","Autonomous;unmanned surface vehicle (USV);waterbody cleaning;water quality;edge computing;computer vision;machine learning;environmental sustainability","Surface cleaning;Costs;Navigation;Water conservation;Rendering (computer graphics);Software;Sustainable development;Autonomous vehicles;Random forests;Testing","","","","11","IEEE","18 Feb 2025","","","IEEE","IEEE Conferences"
"Design and Implementation of PID-Based Steering Control for 1/10-Scale Autonomous Vehicle","V. Robila; L. Paulino; M. Rao; I. Li; M. Zhu; W. Wang","Hunter College High School, New York City, USA; Department of Computer Science, Montclair State University, Montclair, USA; Chatham High School, Chatham, USA; Millburn High School, Millburn, USA; Department of Computer Science, Montclair State University, Montclair, USA; Department of Computer Science, Montclair State University, Montclair, USA","2021 IEEE 12th Annual Ubiquitous Computing, Electronics & Mobile Communication Conference (UEMCON)","10 Jan 2022","2021","","","0758","0762","Due to the rising popularity and interest in autonomous vehicles, it is beneficial to build a low-cost prototype autonomous vehicle for educational purposes. Thus, more students would be able to acquire hands-on experiences in designing and implementing critical smart navigational functionalities for autonomous vehicles. In this study, Proportional-Integral-Derivative (PID) control and steering control algorithms are developed to maneuver a 1/10-scale autonomous vehicle in a real-world scaled-down driving environment. An obstacle detection system is also designed. The state-of-the-art Robot Operating System (ROS) is employed in the software development and vehicle control to communicate between components. This paper, as part of a few related papers on autonomous vehicle from our research group, focuses on the control algorithms design and implementation, which incorporates continuous real-time feedback to generate a correction value to keep the vehicle on track. The algorithm combines the lane tracking, stop sign detection, and obstacle detection of the vehicle and sends data values to motors. Experimental results suggest the efficacy of our developed approaches. The future work of this study is discussed.","","978-1-6654-0690-1","10.1109/UEMCON53757.2021.9666496","","https://ieeexplore.ieee.org/stamp/stamp.jsp?arnumber=9666496","autonomous vehicle;computer vision;obstacle detection;PID Control","PI control;Navigation;Operating systems;Software algorithms;Prototypes;Mobile communication;Software","","2","","26","IEEE","10 Jan 2022","","","IEEE","IEEE Conferences"
"AUTONOMOUS DRIVING ARCHITECTURE (ADA): Enabling Intelligent, Automated, and Connected Vehicles and Transportation","",,"AUTONOMOUS DRIVING ARCHITECTURE (ADA): Enabling Intelligent, Automated, and Connected Vehicles and Transportation","6 Sep 2024","2024","","","1","28","As the automotive industry continues its rapid evolution toward autonomy, this document describes a prototypical Autonomous Driving Architecture (ADA) along with a promising application ecosystem. It comprehensively explores fundamental components within ADA, ranging from hardware and software stack layers to regulatory and ethical considerations. Trends and challenges: The document sets the stage by detailing prevailing trends shaping autonomous driving. It navigates challenges encountered in transformation, encompassing safety imperatives, regulatory complexities, cybersecurity concerns, and societal readiness. ADA: A focal point of the discussion, ADA delineates the hierarchical layers comprising hardware, software stack layers, infrastructure, services, and application interfaces. By proscribing their interplay, ADA’s modular and scalable framework will promote the evolution of autonomous driving systems. Applications: Venturing into practical uses, the document explores diverse applications fostered by ADA’s ecosystem, from immersive in-vehicle experiences to revolutionizing mobility. Innovative technologies: At the forefront of innovation, emerging technologies such as artificial intelligence and vehicle-to-everything (V2X) communication are considered as enablers for autonomous driving and smart cars. Regulatory and ethical considerations: The document navigates the regulatory terrain governing autonomous vehicles, such as safety standards, certification protocols, and legal frameworks. In essence, this document offers a holistic view of ADA and its ecosystem, illuminating its vast potential and the challenges ahead in realizing the vision of autonomous mobility.","","979-8-8557-1166-0","","","https://ieeexplore.ieee.org/stamp/stamp.jsp?arnumber=10669279","ADA;AI;artificial intelligence;autonomous driving architecture;autonomous systems;ecosystems;Industry Connections;mobility;white paper","","","","","","","6 Sep 2024","","","IEEE","IEEE Standards"
"PolyVerif: An Open-Source Environment for Autonomous Vehicle Validation and Verification Research Acceleration","R. Razdan; M. İ. Akbaş; R. Sell; M. Bellone; M. Menase; M. Malayjerdi","Florida Polytechnic University, Lakeland, FL, USA; Department of Electrical Engineering and Computer Science, Embry-Riddle Aeronautical University, Daytona Beach, FL, USA; Department of Mechanical and Industrial Engineering, Tallinn University of Technology, Tallinn, Estonia; FinEst Smart City Centre of Excellence, Tallinn University of Technology, Tallinn, Estonia; Acclivis Technologies Pvt. Ltd., Maharashtra, Pune, India; Department of Mechanical and Industrial Engineering, Tallinn University of Technology, Tallinn, Estonia",IEEE Access,"27 Mar 2023","2023","11","","28343","28354","Validation and Verification (V&V) of Artificial Intelligence (AI) based cyber physical systems such as Autonomous Vehicles (AVs) is currently a vexing and unsolved problem. AVs integrate subsystems in areas such as detection, sensor fusion, localization, perception, and path planning. Each of these subsystems contains significant AI content integrated with traditional hardware and software components. The complexity for validating even a subsystem is daunting and the task of validating the whole system is nearly impossible. Fundamental research in advancing the state-of-the-art for AV V&V is required. However, for V&V researchers, it is exceedingly difficult to make progress because of the massive infrastructure requirements to demonstrate the viability of any solution. This paper presents PolyVerif, the world’s first open-source solution focused on V&V researchers with the objective of accelerating the state-of-the-art for AV V&V research. PolyVerif provides an AI design and verification framework consisting of a digital twin creation process, an open-source AV engine, access to several open-source physics based simulators, and open-source symbolic test generation engines. PolyVerif’s objective is to arm V&V researchers with a framework which extends the state-of-the-art on any one of the many major axes of interest and use the remainder of the infrastructure to quickly demonstrate the viability of their solution. Given its open-source nature, researchers can also contribute their innovations to the project. Using this critical property of open-source environments, the innovation rate of the whole research community to solve these vexing issues can be greatly accelerated. Finally, the paper also presents results from several projects which have used PolyVerif.","2169-3536","","10.1109/ACCESS.2023.3258681","European Union’s Horizon 2020 Research and Innovation Program(grant numbers:856602); European Regional Development Fund, co- funded by the Estonian Ministry of Education and Research(grant numbers:2014-2020.4.01.20-0289); ","https://ieeexplore.ieee.org/stamp/stamp.jsp?arnumber=10075634","Autonomous vehicles;validation and verification;modeling and simulation;artificial intelligence","Software engineering;Artificial intelligence;Software algorithms;Inference algorithms;Autonomous vehicles;Hardware;System analysis and design","","15","","44","CCBYNCND","17 Mar 2023","","","IEEE","IEEE Journals"
"Autonomous Vehicle Control System for Packaging Areas","Q. Xu; Y. Li; D. Shen; S. Sun; M. Shen; W. Cao; Z. Ye; J. Liu; D. Lao","Ningbo Cigarette Factory, China Tobacco Zhejiang Industrial Co., Ltd., Ningbo, Zhejiang, China; Ningbo Cigarette Factory, China Tobacco Zhejiang Industrial Co., Ltd., Ningbo, Zhejiang, China; Ningbo Cigarette Factory, China Tobacco Zhejiang Industrial Co., Ltd., Ningbo, Zhejiang, China; Ningbo Cigarette Factory, China Tobacco Zhejiang Industrial Co., Ltd., Ningbo, Zhejiang, China; Ningbo Cigarette Factory, China Tobacco Zhejiang Industrial Co., Ltd., Ningbo, Zhejiang, China; Ningbo Cigarette Factory, China Tobacco Zhejiang Industrial Co., Ltd., Ningbo, Zhejiang, China; Ningbo Cigarette Factory, China Tobacco Zhejiang Industrial Co., Ltd., Ningbo, Zhejiang, China; Ningbo Cigarette Factory, China Tobacco Zhejiang Industrial Co., Ltd., Ningbo, Zhejiang, China; Material Department, China Tobacco Zhejiang Industrial Co., Ltd., Hangzhou, Zhejiang, China",2024 3rd International Conference on Artificial Intelligence and Computer Information Technology (AICIT),"30 Oct 2024","2024","","","1","4","Automated Guided Vehicles (AGVs) and other autonomous conveyance vehicles play a pivotal role in enhancing efficiency and precision in packaging areas. Traditional manual methods are inefficient and prone to errors and delays. To overcome these challenges, this paper proposes an AVCS that is specifically designed for use in packaging zones. The system also incorporates AGVs and other autonomous vehicles through a control system for vehicle allocation and path interference. They include AGVs that have laser-based positioning, another vehicle with visual recognition or SLAM-based positioning, central processors, unified dispatch depending on the priority set, map database that stores positioning and path planning data. Some of the components in the system include wireless communication modules that enable communication between the vehicles and the central control unit. Implementation includes placing vehicles on the map and installing communication modules.","","979-8-3503-6544-3","10.1109/AICIT62434.2024.10730425","","https://ieeexplore.ieee.org/stamp/stamp.jsp?arnumber=10730425","Autonomous Vehicles;Packaging Area;Centralized Control System;Path Planning;Wireless Communication","Wireless communication;Visualization;System performance;Transportation;Packaging;Dynamic scheduling;Path planning;Visual databases;Vehicle dynamics;Autonomous vehicles","","1","","8","IEEE","30 Oct 2024","","","IEEE","IEEE Conferences"
"Development of a Multi-Platform Obstacle Avoidance System for Autonomous Underwater Vehicles","F. Fanelli; D. Fenucci; R. Marlow; M. Pebody; A. B. Phillips","National Oceanography Centre (NOC), Marine Autonomous and Robotic Systems (MARS), Southampton, UK; National Oceanography Centre (NOC), Marine Autonomous and Robotic Systems (MARS), Southampton, UK; National Oceanography Centre (NOC), Marine Autonomous and Robotic Systems (MARS), Southampton, UK; National Oceanography Centre (NOC), Marine Autonomous and Robotic Systems (MARS), Southampton, UK; National Oceanography Centre (NOC), Marine Autonomous and Robotic Systems (MARS), Southampton, UK",2020 IEEE/OES Autonomous Underwater Vehicles Symposium (AUV),"30 Nov 2020","2020","","","1","6","Undertaking world-class ocean science requires data gathering in some of the world's most extreme environments, such as under polar ice, deep benthic habitats and underwater canyons. Autonomous Underwater Vehicles (AUVs) are often employed for these tasks, as these stable, untethered, vehicles are able to access areas not reachable with conventional ship-based sampling methods. It is easy to understand how deployments in such scenarios require the AUV to be equipped with appropriate sensors to perceive obstacles within its environment as well as suitable collision avoidance control schemes to maintain safe operation.The Marine Autonomous and Robotic Systems (MARS) group at the National Oceanography Centre (NOC) develops and operates multiple AUVs suited for missions in a range of extreme environments. Recently, a considerable effort has been made to develop the NOC On-board Control System (OCS) for AUVs, a unified software architecture able to adapt to different platforms and to provide greater flexibility and extensibility in terms of underwater autonomy. Within this framework, a new Obstacle Avoidance System (OAS) is being developed. The goal is to design a flexible and modular system able to work effectively with different vehicles and in different scenarios, and to satisfy diverse science requirements.This paper will describe the OAS and its components, its integration within the OCS, and its interaction with the preexisting on-board autonomy and guidance systems when dealing with collisions and obstacles in the context of autonomous navigation.","2377-6536","978-1-7281-8757-0","10.1109/AUV50043.2020.9267942","European Research Council; ","https://ieeexplore.ieee.org/stamp/stamp.jsp?arnumber=9267942","Obstacle Avoidance;Autonomous Underwater Vehicles;Marine Autonomy","Navigation;Oceans;Ice;Collision avoidance;Software architecture;Safety;Control systems","","6","","24","IEEE","30 Nov 2020","","","IEEE","IEEE Conferences"
"Assessing the Adherence of an Industrial Autonomous Driving Framework to ISO 26262 Software Guidelines","H. Tabani; L. Kosmidis; J. Abella; F. J. Cazorla; G. Bernat",Barcelona Supercomputing Center; Barcelona Supercomputing Center; Barcelona Supercomputing Center; Barcelona Supercomputing Center; RapitaSystemsLTD,2019 56th ACM/IEEE Design Automation Conference (DAC),"22 Aug 2019","2019","","","1","6","The complexity and size of Autonomous Driving (AD) software are comparably higher than that of software implementing other (standard) functionalities in the car. To make things worse, a big fraction of AD software is not specifically designed for the automotive (or any other critical) domain, but the mainstream market. This brings uncertainty on to which extent AD software adheres to guidelines in safety standards. In this paper, we present our experience in applying ISO 26262 - the applicable functional safety standard for road vehicles - software safety guidelines to industrial AD software, in particular, Apollo, a heterogeneous Autonomous Driving framework used extensively in industry. We provide quantitative and qualitative metrics of compliance for many ISO 26262 recommendations on software design, implementation, and testing.","0738-100X","978-1-4503-6725-7","","","https://ieeexplore.ieee.org/stamp/stamp.jsp?arnumber=8806893","Critical Systems;Autonomous Driving;ISO 26262","Safety;ISO Standards;Complexity theory;Guidelines;Graphics processing units;Autonomous vehicles","","","","14","","22 Aug 2019","","","IEEE","IEEE Conferences"
"A Method for Designing and Analyzing Automotive Software Architecture: A Case Study for an Autonomous Electric Vehicle","J. Lee; L. Wang","Institute of New Energy Vehicle, First Automotive Works Group, Changchun, China; College of Computer Science and Technology, Zhejiang University, Hangzhou, China",2021 International Conference on Computer Engineering and Artificial Intelligence (ICCEAI),"4 Oct 2021","2021","","","20","26","Software complexity is increased in automotive systems because many software functions are required for autonomous driving, electrified vehicles, and connected cars. In addition, autonomous driving requires centralized software that generally decreases evolvability with many connections. Thus, the automotive industry adopted the microservice architecture within the service-oriented architecture (SOA), which was already being used in distributed computing environments in the information and communication technology (ICT) industry. However, the software characteristics of an automotive system are different from those of an ICT system. Automotive software generally fulfills safety and real-time requirements that are not required in ICT software. Another challenge is integrating electric control units (ECUs) because software platforms supporting SOA require relatively high computational power and network bandwidth, which increases ECU cost. Thus, the deployment of software functions must be considered before integrating ECUs to find an optimal design solution for evolvability, dependability, real-time performance, cost, etc. However, many OEMs integrate ECUs based on deploying vehicular features without software architecture. It causes optimality problems during integrating ECUs. We propose component-based sensor-process-actuator architectural style for high-level architecture to handle quality attributes. Software architecture for an autonomous electrified vehicle will be presented with the proposed architectural style. The architecture is used to deploy software components and integrated ECUs with empirical quantitative analysis. Four design patterns for dependability with the architectural style will also be introduced.","","978-1-6654-3960-2","10.1109/ICCEAI52939.2021.00004","","https://ieeexplore.ieee.org/stamp/stamp.jsp?arnumber=9544320","automotive software architecture;automotive E/E architecture;autonomous electrified vehicle;service-oriented architecture;microservice","Industries;Costs;Software architecture;Statistical analysis;Computer architecture;Software;Real-time systems","","13","","25","IEEE","4 Oct 2021","","","IEEE","IEEE Conferences"
"The Design and Evaluation of User-Interface Prototypes for a Next-Generation Dishwasher Mobile Application","S. Chappidi; L. Gustad; A. Hu; K. Kyaw; S. L. Riggs","Department of Engineering Systems and Environment, University of Virginia, Charlottesville, USA; Department of Electrical and Computer Engineering, University of Virginia, Charlottesville, USA; Department of Engineering Systems and Environment, University of Virginia, Charlottesville, USA; Department of Engineering Systems and Environment, University of Virginia, Charlottesville, USA; Department of Engineering Systems and Environment, University of Virginia, Charlottesville, USA",2021 Systems and Information Engineering Design Symposium (SIEDS),"16 Jul 2021","2021","","","1","6","Dishwashers have become an integral part of most American households and with the advent of technology, there is an opportunity to integrate smart features such as Wi-Fi connectivity, new user interfaces, and autonomous operation. The focus of our work is to inform the design of a next generation dishwasher. Here we provide research on how the smart technologies may change the paradigm in which users interact with their dishwasher and present an initial mobile prototype based on our research to improve the dishwashing experience. This study included three phases. For phase 1, we gathered data to inform the design of a mobile application prototype that included data information gathering from 31 user interviews, seven user daily-use diary interviews, and 164 questionnaires. For phase 2, we developed a mobile application prototype. For phase 3, we evaluated the mobile application prototype with 10 users. Our results thus far have shown that users are frustrated with the lack of transparency and understanding of all the functions available with their dishwasher, but have positively responded to using a mobile application to improve their understanding of their dishwasher. Overall, we believe that smart technologies have a potential to revolutionize the dishwashing experience; however, we believe that an effective UI design is critical towards that goal.","","978-1-6654-1250-6","10.1109/SIEDS52267.2021.9483711","","https://ieeexplore.ieee.org/stamp/stamp.jsp?arnumber=9483711","user interface;design;smart home appliance","Home appliances;Prototypes;User interfaces;Mobile applications;Interviews;Next generation networking;Wireless fidelity","","","","5","IEEE","16 Jul 2021","","","IEEE","IEEE Conferences"
"Modular Representation of Components to Enable Generative Engineering","R. Malik; M. Ahmad; J. Vepsäläinen","Department of Mechanical Engineering, Aalto University, Espoo, Finland; Department of Mechanical Engineering, Aalto University, Espoo, Finland; Department of Mechanical Engineering, Aalto University, Espoo, Finland","2024 IEEE International Conference on Electrical Systems for Aircraft, Railway, Ship Propulsion and Road Vehicles & International Transportation Electrification Conference (ESARS-ITEC)","7 Jan 2025","2024","","","1","9","Generative design of engineering systems has been applied across various fields, including robotics, electronics, and architecture. Usually involving design grammars, a common challenge in all these approaches has been data and design representation. Design grammars also demand significant human input for development, are limited in scope, and require iterative testing to be fully applicable to a design problem. This paper introduces the concept of engineering component modularity, inspired by the modularity of words. The concept is presented in context of a generative design framework driven by a knowledge graph database. Additionally, a technical representation based on standardized practices is proposed, enabling the creation and simulation of software agnostic system architecture designs. This work is limited to the component representation, with the generation process itself, and the proposed capability to learn from the evaluated results, left for future research. The groundwork established here impacts the development of generative system design frameworks by enabling self-sustainable and robust autonomous design which requires minimal human inter-vention. It thus offers a tool for unbiased, efficient design space exploration. While previous research has addressed generative system design, the novelty of this approach lies in the use of a knowledge graph database in place of design grammar, combined with an integrated standardized simulation framework for more comprehensive evaluation.","","979-8-3503-7390-5","10.1109/ESARS-ITEC60450.2024.10819828","","https://ieeexplore.ieee.org/stamp/stamp.jsp?arnumber=10819828","Generative Design;Generative Engineering;Modularity;System Design;Computational Design Synthesis","Translation;Databases;Systems architecture;Transportation;Knowledge graphs;Software;Vectors;Grammar;System analysis and design;Standards","","","","32","IEEE","7 Jan 2025","","","IEEE","IEEE Conferences"
"Distributed Object-Oriented Design of Autonomous Control Systems for Connected Vehicle Platoons","S. Mouelhi; D. Cancila; A. Ramdane-Cherif","ECE Paris - École d'ingénieurs, Paris, France; CEA-LIST, Gif-sur-Yvette, France; Laboratoire d'Ingénierie des Systèmes de Versailles (LISV), UVSQ, Vélizy, France",2017 22nd International Conference on Engineering of Complex Computer Systems (ICECCS),"15 Feb 2018","2017","","","40","49","The contribution of this paper is articulated around a new software design approach of autonomous control systems for connected vehicle platoons. Our control system is distributed and real-time based on object-oriented component-based method of design that brakes with the industrial traditions subject to cyclic OS-free approaches. We illustrate our design by relevant case studies of the longitudinal speed control widely studied in industrial and academic research around automotive platooning. Our software is mainly implemented using the Ada standard of programming (in particular the annexes D and E of real-time and distributed systems). The distribution in our software is managed by the versatile middleware PolyORB. The control scenarios and communication aspects covered by the case studies are animated by wheeled robot prototypes commanded by single-board ARM Cortex computers under real-time Linux kernels.","","978-1-5386-2431-9","10.1109/ICECCS.2017.32","","https://ieeexplore.ieee.org/stamp/stamp.jsp?arnumber=8292161","Embedded software;distributed architectures;object-oriented components;real-time;smart automotive systems;vehicle platooning","Real-time systems;Safety;Software;Radar;Velocity control;Automotive engineering","","8","","33","IEEE","15 Feb 2018","","","IEEE","IEEE Conferences"
"AI-driven Unmanned Aerial System Conceptual Design with Configuration Selection","H. Karali; G. Inalhan; A. Tsourdos","School of Aerospace, Transport and Manufacturing, Cranfield University, Cranfield, United Kingdom; School of Aerospace, Transport and Manufacturing, Cranfield University, Cranfield, United Kingdom; School of Aerospace, Transport and Manufacturing, Cranfield University, Cranfield, United Kingdom",2023 IEEE Conference on Artificial Intelligence (CAI),"2 Aug 2023","2023","","","83","84","This paper presents an intelligent conceptual design framework for the configuration selection of aerial vehicles. In this approach, the quantitative data is brought to the earliest stage of design utilizing AI-driven analysis models and it allows to choose the most suitable one among the possible configurations. Thanks to the design optimization cycle, the initial dimensions of the main components such as the wing, tail and fuselage are more accurately provided for later design activities. At the same time, the generated structure provides a more appropriate design point selection thanks to the feedback loop in design iteration. Thus, while reducing the design cost, a significant time advantage is also provided in the design process. The paper presents a generic use case based on a high-performance combat UAV design study to demonstrate the abilities of the proposed model.","","979-8-3503-3984-0","10.1109/CAI54212.2023.00043","","https://ieeexplore.ieee.org/stamp/stamp.jsp?arnumber=10195103","aircraft design;conceptual design;configuration selection;AI-driven parametric design;design optimization","Feedback loop;Analytical models;Costs;Tail;Autonomous aerial vehicles;Data models;Numerical models","","1","","4","IEEE","2 Aug 2023","","","IEEE","IEEE Conferences"
"On the Influence of Self-Generated Magnetic Field on Electron Beams Transport in High-Power Pulse Klystrons","A. Galdetskiy","JSC “RPC “Istok” named after Shokin”, Fryazino, Russia",2024 International Conference on Actual Problems of Electron Devices Engineering (APEDE),"18 Oct 2024","2024","1","","41","43","It is demonstrated that in short-pulse vacuum devices self-generated magnetic field of electron beams is effectively shielded by copper envelope and doesn’t influence beams transport with the exception of electron gun area. In a gun of high-current multibeam klystron electron beams are declined to common axis of the device due to collective self-magnetic field. A technique of current intercept determination is considered which is based on measurement of self-magnetic field.","2836-2144","979-8-3503-9331-6","10.1109/APEDE59883.2024.10715941","","https://ieeexplore.ieee.org/stamp/stamp.jsp?arnumber=10715941","klystron;magnetic field;focusing;skin-layer;electron beam;current intercept","Magnetic field measurement;Electron beams;Current measurement;Focusing;Klystrons;Electron guns;Magnetic fields;Copper","","","","3","IEEE","18 Oct 2024","","","IEEE","IEEE Conferences"
"Design of Fixed Wing Autonomous Figting UAV","E. Dağlarlı; E. Arıbaş","Faculty of Computer and Informatics Engineering, Istanbul Technical University, Istanbul, Turkey; Faculty of Computer and Informatics Engineering, Istanbul Technical University, Istanbul, Turkey",2024 8th International Artificial Intelligence and Data Processing Symposium (IDAP),"16 Oct 2024","2024","","","1","6","In this paper, the design of fixed-wing autonomous UAVs is aimed. The goal is to lock onto rival UAVs during the competition, avoid these locks with aggressive maneuvers, and perform the designated tasks autonomously. Autonomous Aircraft System; It consists of a ground control station, ground antenna, controller, and autonomously operating aircraft components. In the declaration, the system’s performance features, mechanical and aerodynamic design, flight control systems and communication systems are detailed. In addition, the UAV’s autonomous locking, image processing and task performance capabilities are presented, supported by tests and analysis. The final system architecture and performance analysis results show that the UAV meets the design requirements.","","979-8-3315-3149-2","10.1109/IDAP64064.2024.10710848","","https://ieeexplore.ieee.org/stamp/stamp.jsp?arnumber=10710848","Autonomous UAV;Fixed Wing;Aircraft System;Flight Control Systems;Image Processing;Locking Algorithms;Mechanical Design;Aerodynamic Design;Communication Systems;Task Management;Performance Analysis;Testing;and Validation","Communication systems;Image processing;Systems architecture;Process control;Autonomous aerial vehicles;Data processing;Control systems;Performance analysis;Aircraft;Aerospace control","","1","","0","IEEE","16 Oct 2024","","","IEEE","IEEE Conferences"
"Design of an autonomous mobile robot based on ROS","M. Köseoğlu; O. M. Çelik; Ö. Pektaş","Dept. of Electrical-Electronics Engineering, Inonu University, Malatya, Turkey; Havelsan Hava Elektronik Sanayi A.S., Ankara, Turkey; Dept. of Electrical-Electronics Engineering, Inonu University, Malatya, Turkey",2017 International Artificial Intelligence and Data Processing Symposium (IDAP),"2 Nov 2017","2017","","","1","5","In this paper, design of an autonomous mobile robot (AMR) adapted for robot operating system (ROS) is presented by considering both the hardware architecture and electronic communication protocols. Initially the purpose of the robot has been determined, and then the required components to construct the robot have been obtained. After mounting the electronic and mechanic hardware components on the platform, the required interconnections, data exchange system and software have been installed. Then the required tests have been run on the platform and some solutions methods have been proposed for the problems encountered during the tests. The results obtained and experience gained in the design of the platform have been quite satisfactory and will be a guiding light for future works.","","978-1-5386-1880-6","10.1109/IDAP.2017.8090199","","https://ieeexplore.ieee.org/stamp/stamp.jsp?arnumber=8090199","Autonomous mobile robot (AMR);robot operating system (ROS);embedded;light detection and ranging (LIDAR);simultaneous localization and mapping (SLAM)","Mobile robots;Robot sensing systems;Navigation;Hardware;Laser radar","","35","","16","IEEE","2 Nov 2017","","","IEEE","IEEE Conferences"
"A Novel Composite Controller Design for Manipulator with Flexible Component under Time-varying Uncertainties and Disturbances","B. Wang; C. Zhang; Q. Jia; Z. Shi","Ningbo Institute of Material Technology and Engineering Chinese Academy of Sciences, University of Chinese Academy of Sciences, Ningbo, China; Chinese Academy of Sciences, Ningbo Institute of Material Technology and Engineering, Ningbo, China; Institute of Intelligence Control Wildsc (Ningbo) Intelligent Technology Co.Ltd, Ningbo, China; National Quality Supervision and Inspection Center of Pneumatic Products, Ningbo, China",2021 4th International Conference on Intelligent Autonomous Systems (ICoIAS),"6 Sep 2021","2021","","","330","334","The paper studies the trajectory tracking problem of manipulator with flexible component under time-varying uncertainties and disturbances. An originality and novelty composite control method is developed for the manipulator with flexible component systems, which is targeted to reduce the effect of the disturbances on the systems and improve the tracking performance. The composite control method mainly consists of a robust continuous sliding mode control algorithm and a finite-time observer based control methodology. The robust continuous sliding mode control algorithm is designed to ensure the trajectory tracking dynamic response and normal disturbance rejection ability of the manipulator through the high frequency joint kinematics control channel. The finite-time observer based control methodology is designed to reduce the effect of the violent disturbance and improve the tracking performance through low frequency manipulator joint dynamics control channel. The stability analysis is guaranteed by Lyapunov stability criteria. Simulations have been conducted to verify the performance of the proposed algorithm.","","978-1-6654-4195-7","10.1109/ICoIAS53694.2021.00065","National Natural Science Foundation of China; ","https://ieeexplore.ieee.org/stamp/stamp.jsp?arnumber=9527659","Manipulator with flexible component;time-varying uncertainties and disturbances;composite controller","Uncertainty;Target tracking;Trajectory tracking;Heuristic algorithms;Observers;Stability analysis;Manipulator dynamics","","","","15","IEEE","6 Sep 2021","","","IEEE","IEEE Conferences"
"Design of Autonomous Obstacle Avoidance System for Automobiles based on Machine Learning in the Context of Intelligent Transportation","W. Yangming","Nanjing Vocational Institute of Transport Technology, Nanjing, Jiangsu, China","2022 International Conference on Automation, Computing and Renewable Systems (ICACRS)","7 Feb 2023","2022","","","1027","1030","Design of autonomous obstacle avoidance system based on machine learning in the context of intelligent transportation Aiming at the more and more serious traffic congestion and frequent traffic accidents caused by automobiles, an intelligent obstacle avoidance car system is designed. The system takes STC89C52RC as the core controller, combined with the ultrasonic module and LCD1602 display module, for the car obstacles in the image, the color histogram feature and the gradient histogram feature (HOG) of the image are combined in series, and the support vector is used. The high-frequency and low-frequency energy components are separated from their amplitude-frequency characteristics, and the high-frequency and low-frequency energy components are used as signal features to analyze the signal using the Linear SVM algorithm of machine learning.","","978-1-6654-6084-2","10.1109/ICACRS55517.2022.10029051","","https://ieeexplore.ieee.org/stamp/stamp.jsp?arnumber=10029051","Autonomous Obstacle;Avoidance System;Machine Learning;Intelligent Transportation","Support vector machines;Histograms;Transportation;Machine learning;Acoustics;Software reliability;Automobiles","","","","16","IEEE","7 Feb 2023","","","IEEE","IEEE Conferences"
"Intrusion-Tolerant Autonomous Driving","M. Vöelp; P. Esteves-Verissimo","Universite du Luxembourg, Luxembourg, LU; SnT, University of Luxembourg, Luxembourg",2018 IEEE 21st International Symposium on Real-Time Distributed Computing (ISORC),"30 Jul 2018","2018","","","130","133","Fully autonomous driving is one if not the killer application for the upcoming decade of real-time systems. However, in the presence of increasingly sophisticated attacks by highly skilled and well equipped adversarial teams, autonomous driving must not only guarantee timeliness and hence safety. It must also consider the dependability of the software concerning these properties while the system is facing attacks. For distributed systems, fault-and-intrusion tolerance toolboxes already offer a few solutions to tolerate partial compromise of the system behind a majority of healthy components operating in consensus. In this paper, we present a concept of an intrusion-tolerant architecture for autonomous driving. In such a scenario, predictability and recovery challenges arise from the inclusion of increasingly more complex software on increasingly less predictable hardware. We highlight how an intrusion tolerant design can help solve these issues by allowing timeliness to emerge from a majority of complex components being fast enough, often enough while preserving safety under attack through pre-computed fail safes.","2375-5261","978-1-5386-5847-5","10.1109/ISORC.2018.00026","","https://ieeexplore.ieee.org/stamp/stamp.jsp?arnumber=8421157","fault and intrusion tolerance;autonomous driving;real time systems","Safety;Autonomous vehicles;Automobiles;Kernel;Computer architecture;Task analysis","","4","","19","IEEE","30 Jul 2018","","","IEEE","IEEE Conferences"
"Development of Autonomous Mobile Robot Platform Equipped with a Drive Unit Consisting of Low-End In-Wheel Motors","S. Tarao; Y. Fujiwara; N. Tsuda; S. Takata","Dept. of Mechanical Engineering, National Institute of Technology, Hachioji-shi, Japan; Dept. of Eng. for Future Innovation, National Institute of Technology, Ichinoseki-shi, Japan; Dept. of Intelligent Mechanical Eng., National Institute of Technology, Gobo-shi, Japan; Dept. of Mechanical Engineering, National Institute of Technology, Hachioji-shi, Japan",2020 5th International Conference on Control and Robotics Engineering (ICCRE),"19 May 2020","2020","","","42","47","In the near future, autonomous mobile robots are expected to operate effectively in various locations, such as in living spaces as well as in industrial establishments. Against this background, a new autonomous mobile robot platform was designed and prototyped in this research. The robot consists of two low-end in-wheel motors for the sake of simplicity of the design and assembly of the drive units. It is also effective in space-saving, and for high power and travelability for various road surface conditions. This paper presents the concept for developing the new type of autonomous mobile robot platform, its control system for autonomous operation, and its driving experiments to verify the autonomous traveling performance.","","978-1-7281-6791-6","10.1109/ICCRE49379.2020.9096433","","https://ieeexplore.ieee.org/stamp/stamp.jsp?arnumber=9096433","component;autonomous mobile robot;in-wheel motor;platform","Brushless DC motors;Mobile robots;Robot sensing systems;Gears","","3","","11","IEEE","19 May 2020","","","IEEE","IEEE Conferences"
"Littoral Magnetic and Water Column Survey Underwater Glider","B. R. Page; J. Naglak; M. Sietsema; N. Mahmoudian","Department of Mechanical Engineering-Engineering Mechanics, Michigan Technological University Houghton, MI, USA; Department of Mechanical Engineering-Engineering Mechanics, Michigan Technological University Houghton, MI, USA; Department of Electrical and Computer Engineering, Michigan Technological University, Houghton, MI, USA; Department of Mechanical Engineering-Engineering Mechanics, Michigan Technological University, Houghton, MI, USA",2018 IEEE/OES Autonomous Underwater Vehicle Workshop (AUV),"6 Jun 2019","2018","","","1","5","Water column survey is currently expensive due to the cost of platforms and operation. A new, low-cost sampling tool is required that can effectively measure the water column over a large area. This paper presents an underwater glider for littoral magnetic and water column survey. The focus is to bring Research Oriented Underwater Glider for Handson Investigative Engineering (ROUGHIE) from the proof-of-concept short range stage to long endurance operational readiness. The ROUGHIE has been designed and prototyped by the Nonlinear and Autonomous Systems Lab over the past 6 years and is already the most maneuverable internally actuated underwater glider due to its unique roll design. The ROUGHIE is capable of performing 3 meter radius turns in shallow water. With updates to robustness and ease of use, the platform will be a capable exploratory tool to aid marine research. The proposed design update includes upgrading the buoyancy system to a piezoelectric pump and updating the controller to a frontseat-backseat controller with a web based interface. The significant payload capability of the ROUGHIE will be used to haul a CTD, flourometer & turbidity sensor, and high quality magnetometer. With these sensors, the ROUGHIE will be able to accurately map dense oceanographic features.","2377-6536","978-1-7281-0253-5","10.1109/AUV.2018.8729759","","https://ieeexplore.ieee.org/stamp/stamp.jsp?arnumber=8729759","Marine Robotics;System Design;Underwater Glider;Autonomous Underwater Vehicle","Magnetometers;Rails;Buoyancy;Meters;Payloads;Robot sensing systems;Electronic ballasts","","1","","9","IEEE","6 Jun 2019","","","IEEE","IEEE Conferences"
"An Architectural Design for Autonomous and Networked Drones","U. C. Cabuk; M. Tosun; O. Dagdeviren; Y. Ozturk","Dept. of Electrical and Computer Eng., San Diego State University, CA, USA; Dept. of Electrical and Computer Eng., San Diego State University, CA, USA; International Computer Institute, Ege University, Izmir, Turkey; Dept. of Electrical and Computer Eng., San Diego State University, CA, USA",MILCOM 2022 - 2022 IEEE Military Communications Conference (MILCOM),"24 Jan 2023","2022","","","962","967","Drone technology is evolving rapidly, offering support for many new applications every day. Off-the-shelf drone products accessible at reasonable costs are enabling new applications and research directions from crowd management, product delivery, and smart cities to security and military applications. The potential of autonomous swarm missions opens up new research avenues; however, off-the-shelf drone products, as well as most commercial projects, lack features that are required by autonomous collective multi drone missions. One potential reason is that there is no consensus on how to develop drones with cooperative operation capacity systemically. This study suggests a generalized device architecture concerning both hardware and software organization to aid developers of cooperative drones designed for multi-drone missions. The proposed architecture grants autonomy and cooperation within a swarm. An additional solution is also provided to enable ad-hoc networking for drones when the drone platform does not natively support it. The architecture is developed and deployed on ModalAI VOXL m500 developer drone to achieve cooperative swarm sensing and is validated through use cases.","2155-7586","978-1-6654-8534-0","10.1109/MILCOM55135.2022.10017877","Scientific and Technological Research Council of Turkey (TUBITAK)(grant numbers:1059B142000439,1059B142000564,121E500); ","https://ieeexplore.ieee.org/stamp/stamp.jsp?arnumber=10017877","Ad-hoc networking;Architectural design;Drone;Swarm;UAV","Satellites;Smart cities;Computer architecture;Ad hoc networks;Software;Product delivery;Topology","","4","","14","IEEE","24 Jan 2023","","","IEEE","IEEE Conferences"
"Autonomous Robot Navigation with SLAM, AMCL, and Real-Time User Interaction for Task Management and Identity Verification","M. Ibrahim; M. Salem; I. Hossain; A. Sarbabidya; S. K. Saha","CIS Tech Ltd., Dhaka, Bangladesh; CIS Tech Ltd., Dhaka, Bangladesh; CIS Tech Ltd., Dhaka, Bangladesh; CIS Tech Ltd., Dhaka, Bangladesh; CIS Tech Ltd., Dhaka, Bangladesh","2024 IEEE 3rd International Conference on Robotics, Automation, Artificial-Intelligence and Internet-of-Things (RAAICON)","24 Mar 2025","2024","","","252","257","This paper presents the development of an autonomous robot system utilizing the Nvidia Jetson Nano, designed for efficient self-navigation and task management. The system integrates Simultaneous Localization and Mapping (SLAM), Adaptive Monte Carlo Localization (AMCL), and LiDAR for accurate real-time mapping and localization. Microcontrollers are employed for task execution, user interaction, and real-time monitoring via a web portal, with task completion verified through QR code scanning and voice notifications to the user. The system allows users to send requests for item retrieval or delivery, with the robot autonomously carrying out the tasks. The robot was tested in various environments, demonstrating high task accuracy, energy efficiency, and reliable performance. Future work will focus on priority-based task execution, energy-efficient path planning, and advanced user identification systems.","","979-8-3315-3440-0","10.1109/RAAICON64172.2024.10928347","","https://ieeexplore.ieee.org/stamp/stamp.jsp?arnumber=10928347","Autonomous robot system;ROS;indoor mapping;Nvidia Jetson Nano;navigation;task management;SLAM;AMCL;LiDAR;real-time mapping;microcontroller;task execution;voice update;user interaction;web interface;QR code verification;task accuracy;energy efficiency","Location awareness;Simultaneous localization and mapping;Accuracy;Laser radar;Navigation;Microcontrollers;QR codes;Real-time systems;Energy efficiency;Autonomous robots","","1","","24","IEEE","24 Mar 2025","","","IEEE","IEEE Conferences"
"Analysis of component-based approaches toward componentized 5G","E. E. Hayek; I. G. Ben Yahia; D. Arellanes; K. -K. Lau","Orange Telecom, Orange Labs Networks, Paris, France; Orange Telecom, Orange Labs Networks, Paris, France; School of Computer Science, The University of Manchester, Manchester, United Kingdom; School of Computer Science, The University of Manchester, Manchester, United Kingdom","2018 21st Conference on Innovation in Clouds, Internet and Networks and Workshops (ICIN)","2 Jul 2018","2018","","","1","5","5G is expected to be modular by design toward autonomic and agile networks. In this regards, the 5G functional architecture is designed as service-based seeking to support the concept of Network Slicing. This leads us to the question: what componentization approach to implement this modular architecture? Is there a componentization approach that is suitable for all the network functions? Which design approach will help to have autonomic and cognitive networks? In this paper we shed the light on the different component-based approaches. In addition, we reviewed the state of the art addressing the applicability of component-based approaches to build autonomic networks. Therefore, we present discussion, comparison and synthesis as input to 5G related activities.","2472-8144","978-1-5386-3458-5","10.1109/ICIN.2018.8401611","","https://ieeexplore.ieee.org/stamp/stamp.jsp?arnumber=8401611","5G;component-based;autonomic;microservice;object","5G mobile communication;Software;Object oriented modeling;Connectors;Computer architecture;Computational modeling;Message passing","","2","","26","IEEE","2 Jul 2018","","","IEEE","IEEE Conferences"
"Marine $\mathcal{X}$: Design and Implementation of Unmanned Surface Vessel for Vision Guided Navigation","M. U. Din; A. Humais; W. Akram; M. Alblooshi; L. S. Saoud; A. Alblooshi; L. Seneviratne; I. Hussain","Khalifa University Center for Autonomous Robotic Systems (KUCARS), Khalifa University, United Arab Emirates; Khalifa University Center for Autonomous Robotic Systems (KUCARS), Khalifa University, United Arab Emirates; Khalifa University Center for Autonomous Robotic Systems (KUCARS), Khalifa University, United Arab Emirates; Khalifa University Center for Autonomous Robotic Systems (KUCARS), Khalifa University, United Arab Emirates; Khalifa University Center for Autonomous Robotic Systems (KUCARS), Khalifa University, United Arab Emirates; Khalifa University Center for Autonomous Robotic Systems (KUCARS), Khalifa University, United Arab Emirates; Khalifa University Center for Autonomous Robotic Systems (KUCARS), Khalifa University, United Arab Emirates; Khalifa University Center for Autonomous Robotic Systems (KUCARS), Khalifa University, United Arab Emirates",2023 21st International Conference on Advanced Robotics (ICAR),"1 Feb 2024","2023","","","226","231","Marine robots, particularly Unmanned Surface Vessels (USVs), have gained considerable attention for their diverse applications in maritime tasks, including search and rescue, environmental monitoring, and maritime security. This paper presents the design and implementation of a USV named marine $\mathcal{X}$. The hardware components of marine $\mathcal{X}$ are meticulously developed to ensure robustness, efficiency, and adaptability to varying environmental conditions. Furthermore, the integration of a vision-based object tracking algorithm empowers marine $\mathcal{X}$ to autonomously track and monitor specific objects on the water surface. The control system utilizes PID control, enabling precise navigation of marine $\mathcal{X}$ while maintaining a desired course and distance to the target object. To assess the performance of marine $\mathcal{X}$, comprehensive testing is conducted, encompassing simulation, trials in the marine pool, and real-world tests in the open sea. The successful outcomes of these tests demonstrate the USV's capabilities in achieving real-time object tracking, showcasing its potential for various applications in maritime operations.","2572-6919","979-8-3503-4229-1","10.1109/ICAR58858.2023.10406475","","https://ieeexplore.ieee.org/stamp/stamp.jsp?arnumber=10406475","Autonomous navigation;marine robotics;autonomous systems","Sea surface;Electric potential;Three-dimensional displays;Navigation;Hardware;Object tracking;Testing","","7","","21","IEEE","1 Feb 2024","","","IEEE","IEEE Conferences"
"An Improved Kinematic Model Predictive Control for High-Speed Path Tracking of Autonomous Vehicles","L. Tang; F. Yan; B. Zou; K. Wang; C. Lv","Hubei Key Laboratory of Advanced Technology for Automotive Components, Wuhan University of Technology, Wuhan, China; Hubei Key Laboratory of Advanced Technology for Automotive Components, Wuhan University of Technology, Wuhan, China; Hubei Key Laboratory of Advanced Technology for Automotive Components, Wuhan University of Technology, Wuhan, China; Hubei Key Laboratory of Advanced Technology for Automotive Components, Wuhan University of Technology, Wuhan, China; School of Mechanical and Aerospace Engineering, Nanyang Technological University, Singapore",IEEE Access,"19 Mar 2020","2020","8","","51400","51413","Kinematic model predictive control (MPC) is well known for its simplicity and computational efficiency for path tracking of autonomous vehicles, however, it merely works well at low speed. In addition, earlier studies have demonstrated that tracking accuracy is improved by the feedback of yaw rate, as it improves the system transients. With this in mind, it is expected that the performance of path tracking can be improved by a cascaded controller that utilizes kinematic MPC to determine desired yaw rate rather than steering angle, and uses proportional-integral-derivative (PID) control to follow the reference yaw rate. However, directly combining MPC with PID feedback control of yaw rate results in a controller with poor tracking accuracy. The simulation results show that the cascaded MPC-PID controller has relatively stable but larger error compared to classic kinematic and dynamic MPC. Based on the analysis of vehicle sideslip angle, a novel path tracking control method is proposed, which is designed using a kinematic MPC to handle the disturbances on road curvature, a PID feedback control of yaw rate to reject uncertainties and modeling errors, and a vehicle sideslip angle compensator to correct the kinematic model prediction. The proposed controller performances involving steady-state and transient response, robustness, and computing efficiency were evaluated on Carsim/Matlab joint simulation environment. Furthermore, field experiments were conducted to validate the robustness against sensor disturbances and time lag. The results demonstrate that the developed vehicle sideslip compensator is sufficient to capture steer dynamics, and the developed controller significantly improves the performance of path tracking and follows the desired path very well, ranging from low speed to high speed even at the limits of handling.","2169-3536","","10.1109/ACCESS.2020.2980188","National Natural Science Foundation of China(grant numbers:51975434); Overseas Expertise Introduction Project for Discipline Innovation(grant numbers:B17034); Innovative Research Team in University of Ministry of Education of China(grant numbers:IRT_17R83); Department of Science and Technology, Hubei Provincial People's Government(grant numbers:2019AEA169); ","https://ieeexplore.ieee.org/stamp/stamp.jsp?arnumber=9032103","Autonomous vehicles;path tracking;lateral control;model predictive control","Kinematics;Tires;Vehicle dynamics;Roads;Autonomous vehicles;Feedback control;Computational modeling","","94","","33","CCBY","11 Mar 2020","","","IEEE","IEEE Journals"
"Design and Development of Human Following Autonomous Airport Baggage Transportation System","M. S. Shashank; P. Saikrishna; G. P. Acharya; S. Reddy; P. Lavanya","Dept. of Computer Science and Engineering, Sreenidhi Institute of Science and Technology, Hyderabad, India; Dept. of Electronics and Communication Engineering, Sreenidhi Institute of Science and Technology, Hyderabad, India; Dept. of Electronics and Communication Engineering, Sreenidhi Institute of Science and Technology, Hyderabad, India; Dept. of Electronics and Communication Engineering, Sreenidhi Institute of Science and Technology, Hyderabad, India; Dept. of Electronics and Communication Engineering, Sreenidhi Institute of Science and Technology, Hyderabad, India","2022 International Conference on Advances in Computing, Communication and Applied Informatics (ACCAI)","15 Apr 2022","2022","","","1","6","This paper aims to the design and development of a miniaturized model of a baggage carrying robot that can autonomously navigate from its parking place to the passenger at the airport and follow the passenger by avoiding the obstacles in its path. In airports, trolleys are used by the passengers to carry the baggage during check-in or exit. It becomes very difficult when the passenger has to carry a large amount of luggage as well as need to take care of their children or elderly people. Under these circumstances, the proposed autonomous robot, here named Smart Luggage Robot will be of great help. The robot is equipped with a GPS system that navigates the robot from its parking location to the passenger who has booked it using a mobile app. After loading the baggage, the user/passenger enable the app and the robot follows the passenger up to the check-in or exit point. The robot finally generates the bill based on the distance and weight of the baggage. This paper discusses the hardware and software components used to build the robot, and also presents an obstacle avoidance algorithm for the robot to follow the passenger. The built prototype has been successfully tested at the airport.","","978-1-6654-9529-5","10.1109/ACCAI53970.2022.9752608","","https://ieeexplore.ieee.org/stamp/stamp.jsp?arnumber=9752608","Smart luggage robot;GPS;Human following;Embedded C;Arduino","Navigation;Software algorithms;Transportation;Airports;Robot sensing systems;Software;Sensors","","2","","10","IEEE","15 Apr 2022","","","IEEE","IEEE Conferences"
