"Document Title",Authors,"Author Affiliations","Publication Title",Date Added To Xplore,"Publication Year","Volume","Issue","Start Page","End Page","Abstract","ISSN",ISBNs,"DOI",Funding Information,PDF Link,"Author Keywords","IEEE Terms","Mesh_Terms",Article Citation Count,Patent Citation Count,"Reference Count","License",Online Date,Issue Date,"Meeting Date","Publisher",Document Identifier
"Hybrid Production Management System in the Context of Industry 4.0","S. Schmid; H. Winkler","Chair of Production and Operations Management Siemens-Halske-Ring 6, Brandenburg University of Technology Cottbus-Senftenberg, Cottbus, Germany; Chair of Production and Operations Management Siemens-Halske-Ring 6, Brandenburg University of Technology Cottbus-Senftenberg, Cottbus, Germany",2022 IEEE International Conference on Industrial Engineering and Engineering Management (IEEM),"26 Dec 2022","2022","","","1573","1577","In our contribution, we consider how the Digital Twin of the production system can be combined with Artificial Intelligence methods. The result of these considerations should be a hybrid production management system, which can be used for decision support as well as for self-control. On the one hand, the Digital Twin is providing information and simulation for the optimal decision-making to the decision support system (human interaction). On the other hand, Artificial Intelligence is taking over some elements and tasks with automatic control (independent of human interaction). If the result is out of tolerance or if a random sample of the result is audited, the decision support system is validating the Artificial Intelligence result for execution (by human interaction). The hybrid production management system is to be used to control production processes and generates learning effects. The extension by methods of Artificial Intelligence opens possibilities to process and to master certain tasks independently of human interaction. The presented approach should relieve and support decision makers in production. By performing various actions automatically and achieving partial auto-control, the reactivity of linked processes can increase. The provision of decisive information favors decision quality and time-effectiveness.","","978-1-6654-8687-3","10.1109/IEEM55944.2022.9990000","","https://ieeexplore.ieee.org/stamp/stamp.jsp?arnumber=9990000","Digital Twin;Artificial Intelligence;Big Data;IoT;IIoT;Production Control;Manufacturing System;Intelligent System;Production Planning and Control;Industry 4.0;Hybrid Decision Support System","Decision support systems;Production management;Production systems;Process control;Manuals;Industrial engineering;Control systems","","3","","28","IEEE","26 Dec 2022","","","IEEE","IEEE Conferences"
"Featured Scents: Towards Assessing Architectural Smells for Self-Adaptive Systems at Runtime","E. L. Dos Santos; P. -Y. Schobbens; G. Perrouin","PReCISE, NaDI, Faculty of Computer Science, University of Namur, Namur, Belgium; PReCISE, NaDI, Faculty of Computer Science, University of Namur, Namur, Belgium; PReCISE, NaDI, Faculty of Computer Science, University of Namur, Namur, Belgium",2022 IEEE 19th International Conference on Software Architecture Companion (ICSA-C),"25 May 2022","2022","","","104","107","Self-adaptive systems (SAS) change their behavior and structure at runtime to answer the changes in their environment. Such systems combine different architectural fragments or solutions via feature binding/unbinding at runtime. Moreover, this combination may negatively impact the system’s architectural qualities, exhibiting architectural bad smells (ABS). These issues are challenging to detect in the code due to the combinatorial explosion of interactions amongst features. Since SAS does not document these features in their source code, design time smell detection ignores them and risks reporting smells that are different than those observed at runtime. This paper assesses this risk to understand how ABS occurs at runtime for different feature combinations. We look for cyclic dependency and hub-like ABS in various runtime adaptations of two SAS, Adasim and mRubis. Our results indicate that architectural smells are feature-dependent and that their number is highly variable from one adaptation to the other. Some ABS appear in all runtime adaptations, some in only a few. We discuss the reasons behind these architectural smells for each system and motivate the need for targeted ABS analyses in SAS.","2768-4288","978-1-6654-9493-9","10.1109/ICSA-C54293.2022.00026","","https://ieeexplore.ieee.org/stamp/stamp.jsp?arnumber=9779816","Architectural Smells;Self-Adaptive Systems;Arcan;Behavioral Maps","Runtime;Codes;Costs;Software architecture;Instruments;Maintenance engineering;Feature extraction","","1","","16","IEEE","25 May 2022","","","IEEE","IEEE Conferences"
"Architectural Aspects of Self-Aware and Self-Expressive Computing Systems: From Psychology to Engineering","P. R. Lewis; A. Chandra; F. Faniyi; K. Glette; T. Chen; R. Bahsoon; J. Torresen; X. Yao",Aston University; Studix AS; University of Birmingham; University of Oslo; University of Oslo; University of Birmingham; University of Oslo; University of Oslo,Computer,"11 Aug 2015","2015","48","8","62","70","Work on human self-awareness is the basis for a framework to develop computational systems that can adaptively manage complex dynamic tradeoffs at runtime. An architectural case study in cloud computing illustrates the framework's potential benefits.","1558-0814","","10.1109/MC.2015.235","","https://ieeexplore.ieee.org/stamp/stamp.jsp?arnumber=7185305","self-aware systems;meta-self-awareness;self-expressive systems;self-awareness","Human factors;Behavioral science;Computer architecture;Emotion recognition","","53","","10","IEEE","11 Aug 2015","","","IEEE","IEEE Magazines"
"The Construction of Web-Learning System and Learning Performance Based on Online Interaction and Self-Regulation Theories-Architectural Design Curriculum","W. Yun Wu; K. -H. Weng; M. -H. Wen; B. -J. You; J. -W. Lian","Department of Architectural Design, China University of Technology, Taipei, Taiwan; Department of Interior Design, China University of Technology, Taipei, Taiwan; Department of Commercial Design and Management, National Taipei University of Business, Taipei, Taiwan; Department of Interior Design, China University of Technology, Taipei, Taiwan; Graduate School of Department of Architecture, China University of Technology, Taipei, Taiwan","2017 International Conference on Information, Communication and Engineering (ICICE)","4 Oct 2018","2017","","","288","291","The purpose of this study is to develop a web learning system based on online interaction and self-regulated theories for architectural design learning and instruction. The traditional instruction method of architectural design education through apprenticeship discipline by “trial and error learning” was inefficiency and also weak of rising creativity. With the growth of internet technology, many new instruction strategies have been applied that make instruction results more efficient, cost-effective, and time-saving. The help of these new technologies could improve students learning performance. Thus, the purpose of this study does not only construct an online interaction and self-regulation system but also to try to explore whether there is a positive impact on interaction, self-regulation, and student-learning performance. Through collecting data from 120 freshmen, a survey was conducted to investigate whether online interaction has a positive impact on student performance through the mediation function of self-regulation and to explore its effectiveness.","","978-1-5386-3202-4","10.1109/ICICE.2017.8479001","","https://ieeexplore.ieee.org/stamp/stamp.jsp?arnumber=8479001","web-based learning system;e-learning;online interaction;self-regulation;meditation function","Education;Blogs;Conferences;Learning systems;Standards;Collaborative work;Interviews","","2","","6","IEEE","4 Oct 2018","","","IEEE","IEEE Conferences"
"Runtime Model-Based Safety Analysis of Self-Organizing Systems with S#","A. Habermaier; B. Eberhardinger; H. Seebach; J. Leupolz; W. Reif","Institute for Software & Systems Engineering, University of Augsburg, Germany; Institute for Software & Systems Engineering, University of Augsburg, Germany; Institute for Software & Systems Engineering, University of Augsburg, Germany; Institute for Software & Systems Engineering, University of Augsburg, Germany; Institute for Software & Systems Engineering, University of Augsburg, Germany",2015 IEEE International Conference on Self-Adaptive and Self-Organizing Systems Workshops,"29 Oct 2015","2015","","","128","133","Self-organizing systems present a challenge for model-based safety analysis techniques: At design time, the potential system configurations are unknown, making it necessary to postpone the safety analyses to runtime. At runtime, however, model checking based safety analysis techniques are often too time-consuming because of the large state spaces that have to be analyzed. Based on the S# framework's support for runtime model adaptation, we modularize runtime safety analyses by splitting them into two parts, modeling and analyzing the self-organizing and non-self-organizing parts separately. With some additional heuristics, the resulting state space reduction facilitates the use of model checking based safety analysis techniques to analyze the safety of self-organizing systems. We outline this approach on a self-organizing production cell, assessing the self-organization's impact on the overall safety of the system.","","978-1-4673-8439-1","10.1109/SASOW.2015.26","","https://ieeexplore.ieee.org/stamp/stamp.jsp?arnumber=7306569","safety analysis;formal methods;model checking;self-organizing systems;models at runtime","Analytical models;Adaptation models;Runtime;Hazards;Robot kinematics","","9","","28","IEEE","29 Oct 2015","","","IEEE","IEEE Conferences"
"Code Synthesis in Self-Improving Software Systems","R. V. Rodrigues Filho; A. Wild; B. Porter","Lancaster University Lancaster, UK; Lancaster University Lancaster, UK; Lancaster University Lancaster, UK",2019 IEEE 4th International Workshops on Foundations and Applications of Self* Systems (FAS*W),"8 Aug 2019","2019","","","4","5","This extended abstract aims at provoking a wide discussion around code synthesis and its importance in creating the next generation of self-improving software systems. As a starting point for the discussion, a machine-to-machine self-improving framework is presented. The framework aims at improving system's performance by integrating two modules: i) a self-improving online module, and ii) a code synthesiser offline module. The online module learns, at runtime, as it handles the system's inputs, how to best compose the system from a pallet of available software components and a user-defined high level goal. The offline code synthesiser generates new components based on the perceived system's input, executing environment and the system's goal provided by the online module. The code synthesiser then provides better component options for the online module to integrate with the system to improve its performance. This abstract describes the framework, focusing on its main challenges.","","978-1-7281-2406-3","10.1109/FAS-W.2019.00015","","https://ieeexplore.ieee.org/stamp/stamp.jsp?arnumber=8791994","code synthesis, self-improving systems","Synthesizers;System performance;Software systems;Runtime;Conferences;Next generation networking","","1","","7","IEEE","8 Aug 2019","","","IEEE","IEEE Conferences"
"Quality-Driven Architectural Patterns for Self-Aware Cloud-Based Software","M. Salama; R. Bahsoon","School of Computer Science, University of Birmingham, Birmingham, UK; School of Computer Science, University of Birmingham, Birmingham, UK",2015 IEEE 8th International Conference on Cloud Computing,"20 Aug 2015","2015","","","844","851","Architecture-based self-adaptation has been recognised as one of the prominent ways to design autonomic systems, where self-manageable architectures tend to achieve the required level of dynamicity and compliance with the continual changing in QoS requirements during run-time. Self-awareness and self-expression have recently emerged as promising architectural concepts in the field of self-adaptive software. Self-aware architecture patterns are envisioned as enabler for self-adaptation, but they tend to provide limited support for the QoS run-time requirements. While the research community has developed in architecture quality management, patterns and tactics, addressing quality attributes in self-aware architectures has not been tackled yet. In this paper, we aim to provide quality-driven architectural patterns for emerging class of architecture enabled by the principles of self-awareness. We report on the feasibility of correlating QoS tactics with self-aware capabilities to better respond to QoS run-time requirements and trade-offs. We describe novel extensions which make the correlation between QoS tactics and self-awareness explicit. We quantitatively evaluate the feasibility, generality and fitness of the proposed approach, as well as its potential applicability to self-aware architectures. Though the proposed extensions can potentially benefit architectures which leverage on self-awareness, we use the case of cloud auto-scaling architecture.","2159-6190","978-1-4673-7287-9","10.1109/CLOUD.2015.116","","https://ieeexplore.ieee.org/stamp/stamp.jsp?arnumber=7214126","quality;QoS;architecture;architecture pattern;architectural tactic;cloud;self-awareness","Computer architecture;Quality of service;Monitoring;Cloud computing;Context;Engines","","5","","32","IEEE","20 Aug 2015","","","IEEE","IEEE Conferences"
"Synergizing Domain Expertise With Self-Awareness in Software Systems: A Patternized Architecture Guideline","T. Chen; R. Bahsoon; X. Yao","Department of Computer Science, Loughborough University, Loughborough, U.K.; School of Computer Science, University of Birmingham, Birmingham, U.K.; Department of Computer Science and Engineering, Guangdong Provincial Key Laboratory of Brain-Inspired Intelligent Computation, Southern University of Science and Technology, Shenzhen, China",Proceedings of the IEEE,"18 Jun 2020","2020","108","7","1094","1126","To promote engineering self-aware and self-adaptive software systems in a reusable manner, architectural patterns and the related methodology provide an unified solution to handle the recurring problems in the engineering process. However, in existing patterns and methods, domain knowledge and engineers’ expertise that is built over time are not explicitly linked to the self-aware processes. This link is important, as knowledge is a valuable asset for the related problems and its absence would cause unnecessary overhead, possibly misleading results, and unwise waste of the tremendous benefits that could have been brought by the domain expertise. This article highlights the importance of synergizing domain expertise and the self-awareness to enable better self-adaptation in software systems, relying on well-defined expertise representation, algorithms, and techniques. In particular, we present a holistic framework of notions, enriched patterns and methodology, dubbed DBASES, that offers a principled guideline for the engineers to perform difficulty and benefit analysis on possible synergies, in an attempt to keep “engineers-in-the-loop.” Through three tutorial case studies, we demonstrate how DBASES can be applied in different domains, within which a carefully selected set of candidates with different synergies can be used for quantitative investigation, providing more informed decisions of the design choices.","1558-2256","","10.1109/JPROC.2020.2985293","Guangdong Provincial Key Laboratory of Brain-Inspired Intelligent Computation; Program for Guangdong Introducing Innovative and Enterpreneurial Teams(grant numbers:2017ZT07 × 386); Shenzhen Science and Technology Program(grant numbers:KQTD2016112514355531); Program for University Key Laboratory of Guangdong Province(grant numbers:2017KSYS008); ","https://ieeexplore.ieee.org/stamp/stamp.jsp?arnumber=9089006","Architectural patterns;human-in-the-loop;self-adaptive software systems;self-aware software systems","Software systems;Software algorithms;Self-aware;Guidelines;Knowledge engineering","","14","","91","CCBY","7 May 2020","","","IEEE","IEEE Journals"
"Self-Reconfiguration of Shipboard Power Systems","L. Sabatucci; M. Cossentino; G. De Simone; S. Lopes","Consiglio Nazionale delle Ricerche, Roma, Lazio, IT; Consiglio Nazionale delle Ricerche, Roma, Lazio, IT; Consiglio Nazionale delle Ricerche, Roma, Lazio, IT; Consiglio Nazionale delle Ricerche, Roma, Lazio, IT",2018 IEEE 3rd International Workshops on Foundations and Applications of Self* Systems (FAS*W),"3 Jan 2019","2018","","","124","129","The functioning of the Shipboard Power System (SPS) is critical to the survival and safety of the ship because many accidents occurring during ship navigation are often due to electrical failures. In smart vessels, the SPS reconfiguration consists of a variation of the electrical topology to successfully supply energy to critical services. The proposed reconfiguration procedure uses a distributed and mission-oriented approach, and it employs a generic-purpose self-adaptive middleware (MUSA). MUSA has been customized to dynamically reconfigure an SPS in case of failures or unexpected events. It allows obtaining a runtime solution that properly considers ships mission and current scenario. We also implemented an experimental setup including a Matlab/Simulink simulation of a case study from literature.","","978-1-5386-5175-9","10.1109/FAS-W.2018.00036","","https://ieeexplore.ieee.org/stamp/stamp.jsp?arnumber=8599543","Smart Vessel;SPS reconfiguration;self-adaptive system","Marine vehicles;Circuit faults;Power systems;Generators;Navigation;Switching circuits;Topology","","5","","","IEEE","3 Jan 2019","","","IEEE","IEEE Conferences"
"Predict the Future: Preventing unanticipated changes is the ultimate challenge for self-adaptive systems","G. Engels","Dept. of Computer Science, Paderborn University, Paderborn, Germany",2021 International Symposium on Software Engineering for Adaptive and Self-Managing Systems (SEAMS),"29 Jun 2021","2021","","","260","261","Systems interact with their environment. This might lead to unanticipated events as system models usually cover only to a certain extent the dependencies of a system with the environment. We argue that many of these unanticipated events might become predictable in case we handle current and in particular past behavior of the environment by digital twins. We propose to refine the traditional MAPE-K architecture towards a MAPE-Twin architecture. Thus, the traditional knowledge component becomes an analyzable repository of behavior which allows to predict potential events in the future and to deal with them in a predefined way. Thus, the ultimate challenge for self-adaptive systems are not unanticipated changes, but the prediction of future behavior of a system and its environment.","2157-2321","978-1-6654-0289-7","10.1109/SEAMS51251.2021.00045","","https://ieeexplore.ieee.org/stamp/stamp.jsp?arnumber=9462004","digital twin;predictive analytics;MAPE-K;MAPE-Twin;unanticipated change","Adaptive systems;Digital twin;Computer architecture;Software engineering","","2","","7","IEEE","29 Jun 2021","","","IEEE","IEEE Conferences"
"Modular System Management Software Reference Architecture (EWSPMan) for Airborne Electronic Warfare Self-Protection Systems","M. Dursun; M. Salman","REHIS, Aselsan Inc., Ankara, Turkey; REHIS, Aselsan Inc., Ankara, Turkey",2023 IEEE/AIAA 42nd Digital Avionics Systems Conference (DASC),"10 Nov 2023","2023","","","1","6","In this paper, we present a modular reference software architecture (EWSPMan) for Electronic Warfare Self-Protection Systems which decouples platform dependencies and system requirements to bound the software complexity and increase scalability and flexibility. EWSPMan depends on FACE combined with IMA to manage the Electronic Warfare Self-Protection Systems.","2155-7209","979-8-3503-3357-2","10.1109/DASC58513.2023.10311135","","https://ieeexplore.ieee.org/stamp/stamp.jsp?arnumber=10311135","MOSA;Airborne Electronic Warfare Self-Protection Systems;IMA;Software Architecture","Electronic warfare;Software architecture;Scalability;Redundancy;Computer architecture;Software product lines;Complexity theory","","1","","12","IEEE","10 Nov 2023","","","IEEE","IEEE Conferences"
"A Decentralized Approach to Architecture-Based Self-Protecting Software Systems","J. Porter; E. Albassam","Department of Computer Science and Information Systems, University of North Georgia, Dahlonega, USA; Department of Computer Science, King Abdulaziz University, Jeddah, Saudi Arabia",2020 10th Annual Computing and Communication Workshop and Conference (CCWC),"12 Mar 2020","2020","","","0169","0175","Architecture-based self-protection (ABSP) allows for the detection and mitigation of security threats informed by an architectural representation of the system maintained at runtime. This approach to self-protection has proven very effective through the ability at the architectural level to reason about the impact of a potential security threat, assess the overall security of a system and achieve defense in depth. However, existing methods to ABSP are centralized resulting in a single point of failure of the self-protecting subsystem. This paper describes a decentralized approach to ABSP based on DARE, an existing decentralized architecture-based framework for providing self-configuration and self-healing within distributed software systems. This paper examines how DARE was extended to provide self-protection capabilities and describes the detailed experimental validation of its approach. The experimental results illustrate DARE's decentralized capability of dynamically providing self-protection within a distributed software system.","","978-1-7281-3783-4","10.1109/CCWC47524.2020.9031205","","https://ieeexplore.ieee.org/stamp/stamp.jsp?arnumber=9031205","self-protection;architecture-based self-protection;self-adaptation;dynamic software adaptation;autonomic computing;architecture discovery;recovery and adaptation connectors","Computer architecture;Software architecture;Software systems;Security;Runtime;Connectors","","2","","14","IEEE","12 Mar 2020","","","IEEE","IEEE Conferences"
"Civil Aircraft Auto Brake System Development Using Model-Based Systems Engineering","X. Zhang; S. Zhang; J. Yan","College of of Automation Engineering, Nanjing University of Aeronautics and Astronautics, Nanjing, China; College of of Automation Engineering, Nanjing University of Aeronautics and Astronautics, Nanjing, China; College of of Automation Engineering, Nanjing University of Aeronautics and Astronautics, Nanjing, China",2021 China Automation Congress (CAC),"14 Mar 2022","2021","","","400","405","Civil aircraft auto brake system development based on Model-Based Systems Engineering(MBSE) technology is proposed in this paper. After requirements analysis, functional analysis and architecture synthesis three phases, use case model, function analysis model, tradeoff model and logical architecture of system are established in Rhapsody using Systems Modeling Language(SysML). Then a collaborative simulation mechanism combining Rhapsody/Simulink model is proposed to solve the defect that SysML can’t describe the continuous behavior of system. Collaborative simulation enables system designers to carry out comprehensive and timely verification of dynamic behavior and correctness of modeling by simulating the overall composition which greatly improves the efficiency and accuracy of development.","2688-0938","978-1-6654-2647-3","10.1109/CAC53003.2021.9728152","","https://ieeexplore.ieee.org/stamp/stamp.jsp?arnumber=9728152","MBSE;Civil aircraft auto brake system;SysML;Rhapsody;Collaborative simulation","Analytical models;Atmospheric modeling;Collaboration;Systems architecture;Systems modeling;Functional analysis;Brakes","","","","15","IEEE","14 Mar 2022","","","IEEE","IEEE Conferences"
"A Verification Algorithm for the Automatic Topology Discovery of the Adaptive Avionics Platform","B. Schulz; B. Annighöfer","Institut für Luftfahrtsysteme, Universität Stuttgart, Stuttgart, Deutschland; Institut für Luftfahrtsysteme, Universität Stuttgart, Stuttgart, Deutschland",2018 IEEE/AIAA 37th Digital Avionics Systems Conference (DASC),"9 Dec 2018","2018","","","1","7","This paper introduces the concept, development and realisation of a topology verification algorithm for the autonomous topology discovery mechanism of the Adaptive Avionics Platform (AAP). The AAP is a fault-tolerant and self-configuring general-purpose avionics platform. An AAP instance is built from a set of generic hard- and software components, which can be combined to avionic systems of arbitrary extent, similar to Integrated Modular Avionics. It configures automatically during an organisation phase, based on information received through the topology discovery step. During this topology discovery, the topology of hardware components and physical connections is detected. Since the organisation phase is conducted without human interaction, errors during the topology discovery could solely be detected manually after the completion of the organisation phase. The objective of the topology verification algorithm is to verify discovered system topologies against expected topologies. This additional verification step guarantees an exact match of composed real-world system architectures with expected target architectures. In case of topology deviations, they are visualised as well as tracked to their respective error sources. Moreover, the verification algorithm shall enable the possibility to run automatic verification scenarios for a variety of different system topologies for automatic validation of the topology discovery mechanism. The implementation of the topology verification algorithm on an Adaptive Cabin Management System demonstrator shows that it is able to reliably evaluate if an auto-detected topology is congruent to an expected topology and provide a distinct method for the verification of the AAP.","2155-7209","978-1-5386-4112-5","10.1109/DASC.2018.8569268","","https://ieeexplore.ieee.org/stamp/stamp.jsp?arnumber=8569268","adaptive avionics;verification algorithm;topology discovery;self-configuration;model-based;autonomic computing","Topology;Aerospace electronics;Hardware;Computer architecture;Software;Software algorithms;Systems architecture","","3","","10","IEEE","9 Dec 2018","","","IEEE","IEEE Conferences"
"Towards Self-Adaptation on Real-World Hardware: A Preliminary Lightweight Programming Framework","H. Tsuda; H. Nakagawa; T. Tsuchiya","Graduate School of Information Science and Technology, Osaka University, Suita, Japan; Graduate School of Information Science and Technology, Osaka University, Suita, Japan; Graduate School of Information Science and Technology, Osaka University, Suita, Japan",2015 IEEE 9th International Conference on Self-Adaptive and Self-Organizing Systems,"29 Oct 2015","2015","","","176","177","Self-adaptive systems can adapt to environmental changes. In spite of many studies of self-adaptive systems, there are few implementations of them on real-world hardware. One of the main reasons for this is that the existing programming frameworks do not pay enough attention to the constraints on real-world hardware. In this study, we focus on an adaptation mechanism for real-world embedded systems and present a preliminary programming framework to implement self-adaptive embedded systems. As a case study we build a self-adaptive system using our framework on LEGO Mind storms EV3 to demonstrate the feasibility of our framework.","1949-3681","978-1-4673-7535-1","10.1109/SASO.2015.33","","https://ieeexplore.ieee.org/stamp/stamp.jsp?arnumber=7306615","self-adaptive systems;embedded systems;control loop;programming framework","Vehicles;Embedded systems;Image color analysis;Hardware;Programming;Acoustics","","3","","6","IEEE","29 Oct 2015","","","IEEE","IEEE Conferences"
"FAR: A 4.12μW ferro-electric auto-recovery for battery-less BSN SoCs","F. B. Yahya; C. J. Lukas; B. H. Calhoun; S. Bartling","University of Virginia, Charlottesville, VA, USA; University of Virginia, Charlottesville, VA, USA; University of Virginia, Charlottesville, VA, USA; Texas Instruments, Austin, TX, USA",2017 IEEE Biomedical Circuits and Systems Conference (BioCAS),"29 Mar 2018","2017","","","1","4","This paper presents a Ferro-electric Auto-Recovery (FAR) sub-system designed to support a battery-less body sensor node (BSN) system-on-chip (SoC). FAR enables this type of SoCs to recover from power loss when energy harvesting conditions are poor. It is designed to minimize the power consumption during recovery through architectural optimizations to reduce the number of required accesses to the memory and by introducing a specialized cold-boot bus that speeds-up the transfer of information to the SoC. The bus enables the integration of FAR and the SoC in a compact system-in-package (SiP) to reduce the overall system's form-factor and enable its use in BSNs. FAR has a 2KB boot-up memory to hold the programming code and a 16B backup memory to hold critical data (such as average heart rate and afib events). The proposed architecture allows recovery within a maximum of 64.8ms while consuming 4.12uW. Assuming one recovery per hour (pessimistic), FAR consumes on average 74.1pW.","","978-1-5090-5803-7","10.1109/BIOCAS.2017.8325082","","https://ieeexplore.ieee.org/stamp/stamp.jsp?arnumber=8325082","Ferro-electric memory;self-powered;battery-less;system-on-chip;system-in-package;cold-boot","Power demand;Programming;Nonvolatile memory;Clocks;Memory management;Monitoring;Random access memory","","2","","9","IEEE","29 Mar 2018","","","IEEE","IEEE Conferences"
"Challenges with Providing Reliability Assurance for Self-Adaptive Cyber-Physical Systems","S. Riaz; S. Kabir; F. Campean; G. Mokryani; C. Dao; J. A. Marquez; M. Ahmad A. Al-Ja’Afreh","Faculty of Engineering and Informatics, University of Bradford, UK; Faculty of Engineering and Informatics, University of Bradford, UK; Faculty of Engineering and Informatics, University of Bradford, UK; Faculty of Engineering and Informatics, University of Bradford, UK; Faculty of Engineering and Informatics, University of Bradford, UK; Faculty of Engineering and Informatics, University of Bradford, UK; Faculty of Engineering and Informatics, University of Bradford, UK",2022 6th International Conference on System Reliability and Safety (ICSRS),"21 Mar 2023","2022","","","394","399","Self-adaptive systems are evolving systems that can adjust their behaviour to accommodate dynamic requirements or to better serve the goal. These systems can vary in their architecture, operation, or adaptive strategies based on the application. Moreover, the evaluation can happen in different ways depending on system architecture and its requirements. Self-adaptive systems can be prone to situations like adaptation faults, inconsistencies in context or low performance on tasks due to their dynamism and complexity. That is why it is important to have reliability assurance of the system to monitor such situations which can compromise the system functionality. In this paper, we provide a brief background on different types of self-adaptive systems and various ways a system can evolve. We discuss the different mechanisms that have been applied in the last two decades for reliability evaluation of such systems and identify challenges and limitations as research opportunities related to the self-adaptive system’s reliability evaluation.","","978-1-6654-7092-6","10.1109/ICSRS56243.2022.10067782","","https://ieeexplore.ieee.org/stamp/stamp.jsp?arnumber=10067782","reliability;self-adaptive systems;reconfigurable systems;fault tolerance","Uncertainty;Automation;Adaptive systems;Systems architecture;Cyber-physical systems;Reliability engineering;Complexity theory","","2","","47","IEEE","21 Mar 2023","","","IEEE","IEEE Conferences"
"Method of modification of self-adaptive software systems based on ontology","D. Fedasyuk; I. Lutsyk","Software Department, Lviv Polytechnic National University, Lviv, Ukraine; Software Department, Lviv Polytechnic National University, Lviv, Ukraine","2022 IEEE 16th International Conference on Advanced Trends in Radioelectronics, Telecommunications and Computer Engineering (TCSET)","9 May 2022","2022","","","530","533","The approaches and methods of implementing self-adaptive software systems have been analyzed. Based on the assessment of the scientific problem, an ontological model of self-adaptive systems has been designed. The constructed model allows to take into account specifics of the subject area during system adaptation. The method of modification of functional characteristics and graphic interface of self-adaptive systems based on ontology is proposed. The developed method allows to generate personalized settings with the possibility of further adapting the system based on the information about user needs, new requirements, and the runtime environment. The use of the ontological model and the adaptation method have been analyzed, and the directions for their improvement have been determined.","","978-1-6654-6861-9","10.1109/TCSET55632.2022.9766856","","https://ieeexplore.ieee.org/stamp/stamp.jsp?arnumber=9766856","ontological model;self-adaptive software;adaptation process;modification of system components","Graphics;Couplings;Adaptation models;Runtime environment;Conferences;Semantics;Ontologies","","3","","12","IEEE","9 May 2022","","","IEEE","IEEE Conferences"
"Modeling and simulation of auto throttle control system based on Simulink","J. Ke; B. He; X. Zhang; C. Jin; K. Feng","Shanghai Aircraft Design and Research Institute, Shanghai, China; Shanghai Aircraft Design and Research Institute, Shanghai, China; Shanghai Aircraft Design and Research Institute, Shanghai, China; Shanghai Aircraft Design and Research Institute, Shanghai, China; Shanghai Aircraft Design and Research Institute, Shanghai, China",2022 4th International Academic Exchange Conference on Science and Technology Innovation (IAECST),"17 Mar 2023","2022","","","1554","1559","According to the control principle and structural characteristics of the civil aircraft throttle control system, a servo motor control mathematical model is proposed for the automatic throttle control system of civil aircraft. On this basis, the model is established and simulated using the modular modeling method by Simulink software, and the AFCC command calculation, automatic throttle PID calculation, servo motor control, throttle lever angle and N1 corresponding relationship are analyzed. The simulation results show that the model can execute the auto throttle function according to the control command, providing a platform for the requirements validation, control logic, architecture design and parameter selection of the auto throttle control system.","","979-8-3503-2000-8","10.1109/IAECST57965.2022.10062099","","https://ieeexplore.ieee.org/stamp/stamp.jsp?arnumber=10062099","auto throttle;control system;Simulink model","Motor drives;Analytical models;Software packages;Atmospheric modeling;Computer architecture;Control systems;Mathematical models","","","","5","IEEE","17 Mar 2023","","","IEEE","IEEE Conferences"
"Self-Organised Embellishment of 3D Printed Scaffolds for the Production of Co-occupied Architectural Boundaries","A. Ilgun; P. Ayres","CITA Studio, School of Architecture Copenhagen; CITA Studio, School of Architecture Copenhagen",2016 IEEE 1st International Workshops on Foundations and Applications of Self* Systems (FAS*W),"19 Dec 2016","2016","","","143","144","We report upon a speculative architectural design project that investigates a hybrid construction method in which computationally designed 3D printed scaffolds are embellished by the self-organised construction of social insects - specifically bees. The project aims to explore how to couple processes of designed construction with those of self-organised construction, thereby leveraging the potential for an architecture to exhibit continual adaptation through construction. The project develops through digital and physical experimentation to establish critical design, fabrication and performance criteria. We briefly describe experiments and results related to the two modes of construction - 3D printing and self-organised deposition of honeycomb. We also describe the computationally led design workflow that incorporates the consideration of structural performance. Finally, we outline further work suggested from this initial enquiry.","","978-1-5090-3651-6","10.1109/FAS-W.2016.41","","https://ieeexplore.ieee.org/stamp/stamp.jsp?arnumber=7789457","Architecture;Bees;3D Filament Printing;Computational Design;Coupling Design & Self-organisation","Three-dimensional displays;Computer architecture;Couplings;Insects;Printing;Context","","1","","5","IEEE","19 Dec 2016","","","IEEE","IEEE Conferences"
"Self-test framework for self-adaptive software architecture","Y. M. Roopa; M. R. Babu","Dept.of CSE, Institute of Aeronautical Engineering, Hyderabad, INDIA; Dept.of CSE, Institute of Aeronautical Engineering, Hyderabad, INDIA","2017 International conference of Electronics, Communication and Aerospace Technology (ICECA)","18 Dec 2017","2017","2","","669","674","As researchers and contributors of the IT enterprise move in the direction of a vision of computing structures that manage themselves, it's far imperative to research methods to dynamically validate these systems to keep away from the high cost of system failures. Although research continues to advance in lots of areas of self adaptive systems, there's a loss of development within the area of testing components of systems at runtime. Self-adaptive features in systems dynamically invoke changes to the structure and behavior of components which could already be operating in an unpredictable surroundings; similarly emphasizing the need for runtime testing. In this paper we propose a framework that dynamically validates modifications in self-adaptive systems. Our body-work extends the present day shape of self-adaptive systems to consist of self-testing as an implicit characteristic. We validate our framework by way of creating a prototype of an autonomic container that incorporates the capability to self-test.","","978-1-5090-5686-6","10.1109/ICECA.2017.8212749","","https://ieeexplore.ieee.org/stamp/stamp.jsp?arnumber=8212749","self adaptive systems;component testing;Validation;safe adaptation","Adaptive systems;Built-in self-test;Adaptation models;Software;Runtime;Aerospace electronics","","5","","18","IEEE","18 Dec 2017","","","IEEE","IEEE Conferences"
"Opportunistic Knowledge Adaption in Self-Learning Systems","S. Reichhuber; S. Tomforde","Intelligent Systems, Christian-Albrechts-Universitat Kiel, Germany; Intelligent Systems, Christian-Albrechts-Universitat Kiel, Germany",2020 IEEE International Conference on Autonomic Computing and Self-Organizing Systems Companion (ACSOS-C),"15 Sep 2020","2020","","","246","248","In the context of Autonomous Learning, the question arises how an online learning system adapts its knowledge according to a changing environment, i.e. arrival of new classes or changing noise functions, to maintain a robust level of performance. As a solution, we suggest an architectural design inspired by a variant of the Observer/Controller framework. We present a scenario, in which the presented architecture is assumed to improve the performance, because the system is aware of currently available knowledge and can opportunistically exploit this knowledge.","","978-1-7281-8414-2","10.1109/ACSOS-C51401.2020.00069","","https://ieeexplore.ieee.org/stamp/stamp.jsp?arnumber=9196406","Organic Computing;Online learning;Autonomous Learning;Knowledge Adaption","Machine learning;Intelligent systems;Monitoring;Quality assessment;Adaptation models;Observers;Conferences","","","","11","IEEE","15 Sep 2020","","","IEEE","IEEE Conferences"
"Research and Architectural Design on Vision Foundation Models Platform","Q. Liu; X. Li; Y. Tian","Department of Big Data and Artificial Intelligence, China Telecom Corporation Research Institute, Beijing, China; Electric Power Artificial Intelligence Innovation Center, State Grid Information & Telecommunication Co.,Ltd., China; DCU Design Center, Hygon Information Technology, Beijing, China",2025 IEEE International Symposium on Broadband Multimedia Systems and Broadcasting (BMSB),"24 Sep 2025","2025","","","1","4","Vision foundation models (VFM) have revolutionized computer vision by introducing pre-trained, large-scale neural networks capable of generalization across a wide range of downstream tasks. Leveraging extensive datasets and self-supervised learning, these models possess the ability to distill raw multimodal sensory data into high-quality visual knowledge. This paper explores prominent vision foundation models, detailing their contributions to core vision tasks and their architectural designs. Furthermore, this paper delves into the architectural design of the platform that enables the development and application of VFMs. The focus is on the encompassing ecosystem, including the underlying infrastructure, the suite of tools, and the range of services that are essential for the effective development, deployment, management, and utilization of VFMs.","2155-5052","979-8-3315-1998-8","10.1109/BMSB65076.2025.11165630","","https://ieeexplore.ieee.org/stamp/stamp.jsp?arnumber=11165630","Architectural design;vision foundation model;platform","Visualization;Computer vision;Foundation models;Computational modeling;Neural networks;Ecosystems;Self-supervised learning;Broadcasting;Data models;Multimedia communication","","","","10","IEEE","24 Sep 2025","","","IEEE","IEEE Conferences"
"A Model-Based Approach to Designing Self-Aware IT Systems and Infrastructures","S. Kounev; N. Huber; F. Brosig; X. Zhu",University of Würzburg; University of Würzburg; University of Würzburg; Futurewei Technologies,Computer,"4 Jul 2016","2016","49","7","53","61","Results of a five-year research project and several industrial collaborations have produced tools that model the individual effects and complex dynamic interactions between an IT system's application workload and resource contention at multiple levels in the execution environment. An evaluation shows significant resource efficiency gains without sacrificing the performance specified in service-level agreements.","1558-0814","","10.1109/MC.2016.198","","https://ieeexplore.ieee.org/stamp/stamp.jsp?arnumber=7503504","autonomic systems;self-aware systems;self-aware computing;resource management;architectural languages;modeling languages;virtualization;runtime adaptation;performance prediction;Descartes Modeling Language","Adaptation models;Unified modeling language;Computational modeling;Software engineering;Computer architecture;Servers;Computer languages","","25","","7","IEEE","4 Jul 2016","","","IEEE","IEEE Magazines"
"Self-Organizing Software Models for the Internet of Things: Complex Software Structures That Emerge Without a Central Controller","D. Arellanes","Computer Science, School of Computing and Communications, Lancaster University, Lancaster, U.K.","IEEE Systems, Man, and Cybernetics Magazine","15 Jul 2021","2021","7","3","4","9","The Internet of Things (IoT) envisions the integration of physical objects into software systems for automating crucial aspects of our lives, such as health care, security, agriculture, and city management. Although the vision is promising, with the rapid advancement of hardware and communication technologies, IoT systems are becoming increasingly dynamic, large, and complex to the extent that manual management becomes infeasible. Thus, it is of paramount importance to provide software engineering foundations for constructing autonomic IoT systems.","2333-942X","","10.1109/MSMC.2021.3062822","","https://ieeexplore.ieee.org/stamp/stamp.jsp?arnumber=9487638","","Uncertainty;Runtime;Urban areas;Medical services;Software engineering;Software systems;Internet of Things;Communications technology;Self-organizing networks","","7","","27","IEEE","15 Jul 2021","","","IEEE","IEEE Magazines"
"Techniques and Methodologies of Self-Adaptive Software and its Architecture: A Survey","A. R. Riaz; A. Rauf; S. M. M. Gilani; M. B. Bashir","University Institute of Information Technology, PMAS Arid Agriculture University, Rawalpindi, Pakistan; University Institute of Information Technology, PMAS Arid Agriculture University, Rawalpindi, Pakistan; University Institute of Information Technology, PMAS Arid Agriculture University, Rawalpindi, Pakistan; Dept. of Computer Science, Iqra University, Islamabad, Pakistan",2021 4th International Conference on Computing & Information Sciences (ICCIS),"19 Jan 2022","2021","","","1","5","Nowadays, due to the continuously changing en-vironment, modern software systems can work in a dynamic environment. But many changes occur at runtime so, to handle the changes self-adaptive mechanism plays an important role. To encounter the requirement of rapid application development adaptive software is used widely. Adaptive software architecture is based on three steps speculate, collaborate, learn. There are a lot of techniques for adaptive software architecture most appropriate technique is selected by comparing them. In this paper, we perform a survey on different research papers related to the self-adaptive system and self-adaptive architecture. After studied the techniques gaps in the literature are identified and compare those techniques. Different common parameters are identified and considered by studying literature. Then these parameters are used to analyze survey techniques which is helpful for researchers and future directions in this area.","","978-1-6654-9441-0","10.1109/ICCIS54243.2021.9676190","","https://ieeexplore.ieee.org/stamp/stamp.jsp?arnumber=9676190","Adaptive system;Adaptive Software;Software Architecture;Self-Adaptation;Dynamically adaptive systems","Adaptive systems;Runtime;Software architecture;Computer architecture;Software systems","","","","16","IEEE","19 Jan 2022","","","IEEE","IEEE Conferences"
"An architectural approach to Cognitive Information System","B. Molnár; D. Mattyasovszky-Philipp","Faculty of Informatics, University of Eötvös Loránd, Budapest; Faculty of Informatics, University of Eötvös Loránd, Budapest",2019 10th IEEE International Conference on Cognitive Infocommunications (CogInfoCom),"11 May 2020","2019","","","459","462","The fast changes in information technology and business needs led to the evolution and development of Cognitive Information Systems (CIS). There have been few researches on the general model for analysis and design of CIS. This paper attempts to create a design scheme for incorporating the various model for CISs and Understanding-based management systems (UBMSS). The components that have been examined create elements of CIS analysis and design, however there were not described as modeling element and not described as an enabling tool to create a consistent and integrated system The most significant components for modeling are: semi-structured documents, business processes, constituents of knowledge management, the enterprise and, the information architecture including self-directing software components - Artificial Intelligence (AI) - that yield function. For CIS modeling the above-mentioned elements were combined into a unified framework that follows the object-oriented paradigm and architecture approaches. The aim of the research to describe a framework that presents an overarching model and assists our understanding of properties of CIS and UBMSS for being able to formulate a practical development method for CIS and cognitive management systems.","2380-7350","978-1-7281-4793-2","10.1109/CogInfoCom47531.2019.9089899","","https://ieeexplore.ieee.org/stamp/stamp.jsp?arnumber=9089899","Architecture of Cognitive Information Systems;Information System Architecture;Understanding Based Management Systems;Management Supporting Systems;Zachman Architecture","Business;Computer architecture;Information systems;Analytical models;Data models;Object oriented modeling;Context modeling","","8","","16","IEEE","11 May 2020","","","IEEE","IEEE Conferences"
"Reliability Analysis of Architectural Safeguards for AI-enabled Systems","M. Scheerer; R. Reussner","FZI Research Center for Information Technology, Karlsruhe, Germany; Karlsruhe Institute of Technology, FZI Research Center for Information Technology, Karlsruhe, Germany",2023 27th International Conference on Engineering of Complex Computer Systems (ICECCS),"22 Nov 2023","2023","","","61","70","Although enormous progress has been made in Artificial Intelligence (AI), it entails new challenges. The growing complexity of learning tasks requires more complex AI models, which increasingly exhibit unreliable behaviour. This is of particular concern in safety-critical systems where AI is commonly used. Therefore, well-known architectural approaches have been adopted such as N-Version Programming or Simplex Architectures (denoted as Architectural Safeguards) to deal with the unreliable nature of AI. At design-time, however, it is difficult to identify an architectural safeguard that satisfies the reliability (or other quality) requirements of the system. In this paper, we present a model-based reliability analysis of AI-enabled systems to assess architectural safeguards at design-time taking into account the predictive uncertainty of AI components. We have validated our approach in a case study from the field of autonomous driving. Our results show that our approach not only enables the analysis of the impact of architectural safeguards on the overall reliability of an AI system but supports software engineers in decision-making.","2770-8535","979-8-3503-4004-4","10.1109/ICECCS59891.2023.00017","","https://ieeexplore.ieee.org/stamp/stamp.jsp?arnumber=10321909","Safeguarding AI;architectural reliability analysis;architectural safeguards;reliable AI systems","Uncertainty;Decision making;Computer architecture;Programming;Predictive models;Reliability engineering;Software","","5","","36","IEEE","22 Nov 2023","","","IEEE","IEEE Conferences"
"Architecting Trustworthy Self-Adaptive Systems (Tutorial)","R. Calinescu; D. Weyns; S. Gerasimou; I. Habli","Department of Computer Science & Assuring Autonomy International Programme, University of York, UK; Department of Computer Science, Linnaeus University, Sweden; Department of Computer Science & Assuring Autonomy International Programme, University of York, UK; Department of Computer Science & Assuring Autonomy International Programme, University of York, UK",2019 IEEE International Conference on Software Architecture Companion (ICSA-C),"13 May 2019","2019","","","3","4","Architecting self-adaptive software systems is challenging. These systems must achieve their goals not only in the environment in which they are deployed initially, but also as this environment changes over time. When self-adaptive systems are used in safety-critical and business-critical applications, this challenge is compounded by the need to also provide guarantees that the system operates correctly at all times. For traditional software systems, such guarantees are provided through assurance cases. These are structured arguments which use comprehensive development-time evidence to explain why a system can be trusted when used for its planned application in a given environment. This tutorial presents the ENTRUST methodology for achieving a similar level of trust in self-adaptive systems [1]. ENTRUST is the first end-to-end methodology for architecting trustworthy self-adaptive systems and dynamic assurance cases guaranteeing the suitability of the software for its intended applications. As advocated by major research initiatives such as the UK-led Assuring Autonomy International Programme (https://www.york.ac.uk/assuring-autonomy/). ENTRUST dynamic assurance cases seamlessly combine evidence obtained during the development of a self-adaptive software system with evidence obtained from its additional verification at runtime. As such, each reconfiguration of an ENTRUST self-adaptive system is accompanied by a new version of the assurance case that confirms the trustworthiness of the reconfigured system architecture. The tutorial starts with an overview of self -adaptive systems used in safety -critical and business -critical applications. This is followed by an introduction to assurance cases, an explanation of the recent paradigm shift to dynamic assurance cases, and the description of the ENTRUST methodology. We use the last part of the tutorial to show how ENTRUST can be used to engineer a self -adaptive unmanned underwater vehicle system and a self -adaptive service -based system. The tutorial actively engages the attendees and includes practical demonstrations. Attending it benefits researchers and software architects with an interest in self -adaptive and autonomous software systems, as well as those interested in the rigorous modelling, analysis and verification of the control software of such systems.","","978-1-7281-1876-5","10.1109/ICSA-C.2019.00008","","https://ieeexplore.ieee.org/stamp/stamp.jsp?arnumber=8712364","","Tutorials;Runtime;Software systems;Computer architecture;Computational modeling","","1","","17","IEEE","13 May 2019","","","IEEE","IEEE Conferences"
"mRUBiS: An Exemplar for Model-Based Architectural Self-Healing and Self-Optimization","T. Vogel","Humboldt-Universität zu, Berlin, Germany",2018 IEEE/ACM 13th International Symposium on Software Engineering for Adaptive and Self-Managing Systems (SEAMS),"30 Dec 2018","2018","","","101","107","Self-adaptive software systems are often structured into an adaptation engine that manages an adaptable software by operating on a runtime model that represents the architecture of the software (model-based architectural self-adaptation). Despite the popularity of such approaches, existing exemplars provide application programming interfaces but no runtime model to develop adaptation engines. Consequently, there does not exist any exemplar that supports developing, evaluating, and comparing model-based self-adaptation off the shelf. Therefore, we present mRUBiS, an extensible exemplar for model-based architectural self-healing and self-optimization. mRUBiS simulates the adaptable software and therefore provides and maintains an architectural runtime model of the software, which can be directly used by adaptation engines to realize and perform self-adaptation. Particularly, mRUBiS supports injecting issues into the model, which should be handled by self-adaptation, and validating the model to assess the self-adaptation. Finally, mRUBiS allows developers to explore variants of adaptation engines (e.g., event-driven self-adaptation) and to evaluate the effectiveness, efficiency, and scalability of the engines.","2157-2305","978-1-4503-5715-9","","","https://ieeexplore.ieee.org/stamp/stamp.jsp?arnumber=8595386","Self-adaptation;architecture;runtime models;simulator","Adaptation models;Runtime;Software;Engines;Computer architecture;Computational modeling;Analytical models","","","","41","","30 Dec 2018","","","IEEE","IEEE Conferences"
"RA4Self-CPS: A Reference Architecture for Self-adaptive Cyber-Physical Systems","M. P. d. O. Camargo; G. d. S. Pereira; D. Almeida; L. A. Bento; W. F. Dorante; F. J. Affonso","Sao Paulo State University (Unesp), BR; Sao Paulo State University (Unesp), BR; Sao Paulo State University (Unesp), BR; Sao Paulo State University (Unesp), BR; Sao Paulo State University (Unesp), BR; Universidade Estadual Paulista (UNESP), BR",IEEE Latin America Transactions,"23 Jan 2024","2024","22","2","113","125","Cyber-Physical Systems (CPS) represent an evolution of embedded systems by the computational elements interacting with physical entities through a network. Self-adaptive Cyber-Physical Systems (Self-CPS) present specific features compared to traditional CPS because this type of system can deal with changes at runtime. In parallel, Reference Architectures (RA) enable reusable artifacts that aggregate the knowledge of software architectures in specific domains. RAs have facilitated the development, standardization, and system evolution in different domains. Despite their relevance, reference architectures that could support the more systematic development of Self-CPS, covering issues like self-protecting and observability, are not found yet. Based on this scenario, the main contribution of this paper is to present an RA for Self-CPS named RA4Self-CPS. The goal of this RA is to support the Self-CPS development that requires self-protecting, observability, and adaptation at runtime. To show the viability of our RA, we conducted a case study that revealed a good perspective to contribute to the Self-CPS area.","1548-0992","","10.1109/TLA.2024.10412036","","https://ieeexplore.ieee.org/stamp/stamp.jsp?arnumber=10412036","reference architecture;cyber-physical systems;self-adaptive;self-CPS","Computer architecture;Software;Runtime;Cyber-physical systems;Adaptation models;Observability;Data models","","4","","","IEEE","23 Jan 2024","","","IEEE","IEEE Journals"
"Software Reliability Evaluation using a Hybrid Soft Computing Approach for Battery Management System","S. Sagar; A. Kumar; G. Shukla; S. Singh; D. Raskar","School of Computer Science and Engineering, Galgotias University, Uttar Pradesh, India; School of Computer Science and Engineering, Galgotias University, Uttar Pradesh, India; Department of Computer Science and Engineering, Amity School of Engineering and Technology, Amity University, Mumbai, Maharashtra; Department of Artificial Intelligence, Amity School of Engineering and Technology, Amity University, Uttar Pradesh, Noida; Department of Computer Science and Engineering, Amity School of Engineering and Technology, Amity University, Mumbai, Maharashtra",2024 IEEE 4th International Conference on Sustainable Energy and Future Electric Transportation (SEFET),"24 Oct 2024","2024","","","1","7","Predicting faults in a software system can be performed using software reliability models. Reliability is a real- world aspect that is related to several real-life issues which depends on several factors. Different algorithms and methodologies are present to predict software reliability, still the exploration of hybrid soft computing approaches is required to predict software reliability inefficient way. The reason is soft computing algorithms are able to deal with uncertainties and real time issues. The objective of this study is to propose a reliability assessment model using hybrid approach of GeneticAlgorithm and Self-Organizing Map (SOM) for Component Based Software System (CBSS). The reason for selecting CBSS is the reusability aspects of components, which makes software development process cheaper and faster. This paper is an attempt to identify most reliable components based on three reliability factors (cohesion, coupling, and component dependency) from a software project that can be reused for developing other applications efficiently. Simulation of Battery Management System software package components is completed by the use of MATLAB which were having 37 components out of which 6 most reliable components are selected using proposed method.","","979-8-3503-8399-7","10.1109/SEFET61574.2024.10718189","","https://ieeexplore.ieee.org/stamp/stamp.jsp?arnumber=10718189","BMS;Component;software;reliability;Genetic algorithm(GA);Self-organizing map (SOM)","Self-organizing feature maps;Couplings;Computational modeling;Software algorithms;Battery management systems;Software systems;Prediction algorithms;Software reliability;MATLAB;Genetic algorithms","","","","38","IEEE","24 Oct 2024","","","IEEE","IEEE Conferences"
"Bridging Linguistic Gaps: A Review of AI-Driven Speechto-Speech Translation for Sinhala and Tamil in Sri Lanka","I. Dilshani; M. Chandrasena","Department of Computer Systems Engineering, University of Kelaniya, Sri Lanka; Department of Computer Systems Engineering, University of Kelaniya, Sri Lanka",2025 International Research Conference on Smart Computing and Systems Engineering (SCSE),"13 Jun 2025","2025","","","1","6","Sri Lanka maintains two official languages which constitute Sinhalese and Tamil making it linguistically diverse. Almost all communication requires effective dialogue between Sinhalese-speaking and Tamil-speaking communities especially when operating through real-time speech-to-speech translation. The current version of Speech-to-Speech Translation (S2S) solutions serves a useful purpose yet faces three major limitations, including internet dependence, performance difficulties in loud environments, and unnatural Text-to-Speech (TTS) outputs. The Automatic Speech Recognition (ASR) systems from CallTran along with Android-based solutions through Google APIs and PocketSphinx, struggle with flexible operations when processing different accent varieties. Furthermore, the Machine Translation (MT) system performs poorly in achieving semantic relevance due to the scarcity of parallel corpora. The combination of ASR, MT and TTS systems produces performance delays and misinterpretation issues, which interfere with real-time functionality. This review examines current models, highlights theoretical and practical gaps, and proposes directions for future research, followed by a comparison of existing approaches. The research requires attention to three essential gaps, including bilingual dataset annotation tasks alongside offline functionality and natural voice synthesis development. We propose future research directions to establish massive bilingual datasets as well as implement noise-resistant ASR models using self-supervised approaches such as Whisper and Wave-to-Vector v2 (Wav2Vec2) and the fine-tuning of multilingual MT models like Multilingual Bidirectional and Auto-Regressive Transformer (mBART) for Low Resource Sinhala-Tamil Language translation systems. Additionally, TTS models like Tacotron, FastSpeech and Coqui TTS should be optimized for prosody and intonation.","2997-7363","979-8-3315-2326-8","10.1109/SCSE65633.2025.11030975","","https://ieeexplore.ieee.org/stamp/stamp.jsp?arnumber=11030975","automatic speech recognition;low resource speech-to-speech translation;machine translation;Sinhala-Tamil translation;text-to-speech","Translation;Reviews;Real-time systems;Multilingual;Text to speech;Internet;Delays;Machine translation;Modeling;Faces","","","","20","IEEE","13 Jun 2025","","","IEEE","IEEE Conferences"
"Augmented Collective Digital Twins for Self-Organising Cyber-Physical Systems","R. Casadei; A. Placuzzi; M. Viroli; D. Weyns","Department of Computer Science and Engineering, Alma Mater Studiorum-Universita di Bologna, Cesena, Italy; Department of Computer Science and Engineering, Alma Mater Studiorum-Universita di Bologna, Cesena, Italy; Department of Computer Science and Engineering, Alma Mater Studiorum-Universita di Bologna, Cesena, Italy; Department of Computer Science, Katholieke Universiteit, Leuven, Belgium",2021 IEEE International Conference on Autonomic Computing and Self-Organizing Systems Companion (ACSOS-C),"18 Nov 2021","2021","","","160","165","Context. Self-organising and collective computing approaches are increasingly applied to large-scale cyber-physical systems (CPS), enabling them to adapt and cooperate in dynamic environments. Also, in CPS engineering, digital twins are often leveraged to provide synchronised logical counterparts of physical entities, whereas in sensor networks the different-but-related concept of virtual device is used e.g. to abstract groups of sensors. Vision. We envision the design concept of “augmented collective digital twin” that captures digital twins at a collective level extended with purely virtual devices. We argue that this concept can foster the engineering of self-organising CPS by providing a holistic, declarative, and integrated system view. Method. From a review and proposed taxonomy of logical devices comprehending both digital twins and virtual devices, we reinterpret a meta-model for self-organising CPSs and discuss how it can support augmented collective digital twins. We illustrate the approach in a crowd-aware navigation scenario, where virtual devices are opportunistically integrated into the system to enhance spatial coverage, improving navigation capabilities. Conclusion. By integrating physical and virtual devices, the novel notion of augmented collective digital twin paves the way to self-improving system functionality and intelligent use of resources in self-organising CPSs. Conclusion. By integrating physical and virtual devices, the novel notion of augmented collective digital twin paves the way to self-improving system functionality and intelligent use of resources in self-organising CPSs.","","978-1-6654-4393-7","10.1109/ACSOS-C52956.2021.00051","","https://ieeexplore.ieee.org/stamp/stamp.jsp?arnumber=9599185","cyber-physical systems;self-organisation;digital twins;virtual devices;collective systems;aggregate computing","Navigation;Digital twin;Conferences;Taxonomy","","3","","19","IEEE","18 Nov 2021","","","IEEE","IEEE Conferences"
"Substation-based self-healing system with advanced features for control and monitoring of distribution systems","D. P. Duarte; J. C. Guaraldo; H. Kagan; B. H. Nakata; P. C. Pranskevicius; A. K. Suematsu; M. M. Martinelli; M. S. Hoshina","Sinapsis Inovação em Energia, São Paulo, Brasil; Sinapsis Inovação em Energia, São Paulo, Brasil; AES Eletropaulo, São Paulo, Brasil; AES Eletropaulo, São Paulo, Brasil; Sinapsis Inovação em Energia, São Paulo, Brasil; Sinapsis Inovação em Energia, São Paulo, Brasil; AES Eletropaulo, São Paulo, Brasil; AES Eletropaulo, São Paulo, Brasil",2016 17th International Conference on Harmonics and Quality of Power (ICHQP),"15 Dec 2016","2016","","","301","305","This paper aims to describe a substation-based self-healing system with advanced features for monitoring and control of the electric grid, developed as part of the brazilian utility AES Eletropaulo's “Smart Grid Project”.","2164-0610","978-1-5090-3792-6","10.1109/ICHQP.2016.7783340","","https://ieeexplore.ieee.org/stamp/stamp.jsp?arnumber=7783340","Distribution systems;self-healing;automation;substation;smart grids","Substations;Indexes;Software;Optimization;Flowcharts;State estimation;SCADA systems","","4","","8","IEEE","15 Dec 2016","","","IEEE","IEEE Conferences"
"Research on Auto-Construction Approach for Architecture of Information System Based on Transaction Flow","J. Dan; Q. Wu; B. Yang; C. Chu","State Grid Gansu Electric Power Company, Gansu China; State Grid Gansu Electric Power Company, Gansu China; State Grid Gansu Electric Power Company, Gansu China; State Grid Gansu Electric Power Company, Gansu China",2019 3rd International Conference on Data Science and Business Analytics (ICDSBA),"30 Nov 2020","2019","","","257","260","The traditional information system architecture design needs to rely on the architect development team for centralized attack. Using this elite-centric architecture design approach, the system developed by the company is difficult to guarantee in terms of reliability with time rush, lack of elites, and lack of consideration for the future. This paper proposed an auto-construction approach for information system architecture based on transaction flow, it will lower the threshold of system architecture designing, and allow ordinary companies to design a system architecture with guaranteed reliability in a short period of time.","","978-1-7281-4644-7","10.1109/ICDSBA48748.2019.00060","","https://ieeexplore.ieee.org/stamp/stamp.jsp?arnumber=9270143","system architecture;transaction;automatic construction;reliability","Companies;Systems architecture;Information systems;Business;Reliability;Architecture;Urban areas","","","","8","IEEE","30 Nov 2020","","","IEEE","IEEE Conferences"
"Software architecture of self-organizing systems-of-systems for the Internet-of-Things with SosADL","F. Oquendo","IRISA - UMR CNRS, Univ. Bretagne, Sud, France",2017 12th System of Systems Engineering Conference (SoSE),"31 Jul 2017","2017","","","1","6","A challenging issue in the architectural design of Systems-of-Systems (SoS) for the Internet-of-Things (IoT) is how to architect an SoS in a way that the required behavior to fulfil the SoS mission will emerge. Indeed, on the one hand, at design-time, most often we do not know which are the concrete IoT systems that will become constituents of the SoS, these being predominantly identified at run-time; on the other hand, the correct architecture depends not only on the constituent systems but also, largely, on the operational environment where the SoS will be deployed. To address this challenge, this paper investigates the notion of self-organization, whose mechanism makes possible that the IoT constituent systems themselves create and maintain a valid architecture enabling the production of the required emergent behavior to fulfil the SoS mission. In particular, it describes how SosADL, a formal SoS Architecture Description Language (ADL), based on the novel π-Calculus for SoS, supports the architectural description of self-organizing SoSs for the IoT, upwardly causing SoS emergent behaviors at run-time.","","978-1-5090-5945-4","10.1109/SYSOSE.2017.7994959","","https://ieeexplore.ieee.org/stamp/stamp.jsp?arnumber=7994959","Internet-of-Things;Self-Organization;Emergence;Software Architecture;System-of-Systems","Organizations;Chaos;Computer architecture;Standards organizations;Chemistry;Entropy;Liquids","","12","","39","IEEE","31 Jul 2017","","","IEEE","IEEE Conferences"
"Real-time software module design framework for building self-adaptive robotic systems","Y. Cui; J. T. Lane; R. M. Voyles","College of Engineering, Purdue University, West Lafayette, IN, USA; College of Engineering, Purdue University, West Lafayette, IN, USA; College of Engineering, Purdue University, West Lafayette, IN, USA",2015 IEEE/RSJ International Conference on Intelligent Robots and Systems (IROS),"17 Dec 2015","2015","","","2597","2602","We proposed ReFrESH in our previous publication. It is a self-adaptive infrastructure aimed at managing the performance of multi-robot systems through dynamically diagnosing and maintaining unexpected issues of modules. To integrate ReFrESH and robotic application-level software more conveniently, it is necessary to develop a module design framework to support implementation of self-adaptive real-time software. To this end, based on the port-based object abstraction and port-automation theory, we propose the Extended Port-Based Object (E-PBO). E-PBO has two main advantages: (1) it builds the basis of a programming model to provide specific, yet flexible, guidelines to robotics application engineers for creating and integrating software modules; (2) it forms the basis of a self-adaption model to provide specific methods for evaluating the running task configuration and estimating the new but non-running task configuration (if required) without interfering with the running configuration. E-PBO has been incorporated into the Port-Based Object Real-Time Operating System (PBO/RT) and applied to a visual servoing robotic application, which is demonstrated here.","","978-1-4799-9994-1","10.1109/IROS.2015.7353731","","https://ieeexplore.ieee.org/stamp/stamp.jsp?arnumber=7353731","","Ports (Computers);Real-time systems;Operating systems;Visual servoing","","4","","12","IEEE","17 Dec 2015","","","IEEE","IEEE Conferences"
"ISO/IEC/IEEE Approved Draft Systems and software engineering -- System life cycle processes","",,ISO/IEC/IEEE FDIS P15288:2015,"2 Apr 2015","2015","","","1","122","This International Standard establishes a common process framework for describing the lifecycle of man-made systems. It defines a set of processes and associated terminology for the full life cycle, including conception, development, production, utilization, support and retirement. This standard also supports the definition, control, assessment, and improvement of these processes. These processes can be applied concurrently, iteratively, and recursively to a system and its elements throughout the life cycle of a system.","","978-0-7381-9632-9","","","https://ieeexplore.ieee.org/stamp/stamp.jsp?arnumber=7073541","acquisition;agreement;architectural design;assessment;audit;configuration management;decision management;development;disposal;enabling system;implementation;information management;infrastructure;integration;life cycle;life cycle model;life cycle stages;maintenance;measurement;operation;planning;process;process improvement;process reference model;process tailoring;processview;product;project portfolio;quality management;requirements;retirement;risk management;service;stages;stakeholder requirements;supply;system;system structure;system-of-interest;tailoring;transition;validation;verification","IEEE standards;IEC Standards;ISO Standards;Software engineering;Product life cycle management;Software architecture;Process control","","2","","","","2 Apr 2015","","","IEEE","IEEE Standards"
"Auto-Derivation of Functional Flow Block Diagrams from System Architecture using the eSAM Method","C. B. Watkins; J. Varghese; M. Knight; J. Ross; J. Kahn; B. Petteys","Gulfstream Aerospace Corporation, Savannah, GA, U.S.; Gulfstream Aerospace Corporation, Savannah, GA, U.S.; Gulfstream Aerospace Corporation, Savannah, GA, U.S.; The MathWorks, Inc., Natick, Massachusetts, U.S.; The MathWorks, Inc., Novi, Michigan, U.S.; The MathWorks, Inc., Natick, Massachusetts, U.S.",2023 IEEE/AIAA 42nd Digital Avionics Systems Conference (DASC),"10 Nov 2023","2023","","","1","10","The Electronic System Architecture Modeling (eSAM) method is a new model-based systems engineering (MBSE) approach for modeling system architectures. eSAM was created to effectively model Integrated Modular Avionics (IMA) architectures but is not limited to IMA applications. eSAM leverages a distributed modeling approach, where hosted systems are independently modeled by system owners and allocated to the IMA platform by the IMA system integrator.This paper details a novel method for auto-deriving and generating a bottom-up Functional Flow Block Diagram (FFBD). eSAM provides a continuously updated model of functional dependencies at the functional data exchange level. This model is automatically derived from the eSAM hybrid logical/physical system architecture model and associated functional allocations. This addresses a key challenge of maintaining functional analyses since functional dependencies evolve during the development cycles, requiring the FFBDs to be updated periodically. Due to lagging diagram maintenance, FFBDs typically do not accurately represent the detailed system design until the end of system development when the design stabilizes. In contrast, eSAM provides auto-drawn views of FFBDs throughout development, minimizing the overhead of manually synchronizing model views and providing confidence that the FFBD represents the current, detailed component-level system model. eSAM has been implemented using the MathWorks System Composer™ tool, and a custom eSAM toolbox was generated to provide this FFBD capability.","2155-7209","979-8-3503-3357-2","10.1109/DASC58513.2023.10311180","","https://ieeexplore.ieee.org/stamp/stamp.jsp?arnumber=10311180","modeling;system architecture;FFBD;functional flow block diagram;MBSE;model-based systems engineering;System Composer;eSAM;Electronic System Architecture Modeling","Decentralized control;Systems architecture;System integration;Manuals;Aerospace electronics;Maintenance engineering;Data models","","4","","7","IEEE","10 Nov 2023","","","IEEE","IEEE Conferences"
"Use of Virtual Reality to Improve Engagement and Self-Efficacy in Architectural Engineering Disciplines","E. Erdogmus; E. Ryherd; H. A. Diefes-Dux; C. Armwood-Gordon","School of Building Construction, Georgia Institute of Technology, Atlanta, NE, USA; Durham School of Architectural Eng. and Construction, University of Nebraska-Lincoln, Linocln, NE, USA; Biological Systems Engineering, University of Nebraska-Lincoln, Lincoln, NE, USA; Civil and Architectural Eng., Tennessee State University, Nashville, TN, USA",2021 IEEE Frontiers in Education Conference (FIE),"20 Dec 2021","2021","","","1","7","This Innovative Practice Full Paper presents findings from the implementation of a virtual reality-based learning module. In the Fall of 2020, a prototype for a novel intervention namely, Virtual/Augmented-Reality-Based Discipline Exploration Rotations (VADERs), was offered as part of the first-year Introduction to Architectural Engineering (AE) classes at two universities. VADERs will ultimately be a collection of modules that are designed to improve student engagement and diversity-awareness by providing interactive virtual explorations of an engineering discipline and its sub-disciplines. VADERs utilize an open source, device-agnostic, and browser-based three-dimensional Virtual Reality (VR) platform, creating unique accessibility, synchronous social affordances, and media asset flexibility. The conjecture explored in this paper is: Having first-year engineering students experience Architectural Engineering and its sub-disciplines through an interactive VADER module, will improve their self-efficacy in regards to their commitment to studying the discipline. A total of 89 students participated in the VADER pilot in Fall 2020. Complete data was collected from 67 of these participants in the form of pre- and post-surveys, and final project deliverables. Results tied to the hypothesis and recommendations for future related work are discussed.","2377-634X","978-1-6654-3851-3","10.1109/FIE49875.2021.9637182","","https://ieeexplore.ieee.org/stamp/stamp.jsp?arnumber=9637182","Virtual reality;Architectural Engineering;Self-efficacy;First-year","Conferences;Affordances;Prototypes;Virtual reality;Media;Engineering students","","4","","40","IEEE","20 Dec 2021","","","IEEE","IEEE Conferences"
"Self-awareness in Cyber-Physical Systems: Recent Developments and Open Challenges","L. Esterle; N. Dutt; C. Gruhl; P. R. Lewis; L. Marcenaro; C. Regazzoni; A. Jantsch","Aarhus University and DIGIT, Aarhus, Denmark; University of California, Irvine, CA, USA; Univeristy of Kassel, Kassel, Germany; Ontario Tech University, Toronto, Canada; University of Genoa, Genoa, Italy; University of Genoa, Genoa, Italy; TU Wien, Vienna, Austria","2023 Design, Automation & Test in Europe Conference & Exhibition (DATE)","2 Jun 2023","2023","","","1","6","Self-aware computing systems enable computing systems to reflect on their actions and behavior. This becomes even more relevant in Cyber-Physical Systems where computing systems have to control and interact with elements in the real world. This paper reports on recent advances made in computational self-awareness for cyber-physical systems.","1558-1101","979-8-3503-9624-9","10.23919/DATE56975.2023.10137197","","https://ieeexplore.ieee.org/stamp/stamp.jsp?arnumber=10137197","self-awareness;cyber-physical systems;reflection;autonomy","Cyber-physical systems;Control systems;Behavioral sciences;Self-aware","","1","","45","","2 Jun 2023","","","IEEE","IEEE Conferences"
"Towards Integrating Undependable Self-Adaptive Systems in Safety-Critical Environments","G. Weiss; P. Schleiss; D. Schneider; M. Trapp","Fraunhofer ESK, Munich, Germany; Fraunhofer ESK, Munich, Germany; Fraunhofer ESK, Munich, Germany; Fraunhofer ESK, Munich, Germany",2018 IEEE/ACM 13th International Symposium on Software Engineering for Adaptive and Self-Managing Systems (SEAMS),"30 Dec 2018","2018","","","26","32","Modern cyber-physical systems (CPS) integrate more and more powerful computing power to master novel applications and adapt to changing situations. A striking example is the recent progression in the automotive market towards autonomous driving. Powerful artificial intelligent algorithms must be executed on high performant parallelized platforms. However, this cannot be employed in a safe way, as the platforms stemming from the consumer electronics (CE) world still lack required dependability and safety mechanisms. In this paper, we present a concept to integrate undependable self-adaptive subsystems into safety-critical environments. For this, we introduce self-adaptation envelopes which manage undependable system parts and integrate within a dependable system. We evaluate our approach by a comprehensive case study of autonomous driving. Thereby, we show that the potential failures of the AUTOSAR Adaptive platform as exemplary undependable system can be handled by our concept. In overall, we outline a way of integrating inherently undependable adaptive systems into safety-critical CPS.","2157-2305","978-1-4503-5715-9","","","https://ieeexplore.ieee.org/stamp/stamp.jsp?arnumber=8595377","Self-Adaptive;Cyber-Physical Systems;Autonomous Driving;AU-TOSAR Adaptive","Synthetic aperture sonar;Safety;Autonomous vehicles;Monitoring;Automotive engineering;Adaptive systems;Runtime","","2","","27","","30 Dec 2018","","","IEEE","IEEE Conferences"
"A Testing Scheme for Self-Adaptive Software Systems with Architectural Runtime Models","J. Hänsel; T. Vogel; H. Giese","Hasso Plattner Institute for Software Systems Engineering at the University of Potsdam, Potsdam, Germany; Hasso Plattner Institute for Software Systems Engineering at the University of Potsdam, Potsdam, Germany; Hasso Plattner Institute for Software Systems Engineering at the University of Potsdam, Potsdam, Germany",2015 IEEE International Conference on Self-Adaptive and Self-Organizing Systems Workshops,"29 Oct 2015","2015","","","134","139","Self-adaptive software systems (SASS) are equipped with feedback loops to adapt autonomously to changes of the software or environment. In established fields, such as embedded software, sophisticated approaches have been developed to systematically study feedback loops early during the development. In order to cover the particularities of feedback, techniques like one-way and in-the-loop simulation and testing have been included. However, a related approach to systematically test SASS is currently lacking. In this paper we therefore propose a systematic testing scheme for SASS that allows engineers to test the feedback loops early in the development by exploiting architectural runtime models. These models that are available early in the development are commonly used by the activities of a feedback loop at runtime and they provide a suitable high-level abstraction to describe test inputs as well as expected test results. We further outline our ideas with some initial evaluation results by means of a small case study.","","978-1-4673-8439-1","10.1109/SASOW.2015.27","","https://ieeexplore.ieee.org/stamp/stamp.jsp?arnumber=7306570","","Adaptation models;Testing;Software;Runtime;Feedback loop;Monitoring;Analytical models","","11","","23","IEEE","29 Oct 2015","","","IEEE","IEEE Conferences"
"On Architectural Diversity of Dynamic Adaptive Systems","H. Song; A. Elgammal; V. Nallur; F. Chauvel; F. Fleurey; S. Clarke","SINTEF ICT, Oslo, Norway; Trinity College, Distributed Systems Group, Dublin, Ireland; Trinity College, Distributed Systems Group, Dublin, Ireland; SINTEF ICT, Oslo, Norway; SINTEF ICT, Oslo, Norway; Trinity College, Distributed Systems Group, Dublin, Ireland",2015 IEEE/ACM 37th IEEE International Conference on Software Engineering,"17 Aug 2015","2015","2","","595","598","We introduce a novel concept of ``architecture diversity'' for adaptive systems and posit that increased diversity has an inverse correlation with adaptation costs. We propose an index to quantify diversity and a static method to estimate the adaptation cost, and conduct an initial experiment on an exemplar cloud-based system which reveals the posited correlation.","1558-1225","978-1-4799-1934-5","10.1109/ICSE.2015.201","","https://ieeexplore.ieee.org/stamp/stamp.jsp?arnumber=7203021","software architecture;software diversity;self-adaptive systems;constraint solving","Computer architecture;Diversity reception;Context;Indexes;Routing;Software;Adaptive systems","","5","","8","IEEE","17 Aug 2015","","","IEEE","IEEE Conferences"
"The State of the Art of Emergent Software Systems","A. Shatnawi; E. Faye; B. Rima; Z. A. Shara; A. -D. Seriai","Direction of Research and Innovation, Berger-Levrault, Mauguio, France; Direction of Research and Innovation, Berger-Levrault, Mauguio, France; Direction of Research and Innovation, Berger-Levrault, Mauguio, France; Department of Software Engineering, Jordan University of Science and Technology, Irbid, Jordan; Department of Software Engineering, Jordan University of Science and Technology, Irbid, Jordan",IEEE Access,"1 Mar 2024","2024","12","","31808","31823","Emergent Software Systems (ESSs) are designed to reduce the initial effort in creating autonomous solutions and fully adaptive support systems that can autonomously learn the system’s structure and operating environment without predefined knowledge. These models notably minimize/exclude the involvement of developers in the composition, maintenance, and evolution of software systems. Despite extensive research on self-adaptive systems, systematic reviews focusing specifically on ESSs are lacking. This paper addresses this gap by performing a systematic literature review on ESSs. Our goal is to equip researchers and industry practitioners with a comprehensive view of existing ESSs, enabling them to select approaches that meet their requirements and identify potential research avenues. The research questions are centered around knowing what ESSs are and identifying the set of activities essential for their creation. From an initial collection of 496 papers identified through search engines, 39 papers met our inclusion and exclusion criteria for retention and in-depth analysis. Finally, we build a taxonomy to categorize existing ESS approaches and dissect various ESS definitions to pinpoint their main characteristics. The taxonomy is structured around the goals, processes and usability of ESSs. Our research reveals an emphasis on non-functional adaptation objectives within current ESSs. Despite this focus, the majority of existing ESSs are still in the proof-of-concept phase and have undergone minimal testing in industrial settings. While present ESS investigations largely revolve around areas such as web service computing, internet of things, and cyber-physical systems, we advocate for further exploration of their potential utility in other application domains such as robotics, aerospace, and unmanned vehicles.","2169-3536","","10.1109/ACCESS.2024.3369903","","https://ieeexplore.ieee.org/stamp/stamp.jsp?arnumber=10445183","Emergent software systems;automatic computing;self-learning;self-adaptation","Software systems;Adaptation models;Usability;Systematics;Monitoring;Maintenance engineering;Computers;Self-supervised learning;Learning systems;Autonomous systems","","1","","51","CCBYNCND","26 Feb 2024","","","IEEE","IEEE Journals"
"Energy Efficiency Through Architectural Tactics for Self-Adaptive Cloud Systems","H. Medeiros","SAMOVAR, Télécom SudParis, Institut Polytechnique de Paris, Palaiseau, France",2025 IEEE/ACM 47th International Conference on Software Engineering: Companion Proceedings (ICSE-Companion),"13 Jun 2025","2025","","","193","195","[CONTEXT] Cloud computing provides many benefits, such as virtualization, high availability, low cost of maintenance, and elasticity. These characteristics provide a flexible resource management, transparent to users, giving the illusion of access to almost unlimited resources. [PROBLEM] The increase of the energy consumption of cloud environments turns light over the amount of hardware resources provisioned in virtual machines. Self-adaptive systems are designed as a way to avoid and correct, under certain constraints, the degradation of quality of service (QoS) of software during its execution, which may be due to changes in environmental conditions. Self-adaptation brings elasticity to cloud-based applications by providing various configurations, thus avoiding the degradation of their QoS. Recent works in the literature on self-adaptive cloud systems (SACS) mainly focus on the analysis of the CPU usage and resource allocation for running cloud applications, neglecting the analysis of their impact on energy consumption. [OBJECTIVE] This PhD proposes to investigate how to integrate energy efficiency and energy awareness, as QoS criteria, in a selfadaptive architecture for cloud applications. [METHODOLOGY] It implies to study what are the necessary elements of a self-adaptive architecture of cloud applications at design-time, and how these elements should be exploited at run-time to ensure energy efficiency without impacting the performance of cloud applications.","2574-1934","979-8-3315-3683-1","10.1109/ICSE-Companion66252.2025.00058","French National Research Agency(grant numbers:ANR-23-PECL-0003); ","https://ieeexplore.ieee.org/stamp/stamp.jsp?arnumber=11024421","energy efficiency;energy awareness;cloud computing;microservice;self-adaptive systems;cloud application","Degradation;Cloud computing;Quality of service;Computer architecture;Elasticity;Energy efficiency;Virtual machines;Software;Resource management;Software engineering","","","","24","IEEE","13 Jun 2025","","","IEEE","IEEE Conferences"
"Self-Organised Construction with Revit","S. Edenhofer; S. Rädler; M. Hoß; S. Von Mammen","Organic Computing Group, University of Augsburg, Augsburg, Germany; Organic Computing Group, University of Augsburg, Augsburg, Germany; Universitat Augsburg, Augsburg, Bayern, DE; Organic Computing Group, University of Augsburg, Augsburg, Germany",2016 IEEE 1st International Workshops on Foundations and Applications of Self* Systems (FAS*W),"19 Dec 2016","2016","","","160","161","Due to innovations in software, robotics and 3D printing, self-organised construction is within reach. It bears great potential for the automatic generation of a wide variety of designs, their integration into the built environment, their structural and automatised optimisation, as well as their dynamic adaptation over long periods of time. In this paper, motivated by the latest empirical findings on the construction methods of social insects, we present a software pipeline for the generation of architectural designs based on self-organisation. A probabilistic, grid-based multi-agent system that implements a flexible stigmergy-based behavioural construction model generates three-dimensional structures. Next, the generated structures could be evaluated in terms of their energy efficiency and these results be fed into an optimisation engine to improve the local behaviours of the construction agents. For visualisation and evaluation of the generated designs we utilise the API of the framework Revit 2016, a software for Building Information Modelling (BIM) provided by Autodesk.","","978-1-5090-3651-6","10.1109/FAS-W.2016.44","","https://ieeexplore.ieee.org/stamp/stamp.jsp?arnumber=7789461","self-organisation;architecture;design;construction;self-organised construction;revit;autodesk;fusion360","Buildings;Software;Optimization;Robot kinematics;Pipelines;Algorithm design and analysis","","","","14","IEEE","19 Dec 2016","","","IEEE","IEEE Conferences"
"Research on Real-Time Deepfake Image Detection System Based on a Self-Supervised Learning Framework","Z. Guo; Z. Li; Y. Peng; X. Kong","School of Computer Science and Technology, Xinjiang University, Urumqi, China; School of Computer Science and Technology, Xinjiang University, Urumqi, China; School of Computer Science and Technology, Xinjiang University, Urumqi, China; School of Computer Science and Technology, Xinjiang University, Urumqi, China",2024 6th International Academic Exchange Conference on Science and Technology Innovation (IAECST),"21 Aug 2025","2024","","","631","634","The rapid evolution of deepfake technology raises significant security and ethical concerns, as its potential misuse could lead to the spread of disinformation. In this study, we propose an advanced real-time deepfake image detection system based on a self-supervised learning framework. The model is based on the most advanced visual transformers (ViTs) and integrates contrastive representation learning in order to effectively distinguish between manipulated content and real images. Furthermore, we have incorporated a temporal consistency module that leverages subtle temporal artefacts to enhance the precision of detection, particularly in video frame sequences. The architectural design is devised to capture spatial and temporal anomalies, thereby ensuring robust detection performance in real-time scenarios. The experimental outcomes on benchmark datasets of Celeb-DF demonstrate that the proposed model exhibits a notable superiority to the existing deepfake detection methods in terms of accuracy and efficiency.","","979-8-3315-0713-8","10.1109/IAECST64597.2024.11118130","","https://ieeexplore.ieee.org/stamp/stamp.jsp?arnumber=11118130","Deepfake detection;self-supervised learning;Visual Transformers;Contrast means learning","Representation learning;Deepfakes;Visualization;Technological innovation;Self-supervised learning;Transformers;Real-time systems;Calibration;Security;Reliability","","","","10","IEEE","21 Aug 2025","","","IEEE","IEEE Conferences"
"Wave II: Architecture‐based Adaptation","D. Weyns",NA,An Introduction to Self-adaptive Systems: A Contemporary Software Engineering Perspective,"","2020","","","63","88","Architecture‐based adaptation provides an answer to the need for a systematic engineering perspective to automate management tasks. This chapter elaborates on the motivation for an architectural perspective to self‐adaptation. It focuses on a three‐layer model that defines the basic activities of a self‐adaptive system and allocates the essential concerns of self‐adaptation to the different activities. The chapter discusses the use of an architectural model that provides the appropriate perspective on the managed system and its environment, enabling a managing system to reason about self‐adaptation. It illustrates how an architectural model is applied in an example of a self‐adaptive Web‐based client‐server system. Finally, the chapter presents a comprehensive reference model for self‐adaptation that integrates the different architectural aspects of self‐adaptive systems, i.e. reflection, MAPE‐K and distribution.","","9781119574934","10.1002/9781119574910.ch5","","https://ieeexplore.ieee.org/xpl/ebooks/bookPdfWithBanner.jsp?fileName=9261305.pdf&bkn=9261286&pdfType=chapter","","Adaptation models;Software architecture;Protocols;Software systems;Cognition;Robot sensing systems","","","","","","17 Nov 2020","","","IEEE","Wiley-IEEE Press eBook Chapters"
"Driver's Drowsiness Monitoring and Alarming Auto-System Based on EOG Signals","A. A. Hayawi; J. Waleed","Department of Computer Science, College of Science, University of Diyala, Diyala, Iraq; Department of Computer Science, College of Science, University of Diyala, Diyala, Iraq",2019 2nd International Conference on Engineering Technology and its Applications (IICETA),"28 Feb 2020","2019","","","214","218","The main reason for road accidents is the driver's drowsiness which leads to a considerable number of car crashes, injuries, lots of fatalities, and significant economic losses. Driver's drowsiness is represented as a state which varies between sleep and wakefulness, that decreases cognitive skills and impacts the capability of performing the task of driving. This serious issue needs to develop an effective vigilance monitoring system capable of decreasing accidents by alerting the driver under various bad driving situations. For detecting drowsiness, vehicle-based methods (such as estimating the level of drowsiness depending on the movements of the steering wheel), behavioral-based methods (detecting the driver visual features using various resources such as facial expressions, eye movements, head movements, etc.), and physiologic-based methods (detecting the earlier stages of driver's drowsiness depending on physiological signals) can be utilized. This paper is focused on the designing and implementation of a driver assistance system which includes a driver's monitoring and alarming by using intrusive acquisition methods, called Electrooculography (EOG) signals. An embedded system based on ATmega2560 microcontroller on the Arduino board has been used to implement the EOG signal acquisition circuit. The developed system used several measurements to extract the features from EOG signals which makes it very sensitive to detect the driver's drowsiness. Furthermore, K Nearest Neighbors classifier (KNN) is used to give good accuracies. This system creates a low-cost device capable of quickly alerting the driver to ensure their safety. The experimental results show the efficiency and reliability of the proposed driver assistance system.","","978-1-7281-4105-3","10.1109/IICETA47481.2019.9013000","","https://ieeexplore.ieee.org/stamp/stamp.jsp?arnumber=9013000","Driver's drowsiness;monitoring and alarming auto-system;physiological signals;Electrooculography (EOG)","Electrooculography;Feature extraction;Vehicles;Accidents;Sleep;Electrodes;Monitoring","","24","","12","IEEE","28 Feb 2020","","","IEEE","IEEE Conferences"
"Micro-controllers: Promoting Structurally Flexible Controllers in Self-Aware Computing Systems","B. R. Siqueira; F. C. Ferrari; T. Vogel; R. d. Lemos","Federal University of São Carlos; Federal University of São Carlos; Humboldt-Universität zu Berlin; School of Computing, University of Kent",2020 IEEE International Conference on Autonomic Computing and Self-Organizing Systems Companion (ACSOS-C),"15 Sep 2020","2020","","","188","193","To promote structurally flexible controllers in systems such as self-aware computing systems, this paper proposes the use of micro-controllers. Instead of generic monolithic controllers, like Rainbow, we advocate the use of service-specific micro-controllers which can be based on microservices. Although traditional generic controllers can be configured parametrically according to system needs, their use and reuse are nevertheless restrictive because of the wide range of services expected from the different stages of the feedback control loop. The solution being advocated is to have structurally flexible controllers that can be composed from micro-controllers. Controlling the architectural configuration of these micro-controllers is a meta-controller that is able to conFigure the controller according to the services required for controlling the target system. The feasibility of the proposed approach is demonstrated using the PhoneAdapter case study in which micro-controllers are configured at run-time depending on changes affecting the system or its environment.","","978-1-7281-8414-2","10.1109/ACSOS-C51401.2020.00054","","https://ieeexplore.ieee.org/stamp/stamp.jsp?arnumber=9196296","self-aware computing systems;self-adaptive software systems;feedback control loop;flexible controller","Smart phones;Control systems;Sensor systems;Probes;Software systems;Vibrations","","","","25","IEEE","15 Sep 2020","","","IEEE","IEEE Conferences"
"An Overview of Design Patterns for Self-Adaptive Systems in the Context of the Internet of Things","C. Krupitzer; T. Temizer; T. Prantl; C. Raibulet","Software Engineering Group, Julius-Maximilians-Universität, Würzburg, Germany; Chair of Information Systems II, Universität Mannheim, Mannheim, Germany; Software Engineering Group, Julius-Maximilians-Universität, Würzburg, Germany; Dipartimento di Informatica, Sistemistica e Comunicazione, Universitá degli Studi di Milano-Bicocca, Milan, Italy",IEEE Access,"20 Oct 2020","2020","8","","187384","187399","The Internet of Things (IoT) requires the integration of all available, highly specialized, and heterogeneous devices, ranging from embedded sensor nodes to servers in the cloud. The self-adaptive research domain provides adaptive capabilities that can support the integration in IoT systems. However, developing such systems is a challenging, error-prone, and time-consuming task. In this context, design patterns propose already used and optimized solutions to specific problems in various contexts. Applying design patterns might help to reuse existing knowledge about similar development issues. However, so far, there is a lack of taxonomies on design patterns for self-adaptive systems. To tackle this issue, in this paper, we provide a taxonomy on design patterns for self-adaptive systems that can be transferred to support adaptivity in IoT systems. Besides describing the taxonomy and the design patterns, we discuss their applicability in an Industrial IoT case study.","2169-3536","","10.1109/ACCESS.2020.3031189","Open Access Publication Fund of the University of Würzburg; ","https://ieeexplore.ieee.org/stamp/stamp.jsp?arnumber=9223653","Design patterns;Internet of Things;IoT;self-adaptive systems;software engineering","Synthetic aperture sonar;Software;Internet of Things;Monitoring;Taxonomy;Uncertainty;Software engineering","","31","","100","CCBY","14 Oct 2020","","","IEEE","IEEE Journals"
"An Autonomous Transportation System Architecture Mapping Relation Generation Method Based on Text Analysis","Z. Deng; C. Xiong; M. Cai","School of Intelligent Systems Engineering, Sun Yat-sen University, Shenzhen, China; School of Intelligent Systems Engineering, Sun Yat-sen University, Shenzhen, China; School of Intelligent Systems Engineering, Sun Yat-sen University, Shenzhen, China",IEEE Transactions on Computational Social Systems,"30 Nov 2022","2022","9","6","1768","1776","Information technology and personalized demands are driving the transportation system from passive transportation to active service provision. Autonomous transportation systems (ATSs) are resultantly emerging. A strongly related system architecture can effectively support the planning, construction, and operation of ATS. The current research on the relationship between architectures focuses on the definition of elements and the description of interfaces; however, insufficient research has examined the mapping relationship of the architectural elements. Therefore, to construct a set of architecture systems with explicit mapping relationships, we proposed an information flow (IF) extraction method based on data flow (DF) text to realize automated mapping between logical DF and physical IF. First, to better describe the ATS, we deconstructed the system with service as the basic unit, introduced the structure and constituent elements of the logical and physical architecture, and summarized the mapping principles of the architectural elements. Next, we extracted the DF set based on flow attributes and implemented the vectorization of the DF text. Then, we obtained the similarity of the DFs through text semantic analysis and completed the identification of similar DFs. Finally, to realize the independent construction of IF, we designed a graph-based DF aggregation method to complete the automated mapping of architectural elements. Experimental results showed that the construction method of IF proposed in this article met the requirements of ATS architecture and could effectively support the design and construction of the ATS architecture system.","2329-924X","","10.1109/TCSS.2022.3162345","National Key Research and Development Program of China(grant numbers:2020YFB1600400); ","https://ieeexplore.ieee.org/stamp/stamp.jsp?arnumber=9753675","Automated aggregation;autonomous transportation system (ATS);logical and physical architecture;text-similarity analysis","Computer architecture;Transportation;Microarchitecture;Systems architecture;Semantics;Marine vehicles;Intelligent systems","","11","","28","IEEE","8 Apr 2022","","","IEEE","IEEE Journals"
"Rigorous Architectural Reasoning for Self-Adaptive Software Systems","N. Abbas; J. Andersson; M. U. Iftikhar; D. Weyns","AdaptWise, Linnaeus University, Sweden; AdaptWise, Linnaeus University, Sweden; AdaptWise, Linnaeus University, Sweden; AdaptWise, Linnaeus University, Sweden",2016 Qualitative Reasoning about Software Architectures (QRASA),"2 Jun 2016","2016","","","11","18","Designing a software architecture requires architectural reasoning, i.e., activities that translate requirements to an architecture solution. Architectural reasoning is particularly challenging in the design of product-lines of self-adaptive systems, which involve variability both at development time and runtime. In previous work we developed an extended Architectural Reasoning Framework (eARF) to address this challenge. However, evaluation of the eARF showed that the framework lacked support for rigorous reasoning, ensuring that the design complies to the requirements. In this paper, we introduce an analytical framework that enhances eARF with such support. The framework defines a set of artifacts and a series of activities. Artifacts include templates to specify domain quality attribute scenarios, concrete models, and properties. The activities support architects with transforming requirement scenarios to architecture models that comply to required properties. Our focus in this paper is on architectural reasoning support for a single product instance. We illustrate the benefits of the approach by applying it to an example client-server system, and outline challenges for future work.","","978-1-5090-2672-2","10.1109/QRASA.2016.9","","https://ieeexplore.ieee.org/stamp/stamp.jsp?arnumber=7484101","architectural reasoning;self-adaptive software systems;formal methods","Cognition;Servers;Computer architecture;Analytical models;Time factors;Automata;Multimedia communication","","6","","24","IEEE","2 Jun 2016","","","IEEE","IEEE Conferences"
"A correct by construction approach for modeling and formalizing self-adaptive systems","M. Hachicha; E. Dammak; R. B. Halima; A. H. Kacem","ReDCAD Laboratory, University of Sfax, Tunisia; ReDCAD Laboratory, University of Sfax, Tunisia; ReDCAD Laboratory, University of Sfax, Tunisia; ReDCAD Laboratory, University of Sfax, Tunisia","2016 17th IEEE/ACIS International Conference on Software Engineering, Artificial Intelligence, Networking and Parallel/Distributed Computing (SNPD)","21 Jul 2016","2016","","","379","384","Self-adaptive systems adapt their own behavior autonomously in order to control the satisfaction of their requirements under changing environmental conditions. MAPE (Monitor, Analyze, Plan and Execute) control loops have been used as important models for realizing self-adaptation. Adaptive systems are generally more difficult to design, specify and verify due to their high complexity. In this paper, we propose a formal refinement approach that aims first to model self-adaptive systems based on MAPE control loop. Second, our approach aims to formally specify self-adaptive systems at a high level of abstraction using the Event-B method providing correct by construction software. This formal specification provides a way to verify correctness of self-adaptive systems regarding a number of criteria. We provide a software tool (as an Eclipse plug-in) that supports designers in their architectural choices by defining a set of patterns describing the different ways of organizing MAPE loops, such as Master/Slave, coordinated control and hierarchical control. We illustrate our approach within a marine monitoring environment case study for validation purpose.","","978-1-5090-2239-7","10.1109/SNPD.2016.7515928","","https://ieeexplore.ieee.org/stamp/stamp.jsp?arnumber=7515928","Self-adaptive systems;MAPE control loop;Design patterns;Event-B method;UML profile","Unified modeling language;Monitoring;Adaptation models;Temperature sensors;Context;Probes;Temperature measurement","","6","","12","IEEE","21 Jul 2016","","","IEEE","IEEE Conferences"
"Platform-Centric Self-Awareness as a Key Enabler for Controlling Changes in CPS","M. Möstl; J. Schlatow; R. Ernst; N. Dutt; A. Nassar; A. Rahmani; F. J. Kurdahi; T. Wild; A. Sadighi; A. Herkersdorf","Institute of Computer and Network Engineering, Technische Universität Braunschweig, Braunschweig, Germany; Institute of Computer and Network Engineering, Technische Universität Braunschweig, Braunschweig, Germany; Institute of Computer and Network Engineering, Technische Universität Braunschweig, Braunschweig, Germany; Center for Embedded & Cyber–physical Systems, University of California at Irvine, Irvine, CA, USA; Center for Embedded & Cyber–physical Systems, University of California at Irvine, Irvine, CA, USA; Center for Embedded & Cyber–physical Systems, University of California at Irvine, Irvine, CA, USA; Center for Embedded & Cyber–physical Systems, University of California at Irvine, Irvine, CA, USA; Chair for Integrated Systems, Technische Universität München, Munich, Germany; Chair for Integrated Systems, Technische Universität München, Munich, Germany; Chair for Integrated Systems, Technische Universität München, Munich, Germany",Proceedings of the IEEE,"17 Sep 2018","2018","106","9","1543","1567","Future cyber-physical systems will host a large number of coexisting distributed applications on hardware platforms with thousands to millions of networked components communicating over open networks. These applications and networks are subject to continuous change. The current separation of design process and operation in the field will be superseded by a life-long design process of adaptation, infield integration, and update. Continuous change and evolution, application interference, environment dynamics and uncertainty lead to complex effects which must be controlled to serve a growing set of platform and application needs. Self-adaptation based on self-awareness and self-configuration has been proposed as a basis for such a continuous in-field process. Research is needed to develop automated in-field design methods and tools with the required safety, availability, and security guarantees. The paper shows two complementary use cases of self-awareness in architectures, methods, and tools for cyber-physical systems. The first use case focuses on safety and availability guarantees in self-aware vehicle platforms. It combines contracting mechanisms, tool based self-analysis and self-configuration. A software architecture and a runtime environment executing these tools and mechanisms autonomously are presented including aspects of self-protection against failures and security threats. The second use case addresses variability and long term evolution in networked MPSoC integrating hardware and software mechanisms of surveillance, monitoring, and continuous adaptation. The approach resembles the logistics and operation principles of manufacturing plants which gave rise to the metaphoric term of an Information Processing Factory that relies on incremental changes and feedback control. Both use cases are investigated by larger research groups. Despite their different approaches, both use cases face similar design and design automation challenges which will be summarized in the end. We will argue that seemingly unrelated research challenges, such as in machine learning and security, could also profit from the methods and superior modeling capabilities of self-aware systems.","1558-2256","","10.1109/JPROC.2018.2858023","Deutsche Forschungsgemeinschaft(grant numbers:FOR1800,ER168/32-1,HE4584/7-1); National Science Foundation(grant numbers:CCF-1704859); ","https://ieeexplore.ieee.org/stamp/stamp.jsp?arnumber=8466995","Cyber-physical systems;design automation;embedded systems;self-awareness","Cyber-physical systems;Safety;Computer security;Design automation;Embedded systems;Surveillance","","24","","80","CCBY","17 Sep 2018","","","IEEE","IEEE Journals"
"Towards Self-Adaptive Machine Learning-Enabled Systems Through QoS-Aware Model Switching","S. Kulkarni; A. Marda; K. Vaidhyanathan","Software Engineering Research Center, IIIT Hyderabad, India; Software Engineering Research Center, IIIT Hyderabad, India; Software Engineering Research Center, IIIT Hyderabad, India",2023 38th IEEE/ACM International Conference on Automated Software Engineering (ASE),"8 Nov 2023","2023","","","1721","1725","Machine Learning (ML), particularly deep learning, has seen vast advancements, leading to the rise of Machine Learning-Enabled Systems (MLS). However, numerous software engineering challenges persist in propelling these MLS into production, largely due to various run-time uncertainties that impact the overall Quality of Service (QoS). These uncertainties emanate from ML models, software components, and environmental factors. Self-adaptation techniques present potential in managing run-time uncertainties, but their application in MLS remains largely unexplored. As a solution, we propose the concept of a Machine Learning Model Balancer, focusing on managing uncertainties related to ML models by using multiple models. Subsequently, we introduce AdaMLS, a novel self-adaptation approach that leverages this concept and extends the traditional MAPE-K loop for continuous MLS adaptation. AdaMLS employs lightweight unsupervised learning for dynamic model switching, thereby ensuring consistent QoS. Through a self-adaptive object detection system prototype, we demonstrate AdaMLS's effectiveness in balancing system and model performance. Preliminary results suggest AdaMLS surpasses naive and single state-of-the-art models in QoS guarantees, heralding the advancement towards self-adaptive MLS with optimal OoS in dynamic environments.","2643-1572","979-8-3503-2996-4","10.1109/ASE56229.2023.00172","","https://ieeexplore.ieee.org/stamp/stamp.jsp?arnumber=10298425","Self Adaptation;Self-adaptive systems;Software Architecture;ML-Enabled Systems;ML4SA;Unsupervised Learning;Object Detection","Adaptation models;Uncertainty;Biological system modeling;Quality of service;Switches;Object detection;Software","","8","","32","IEEE","8 Nov 2023","","","IEEE","IEEE Conferences"
"Fault-Tolerance of Self-Timed Circuits","Y. A. Stepchenkov; A. N. Kamenskih; Y. G. Diachenko; Y. V. Rogdestvenski; D. Y. Diachenko","Department of architectural an schematic basis of the innovative computational systems, Institute of Informatics Problems, Moscow, Russian Federation; Department of Automation and remote control, Perm National Research Polytechnic University, Perm, Russian Federation; Department of architectural an schematic basis of the innovative computational systems, Institute of Informatics Problems, Moscow, Russian Federation; Department of architectural an schematic basis of the innovative computational systems, Institute of Informatics Problems, Moscow, Russian Federation; Department of architectural an schematic basis of the innovative computational systems, Institute of Informatics Problems, Moscow, Russian Federation","2019 10th International Conference on Dependable Systems, Services and Technologies (DESSERT)","25 Jul 2019","2019","","","41","44","The paper discusses a fault-tolerance problem for digital integrated circuits. Due to their properties, self-timed circuits, unlike synchronous counterparts, are immune towards the greater part of the short-term logical faults. Indication of an illegal state of the dual-rail signal as second spacer increases fault-tolerance of the combinational self-timed circuits up to 82%. Self-timed triggers, due to their indication features, are immune to 44% logical faults. The use of special methods of doubling transistors and bistable cells, which are the basis of the self-timed triggers, enhances their fault-tolerance up to 80%.","","978-1-7281-1733-1","10.1109/DESSERT.2019.8770047","","https://ieeexplore.ieee.org/stamp/stamp.jsp?arnumber=8770047","fault-tolerance;self-timed circuits;spacer;indication;diphase","Circuit faults;Switches;Transistors;Fault tolerance;Fault tolerant systems;Switching circuits;Layout","","8","","19","IEEE","25 Jul 2019","","","IEEE","IEEE Conferences"
"A Configurable RISC-V for NoC-Based MPSoCs: A Framework for Hardware Emulation","M. Khamis; S. El-Ashry; A. Shalaby; M. AbdElsalam; M. W. El-Kharashi","Department of Computer and Systems Engineering, Ain Shams University, Cairo, Egypt; Department of Computer and Systems Engineering, Ain Shams University, Cairo, Egypt; Mentor Graphics, Cairo, Egypt; Department of Computer Science, Benha University, Egypt; Department of Computer and Systems Engineering, Ain Shams University, Cairo, Egypt",2018 11th International Workshop on Network on Chip Architectures (NoCArc),"22 Nov 2018","2018","","","1","6","Manycore architectures with thousands of processing tiles create interesting challenges to maintain high processing speeds with satisfiable energy dissipation. One of these architectures, Networks-on-Chips (NoC) proved to be a suitable candidate to achieve that target goal. In this paper, we introduce a highly scalable, flexible hardware RISC-V MPSoC-based NoC hardware emulation and testbench acceleration co-modeling framework through which NoCs, built upon various types of network schemes can be validated and evaluated. In our proposed platform, traffic is injected or self-generated through the open source RISC-V Instruction Set Architecture (ISA) as a processing tile through an implemented Core Network Interface (CNI), which acts as an NI-plugin. Hardware emulation environment has been developed to be auto-generated to evaluate variant parametric NoC routers in different terms of reconfigurability for measuring their throughput and average latency. A scalable and portable Universal Verification Methodology (UVM) environment is proposed to support the hardware acceleration using the Testbench-Xpress (TBX) technology for network congestion-aware and bus routing failures detection. Experimental results have been applied on several case studies to demonstrate and asses the validity of the proposed framework of evaluating configurable and different NoC architectures obtain results indicate speedup performance gain in the order of 40X over software simulators.","","978-1-5386-8552-5","10.1109/NOCARC.2018.8541158","","https://ieeexplore.ieee.org/stamp/stamp.jsp?arnumber=8541158","Functional verification;Hardware Emulation;Multiprocessor System-on-Chip (MFSoC);Networks-on-Chip (NoC);RISC-V;System-on-Chip (SoC);Universal Verification Methodology (UVM)","Emulation;Computer architecture;Life estimation;System recovery;Performance gain;Routing;Throughput","","8","","32","IEEE","22 Nov 2018","","","IEEE","IEEE Conferences"
"Smart Attendance Management using a Self-Supervised Learning Approach","D. Vikram; H. Ajina; S. Gokilapriya; M. Malini","Department of Computer Science and Engineering, Rathinam Technical Campus, Coimbatore, India; Department of Artificial Intelligence and Data Science, Rathinam Technical Campus, Coimbatore, India; Department of Artificial Intelligence and Machine Learning, Kalingarkarunanidhi Institute of Technology, Coimbatore, India; Department of Information Technology, Sri G.V.G Visalakshi College for Women, Udumalpet, India",2024 5th International Conference on Image Processing and Capsule Networks (ICIPCN),"9 Sep 2024","2024","","","150","153","Organizational efficiency is significantly influenced by automated attendance management systems, yet traditional methods often lack flexibility and reliability. This study proposes a novel approach to transform the Smart Attendance Management System (SAMS) by leveraging recent advances in Self-Supervised Learning (SSL). The proposed method enhances accuracy and adaptability without explicit supervision by integrating SSL techniques at multiple stages, including feature extraction, anomaly detection, and data preparation. The proposed system learns meaningful representations from unlabeled attendance data through SSL-based data preprocessing, thereby improving the performance of downstream tasks. Feature extraction by utilizing SSL enables the proposed system to extract robust features enhancing both anomaly detection and attendance tracking. Anomaly detection models trained with SSL frameworks can effectively identify unusual attendance patterns. Additionally, SSL-based continuous learning ensures that the proposed system can adapt to the changing user behaviors and various situations. Supported by SSL, the proposed SAMS offers a more precise, efficient, and flexible solution for managing attendance, positioning it to meet the evolving demands of contemporary businesses across various industries.","","979-8-3503-6717-1","10.1109/ICIPCN63822.2024.00032","","https://ieeexplore.ieee.org/stamp/stamp.jsp?arnumber=10660935","Attendance Management;Self-Supervised Learning;SSL;feature extraction;Anomaly Detection","Accuracy;Soft sensors;Self-supervised learning;Transforms;Medical services;Feature extraction;Real-time systems","","1","","22","IEEE","9 Sep 2024","","","IEEE","IEEE Conferences"
"Self-Adaptive Microservice-based Systems - Landscape and Research Opportunities","M. Filho; E. Pimentel; W. Pereira; P. H. M. Maia; M. I. Cortés","State University of Ceará (UECE), Fortaleza, Ceará, Brazil; State University of Ceará (UECE), Fortaleza, Ceará, Brazil; State University of Ceará (UECE), Fortaleza, Ceará, Brazil; State University of Ceará (UECE), Fortaleza, Ceará, Brazil; State University of Ceará (UECE), Fortaleza, Ceará, Brazil",2021 International Symposium on Software Engineering for Adaptive and Self-Managing Systems (SEAMS),"29 Jun 2021","2021","","","167","178","Microservices have become popular in the past few years, attracting the interest of both academia and industry. Despite of its benefits, this new architectural style still poses important challenges, such as resilience, performance and evolution. Self-adaptation techniques have been applied recently as an alternative to solve or mitigate those problems. However, due to the range of quality attributes that affect microservice architectures, many different self-adaptation strategies can be used. Thus, to understand the state-of-the-art of the use of self-adaptation techniques and mechanisms in microservice-based systems, this work conducted a systematic mapping, in which 21 primary studies were analyzed considering qualitative and quantitative research questions. The results show that most studies focus on the Monitor phase (28.57%) of the adaptation control loop, address the self-healing property (23.81%), apply a reactive adaptation strategy (80.95%) in the system infrastructure level (47.62%) and use a centralized approach (38.10%). From those, it was possible to propose some research directions to fill existing gaps.","2157-2321","978-1-6654-0289-7","10.1109/SEAMS51251.2021.00030","","https://ieeexplore.ieee.org/stamp/stamp.jsp?arnumber=9462040","Microservice architecture;Self-adaptation;Systematic study mapping;Software engineering","Industries;Systematics;Adaptive systems;Computer architecture;Monitoring;Software engineering;Resilience","","17","","44","IEEE","29 Jun 2021","","","IEEE","IEEE Conferences"
"Losing Control: The Case for Emergent Software Systems Using Autonomous Assembly, Perception, and Learning","B. Porter; R. R. Filho","School of Computing and Communications, Lancaster University, Lancaster, UK; School of Computing and Communications, Lancaster University, Lancaster, UK",2016 IEEE 10th International Conference on Self-Adaptive and Self-Organizing Systems (SASO),"8 Dec 2016","2016","","","40","49","Architectural self-organisation, in which different configurations of software modules are dynamically assembled based on the current context, has been shown to be an effective way for software to self-optimise over time. Current approaches to this rely heavily on human-led definitions: models, policies and processes to control how self-organisation works. We present the case for a paradigm shift to fully emergent computer software which places the burden of understanding entirely into the hands of software itself. These systems are autonomously assembled at runtime from discovered constituent parts and their internal health and external deployment environment continually monitored. An online, unsupervised learning system then uses runtime adaptation to explore alternative system assemblies and locate optimal solutions. Based on our experience to date, we define the problem space of emergent software, and we present a working case study of an emergent web server. Our results demonstrate two aspects of the problem space for this case study: that different assemblies of behaviour are optimal in different deployment environment conditions, and that these assemblies can be autonomously learned from generalised perception data while the system is online.","1949-3681","978-1-5090-3534-2","10.1109/SASO.2016.10","","https://ieeexplore.ieee.org/stamp/stamp.jsp?arnumber=7774385","self-organising;self-aware;component-based;emergent;software;learning","Runtime;Software systems;Adaptation models;Web servers;Measurement;Context","","13","","23","IEEE","8 Dec 2016","","","IEEE","IEEE Conferences"
"Prerequisites for a Self-sustaining Embedded System with Artificial Intelligence","D. Chikurtev; S. Bogdanov; N. Spasova; V. Ivaniv","Institute of Information and Communication Technologies, Bulgarian Academy of Sciences, Acad. G. Bonchev St., Block 2, Sofia, BULGARIA; Department of Computer Systems, Faculty of Computer Systems and Technologies, Technical University of Sofia, 8 Kliment Ohridski blvd., Sofia, Bulgaria; Department of Microelectronics, Faculty of Electronic Engineering and Technologies, Technical University of Sofia, 8 Kliment Ohridski blvd., Sofia, Bulgaria; Institute of Information and Communication Technologies, Bulgarian Academy of Sciences, Acad. G. Bonchev St., Block 2, Sofia, BULGARIA",2020 XXIX International Scientific Conference Electronics (ET),"5 Nov 2020","2020","","","1","4","The article defines criteria, conditions and requirements for the development and existence of an embedded system. A concept of an algorithm for intelligent behavior of an embedded system, which will be able to recompile software modules and components by itself and by the software core, is presented. The aim is to achieve sustainability, expand the functions of embedded systems and adapting the system to work in different environments.","","978-1-7281-7426-6","10.1109/ET50336.2020.9238328","Bulgarian National Science Fund(grant numbers:KP-06-M27/1-04.12.2018); ","https://ieeexplore.ieee.org/stamp/stamp.jsp?arnumber=9238328","artificial intelligence;embedded systems;real-time operation;self-sustaining","Embedded systems;Software algorithms;Computer architecture;Software;Artificial intelligence;Task analysis;Sustainable development","","6","","12","IEEE","5 Nov 2020","","","IEEE","IEEE Conferences"
"The Use of Ontology in the Process of Designing Adaptive Software Systems","D. Fedasyuk; I. Lutsyk","Software Department, Lviv Polytechnic National University, Lviv, Ukraine; Software Department, Lviv Polytechnic National University, Lviv, Ukraine",2022 IEEE 17th International Conference on Computer Sciences and Information Technologies (CSIT),"2 Jan 2023","2022","","","503","506","The analysis of approaches and methods for creating adaptive and self-adaptive software systems has been carried out. It has been determined that most approaches require reconfiguration to change the functionality of the software. An ontology of the adaptive software system has been formed, which allows to present the main components of the software without reference to the structure of the subject area. The architecture of an adaptive software system was designed, which combines the principles of component-oriented and client-server architecture. Such solution will allow the software to be dynamically adapted depending on the needs of the user. An analysis of the characteristics of the ontological model based on quality assessment metrics has been carried out.","2766-3639","979-8-3503-3431-9","10.1109/CSIT56902.2022.10000528","","https://ieeexplore.ieee.org/stamp/stamp.jsp?arnumber=10000528","ontology;architecture of software systems;adaptive software systems;self-adaptive software systems;ontology evaluation metrics","Measurement;Adaptation models;Analytical models;Adaptive systems;Software architecture;Semantics;Computer architecture","","3","","14","IEEE","2 Jan 2023","","","IEEE","IEEE Conferences"
"A Multi-Level Self-Adaptation Approach For Microservice Systems","S. Zhang; M. Zhang; L. Ni; P. Liu","College of Information and Communication, National University of Defense Technology, Xi’an, China; College of Information and Communication, National University of Defense Technology, Xi’an, China; College of Information and Communication, National University of Defense Technology, Xi’an, China; College of Computer National, University of Defense Technology, Hunan, China",2019 IEEE 4th International Conference on Cloud Computing and Big Data Analysis (ICCCBDA),"30 May 2019","2019","","","498","502","Microservice technology that emphasizes self-management and lightweight of software systems has received great interests in both academic and industry fields of software engineering. The highly self-contained components and the dynamic running instance of microservice architecture require more flexible and diverse self-adaptation at multiple levels, which poses challenges to existing self-adaptation technologies. This paper proposes a multi-level self-adaptation approach to enrich the self-adaptation capabilities of microservice architecture and technologies. In our approach, the self-adaptation of microservice system can occur at both microservice level and instance level to satisfy various self-adaptation requirements. Based on the abstract model of self-adaptive microservice systems, the operation primitives to accomplish self-adaptation at different levels are proposed. We also present a microservice self-adaptation description language MSDL to specify the self-adaptation logics at multiple levels and implement a supporting platform by extending Kubernetes. A case is developed to illustrate our approach and experiments are conducted to show its effectiveness and availability.","","978-1-7281-1410-1","10.1109/ICCCBDA.2019.8725647","","https://ieeexplore.ieee.org/stamp/stamp.jsp?arnumber=8725647","self-adaptive;microservice;model;primitives;platform","Software systems;Adaptation models;Computer architecture;Service-oriented architecture;Containers;Time factors","","17","","18","IEEE","30 May 2019","","","IEEE","IEEE Conferences"
"Model-based Development of a System of Systems Using Unified Architecture Framework (UAF): A Case Study","O. C. Eichmann; S. Melzer; R. God","Institute of Aircraft Cabin Systems, Hamburg University of Technology, Hamburg, Germany; Institute of Aircraft Cabin Systems, Hamburg University of Technology, Hamburg, Germany; Institute of Aircraft Cabin Systems, Hamburg University of Technology, Hamburg, Germany",2019 IEEE International Systems Conference (SysCon),"16 Sep 2019","2019","","","1","8","In the development of safety- and security-relevant systems the V-model is established providing verification possibilities at each development stage. Usually, methods and tools of Model-based Systems Engineering (MBSE) are used in combination with the V-model for the development of single and self-contained complex systems. Nowadays, ubiquitous connectivity leads to a high degree of communication between systems enabling their cooperation for the provision of new services in a so-called System of Systems (SoS). In contrast to conventional systems engineering new methods and tools are required for service enabling SoS. In order to fulfill requirements of System of Systems Engineering (SoSE) the Object Management Group (OMG) developed the Unified Architecture Framework (UAF) for representation of enterprise architecture. This paper presents an approach for model-based development of SoS using UAF according to the V-model. In addition, an application of this new method shows differences between single system and SoS development methods.","2472-9647","978-1-5386-8396-5","10.1109/SYSCON.2019.8836749","","https://ieeexplore.ieee.org/stamp/stamp.jsp?arnumber=8836749","Cyber-Physical Systems;System of Systems;Hardware Integration;V-model;Message Broker","Unified modeling language;Security;Atmospheric modeling;System of systems;Hardware","","16","","24","IEEE","16 Sep 2019","","","IEEE","IEEE Conferences"
"Adaptive Fault Detection Exploiting Redundancy with Uncertainties in Space and Time","D. Ratasich; M. Platzer; R. Grosu; E. Bartocci","Institute of Computer Engineering, TU Wien, Vienna, Austria; Institute of Computer Engineering, TU Wien, Vienna, Austria; Institute of Computer Engineering, TU Wien, Vienna, Austria; Institute of Computer Engineering, TU Wien, Vienna, Austria",2019 IEEE 13th International Conference on Self-Adaptive and Self-Organizing Systems (SASO),"1 Aug 2019","2019","","","23","32","The Internet of Things (IoT) connects millions of devices of different cyber-physical systems (CPSs) providing the CPSs additional (implicit) redundancy during runtime. However, the increasing level of dynamicity, heterogeneity, and complexity adds to the system's vulnerability, and challenges its ability to react to faults. Self-healing is an increasingly popular approach for ensuring resilience, that is, a proper monitoring and recovery, in CPSs. This work encodes and searches an adaptive knowledge base in Prolog/ProbLog that models relations among system variables given that certain implicit redundancy exists in the system. We exploit the redundancy represented in our knowledge base to generate adaptive runtime monitors which compare related signals by considering uncertainties in space and time. This enables the comparison of uncertain, asynchronous, multi-rate and delayed measurements. The monitor is used to trigger the recovery process of a self-healing mechanism. We demonstrate our approach by deploying it in a real-world CPS prototype of a rover whose sensors are susceptible to failure.","1949-3681","978-1-7281-2731-6","10.1109/SASO.2019.00013","","https://ieeexplore.ieee.org/stamp/stamp.jsp?arnumber=8780540","fault detection;self-healing;cyber-physical systems;redundancy model;observation model","Redundancy;Knowledge based systems;Sensors;Monitoring;Runtime;Software;Fault detection","","5","","32","IEEE","1 Aug 2019","","","IEEE","IEEE Conferences"
"A management architectural pattern for adaptation system in Internet of Things","A. de Ribamar Lima Ribeiro; F. M. de Almeida; E. D. Moreno; C. A. E. Montesco","Computing Department, Universidade Federal de Sergipe, Sao Cristovao, SE, BR; Computing Department, Federal University of Sergipe, São Cristóvão, Brazi; Computing Department, Federal University of Sergipe, São Cristóvão, Brazi; Computing Department, Federal University of Sergipe, São Cristóvão, Brazi",2016 International Wireless Communications and Mobile Computing Conference (IWCMC),"29 Sep 2016","2016","","","576","581","Internet of Things (IoT) applications carry on at an environment that is mainly highly dynamic and real time nature. Due that environment, such applications should be able to reason autonomously and give self-adaptive decisions. To date, there has not been an adequate architecture to incorporate self-adaptive property in that type of environment. Thus, we design a management architectural pattern for adaptation system in Internet of Things based on modeling of control loops. The architectural pattern is presented considering problem/motivation, solution, consequences and examples. An example of application of pattern is showed through a self-protecting architecture for Internet of Things.","2376-6506","978-1-5090-0304-4","10.1109/IWCMC.2016.7577121","","https://ieeexplore.ieee.org/stamp/stamp.jsp?arnumber=7577121","Autonomic Systems;Self-management;IoT;Self-x Properties;Control Loop","Internet of things;Computer architecture;Computational modeling;Media;Adaptation models;Software engineering;Security","","2","","17","IEEE","29 Sep 2016","","","IEEE","IEEE Conferences"
"Direct versus stigmergic information flow in systems-of-systems","H. Kopetz; B. Frömel; O. Höftberger","Institute of Computer Engineering, Vienna University of Technology, Vienna, Austria; Institute of Computer Engineering, Vienna University of Technology, Vienna, Austria; Institute of Computer Engineering, Vienna University of Technology, Vienna, Austria",2015 10th System of Systems Engineering Conference (SoSE),"9 Jul 2015","2015","","","36","41","The information flow among the Constituent Systems of a System-of-Systems can take place via two different channels: the message transport along communication channels in cyber space which includes the human-to-human communication in natural language among the humans that are part of the Constituent Systems, and the indirect information flow via sensors and actuators to the physical environment, called the stigmergic information flow. In many cases the stigmergic information flow forms an important link for the closure of control loops that can lead to emergent behavior. This paper elaborates the concepts of stigmergy and compares the characteristics of the stigmergic information flow versus the message based information flow in a System-of-Systems.","","978-1-4799-7611-9","10.1109/SYSOSE.2015.7151963","","https://ieeexplore.ieee.org/stamp/stamp.jsp?arnumber=7151963","System-of-Systems;SoS;Constituent Systems;stigmergy;information flow","Cascading style sheets;Sensor phenomena and characterization;Systems engineering and theory;Receivers;Actuators;Synchronization","","17","","14","IEEE","9 Jul 2015","","","IEEE","IEEE Conferences"
"Learning to Learn: Dynamic Runtime Exploitation of Various Knowledge Sources and Machine Learning Paradigms","A. Calma; D. Kottke; B. Sick; S. Tomforde","Intelligent Embedded Systems Group, University of Kassel, Germany; Intelligent Embedded Systems Group, University of Kassel, Germany; Intelligent Embedded Systems Group, University of Kassel, Germany; Intelligent Embedded Systems Group, University of Kassel, Germany",2017 IEEE 2nd International Workshops on Foundations and Applications of Self* Systems (FAS*W),"12 Oct 2017","2017","","","109","116","The ability to learn at runtime is a fundamental prerequisite for self-adaptive and self-organising systems that allows for dealing with unanticipated conditions and dynamic environments. Often, this machine learning process has to be highly or fully autonomous. That is, the degree of interaction with humans must be reduced to a minimum. In principle, there exist various learning paradigms for this task such as transductive learning, reinforcement learning, collaborative learning, or - if interaction with humans is allowed but has to be efficient - active learning. These paradigms are based on different knowledge sources such as appropriate sensor measurements, humans, or databases as well as access models considering e.g., availability or reliability. In this article, we propose a novel meta learning approach that aims at dynamically exploiting various possible combinations of knowledge sources and machine learning paradigms at runtime. The approach is learning in the sense that it self-optimises a certain objective function (e.g., it maximises a classification accuracy) at runtime. We present an architectural concept for this learning scheme, discuss some possible use cases to highlight the benefits, and derive a research agenda for future work in this field.","","978-1-5090-6558-5","10.1109/FAS-W.2017.129","","https://ieeexplore.ieee.org/stamp/stamp.jsp?arnumber=8064105","Interactive Learning;Self-integration;meta learning;self-* systems","Learning systems;Runtime;Adaptation models;Learning (artificial intelligence);Conferences;Internet","","13","","37","IEEE","12 Oct 2017","","","IEEE","IEEE Conferences"
"Emergent Web Server: An Exemplar to Explore Online Learning in Compositional Self-Adaptive Systems","R. R. Filho; E. Alberts; I. Gerostathopoulos; B. Porter; F. M. Costa","Federal University of Goiás, Brazil; Vrije Universiteit Amsterdam, The Netherlands; Vrije Universiteit Amsterdam, The Netherlands; Lancaster University, United Kingdom; Federal University of Goiás, Brazil",2022 International Symposium on Software Engineering for Adaptive and Self-Managing Systems (SEAMS),"23 Jun 2022","2022","","","36","42","Contemporary deployment environments are volatile, with conditions that are often hard to predict in advance, demanding solutions that are able to learn how best to design a system at runtime from a set of available alternatives. While the self-adaptive systems community has devoted significant attention to online learning, there is less research specifically directed towards learning for open-ended architectural adaptation – where individual components represent alternatives that can be added and removed dynamically. In this paper we present the Emergent Web Server (EWS), an architecture-based adaptive web server with 42 unique compositions of alternative components that present different utility when subjected to different workload patterns. This artefact allows the exploration of online learning techniques that are specifically able to consider the composition of logic that comprises a given system, and how each piece of logic contributes to overall utility. It also allows the user to add new components at runtime (and so produce new composition options), and to remove existing components; both are likely to occur in systems where developers (or automated code generators) deploy new code on a continuous basis and identify code which has never performed well. Our exemplar bundles together a fully-functional web server, a number of pre-packaged online learning approaches, and utilities to integrate, evaluate, and compare new online learning approaches.","2157-2321","978-1-4503-9305-8","10.1145/3524844.3528079","Leverhulme Trust; ","https://ieeexplore.ieee.org/stamp/stamp.jsp?arnumber=9799868","artefact;self-adaptive systems;online learning;web server","Runtime;Codes;Adaptive systems;Autonomous systems;Software algorithms;Restful API;Web servers","","4","","30","","23 Jun 2022","","","IEEE","IEEE Conferences"
"A novel model using Reo for IoT self-configuration systems","G. ABDELLAOUI; H. MEGNAFI; F. T. BENDIMERAD","Higher School in Applied Sciences, LTT.Abou Bekr Belkaid University, Tlemcen, Algeria; Higher School in Applied Sciences, LTT.Abou Bekr Belkaid University, Tlemcen, Algeria; LTT.Abou Bekr Belkaid University Abou Bekr Belkaid University, Tlemcen, Algeria","2020 1st International Conference on Communications, Control Systems and Signal Processing (CCSSP)","29 Jul 2020","2020","","","1","5","The new technologies have influenced the world we live in, it is becoming more and more connected; every thing, every object it contains has a virtual image in the digital world. Which also changed the vision of developers towards the Internet of Things, developers spend their time improving their software by adding new features offered by the new connected objects. Therefore the applications must change it behavior in order to be adapted for the new update. Developers spend an important time adapting their applications, reusing or rebuilding new module-based applications, either by composing or by directly reusing modules. These updates depend on the context and nature of this application. Usually, to update an application, we must stop, modify, recompile and restart the application. There may however be cases where this traditional maintenance process can not be applied to certain categories of applications, in which a complete service interruption can not be tolerated. These applications, described as ”non-stop”, must be dynamically reconfigured with minimal disruption. To solve this problem, we propose a system reconfiguration module in real time. Our model is based on a component approach. In this paper, we assume that components are the smallest entities in any system. We summarize the dynamic reconfiguration of a system by automating the disconnection or connection (direct or via an adapter) of components. The new configuration allows the system to achieve its objectives and ensure its proper operation under various conditions imposed by the environment.","","978-1-7281-5835-8","10.1109/CCSSP49278.2020.9151679","","https://ieeexplore.ieee.org/stamp/stamp.jsp?arnumber=9151679","Iot;Self-configuration;Component approach;Reo coordination language;henshin graph transformation","Embedded systems;Internet of Things;Adaptation models;Hardware;Maintenance engineering;Runtime","","7","","12","IEEE","29 Jul 2020","","","IEEE","IEEE Conferences"
"ISO/IEC/IEEE International Standard - Systems and software engineering -- Software life cycle processes - Redline","",,ISO/IEC/IEEE 12207:2017(E) First edition 2017-11 - Redline,"21 Jun 2018","2017","","","1","462","","","978-1-5044-5003-4","","","https://ieeexplore.ieee.org/stamp/stamp.jsp?arnumber=8392559","acquisition;agreement;architecture;design;assessment;audit;configuration management;decision management;development;disposal;enabling system;implementation;information management;infrastructure;integration;life cycle;life cycle model;life cycle stages;maintenance;measurement;operation;planning;process;process improvement;process reference model;process tailoring;process view;product;portfolio;quality management;requirements;retirement;risk management;service;software;stages;stakeholder requirements;supply;system;system structure;system-of-interest;tailoring;transition;validation;verification","IEEE Standards;ISO Standards;IEC Standards;Sofware engineering;Software maintenance;Product life cycle management;Sofware measurement;Systems engineering and theory","","1","","","","21 Jun 2018","","","IEEE","IEEE Standards"
"INGR Roadmap Systems Optimization Chapter","R. Chaparadza; A. Chaoub; B. Chng; N. Davis; A. Dutta; M. Elkotob; D. Krishnaswamy; K. Mahdi; A. Mämmelä; P. Martinez-Julia; N. K. Narang; L. Ong; M. Patwary; M. Simsek; J. Voigt; B. Kloza; M. Borst",Altran Capgemini/Vodafone; Institut National des Postes et Telecommunications (INPT); BAWMAN LLC; Ciena; Johns Hopkins University Applied Physics Laboratory; Vodafone; Sterlite Technologies; VMWare; VTT Technical Research Centre of Finland; NICT; Narnix Technolabs; Ciena; Birmingham City University; ICSI Berkeley; Amdocs; IEEE Future Networks Initiative; IEEE Future Networks Initiative,2022 IEEE Future Networks World Forum (FNWF),"8 Mar 2023","2022","","","1","79","Fifth generation (5G) networks represent the first step from evolutionary to revolutionary networks. Use cases driving this transition for 5G networks focus on the need to support heterogeneous traffic such as enhanced Mobile Broad Band (eMBB), massive Machine-Type Communications (mMTC), and Ultra-Reliable Low-Latency Communications (URLLC). On the software and control side, 5G and beyond networks are expected to support Software-Defined Networking (SDN) and Network Function virtualization (NFV) technologies and will leverage the merging of communication and computing through the “wireless edge”. With the deployment of novel applications and the expected increase in their usage and demand, the scope of innovation within future networks will be governed by: (a) limitations and boundaries of available resources; (b) limitations of the adaptability of legacy solutions (scalability and flexibility); (c) limitations of available decision making entities (network slice orchestrators and SDN controllers will not be enough); and (d) lack of intelligent management and control solutions for multi-variate optimization. Technologies are available for efficient use and self-adaptive optimization of resources using enablers such as AI-powered autonomic control loops. With ever increasing complexity expected for beyond-5G networks, there is a necessity for novel design, planning and operations paradigms. There is a need for assessment of legacy tools versus new Artificial Intelligence solutions for applicability to systems optimization, and a need for introduction of novel methods to model and study the behavior of highly complex systems developed for the realization of 5G and beyond networks. The goal of this working group (WG) is to assess complexity challenges for the 5G era and beyond, explore novel design, planning and operations techniques for networks and services, and explore intelligence sciences to create the roadmap of the IEEE Future Networks Initiative (FNI) Systems Optimization WG.","2770-7679","978-1-6654-6250-1","10.1109/FNWF55208.2022.00143","","https://ieeexplore.ieee.org/stamp/stamp.jsp?arnumber=10056672","Systems Optimization;Traffic Variance;Control Variance;Service Variance;Confluence;Dependency;Complex Systems;Self-Organizing Networks;Self-X;Autonomics;Autonomic Management & Control (AMC);Emergence","Wireless communication;Technological innovation;5G mobile communication;Ultra reliable low latency communication;Software;Planning;Network function virtualization;Complexity theory;Software defined networking;Optimization","","1","","47","IEEE","8 Mar 2023","","","IEEE","IEEE Conferences"
"An approach for automatic self-recovery for a Node.js microservice","O. Chaplia; H. Klym","Department of Specialized Computer Systems, Lviv Polytechnic National University, Lviv, Ukraine; Department of Specialized Computer Systems, Lviv Polytechnic National University, Lviv, Ukraine","2023 13th International Conference on Dependable Systems, Services and Technologies (DESSERT)","6 Feb 2024","2023","","","1","4","Microservices is an architectural approach and technique where the complex solution within is created from small, independently created, and deployable services that communicate. Microservices are widely used in many industries, including banking, finance, government, military, logistics, entertainment, and healthcare. For some solutions, high availability and self-recovery are necessary. Managing self-service recovery, especially in the cloud, is challenging because too many factors influence the solution. This research proposes a framework for automatic self-recovery created explicitly for a Node.js microservice. This framework should improve the system’s stability and reliability in the rapidly changing cloud infrastructure.","","979-8-3503-9611-9","10.1109/DESSERT61349.2023.10416461","","https://ieeexplore.ieee.org/stamp/stamp.jsp?arnumber=10416461","microservices;node.js;cloud architecture;distributed systems;framework;reliability;self-recovery","Web services;Microservice architectures;Stability analysis;Predictive analytics;Thermal stability;Self-service;Resilience","","2","","12","IEEE","6 Feb 2024","","","IEEE","IEEE Conferences"
"XANDAR: An X-by-Construction Framework for Safety, Security, and Real-Time Behavior of Embedded Software Systems","T. Dörr; F. Schade; J. Becker; G. Keramidas; N. Petrellis; V. Kelefouras; M. Mavropoulos; K. Antonopoulos; C. P. Antonopoulos; N. Voros; A. Ahlbrecht; W. Zaeske; V. Janson; P. Nöldeke; U. Durak; C. Panagiotou; D. Karadimas; N. Adler; C. Reichmann; A. Sailer; R. Weber; T. Wilhelm; W. Gabler; K. Weiden; X. A. Recasens; S. Sezer; F. Siddiqui; R. Khan; K. McLaughlin; S. Y. Tasdemir; B. Sonigara; H. Hui; E. S. Viguer; A. A. Suarez; V. N. Gallego; M. M. Alcobendas; M. M. Tello","Karlsruhe Institute of Technology, Germany; Karlsruhe Institute of Technology, Germany; Karlsruhe Institute of Technology, Germany; University of Peloponnese, Greece; University of Peloponnese, Greece; University of Peloponnese, Greece; University of Peloponnese, Greece; University of Peloponnese, Greece; University of Peloponnese, Greece; University of Peloponnese, Greece; German Aerospace Center (DLR), Institute of Flight Systems, Germany; German Aerospace Center (DLR), Institute of Flight Systems, Germany; German Aerospace Center (DLR), Institute of Flight Systems, Germany; German Aerospace Center (DLR), Institute of Flight Systems, Germany; German Aerospace Center (DLR), Institute of Flight Systems, Germany; AVN Innovative Technology Solutions Limited, Cyprus; AVN Innovative Technology Solutions Limited, Cyprus; Vector Informatik GmbH, Germany; Vector Informatik GmbH, Germany; Vector Informatik GmbH, Germany; Vector Informatik GmbH, Germany; Vector Informatik GmbH, Germany; Bayerische Motoren Werke Aktiengesellschaft, Germany; Bayerische Motoren Werke Aktiengesellschaft, Germany; Bayerische Motoren Werke Aktiengesellschaft, Germany; Queen's University, Belfast, UK; Queen's University, Belfast, UK; Queen's University, Belfast, UK; Queen's University, Belfast, UK; Queen's University, Belfast, UK; Queen's University, Belfast, UK; Queen's University, Belfast, UK; Fent Innovative Software Solutions, SL, Spain; Fent Innovative Software Solutions, SL, Spain; Fent Innovative Software Solutions, SL, Spain; Fent Innovative Software Solutions, SL, Spain; Fent Innovative Software Solutions, SL, Spain","2024 Design, Automation & Test in Europe Conference & Exhibition (DATE)","10 Jun 2024","2024","","","1","6","The safe and secure implementation of increasingly complex features is a major challenge in the development of autonomous and distributed embedded systems. Automated design-time procedures that guarantee the fulfillment of critical system properties are a promising approach to tackle this challenge. In the European project XANDAR, which took place from 2021 to 2023, eight partners developed an X-by-Construction (XbC) design framework to support developers in the creation of embedded software systems with certain safety, security, and real-time properties. The design framework combines a model-based toolchain with a hypervisor-based runtime architecture. It targets modern high-performance hardware, facilitates the integration of machine learning applications, and employs a library of trusted safety and security patterns to reduce the implementation and verification effort. This paper describes the concepts developed during the project, the prototypical implementation of the design framework, and its application in both an automotive and an avionics use case.","1558-1101","978-3-9819263-8-5","10.23919/DATE58400.2024.10546852","European Union(grant numbers:957210); ","https://ieeexplore.ieee.org/stamp/stamp.jsp?arnumber=10546852","X-by-Construction;model-based development;real-time systems;safety-critical systems;hypervisors","Technical requirements;Embedded systems;Runtime;Software architecture;Software algorithms;Real-time systems;Hardware","","1","","23","","10 Jun 2024","","","IEEE","IEEE Conferences"
"Towards Self-Configuring Plug & Produce Robot Systems Based on Ontologies","C. Eymüller; J. Hanke; A. Poeppel; W. Reif","Institute for Software and Systems Engineering, University of Augsburg, Augsburg, Germany; Institute for Software and Systems Engineering, University of Augsburg, Augsburg, Germany; Institute for Software and Systems Engineering, University of Augsburg, Augsburg, Germany; Institute for Software and Systems Engineering, University of Augsburg, Augsburg, Germany","2023 9th International Conference on Automation, Robotics and Applications (ICARA)","23 May 2023","2023","","","23","27","The industry is undergoing a disruptive shift from mass production to individually manufactured one-offs. To achieve this transformation, the production facilities must also be flexible and able to configure themselves according to requirements. Often it is not enough to reconfigure the software, but the hardware must also be adapted accordingly. Such customizable hardware and software systems are called Plug & Produce systems. For such Plug & Produce robot systems, we have developed an automatic configuration generation for hardware configurations based on capability/skill descriptions of individual hardware components. The configuration creation is done with the help of an ontology, in which information about modular hardware components, their capabilities, and the interrelationships of their interfaces (geometric, electrical, and data) is stored.","2767-7745","978-1-6654-8921-8","10.1109/ICARA56516.2023.10126075","","https://ieeexplore.ieee.org/stamp/stamp.jsp?arnumber=10126075","Plug & Produce;Ontologies;Self-Configuring Robots;Skills;CPPS","Industries;Mass production;Automation;Ontologies;Software systems;Hardware;Production facilities","","1","","17","IEEE","23 May 2023","","","IEEE","IEEE Conferences"
"Research on Optimization of Architectural Heritage Based on Artificial Intelligence","A. Miao; Y. Yang","Faculty of Architecture and City Planning, Kunming University of Science and Technology, Kunming, China; Faculty of Architecture and City Planning, Kunming University of Science and Technology, Kunming, China",2024 2nd International Conference on Artificial Intelligence and Automation Control (AIAC),"27 Feb 2025","2024","","","119","123","Modern and contemporary architectural heritage possesses unique architectural value, yet often suffers from poor thermal comfort and high energy consumption. Their preservation and reuse require a synergistic optimization of value preservation with other environmental, social, and economic performance aspects. The multi-objective optimization renovation decision-making system for modern heritage buildings, based on intelligent algorithms, distinguishes itself from previous experience-based approaches to building heritage reuse by conducting targeted quantitative analysis of the object to be renovated. This system clearly defines the goals and analyzes the benefits of renovation measures on those goals, ensuring that renovations are conducted within the framework of policies and protection regulations while anticipating their benefits. Incorporating multi-objective optimization algorithms into the multi-objective optimization renovation decision-making system for modern heritage building reuse holds significant importance. This approach adopts a “from engineering to theory and back to engineering” methodology, where targeted analysis of the heritage building is conducted, followed by selection of appropriate renovation points and critical thermal parameters. Utilizing intelligent algorithms, optimization is performed to select parameters that meet the defined objectives, and specific renovation measures are determined based on these parameter selections.","","979-8-3315-2914-7","10.1109/AIAC63745.2024.10899635","","https://ieeexplore.ieee.org/stamp/stamp.jsp?arnumber=10899635","Renovation of modern and contemporary architectural heritage;Building performance optimization;Multi objective optimization;GA-RBF coupling algorithm","Visualization;Statistical analysis;Decision making;Buildings;Thermal engineering;Thermal conductivity;Thermal analysis;Artificial intelligence;Optimization;Sorting","","","","11","IEEE","27 Feb 2025","","","IEEE","IEEE Conferences"
"Architecting E-Coaching Systems: A First Step for Dealing with Their Intrinsic Design Complexity","S. F. Ochoa; F. J. Gutierrez",University of Chile; University of Chile,Computer,"20 Mar 2018","2018","51","3","16","23","E-coaching systems are a highly valuable asset for promoting healthier lifestyles. However, the design of these systems is intrinsically complex. This article proposes a loosely coupled architecture to support the modeling of e-coaching solutions, reducing design complexity and enhancing the flexibility required for the e-coaching process.","1558-0814","","10.1109/MC.2018.1731079","","https://ieeexplore.ieee.org/stamp/stamp.jsp?arnumber=8320209","e-coaching systems;architectural model;design complexity;behavior change;healthcare;e-coaching for health","Monitoring;Complexity theory;Context modeling;Computer architecture;System analysis and design;Sensors","","18","","20","IEEE","20 Mar 2018","","","IEEE","IEEE Magazines"
"Toward cache based decision making embedded control systems","D. Swierczynska; T. Stach; M. Pelc","Faculty of Electrical Engineering, Opole University of Technology, Opole, Poland; Faculty of Electrical Engineering, Opole University of Technology, Opole, Poland; Computer and Information Systems Department, University of Greenwich, London, UK",2017 22nd International Conference on Methods and Models in Automation and Robotics (MMAR),"21 Sep 2017","2017","","","999","1004","The increased interest in autonomic system requires that control algorithms must facilitate implementation of some kind of decision-making process. Such a process may be to a different extent supported by a human operator who will analyse the system behaviour and, if needed, will make amendments to a control strategy. However, a human operator can only process a limited amount of information at a time. Hence, one can see an increasing interest in various kind of self-learning technologies that would support an increased autonomy of control systems so that the major part of the control, including adjustments to the control strategy, was fully automated. Typically, the deployment platform that is responsible for processing the information about a controlled system and provide control decisions are various kinds of embedded systems. These systems are known of increasing processing power yet the resource constraints are still a problem, especially when it comes to processing huge amounts of environmental information in real time. Implementing self-learning capability apart from an up-datable knowledge base will also a decision(s) cache that would allow to provide some remembered decisions rather than evaluate them from the very beginning. The aim of this paper is to analyse impact of a database system on the performance of the embedded control system through running sets of benchmarks involving various database systems.","","978-1-5386-2402-9","10.1109/MMAR.2017.8046966","","https://ieeexplore.ieee.org/stamp/stamp.jsp?arnumber=8046966","DBMS benchmarking;policy-based systems;expert systems","Benchmark testing;Decision making;Control systems;Real-time systems;Database systems;Random access memory;Algorithm design and analysis","","1","","21","IEEE","21 Sep 2017","","","IEEE","IEEE Conferences"
"Automated Planning for Self-Adaptive Systems","R. Gil","INESC-ID, Universidade de Lisboa richard",2015 IEEE/ACM 37th IEEE International Conference on Software Engineering,"17 Aug 2015","2015","2","","839","842","Self-adaptation has been proposed as a viable solution to alleviate the management burden that is induced by the dynamic nature and increasing complexity of computer systems. In this context, architectural-based self-adaptation has emerged as one of the most promising approaches to automatically manage such systems, resorting to a control loop that includes monitoring, analyzing, planning, and executing adequate actions. This work addresses the challenges of adaptation planning -the decision-making process for selecting an appropriate course of action- with a focus on the problem of provisioning automated mechanisms for assembling adaptation plans, as a means to enhance adaptive capabilities under uncertainty. To this purpose, adaptations are modeled in a hierarchical manner, defining primitive actions, guarded actions, and deliberate plans, which may guide the system towards a desired state.","1558-1225","978-1-4799-1934-5","10.1109/ICSE.2015.273","","https://ieeexplore.ieee.org/stamp/stamp.jsp?arnumber=7203094","automated planning;PDDL;self-adaptive;self-management;planning","Planning;Adaptation models;Measurement;Uncertainty;Software;Adaptive systems;Medical services","","1","","26","IEEE","17 Aug 2015","","","IEEE","IEEE Conferences"
"""Know thyselves"" - Computational Self-Reflection in Collective Technical Systems","J. Haehner; S. v. Mammen; S. Timpf; S. Tomforde; B. Sick; K. Geihs; T. Goeble; G. Hornung; G. Stumme",NA; NA; NA; NA; NA; NA; NA; NA; NA,ARCS 2016; 29th International Conference on Architecture of Computing Systems,"27 Jun 2016","2016","","","1","8","The domain of self-adaptive and self-organising systems has faced noticeable attention within the last decade, since it investigates solutions to tackle complexity challenges arising from the increasingly coupled and dynamic character of emerging technical systems. The resulting solutions react to changing conditions and self-optimise their decisions over time. In this article, we outline that future intelligent technical systems will have to act as a collective, and this collective has to be equipped with novel techniques for decision strategies. Thereby, we have to go far beyond the existing reactive approaches in terms of proactive modelling of knowledge and goals, a continuous evaluation of goal achievement, and a dynamic goal adaptation process - to which we will refer to as ""collective selfreflection"". We provide a definition of this term, an architectural blueprint, and a draft of a research agenda towards collective self-reflection. We introduce an application scenario called ""swarm fleet infrastructure"" to motivate the need of such techniques.","","978-3-8007-4157-1","","","https://ieeexplore.ieee.org/stamp/stamp.jsp?arnumber=7499243","","","","","","","","27 Jun 2016","","","VDE","VDE Conferences"
"ISO/IEC/IEEE Approved Draft Systems and software engineering -- System life cycle processes","",,ISO/IEC/IEEE P15288-FDIS-1412,"2 Apr 2015","2015","","","1","122","This International Standard establishes a common process framework for describing the lifecycle of man-made systems. It defines a set of processes and associated terminology for the full life cycle, including conception, development, production, utilization, support and retirement. This standard also supports the definition, control, assessment, and improvement of these processes. These processes can be applied concurrently, iteratively, and recursively to a system and its elements throughout the life cycle of a system.","","978-0-7381-9478-3","","","https://ieeexplore.ieee.org/stamp/stamp.jsp?arnumber=7073543","acquisition;agreement;architectural design;assessment;audit;configuration management;decision management;development;disposal;enabling system;implementation;information management;infrastructure;integration;life cycle;life cycle model;life cycle stages;maintenance;measurement;operation;planning;process;process improvement;process reference model;process tailoring;processview;product;project portfolio;quality management;requirements;retirement;risk management;service;stages;stakeholder requirements;supply;system;system structure;system-of-interest;tailoring;transition;validation;verification","IEEE Standards;IEC Standards;ISO Standards;Software engineering;Software architecture;Product life cycle management","","","","","","2 Apr 2015","","","IEEE","IEEE Standards"
"AWaRE - Towards Distributed Self-Management for Resilient Cyber Systems","M. Baruwal Chhetri; A. Uzunov; Q. B. Vo; R. Kowalczyk; M. Docking; H. Luong; I. Rajapakse; S. Nepal","Faculty of Science Engineering and Technology, Swinburne University of Technology, Melbourne, VIC, Australia; Defence Science and Technology Group, Edinburgh, SA, Australia; Faculty of Science Engineering and Technology, Swinburne University of Technology, Melbourne, VIC, Australia; Faculty of Science Engineering and Technology, Swinburne University of Technology, Melbourne, VIC, Australia; Defence Science and Technology Group, Edinburgh, SA, Australia; Faculty of Science Engineering and Technology, Swinburne University of Technology, Melbourne, VIC, Australia; Faculty of Science Engineering and Technology, Swinburne University of Technology, Melbourne, VIC, Australia; Data61, Marsfield, NSW, Australia",2018 23rd International Conference on Engineering of Complex Computer Systems (ICECCS),"30 Dec 2018","2018","","","185","188","Resilience is an important property of distributed cyber defence systems operating in complex, adversarial environments. While resilience can be realized through self-management, implementing distributed self-management poses several significant challenges. In this paper, we identify some of these challenges and present our initial work on an approach for cyber resilience called AWaRE. The novelty of AWaRE lies in the use of a conceptual, state-space-based design and reconstitution framework, combined with run-time models and distributed constraint satisfaction/optimization techniques for decision-making and coordination of system re-configurations. The run-time models are generated via an expressive domain-specific language enabling component, constraint and agent modeling as well as constraint problem decomposition and architectural self-organization. We realize AWaRE via a concrete software framework, focusing specifically on autonomic self-* properties pertaining to distributed system configuration, deployment and reliable operation. We demonstrate the value of AWaRE in the context of a simple, cloud-based enterprise scenario.","","978-1-5386-9341-4","10.1109/ICECCS2018.2018.00028","","https://ieeexplore.ieee.org/stamp/stamp.jsp?arnumber=8595073","Cyber Resilience;Self-management;Distributed Constraint Satisfaction/Optimization;Autonomous Agents","DSL;Decision making;Resilience;Computer architecture;Prototypes;Australia;Software","","8","","17","IEEE","30 Dec 2018","","","IEEE","IEEE Conferences"
"A coevolutionary framework of business-IT alignment via the lens of enterprise architecture","L. Menglong; Y. Shuanghui; Z. Mengmeng; C. Tao; C. Honghui; Z. Xiaoxue","Science and Technology on Information Systems Engineering Laboratory, National University of Defense Technology, Changsha, China; National Key Laboratory for Complex System Simulation, Academy of Military Sciences, Beijing, China; Science and Technology on Information Systems Engineering Laboratory, National University of Defense Technology, Changsha, China; Science and Technology on Information Systems Engineering Laboratory, National University of Defense Technology, Changsha, China; Science and Technology on Information Systems Engineering Laboratory, National University of Defense Technology, Changsha, China; Science and Technology on Information Systems Engineering Laboratory, National University of Defense Technology, Changsha, China",Journal of Systems Engineering and Electronics,"3 Nov 2020","2020","31","5","983","995","Due to the turbulent external business environment, the complexity of internal relations of the organization and the emergence of subversive IT roles, the business-IT alignment (BITA) has become increasingly difficult. The unsuccessful realization of BITA will lead to the waste of organizational resources, the reduction of return on investment and eventually the loss of competitive advantage. In recent years, coevolution has received widespread attention due to its ability to describe the dynamic relationship between IT and business. Multiple principles such as quickening learning action loops and adopt suitable organizing principles for achieving business and IT coevolution (BITC) are obtained. However, the continuous BITC is still hard to be achieved because of the lack of complete BITC management. This paper focuses on the management process of the BITC and how to perform it gradually. A coevolution framework combines the enterprise architecture (EA) approach with the coevolution analysis is proposed, which contains the design of EA, the sensing and governance of the misalignment and the procedure of the EA misalignment prevention. The steps for the governance and prevention of misalignment are discussed in particular. Through comparison with the principles, characteristics and methods of coevolution in the literature, the proposed framework is evaluated. The results show that the proposed framework is effective for BITC implementation.","1004-4132","","10.23919/JSEE.2020.000073","","https://ieeexplore.ieee.org/stamp/stamp.jsp?arnumber=9247420","business-IT alignment (BITA);coevolution;misalignment governance;misalignment prevention;enterprise architecture","Business;Biological system modeling;Sensors;Complexity theory;Adaptive systems;Adaptation models;Process control","","5","","","","3 Nov 2020","","","BIAI","BIAI Journals"
"Architectural Solutions for Self-Adaptive Systems","L. Garces; S. Martinez-Fernandez; V. V. Graciano Neto; E. Y. Nakagawa","University of São Paulo; Universitat Politècnica de Catalunya; Federal University of Goias, Goiania, Brazil; University of São Paulo",Computer,"24 Nov 2020","2020","53","12","47","59","Increasingly adopted in critical application domains, selfadaptive systems (SaSs) present a particular ability to modify their behavior or configuration at runtime autonomously. The architectural decision-making activity in an SaS can be supported by reusing proven software structure configuration.","1558-0814","","10.1109/MC.2020.3017574","GENESIS Spanish project(grant numbers:TIN2016-79269-R); Conselho Nacional de Desenvolvimento Científico e Tecnológico(grant numbers:312634/2018-8); Fundação de Amparo à Pesquisa do Estado de São Paulo(grant numbers:2017/06195-9,2018/07437-9); ","https://ieeexplore.ieee.org/stamp/stamp.jsp?arnumber=9269908","","Computer architecture;Adaptive systems;Monitoring;Service-oriented architecture;Runtime;Reflection","","3","","20","IEEE","24 Nov 2020","","","IEEE","IEEE Magazines"
"Verifiable Self-Aware Agent-Based Autonomous Systems","L. A. Dennis; M. Fisher","Department of Computer Science, University of Liverpool, Liverpool, U.K.; Department of Computer Science, University of Liverpool, Liverpool, U.K.",Proceedings of the IEEE,"18 Jun 2020","2020","108","7","1011","1026","In this article, we describe an approach to autonomous system construction that not only supports self-awareness but also formal verification. This is based on modular construction where the key autonomous decision making is captured within a symbolically described “agent.” So, this article leads us from traditional systems architectures, via agent-based computing, to explainability, reconfigurability, and verifiability, and on to applications in robotics, autonomous vehicles, and machine ethics. Fundamentally, we consider self-awareness from an agent-based perspective. Agents are an important abstraction capturing autonomy, and we are particularly concerned with intentional, or rational, agents that expose the “intentions” of the autonomous system. Beyond being a useful abstract concept, agents also provide a practical engineering approach for building the core software in autonomous systems such as robots and vehicles. In a modular autonomous system architecture, agents of this form capture important decision making elements. Furthermore, this ability to transparently capture such decision making processes, and especially being able to expose their intentions, within an agent allows us to apply strong (formal) agent verification techniques to these systems.","1558-2256","","10.1109/JPROC.2020.2991262","U.K. Royal Academy of Engineering and through the UKRI/EPSRC Projects (Verifiable Autonomy, FAIR-SPACE, ORCA, and RAIN)(grant numbers:EP/L024845,EP/R026092,EP/R026173,EP/R026084); ","https://ieeexplore.ieee.org/stamp/stamp.jsp?arnumber=9094672","Autonomous agents;autonomous systems;formal verification;robot programming","Autonomous systems;Decision making;Drones;Testing;Autonomous automobiles;Safety;Robots;Programming","","33","","90","CCBY","18 May 2020","","","IEEE","IEEE Journals"
"The Special Case of Data Protection and Self-Adaptation","Z. Á. Mann; A. Metzger","Paluno - The Ruhr Institute for Software Technology, University of Duisburg-Essen, Essen, Germany; Paluno - The Ruhr Institute for Software Technology, University of Duisburg-Essen, Essen, Germany",2018 IEEE/ACM 13th International Symposium on Software Engineering for Adaptive and Self-Managing Systems (SEAMS),"30 Dec 2018","2018","","","190","191","In this extended abstract, we consider one important aspect of security: the protection of sensitive data from unauthorized access. We argue that (i) self-adaptation may facilitate the efficient protection of sensitive data; (ii) data protection has peculiar properties that make its treatment different from other quality attributes; and (iii) data protection should be considered in combination with other quality attributes like performance and costs.","2157-2305","978-1-4503-5715-9","","","https://ieeexplore.ieee.org/stamp/stamp.jsp?arnumber=8595397","self-adaptive systems;data protection;privacy;security","Data protection;Cloud computing;Servers;Software;Encryption","","","","12","","30 Dec 2018","","","IEEE","IEEE Conferences"
"Assessing the Security and Architectural Frameworks of Self-Driving Cars in Smart Cities","M. J. C. Samonte; L. M. D. Laqueo; R. K. L. Mampusti; K. D. H. Panganiban","School of Information Technology, Mapua Univerisity, Makati City, Philippines; School of Information Technology, Mapua University, Makati City, Philippines; School of Information Technology, Mapua University, Makati City, Philippines; School of Information Technology, Mapua University, Makati City, Philippines",2024 8th International Conference on Smart Grid and Smart Cities (ICSGSC),"31 Dec 2024","2024","","","374","381","This review aims at presenting a clear understanding of AVs in smart cities, more specifically in terms of technological development, inherent challenges, and social impacts. LiDAR sensors and the communication protocols essential for improving the navigation and safety of AVs in urban areas are explored. The review brings together recent studies and notes the resultant adversities of the AV sensor system with respect to the weather impact as well as the need to strengthen protection against cyber-crimes. Other key areas of concern include road traffic control, traffic flow reduction, energy conservation, and changes in the transport system usage within urban areas. In incorporating various aspects related to the AV integration, the review highlights the role of policy makers, researchers and industry players, and stresses the need for regulatory framework, societal acceptance, and design of interaction between human and computers as crucial in the development of AVs. AVs hold the potential of enabling smarter, safer, and sustainable cities worldwide in the future and the consequent growth of sensor technology and communication networks for AV technologies are prospective for urban mobility.","2768-0088","979-8-3503-7740-8","10.1109/ICSGSC62639.2024.10813654","","https://ieeexplore.ieee.org/stamp/stamp.jsp?arnumber=10813654","autonomous vehicles;cybersecurity risks;System Architecture;smart cities;AV integration","Protocols;Smart cities;Reviews;Sensor systems;Smart grids;Security;Protection;Intelligent sensors;Stress;Road traffic control","","","","32","IEEE","31 Dec 2024","","","IEEE","IEEE Conferences"
"Dynamic-SoS: An Approach for the Simulation of Systems-of-Systems Dynamic Architectures","W. Manzano; V. V. Graciano Neto; E. Y. Nakagawa","University of São Paulo, Av. Trabalhador Sancarlense, 400, 13566-590 São Carlos, Brazil; wallace.manzano@usp.br; NA; University of São Paulo, Av. Trabalhador Sancarlense, 400, 13566-590 São Carlos, Brazil",The Computer Journal,"23 Nov 2020","2020","63","1","709","731","Systems-of-Systems (SoS) combine heterogeneous, independent systems to offer complex functionalities for highly dynamic smart applications. Besides their dynamic architecture with continuous changes at runtime, SoS should be reliable and work without interrupting their operation and with no failures that could cause accidents or losses. SoS architectural design should facilitate the prediction of the impact of architectural changes and potential failures due to SoS behavior. However, existing approaches do not support such evaluation. Hence, these systems have been usually built without a proper evaluation of their architecture. This article presents Dynamic-SoS, an approach to predict/anticipate at design time the SoS architectural behavior at runtime to evaluate whether the SoS can sustain their operation. The main contributions of this approach comprise: (i) characterization of the dynamic architecture changes via a set of well-defined operators; (ii) a strategy to automatically include a reconfiguration controller for SoS simulation; and (iii) a means to evaluate architectural configurations that an SoS could assume at runtime, assessing their impact on the viability of the SoS operation. Results of our case study reveal Dynamic-SoS is a promising approach that could contribute to the quality of SoS by enabling prior assessment of its dynamic architecture.","1460-2067","","10.1093/comjnl/bxz028","","https://ieeexplore.ieee.org/stamp/stamp.jsp?arnumber=9266975","dynamic architecture;system-of-systems;simulation","","","8","","","","23 Nov 2020","","","OUP","OUP Journals"
"Automotive Sensor Infrastructure - Challenges and Opportunities","S. P. Velusamy; M. Y. Ghannam; H. M. Kadry","Research and Advanced Engineering, Ford Motor Company, Dearborn, USA; Research and Advanced Engineering, Ford Motor Company, Dearborn, USA; Research and Advanced Engineering, Ford Motor Company, Dearborn, USA",2022 IEEE International Symposium on Circuits and Systems (ISCAS),"11 Nov 2022","2022","","","1018","1022","The vehicles of the future are turning out to be substantially complex with enhancements to Driver Assistance Technology (DAT), Autonomous Vehicles (AV), electrification of the powertrain, high-speed networking within vehicles, and connectivity to external infrastructure and other vehicles. These systems are built by a framework of sensors, actuators, and computer nodes. These intricate computer nodes need to move hundreds of gigabytes of data and consume high energy to process heavy data and respond in a fraction of seconds. The challenges and opportunities to improve vehicle sensing infrastructure are mostly encrusted in power management, data management, high-speed/high-bandwidth networking, and scalable electrical architecture. The complicated framework provides challenges in both hardware and software layers. This paper discusses the challenges associated with the areas above and parallelly discusses the solution areas where the industry is tackling the mentioned challenges.","2158-1525","978-1-6654-8485-5","10.1109/ISCAS48785.2022.9937749","","https://ieeexplore.ieee.org/stamp/stamp.jsp?arnumber=9937749","Sensor Infrastructure;Driver Assistance Technology (DAT);Autonomous Vehicles;Electric Vehicles;Networking;Electrical/Electronic (E/E) Architecture","Wireless communication;Wireless sensor networks;Actuators;High-speed networks;Power system management;Computer architecture;Sensor systems","","2","","23","IEEE","11 Nov 2022","","","IEEE","IEEE Conferences"
"Architectural Innovations for AI Chips, Testing, and High Performance Computing","R. Kannan; M. Gulhane; K. Mirza; S. Maurya; S. Kumar; N. Rakesh","Department of CSE, Symbiosis Institute of Technology, Nagpur Campus, Symbiosis International, (Deemed University), Pune Nagpur, India; Department of CSE, Symbiosis Institute of Technology, Nagpur Campus, Symbiosis International, (Deemed University), Pune Nagpur, India; Department of Computer Science & Engineering, Graphic Era Hill University, Bhimtal Campus, India; Department of CSE, Symbiosis Institute of Technology, Nagpur Campus, Symbiosis International, (Deemed University), Pune Nagpur, India; Department of CSE, Koneru Lakshmaiah Education Foundation, Vaddeswaram, A.P, India; Department of CSE, Symbiosis Institute of Technology, Nagpur Campus, Symbiosis International, (Deemed University), Pune Nagpur, India","2024 IEEE 6th International Conference on Cybernetics, Cognition and Machine Learning Applications (ICCCMLA)","11 Feb 2025","2024","","","365","369","Growth in the importance of artificial intelligence is coupled with AI-specialized chips and high-performance computing architectures, which pose challenges in testing and optimizing complex systems. The paper reviews the most recent architectural advancements in AI accelerators, testing techniques, and HPC systems. It will particularly point out research around AI processors in the design of GPU, ASIC, and FPGA and neuromorphic, design-for-test, built-in self-test, and online test techniques, trending HPC architectures, and considerations over performance, efficiency, and reliability. A proposed research direction is to leverage heterogeneous subsystem integration on-chip to harmonize the strengths of different computing paradigms. The paper focuses on new architectural designs for AI chips, with a special focus on the progress of neural network accelerators, memory hierarchies, and interconnect technologies. Such new innovations are going to improve the implementation of complex AI algorithms, with the effect of increased efficiency and decreased delay. The manuscript also discusses the integration of energy-efficient computing and heterogeneous integration as a remedy to the power-related problems emerging from the deployment of AI chips. The paper is focused on the progress of testing methodologies for AI chips. AI algorithms are complex and the application itself is very important; hence, a good testing framework is also a necessity. The paper discusses the use of fault injection, emulation, and simulation techniques for testing and verifying the AI-chip architectures to guarantee their reliability in practice. The paper conclusion will also hinge on how the AI chips will be integrated into the HPC systems. AI is going to increasingly intersect with the conventional high-performance computing tasks, thus placing great importance on the need for such integration.","","979-8-3315-0579-0","10.1109/ICCCMLA63077.2024.10871347","","https://ieeexplore.ieee.org/stamp/stamp.jsp?arnumber=10871347","AI Chips;ACAP;High Performance Computing;GPU;FPGA;SIMD;FDR","Technological innovation;Neuromorphics;High performance computing;AI accelerators;Computer architecture;Built-in self-test;Design for testability;System-on-chip;Artificial intelligence;Field programmable gate arrays","","","","28","IEEE","11 Feb 2025","","","IEEE","IEEE Conferences"
"Enhancing Self-Driving Capabilities: A Design Architecture Leveraging Sensor Systems and Cloud Computing","R. Xiao; Y. Jiang","College of Computer and Network Security (Oxford Brookes University) Chengdu University of Technology, Chengdu, China; College of Computer and Network Security (Oxford Brookes University) Chengdu University of Technology, Chengdu, China",2023 11th International Conference on Traffic and Logistic Engineering (ICTLE),"30 Apr 2024","2023","","","12","16","This paper endeavors to accomplish Level 4 and Level 5 self-driving by devising a design architecture for cloud-based self-driving vehicles. It incorporates a hybrid positioning navigation method [24, 25] and diverse sensing systems [9, 5, 7, 27] to capture precise environmental information, along with Inertial Measurement Unit (IMU) sensors and wheel odometry to complement other sensors and improve positioning accuracy and stability [26, 27, 25]. The architecture utilizes a combination of Vehicular Ad hoc Network (VANET), Internet of Vehicles (IoV), and in-vehicle millimeter wave systems for high-level information communication [9, 8]. To enable real-time monitoring, analysis, and application of vehicle data, the architecture leverages cloud computing, particularly the Amazon Web Services (AWS) platform [10, 11], and takes into account data security risks. The research in this paper is important for promoting the development of autonomous driving technology and provides valuable references for research and practical applications in related fields.","","979-8-3503-3964-2","10.1109/ICTLE59670.2023.10508884","","https://ieeexplore.ieee.org/stamp/stamp.jsp?arnumber=10508884","Level 4 and Level 5 self-driving;Diverse sensing systems;Internet of Vehicles (IoV);Cloud computing","Cloud computing;Data security;Millimeter wave technology;Vehicular ad hoc networks;Collaboration;Computer architecture;Sensor systems","","1","","28","IEEE","30 Apr 2024","","","IEEE","IEEE Conferences"
"Visual Data Processing in the Onboard Network of the Heterogeneous Computing Units","A. Boguslavsky; A. Latsis; S. Sokolov; A. Derzhanovskiy","Keldysh Institute of Applied Mathematics RAS, Moscow, Russia; Keldysh Institute of Applied Mathematics RAS, Moscow, Russia; Keldysh Institute of Applied Mathematics RAS, Moscow, Russia; Keldysh Institute of Applied Mathematics RAS, Moscow, Russia",2019 21st International Conference on Transparent Optical Networks (ICTON),"19 Sep 2019","2019","","","1","4","Onboard information systems are a necessary component of the modern autonomous mobile vehicles, in particular, ground and aerial robots. For carrying out of the target problems in the natural environment, vision systems are used as one of the main means in onboard information systems. The paper describes the methods of constructing onboard information systems' software and hardware with the use of heterogeneous computing units based on universal CPU, GPU and FPGA. The heterogeneous units are combined in a network. The paper presents as an example the problem of processing visual data for the tracking of a small-sized object with the use of a set of high-resolution cameras.","2161-2064","978-1-7281-2779-8","10.1109/ICTON.2019.8840005","","https://ieeexplore.ieee.org/stamp/stamp.jsp?arnumber=8840005","real time computer vision systems;heterogeneous computing systems;information systems of mobile robots;software templates of computer vision systems.","Software;Information systems;Hardware;Real-time systems;Field programmable gate arrays;Robots;Visualization","","","","28","IEEE","19 Sep 2019","","","IEEE","IEEE Conferences"
"Human Empowerment in Self-Adaptive Socio-Technical Systems","N. Boltz; S. G. Yaman; P. Inverardi; R. De Lemos; D. Van Landuyt; A. Zisman","Karlsruhe Institute of Technology, Germany; University of York, United Kingdom; Gran Sasso Science Institute, Italy; University of Kent, United Kingdom; KU Leuven, Belgium; The Open University, United Kingdom",2024 IEEE/ACM 19th Symposium on Software Engineering for Adaptive and Self-Managing Systems (SEAMS),"19 Jun 2024","2024","","","200","206","Recent advances in generative AI and machine learning have stirred up fears about the unbridled adoption of autonomous, self-adaptive decision mechanisms in socio-technical systems. This vision paper explores the critical relationship between software-intensive systems and the empowerment of humans as individuals and society. We highlight the need for human empowerment within the context of self-adaptive socio-technical systems (SASTSs), which require mechanisms for balancing of diverse needs, values, and ethics on the individual, community, and societal levels. We propose an architecture comprised of Connector and Mediator elements, and third-party auditing, to support interactions and ensure preservation of human needs, values, and ethics. We use an example of Robot-Assisted A&E Triage system to motivate and illustrate our work and discuss some open challenges for future research.","2157-2321","979-8-4007-0585-4","10.1145/3643915.3644082","EPSRC project(grant numbers:EP/V026747/1,EP/R013144/1); H2020 ERATOSTHENES project(grant numbers:101020416); ","https://ieeexplore.ieee.org/stamp/stamp.jsp?arnumber=10556137","","Connectors;Ethics;Sociotechnical systems;Adaptation models;Decision making;Computer architecture;Robots","","1","","51","CCBY","19 Jun 2024","","","IEEE","IEEE Conferences"
"SEAByTE: A Self-adaptive Micro-service System Artifact for Automating A/B Testing","F. Quin; D. Weyns","Katholieke Universiteit Leuven, Leuven, Belgium; Katholieke Universiteit Leuven, Belgium Linnaeus University, Sweden",2022 International Symposium on Software Engineering for Adaptive and Self-Managing Systems (SEAMS),"23 Jun 2022","2022","","","77","83","Micro-services are a common architectural approach to software development today. An indispensable tool for evolving micro-service systems is A/B testing. In A/B testing, two variants, A and B, are applied in an experimental setting. By measuring the outcome of an evaluation criterion, developers can make evidence-based decisions to guide the evolution of their software. Recent studies highlight the need for enhancing the automation when such experiments are conducted in iterations. To that end, we contribute a novel artifact that aims at enhancing the automation of an experimentation pipeline of a micro-service system relying on the principles of self-adaptation. Concretely, we propose SEAByTE, an experimental framework for testing novel self-adaptation solutions to enhance the automation of continuous A/B testing of a micro-service based system. We illustrate the use of the SEAByTE artifact with a concrete example.","2157-2321","978-1-4503-9305-8","10.1145/3524844.3528081","","https://ieeexplore.ieee.org/stamp/stamp.jsp?arnumber=9799807","self adaptation;A/B testing;continuous deployment","Automation;Adaptive systems;Autonomous systems;Pipelines;Software;Software measurement;Task analysis","","3","","29","","23 Jun 2022","","","IEEE","IEEE Conferences"
"Is Self-Admitted Technical Debt a Good Indicator of Architectural Divergences?","G. Sierra; A. Tahmid; E. Shihab; N. Tsantalis","Data-driven Analysis of Software (DAS) Lab, Concordia University, Montreal, Canada; Department of Computer Science and Software Engineering, Concordia University, Montreal, Canada; Data-driven Analysis of Software (DAS) Lab, Concordia University, Montreal, Canada; Department of Computer Science and Software Engineering, Concordia University, Montreal, Canada","2019 IEEE 26th International Conference on Software Analysis, Evolution and Reengineering (SANER)","18 Mar 2019","2019","","","534","543","Large software systems tend to be highly complex and often contain unaddressed issues that evolve from bad design practices or architectural implementations that drift from definition. These design flaws can originate from quick fixes, hacks or shortcuts to a solution, hence they can be seen as Technical Debt. Recently, new work has focused on studying source code comments that indicate Technical Debt, i.e., Self-Admitted Technical Debt (SATD). However, it is not known if addressing information left by developers in the form source code comments can give insight about the design flaws in a system and have the potential to provide fixes for bad architectural implementations. This paper investigates the possibility of using SATD comments to resolve architectural divergences. We leverage a data set of previously classified SATD comments to trace them to the architectural divergences of a large open source system, namely ArgoUML. We extract its conceptual and concrete architectures based on available design documentation and source code, and contrast both to expose divergences, trace them to SATD comments, and investigate their resolution. We found 7 high-level divergences in ArgoUML and 22 others among its subsystems, observing that merely 4 out of 29 (14%) divergences can be directly traced to SATD. Although using SATD as an indicator of architectural divergences is viable, the effort of doing so is time-intensive, and in general, will not lend to a significant reduction of architectural flaws in a software system.","1534-5351","978-1-7281-0591-8","10.1109/SANER.2019.8667999","","https://ieeexplore.ieee.org/stamp/stamp.jsp?arnumber=8667999","Self-Admitted Technical Debt;Software Re-Engineering;Software Architecture;Architecture Recovery","Documentation;Software systems;Computer architecture;Tools;Task analysis;Information services;Electronic publishing","","7","","22","IEEE","18 Mar 2019","","","IEEE","IEEE Conferences"
"Supporting the Self-Learning of Systems at the Network Edge with Microservices","K. Bierzynski; P. Lutskov; U. Assmann",NA; NA; NA,Smart Systems Integration; 13th International Conference and Exhibition on Integration Issues of Miniaturized Systems,"3 Jun 2019","2019","","","1","8","Until a machine learning algorithm is finalized and can be used in an application or product, many development steps have to be performed. Same of the more time consuming steps are the preparation of data sets for training and testing and the optimization of the algorithms. Afterthese steps, the trained model only needs to be integrated into the application code in most cases. For self-learning systems the development process does not end at this point. The reason for that is the execution context. The environments, where self-learning systems are deployed, are often dynamic and, to a certain degree, unpredictable. Smart homes and road traffic are good examples of such environments. To ensure the proper functioning of machine learning models in such contexts, support from the systems is necessary. lt must be able to perform tasks like distribution of computation and verifying the predictions of the trained machine learning models. Furthermore, the support infrastructure of the system must deal with the incremental or on-site training of the models. In case of systems at the network edge, this means training and adapting models with limited resources. Organizing, maintaining and adapting this kind of support can be quite difficult. The microservice architecture has the potential to reduce these challenges for systems at the network edge. In this paper, we discuss this potential at the example of the OpenLicht system, a self-learning lighting system at the network edge. Furthermore, solutions based on micro services for machine learning support are presented and we evaluate the microservice pattern against other architectural patterns.","","978-3-8007-4919-5","","","https://ieeexplore.ieee.org/stamp/stamp.jsp?arnumber=8727784","","","","3","","","","3 Jun 2019","","","VDE","VDE Conferences"
"Characterizing Architectural Drifts of Adaptive Systems","D. S. Martín; B. Siqueira; V. V. de Camargo; F. Ferrari","DC-UFSCar, São Carlos, Brazil; DC-UFSCar, São Carlos, Brazil; DC-UFSCar, São Carlos, Brazil; DC-UFSCar, São Carlos, Brazil","2020 IEEE 27th International Conference on Software Analysis, Evolution and Reengineering (SANER)","2 Apr 2020","2020","","","389","399","An adaptive system (AS) evaluates its own behavior and changes it when the evaluation indicates that the system is not accomplishing what it is intended to do, or when better functionality or performance is possible. MAPE-K is a reference model that prescribes the adaptation mechanism of ASs by means of high-level abstractions such as Monitors, Analyzers, Planners and Executors and the relationships among them. Since the abstractions and the relationships provided by MAPE-K are generic, other reference models were proposed focusing on providing lower level abstractions to support software engineers in a more suitable way. However, after the analysis of seven representative ASs, we realized the abstractions prescribed by the existing reference models are not properly implemented, thus leading to architectural drifts. Therefore, in this paper we characterized three of these drifts by describing them with a template and showing practical examples. The three architectural drifts of ASs are Scattered Reference Inputs, Mixed Executors and Effectors, and Obscure Alternatives. We expect that by identifying and characterizing these drifts, we can help software architects improve their design and, as a consequence, increase the reliability of this type of systems.","1534-5351","978-1-7281-5143-4","10.1109/SANER48275.2020.9054856","","https://ieeexplore.ieee.org/stamp/stamp.jsp?arnumber=9054856","architectural drifts;adaptive system;maintenance","Analytical models;Adaptation models;Adaptive systems;Conferences;Focusing;Reliability engineering;Software","","","","37","IEEE","2 Apr 2020","","","IEEE","IEEE Conferences"
