"Authors","Author full names","Author(s) ID","Title","Year","Source title","Volume","Issue","Art. No.","Page start","Page end","Page count","Cited by","DOI","Link","Abstract","Author Keywords","Document Type","Publication Stage","Open Access","Source","EID"
"X., Tang, Xitian; W., Gu, Wenzhen; Y., Hu, Yao; M., Yan, Minghui","Tang, Xitian (59772679300); Gu, Wenzhen (57201029098); Hu, Yao (59772256300); Yan, Minghui (59772893300)","59772679300; 57201029098; 59772256300; 59772893300","Evaluating the efficacy of the new electronic dental assistant training program","2025","Scientific Reports","15","1","15639","","","0","0","10.1038/s41598-025-99856-2","https://www.scopus.com/inward/record.uri?eid=2-s2.0-105004313908&doi=10.1038%2Fs41598-025-99856-2&partnerID=40&md5=984d3208e9613f511cff49f5c7b8fc2c","With the rapid development of global medical informatization, information systems have become a critical part of the nursing profession The training of dental assistants lacks specialized information management tools, resulting in increasing difficulty in time-consuming training management. To evaluate a new electronic dental assistants self-design training program and examine its effects on informatization management. A self-design training management system was developed. The core module of the system, the clinical training management module, consisted of six different parts: resource management, course management, examination assessment, student management, teacher management, and evaluation management. 137 dental assistants were enrolled to complete the training and assessed through the system. With the introduction of the new system, the coverage of the required courses arranged by the nursing department increased from 80.29 to 100% (P < 0.01). The average time for the training supervisors to complete the evaluation of dental assistants’ monthly examination significantly decreased from (94.80 ± 28.95) to (8.30 ± 3.30) minutes (P < 0.05). The pass rate of the N2-level promotion test increased from 68.18 to 100% (P < 0.01). The four-hand operation response time of outpatient dental assistants was significantly decreased from (5.42 ± 0.83) to (3.37 ± 0.76) seconds (P < 0.05); The satisfaction score of 94.2% of doctors on dental assistants passed 44 points, 95.6% of dental assistants and 100% training supervisors rated the training management system on satisfaction score of more than 36 points. This training management system significantly enhances the training experience for dental assistants, not only by boosting participation rates but also by streamlining training management time and elevating the overall quality of training along with staff satisfaction. This study highlights the potential for electronic management systems to enhance the quality and efficiency of dental assistant training globally. © 2025 Elsevier B.V., All rights reserved.","Dental Assistant; Dental Assistant Training; Information System; Quality Control; Aged; Article; Controlled Study; Dental Assistant; Diagnosis; Hand Surgery; Human; Information System; Nursing As A Profession; Participation; Physician; Quality Control; Reaction Time; Satisfaction; Teacher; Training; Adult; Education; Female; Male; Adult; Dental Assistants; Female; Humans; Male","Article","Final","All Open Access; Gold Open Access; Green Accepted Open Access; Green Open Access","Scopus","2-s2.0-105004313908"
"Y.S., Bouteraa, Yassine Saleh; M., Khishe, Mohammad","Bouteraa, Yassine Saleh (57202361442); Khishe, Mohammad (57192100593)","57202361442; 57192100593","Fractal and chaotic map-enhanced grey wolf optimization for robust fire detection in deep convolutional neural networks","2025","Scientific Reports","15","1","11495","","","0","1","10.1038/s41598-025-95519-4","https://www.scopus.com/inward/record.uri?eid=2-s2.0-105002865751&doi=10.1038%2Fs41598-025-95519-4&partnerID=40&md5=9769e7a0297fcd55b210953d027cd369","This paper introduces a novel approach to enhancing the architecture of deep convolutional neural networks, addressing issues of self-design. The proposed strategy leverages the grey wolf optimizer and the multi-scale fractal chaotic map search scheme as fundamental components to enhance exploration and exploitation, thereby improving the classification task. Several experiments validate the method, demonstrating an impressive 87.37% accuracy across 95 random trials, outperforming 23 state-of-the-art classifiers in the study’s nine datasets. This work underscores the potential of chaotic/fractal and bio-inspired paradigms in advancing neural architecture. © 2025 Elsevier B.V., All rights reserved.","Chaotic Maps; Fractals; Gray Wolf Optimizer; Image Classification; Internet Protocol; Article; Canis Lupus; Classification; Classifier; Convolutional Neural Network; Diagnosis; Fire; Fractal Analysis; Human; Human Experiment; Internet Protocol","Article","Final","All Open Access; Gold Open Access; Green Accepted Open Access; Green Open Access","Scopus","2-s2.0-105002865751"
"M., Wang, Mengjie; X., Yang, Xiaohua; X., Zhao, Xu; R., Chen, Rui; C., Yan, Changgen","Wang, Mengjie (59149830200); Yang, Xiaohua (55683824400); Zhao, Xu (60005172900); Chen, Rui (57220997885); Yan, Changgen (8542208200)","59149830200; 55683824400; 60005172900; 57220997885; 8542208200","Engineering characteristics of soft soil foundations improved by fine-sand-filled geocell cushions","2025","KSCE Journal of Civil Engineering","29","10","100226","","","0","0","10.1016/j.kscej.2025.100226","https://www.scopus.com/inward/record.uri?eid=2-s2.0-105011088452&doi=10.1016%2Fj.kscej.2025.100226&partnerID=40&md5=6c60dc8d34eecde3e7c25f9d53a833cf","In the Dhaka Ring Road Project in Bangladesh, geocell filled with fine sand was used as cushions to treat the soft foundation to improve its bearing capacity. Large-scale direct shear, tension, and compression tests were conducted using a self-design testing device to analyse the working characteristics of the fine-sand-filled geocell cushion layer. The FLAC 3D software was used to study the stress and deformation characteristics of a soft soil foundation reinforced by the fine-sand-filled geocell with different embankment heights, numbers of cushion layers, and foundation deformation moduli. The results revealed that the geocell can improve the shear strength of fine sand, particularly in the cohesive force, with increases in the range of 8–21 kPa. Under the reinforcement effect, the fine-sand-filled geocell layers exhibited desirable tensile and compression properties. Installing two fine-sand-filled geocell layers is generally advantageous. Additionally, foundation deformation is highly sensitive to embankment height and foundation strength. The height of an embankment constructed on a soft foundation with a foundation modulus lower than 2.5 MPa should not exceed 6 m. The results of this study may provide a theoretical basis for the application of fine-sand-filled geocell cushion layer in practical engineering. © 2025 Elsevier B.V., All rights reserved.","Fine Sand; Geocell; Model Testing; Numerical Simulation; Soft Soil Foundation; Computer Software; Embankments; Foundations; Sand; Shear Flow; Shear Strength; Soil Testing; Soils; Cushion Layers; Embankment Height; Engineering Characteristics; Fine Sand; Foundation Deformation; Geocells; Model Testing; Ring Roads; Soft Foundation; Soft Soil Foundation; Compression Testing; Reinforcement","Article","Final","","Scopus","2-s2.0-105011088452"
"X., Wu, Xiangxiang; Y., Zha, Yong","Wu, Xiangxiang (57222322999); Zha, Yong (35363070100)","57222322999; 35363070100","Encroachment of complementary suppliers in the technology product market","2025","Expert Systems with Applications","290","","128501","","","0","0","10.1016/j.eswa.2025.128501","https://www.scopus.com/inward/record.uri?eid=2-s2.0-105007522076&doi=10.1016%2Fj.eswa.2025.128501&partnerID=40&md5=ccd73d088c9f21abc59a6155685a6789","This study aims to delve deeply into the supply chain relationship between hardware manufacturers and software platform owners in the technology product market, particularly how both parties attempt to encroach upon each other's core business areas while maintaining cooperation. To be specific, we examine the sequential encroachment decisions between a manufacturer and a platform owner, where both parties may choose between cooperative encroachment and self-design encroachment to enter the end-product market. In constructing a game-theoretic model, we consider a scenario where the manufacturer initially makes the encroachment decision, followed by the platform owner's encroachment decision, and finally, both parties set their products’ component and retail prices under two cases of differing user preferences. In the case where users have a higher preference for the manufacturer's product than that of the platform, our analysis interestingly shows that, given the manufacturer's cooperative encroachment, the platform always tends to choose self-design encroachment. In the case of the platform having a higher user preference, the manufacturer has a similar inclination when anticipating the platform chooses cooperative encroachment. In the platform's optimal choice, both parties may be more beneficial under self-design or cooperative encroachment when the platform has a higher user preference, but can be more favorable only under self-design encroachment when the manufacturer has a higher user preference. Furthermore, we find that symmetric cooperative encroachment is never an equilibrium configuration, while the other encroachment configurations may appear in equilibrium, depending on the size of the software design cost and the user preference differences. Our study provides important insights regarding encroachment for complementary participants in the technology product market. © 2025 Elsevier B.V., All rights reserved.","Coopetition; Game Theory; Supplier Encroachment; Supply Chain Management; Technology Products; Integrated Circuit Layout; Sales; Chain Management; Co-opetition; Hardware Manufacturers; Hardware/software; Product Markets; Self-design; Supplier Encroachment; Supply Chain Relationships; Technology Products; User's Preferences; Intellectual Property Core","Article","Final","","Scopus","2-s2.0-105007522076"
"N., Menzi-Çetin, Nihal","Menzi-Çetin, Nihal (56910228900)","56910228900","A Comparison of the Programming-Oriented Computational Thinking Skills of Engineering and Nonengineering Students at Turkish Universities","2025","Computer Applications in Engineering Education","33","5","e70069","","","0","0","10.1002/cae.70069","https://www.scopus.com/inward/record.uri?eid=2-s2.0-105012371932&doi=10.1002%2Fcae.70069&partnerID=40&md5=c6f8eda861c908d20a103193ec6e8eb5","This study examines the programming-oriented computational thinking (PoCT) skills of engineering and nonengineering faculty students, comparing them in terms of grade level and the three subdimensions of PoCT: Conceptual knowledge, algorithmic thinking, and evaluation. Additionally, the study investigates the extent to which students' PoCT skill levels can be predicted by programming language self-efficacy and design thinking skill through hierarchical regression analysis. The data of 571 computer science students from two types of faculties in Turkish universities were analysed. The findings revealed that engineering students had superior computational thinking skills to their nonengineering counterparts, as well as a slightly higher predictive power of programming self-efficacy and design thinking on computational thinking. These results offer valuable insights and strategies for developing instructional practices that address the disadvantages faced by nonengineering disciplines. © 2025 Elsevier B.V., All rights reserved.","Computational Thinking; Design Thinking; Engineering Education; Programming Language Self-efficacy; Education Computing; Regression Analysis; Students; Teaching; Algorithmic Thinking; Computational Thinkings; Conceptual Knowledge; Design Thinking; Language Self-efficacy; Non-engineering Students; Programming Language Self-efficacy; Self-design; Thinking Skills; Turkishs; Engineering Education","Article","Final","","Scopus","2-s2.0-105012371932"
"B.R., Johnstone, B. R.; D., Cohen, Daniel; R.K., Anderson, Raeda K.; A.C., Dennison, Andrew Cullen; L., Bosque, Laura","Johnstone, B. R. (7101757067); Cohen, Daniel (57204042627); Anderson, Raeda K. (57220932652); Dennison, Andrew Cullen (35483521500); Bosque, Laura (58591358900)","7101757067; 57204042627; 57220932652; 35483521500; 58591358900","Reconceptualizing Disorders of the Self as Disorders of Relationship","2025","Archives of Physical Medicine and Rehabilitation","106","8","","1198","1206","0","0","10.1016/j.apmr.2024.12.019","https://www.scopus.com/inward/record.uri?eid=2-s2.0-85215954675&doi=10.1016%2Fj.apmr.2024.12.019&partnerID=40&md5=2b8ad7ccffdabe8cedd1fdd314796fe0","Objective: To validate a universal neuropsychological model that suggests that disorders of the self are best conceptualized as disintegrated neuropsychological processes (ie, sensations, mental experiences) that lack a sense of relationship to the unified experience/sense of self. Design: Cross-sectional observational study. Setting: Rehabilitation hospital outpatient clinics. Participants: A total of 73 individuals including 33 with acquired brain injury and 40 with multiple sclerosis. Intervention: Not applicable. Main Outcome Measures: On the basis of the Cambridge Depersonalization Scale, a measure of general disintegration of sensations and mental experiences, a team of rehabilitation clinicians and researchers proposed 6 clinically derived indices of specific disintegrated neuropsychological inputs (ie, sensations), outputs (ie, mental experiences), and experiences of disintegration (ie, space, time, context). Results: As hypothesized (1) a confirmatory factor analysis supported the proposed factors including disintegrated bodily sensations (root mean square error of approximation [RMSEA]=0.193, P=.009; comparative fit index [CFI]=0.909; Tucker-Lewis index [TLI]=0.819), disintegrated context (RMSEA=0.143, P=.129; CFI=0.970; TLI=0.911), disintegrated emotions (RMSEA=0.090, P=.266; CFI=0.967; TLI=0.902), disintegrated cognition (RMSEA=0.091, P=.210; CFI=0.963; TLI=0.939), disintegrated smell/taste, and disintegrated spatial perception (measures of model fit for these last 2 factors could not be determined given they included only 2 items); and (2) Pearson correlations indicated that all 7 Cambridge Depersonalization Scale indices were negatively correlated with a measure associated with right hemisphere functioning, with 5 achieving/approaching statistical significance. Conclusion: The results suggest that (1) neuropsychological abilities should be conceptualized in terms of relatively singular neuropsychological domains (ie, affect, behavior, cognition, sensation) and the experience of relationship that is created when they are integrated, and (2) disorders of the self are best conceptualized as disorders of disintegration that are associated with decreased relationship between specific neuropsychological processes and the unified experience/sense of self. © 2025 Elsevier B.V., All rights reserved.","Disorders Of The Self; Integration; Rehabilitation; Relationship; Acquired Brain Injury; Adult; Alexithymia; Alien Limb Phenomenon; Anosognosia; Anton's Syndrome; Article; Asomatognosia; Bipolar Disorder; Borderline State; Capgras Syndrome; Cognition; Cotard Delusion; Cross-sectional Study; Delusional Misidentification; Depersonalization; Depth Perception; Disease Classification; Dissociative Fugue; Emotion; Environmental Disease; Female; Fregoli Syndrome; Human; Major Clinical Study; Male; Middle Aged; Multiple Personality; Multiple Sclerosis; Neurologic Disease; Neuropsychological Assessment; Observational Study; Odor; Phonagnosia; Schizophrenia; Schizotypal Personality Disorder; Sense Of Self; Taste; Aged; Brain Injury; Factor Analysis; Psychology; Rehabilitation; Self Concept; Adult; Aged; Brain Injuries; Cross-sectional Studies; Depersonalization; Factor Analysis, Statistical; Female; Humans; Male; Middle Aged; Multiple Sclerosis; Neuropsychological Tests; Self Concept","Article","Final","All Open Access; Hybrid Gold Open Access","Scopus","2-s2.0-85215954675"
"L., Li, Lulu; Z., Zhang, Zhen; Z., Zhong, Ziyuan; Y., Xu, Youyi; Z., Li, Zhipeng; W., Tian, Wenhuai","Li, Lulu (57218274398); Zhang, Zhen (58392300800); Zhong, Ziyuan (57837019600); Xu, Youyi (60007108600); Li, Zhipeng (57206873452); Tian, Wenhuai (56611215700)","57218274398; 58392300800; 57837019600; 60007108600; 57206873452; 56611215700","The volatilization of organic matter in the sintering process of gold alloy paste","2025","Journal of Thermal Analysis and Calorimetry","150","16","","12293","12304","0","0","10.1007/s10973-025-14462-8","https://www.scopus.com/inward/record.uri?eid=2-s2.0-105011150403&doi=10.1007%2Fs10973-025-14462-8&partnerID=40&md5=a4b894d68ae6585d9a494a735ce70ba8","Fluorescent screen has garnered significant attention due to its excellent electro-optical conversion property, but there are few studies on solving the phenomenon of optical feedback and inter-electrode discharge caused by external stray light. In this paper, new self-design gold alloy paste carried out gold alloy film preparation experiment on fluorescent screen, and a comprehensive testing system is used to analyze the sintered products of gold alloy paste, the composition and properties of film. The results of TG-MS and TG-FTIR reveal that the main gaseous products escape from gold alloy paste include H<inf>2</inf>O, C<inf>10</inf>H<inf>18</inf>O, C<inf>4</inf>H<inf>8</inf>O<inf>2</inf>, NO<inf>2</inf> and CO<inf>2</inf> during sintering at 25–450 ℃. SEM equipped with EDS confirms that Au, Ag, Bi and Cr elements are uniformly distributed on film. The composition of 13% film is quantitatively analyzed by ICP-OES, which contains 12.19% Au, 0.35% Ag, 0.05% Bi, 0.01% Cr and 0.39% sulfonate. In addition, the transmittance of film is 0.1– 0.6%. The average resistivity is 2.81 × 10–6 Ω cm. The average adhesion is 6.86 MPa. Overall, gold alloy film with high purity and low residue has excellent light shielding, conductivity and adhesion, which can effectively prevent the entry of external stray light. © 2025 Elsevier B.V., All rights reserved.","Fluorescent Screen; Gold Alloy Film; Gold Alloy Paste; Low Residue; Optical Feedback; Adhesion; Biological Materials; Corrosion; Film Preparation; Gold Alloys; Optical Films; Optical Properties; Thallium Alloys; Alloy Film; Electro-optical; Gold Alloy Film; Gold Alloy Paste; Low Residue; Optical-; Organics; Property; Sintering Process; Volatilisation; Fluorescent Screens","Article","Final","","Scopus","2-s2.0-105011150403"
"C., He, Changsheng; W., Zhu, Wei; X., Zhang, Xin; W., Wu, Wei; J., Tan, Jiexing; B., Li, Bosheng; D., Huang, Dongchao; Y., Chen, Yinghua; Z., Xiang, Zhiguang; L., Huang, Lizhen","He, Changsheng (57203661598); Zhu, Wei (57195982746); Zhang, Xin (59982634100); Wu, Wei (59982357700); Tan, Jiexing (57218894975); Li, Bosheng (57212398786); Huang, Dongchao (57325614400); Chen, Yinghua (57216666371); Xiang, Zhiguang (21733908100); Huang, Lizhen (56477641100)","57203661598; 57195982746; 59982634100; 59982357700; 57218894975; 57212398786; 57325614400; 57216666371; 21733908100; 56477641100","Sensitive and Visualized Detection of Hantavirus Using CRISPR/Cas12a Based on AutoCORDSv2 Design","2025","Journal of Medical Virology","97","7","e70460","","","0","1","10.1002/jmv.70460","https://www.scopus.com/inward/record.uri?eid=2-s2.0-105010118505&doi=10.1002%2Fjmv.70460&partnerID=40&md5=5d3dd0e6fe9df8c284dd60a2c0fd226a","In recent years, detection technologies based on the CRISPR/Cas12a method have been extensively utilized in the fields of nucleic acid, enzyme, and macromolecule detection, thereby reinforcing their significant role in the detection landscape. Enhancing the simplicity of design, efficiency, and automation of the CRISPR/Cas12a detection system is essential for advancing its application in diagnostics. Recently, we developed an automated CRISPR/Cas12a design system named AutoCORDSv2. This system can process published genomic sequences of pathogenic bacteria in a high-throughput manner and automatically generate conserved and highly specific crRNA sequences, along with primer sequences for target amplification. This capability facilitates the specific and precise design of the CRISPR/Cas12a detection system. In this study, crRNAs targeting the Hantaan virus (HTNV) and Seoul virus (SEOV), as well as RT-PCR primers and RT-RPA primers, were designed using AutoCORDSv2. The experimental results demonstrated that the CRISPR/Cas12a system, automatically designed by AutoCORDSv2, was specific for the detection of both the HTNV and SEOV, with no cross-reactivity observed with other pathogens. The detection sensitivity reached 6 copies/μL (equivalent to 111 copies per amplification reaction), whether measured by a microplate reader or directly observed with the naked eye. The detection results for 50 samples were consistent with those obtained from commercial RT-qPCR kits, indicating high precision. Furthermore, the CRISPR/Cas12a system designed by AutoCORDSv2 can also be utilized for the development of a single-tube detection system with a sensitivity of 42 copies per reaction. This system combined with a 5-min extraction step and RT-RPA, further underscoring its potential for application. © 2025 Elsevier B.V., All rights reserved.","Auto-design; Autocordsv2; Crispr/cas12a Detection; Hantavirus; Dna Primers; Rna, Viral; Enzyme; Nucleic Acid; Primer Dna; Virus Rna; Article; Controlled Study; Crispr Cas System; Crispr Cas12a; Fluorescence Intensity; Gene Sequence; Hantavirus; Landscape; Microorganism; Nonhuman; Real Time Polymerase Chain Reaction; Reverse Transcription Recombinase Polymerase Amplification; Severe Fever With Thrombocytopenia Syndrome Virus; Zika Virus; Diagnosis; Genetics; Hantaan Virus; Hantavirus Infection; Human; Isolation And Purification; Molecular Diagnosis; Procedures; Sensitivity And Specificity; Virology; Crispr-cas Systems; Dna Primers; Hantavirus Infections; Humans; Molecular Diagnostic Techniques; Orthohantavirus; Rna, Viral; Sensitivity And Specificity","Article","Final","","Scopus","2-s2.0-105010118505"
"J., Lan, Jingbin; L., Lan, Lan; N., Wang, Ning; J., Zou, Jinhai; T., Chen, Tingting; K., Jiang, Kui; R., Xia, Ran; Y., Bu, Yikun; Z., Luo, Zhengqian","Lan, Jingbin (59417802900); Lan, Lan (58548767400); Wang, Ning (58921980100); Zou, Jinhai (57202496729); Chen, Tingting (59729825700); Jiang, Kui (59914411500); Xia, Ran (57210752665); Bu, Yikun (8503210000); Luo, Zhengqian (14321958800)","59417802900; 58548767400; 58921980100; 57202496729; 59729825700; 59914411500; 57210752665; 8503210000; 14321958800","Toward 10 W-level all-fiber multi-color visible lasers","2025","Optics Express","33","11","","23702","23713","0","0","10.1364/OE.561720","https://www.scopus.com/inward/record.uri?eid=2-s2.0-105006729101&doi=10.1364%2FOE.561720&partnerID=40&md5=7af712e4da3eab1b4670bb1eb731b807","So far, high-power visible laser generation has traditionally relied on nonlinear frequency conversion of near-infrared lasers, precluding efficient, compact, and affordable laser systems. An ideal solution is a rare-earth-doped fiber laser for directly generating visible light, but the output power is limited to the watt level, and the all-fiber structure is rarely reported. Here, we address this challenge by demonstrating high-power all-fiber visible lasers, directly generating either 10 W-level output power at 635 nm (red)/717 nm (deep-red) and 5 W-level output power at 521 nm (green), respectively. This work involves theoretical optimization and experimental validation using 443 nm LD-pumped Pr3+-doped double-clad fiber. Greatly thanks to the self-design and homemade visible fiber dichroic mirrors with high damage threshold of >22.6 MW/cm2, we successfully achieved the maximum laser output powers of 10.34 W at 635.6 nm, 10.28 W at 717.2 nm, and 4.87 W at 521.4 nm, respectively, with the slope efficiency of 26.5%, 24.4%, and 21.4%. Moreover, the all-fiber visible lasers show excellent stability with power fluctuation of 0.93%, 0.33%, and 2.8%. To our knowledge, this is the highest visible CW output power directly generated in a compact all-fiber laser and represents an important step towards the 10 W level. © 2025 Elsevier B.V., All rights reserved.","Electron Beam Pumping; Laser Mirrors; Optical Pumping; Rare Earth-doped Fibers; All Fiber; High Power; Ideal Solutions; Laser Generation; Laser Systems; Multi-colors; Near-infrared Lasers; Nonlinear Frequency Conversion; Output Power; Visible Lasers; Optical Frequency Conversion; Lanthanide; Article; Color; Controlled Study; Fiber; Human; Laser","Article","Final","All Open Access; Gold Open Access","Scopus","2-s2.0-105006729101"
"R., Breckner, Roswitha; M.R., Müller, Michael R.; A., Sonnenmoser, Anne","Breckner, Roswitha (54683437600); Müller, Michael R. (57205413455); Sonnenmoser, Anne (59928515200)","54683437600; 57205413455; 59928515200","Changing Visual and Social Worlds: An Introduction to the Thematic Issue on ""Digital Images and Visual Artifacts in Everyday Life""; Wandelbare Bild-und Sozialwelten: Einführung in den Themenschwerpunkt ""Digitale Bilder und visuelle Artefakte in Alltagswelten""","2025","Forum Qualitative Sozialforschung","26","2","28","","","0","0","10.17169/fqs-26.2.4442","https://www.scopus.com/inward/record.uri?eid=2-s2.0-105007248924&doi=10.17169%2Ffqs-26.2.4442&partnerID=40&md5=4e9e8deb7ad2a8a69ae47a33180e28d7","The continual advancement of visual media technologies and their everyday accessibility has led to a wide array of possibilities for presenting oneself, others and the world, for imagining the improbable, the production of evidence, ideographic expression, as well as of self-deception and deception of others. That images are socially exchanged, in that they give rise to, reinforce, or destabilize social relationships, and that they are subject to processes of conventionalization, instrumentalization, and economization, is hardly surprising. Nevertheless, images and the diversity of visual artifacts remain a complex and only partially theorized subject within social theory and are still insufficiently integrated into existing theoretical frameworks. The authors of this special issue address this desideratum. Their contributions provide insights into the particularities of contemporary image and social worlds, which they explore through appropriate methodological approaches. Furthermore, they shed light on the social-theoretical and methodological research questions that emerge from a deeper engagement with such visual and social constellations. © 2025 Elsevier B.V., All rights reserved.","Body Images; Communicative Trust-building; Digital Images In Social Worlds; Discursive Subjectivation; Generation Of Evidence And Knowledge; Methodological Innovation; Personal Testing And Proving; Political And Normative Negotiation Processes; Social Media; Social Positioning; Visual Artifacts; Visual-biographical Self-design","Article","Final","","Scopus","2-s2.0-105007248924"
"F., Li, Fuzhu; B., Zhang, Bo; Y.Q., Guo, Yuqin Qing; Y., Wang, Yun; K., Shen, Kunlun","Li, Fuzhu (8909526200); Zhang, Bo (58688154400); Guo, Yuqin Qing (8909526500); Wang, Yun (56159298500); Shen, Kunlun (58814164700)","8909526200; 58688154400; 8909526500; 56159298500; 58814164700","Novel Bidirectional Volume Alternating Cavitation Technique for the Inner Surface Finishing of Small Holes","2025","International Journal of Precision Engineering and Manufacturing","26","5","","1049","1060","0","0","10.1007/s12541-024-01165-7","https://www.scopus.com/inward/record.uri?eid=2-s2.0-105003581731&doi=10.1007%2Fs12541-024-01165-7&partnerID=40&md5=e8beab82184151781663b1b2444874f7","With the development of miniaturization and precision of cutting-edge equipment, functional parts with small holes have an increasing number of stringent requirements on their inner surface quality. The present work proposes a bidirectional volume alternating cavitation finishing (BVACF) method to refine the inner surface of small holes with a large aspect ratio (L/D ≥ 10). Using the self-design bidirectional volume alternating cavitation experimental apparatus, the finishing experiments on the inner surface of small holes were performed for Al 1060, T2Cu parts by drilling, as well as AlSi10Mg parts by additively manufactured method, to verify the availability of the BVACF method. Selecting Al 1060 small holes as the experimental sample and taking the profile surface roughness Ra and material removal rate (MRR) as the evaluation indexes, the influence of process parameters such as processing time, frequency, and volume change on the finishing quality is investigated. Furthermore, a physical model of the non-synchronous collapse of group cavitation bubbles is established to reveal the material removal mechanism of the BVACF method. The repeated impact of microjets and shock waves generated by cavitation bubble collapse causes the fatigue fracture of the surface material of small holes, which is the dominant mechanism to remove material in the BVACF process. © 2025 Elsevier B.V., All rights reserved.","Bidirectional Volume Alternating Cavitation Finishing; Group Cavitation Bubbles Collapse; Material Removal Mechanism; Process Parameters; Small Holes; Cutting Equipment; Miniature Instruments; Bidirectional Volume Alternating Cavitation Finishing; Bubble Collapse; Cavitation Bubble; Finishing Methods; Group Cavitation Bubble Collapse; Inner Surfaces; Material Removal Mechanisms; Process Parameters; Small Hole; Surface Finishing; Cavitation","Article","Final","","Scopus","2-s2.0-105003581731"
"Z., Liu, Zhixin; S., Lou, Shanhe; Y., Feng, Yixiong; W., Huang, Wenhui; B., Hu, Bingtao; C., Lu, Chengyu; J., Tan, Jianrong","Liu, Zhixin (59138840400); Lou, Shanhe (57195426758); Feng, Yixiong (7404544436); Huang, Wenhui (57222810154); Hu, Bingtao (57200644495); Lu, Chengyu (59713431000); Tan, Jianrong (57216751403)","59138840400; 57195426758; 7404544436; 57222810154; 57200644495; 59713431000; 57216751403","More attention for computer-aided conceptual design: A multimodal data-driven interactive design method","2025","Advanced Engineering Informatics","65","","103392","","","0","0","10.1016/j.aei.2025.103392","https://www.scopus.com/inward/record.uri?eid=2-s2.0-105003563551&doi=10.1016%2Fj.aei.2025.103392&partnerID=40&md5=b3bda136ddad676e95713859a7dcd638","Computer-aided conceptual design (CACD) is a core means for the development of new products, as it can materialize designers’ inherent thinking. However, when designers encounter stagnation during CACD, they need to consult third-party design knowledge to seek inspiration, which frequently disrupts their design thinking process. Deep learning-empowered design methods and design knowledge management can be a potential solution to address these issues. This study proposes a multimodal design data-driven interactive design method. Multimodal data are utilized to identify the designer's implicit intentions while design attention is abstracted to match relevant knowledge as computer feedback. It achieves the “designer-computer-designer” closed-loop interactive design through the mediation of design attention. The multimodal design data (design images and design descriptions) is obtained through sketch modeling and verbal protocol analysis experiments. A multimodal Transformer based on T2T-ViT and Bert (TB-Multiformer) is constructed to capture multimodal features to identify conceptual design intentions by utilizing cross-modal design attention modules and self-design attention modules. Since the identified attention can be used to match the knowledge that designers are more concerned about, an attention-based design knowledge recommendation method (AbDKR) is proposed to provide proactive knowledge feedback. It can prevent designers from spending time searching for design knowledge and helps them maintain sufficient inspiration. A case study on the conceptual design of two types of mechanical structure is conducted to illustrate the feasibility and practicability of the proposed approach. © 2025 Elsevier B.V., All rights reserved.","Conceptual Design; Knowledge Recommendation; Multimodal Data; Multimodal Transformer; Computer Aided Conceptual Design; Design Attention; Design Knowledge; Design Method; Interactive Design; Knowledge Recommendation; Multi-modal; Multimodal Data; Multimodal Transformer; Conceptual Design","Article","Final","","Scopus","2-s2.0-105003563551"
"M., Park, Minsoo; S., Jang, Seolbin; W., Park, Woongkyu; J., Lee, Joongwook","Park, Minsoo (58171089000); Jang, Seolbin (59772229800); Park, Woongkyu (59772229900); Lee, Joongwook (56036450500)","58171089000; 59772229800; 59772229900; 56036450500","Self-design of Metamaterials via a Hybrid Strategy Combining Genetic Algorithm and Reinforcement Learning","2025","Current Optics and Photonics","9","2","","157","164","0","1","10.3807/COPP.2025.9.2.157","https://www.scopus.com/inward/record.uri?eid=2-s2.0-105004257923&doi=10.3807%2FCOPP.2025.9.2.157&partnerID=40&md5=2f803f752d71def7c68980e8378bc481","Metamaterials have attracted considerable attention, owing to their unique properties and application prospects across various fields. However, the efficient design of metamaterials remains challenging because of the complex, high-dimensional optimization problems involved. Addressing these complexities via conventional design methodologies is difficult, and leads to extended development times and suboptimal solutions. To overcome these limitations, we propose a hybrid strategy that integrates genetic algorithms with reinforcement learning to achieve autonomous design of metamaterials. This integrated approach exploits the strengths of both techniques and significantly improves the efficiency and effectiveness of the design process. Our method converges to optimal configurations within five generations—a 79% reduction compared to the 24 generations required by conventional genetic-algorithm methods. Moreover, the performance scores for the hybrid and conventional methods are 0.93 and 0.85, respectively, within the same limited iteration span. Thus the hybrid method achieves a performance improvement of approximately 9.4% over the conventional method within just five generations. These results suggest that the proposed approach facilitates the discovery of innovative metamaterial structures and represents a significant advance in the automation and optimization of metamaterial design. © 2025 Elsevier B.V., All rights reserved.","Genetic Algorithm; Machine Learning; Metamaterial; Reinforcement Learning; Design For Testability; Genetic Algorithms; Integrated Circuit Design; Machine Design; Topology; Algorithm Learning; Application Prospect; Conventional Methods; Hybrid Method; Hybrid Strategies; Machine-learning; Performance; Property; Reinforcement Learnings; Self-design; Reinforcement Learning","Article","Final","","Scopus","2-s2.0-105004257923"
"X., Gao, Xia; H., Chen, Hao; Y., Sun, Yi; X., Long, Xiang; Y., Jia, Yingnan","Gao, Xia (58000458000); Chen, Hao (57209822472); Sun, Yi (59322894800); Long, Xiang (57998936200); Jia, Yingnan (55823576400)","58000458000; 57209822472; 59322894800; 57998936200; 55823576400","Correlation between screen exposure content and family rearing environment in children aged 3-6 years old; 3〜6岁儿童屏幕暴露内容与家庭养育环境相关分析","2025","Zhongguo Ertong Baojian Zazhi","33","3","","271","276","0","0","10.11852/zgetbjzz2024-0549","https://www.scopus.com/inward/record.uri?eid=2-s2.0-105001713781&doi=10.11852%2Fzgetbjzz2024-0549&partnerID=40&md5=858437a8986ad02a1cf4eefdd9406622","Objective To analyze the correlation between screen exposure content and family rearing environment, in order to provide more reasonable guidance on screen exposure for parents. Methods Caregivers of 353 children aged 3 to 6 years who underwent physical examinations at four maternal and child health hospitals in Shanghai from January to August 2022 were selected as participants. A self-designed Screen Exposure Questionnaire and Family Rearing Environment Scale for Urban Children Aged 3 to 6 Years were used to investigate screen exposure and family rearing environments. The relationship between children's screen exposure content and family rearing environments was analyzed. Results children's exposure to children's/adult and violent videos significantly varied across different genders, age groups, parental education levels, and family rearing environments(χ2 =6. 055, 8. 145, 9. 136, 8. 080, 13.327, P<0.05). Similarly, children's exposure to educational/non-educational, animated/real and fast/slow screen-switching videos also differed across different family rearing environments (χ2 = 14. 177, 11.221, 10.544, P< 0.05). Boys (OR = 1. 739, 95 % CI: 1. 112 - 2. 718) and poor family rearing environment (OR - 2. 506, 95% CI: 1. 1 73 - 5. 356) were risk factors for children's exposure to adult and violent videos(P<0. 05). Children aged 3 to 4 years(OR=3. 144, 95 %CI: 1. 472 - 6. 715) and those in a poor family rearing environment(OR - 4. 018, 95 % CI: 1.659 - 9.731 ) were more likely to be exposed to non-educational videos ( P< 0. 05 ). Children in a poor family rearing environment (OR = 0. 329, 95%CI: 0. 122 - 0. 892) were less likely to be exposed to slow screen-switching videos ( P< 0. 05 ). Conclusion Children's screen exposure content is related to the family rearing environment, and targeted guidance on the rearing environment can help improve children's screen exposure. © 2025 Elsevier B.V., All rights reserved.","Children; Family Rearing Environment; Screen Exposure; Adult; Article; Caregiver; Child; Environment; Family; Family Rearing Environment; Female; Gender; Groups By Age; Human; Human Experiment; Physical Examination; Preschool Child; Questionnaire; Rearing; Risk Factor; Screen Exposure; Self Design Screen Exposure Questionnaire And Family Rearing Environment Scale; Videorecording","Article","Final","","Scopus","2-s2.0-105001713781"
"T.V., Duong, T. V.; T., Duong, Tranbinh; D.T., Tu, Dao Thanh; N.Q.T., Quyen, Nguyen Quang Ton; H., Tan, Huynh; T.N.K., Hung, Truong Nguyen Khanh","Duong, T. V. (59715743900); Duong, Tranbinh (57776861600); Tu, Dao Thanh (57776861700); Quyen, Nguyen Quang Ton (58732722400); Tan, Huynh (59693808000); Hung, Truong Nguyen Khanh (57219355602)","59715743900; 57776861600; 57776861700; 58732722400; 59693808000; 57219355602","Combinational Periprosthetic Hip Joint Infection and Fracture: A Two-Stage Revision with Long Femoral Stem Spacers","2025","Malaysian Orthopaedic Journal","19","1","","31","38","0","0","10.5704/MOJ.2503.005","https://www.scopus.com/inward/record.uri?eid=2-s2.0-105001432919&doi=10.5704%2FMOJ.2503.005&partnerID=40&md5=c371337300754fad1c278f58a0479a22","Introduction: Periprosthetic joint infection combined with periprosthetic fracture rarely occurs simultaneously. Once all components of the periprosthetic joint infection were removed, antibiotic spacers were placed. Moreover, periprosthetic fractures require fixing. We use a long femoral stem spacer molded intra-operatively via a self-design metal mold as a novel treatment method for the periprosthetic fracture combined with infection. Materials and methods: The study reviewed 12 patients who underwent two-stage revision arthroplasty with long femoral stem spacers over 6 years. During a minimum of two years of follow-up, the outcomes were evaluated, including reinfection rates, reimplantation rates, and re-operation rates, as well as the success rate based on the MSIS criteria. Results: Twelve patients underwent two-stage revision with a long femoral stem spacer between stages. A mean follow-up period of 9.58 months followed infection (range 2 to 28 months). In 11 patients (91.67%), the infection was eradicated. There was one patient (8.33%) who required a second 2-stage revision and subsequently cleared their infection. The long femoral stem spacer was repeated in three patients (25%). After eradicating the infection, 9 patients (75%) underwent 2nd stage revision, on average 8.56 months after the first stage. At an average of 27.92 months (range 8-65 months) post-operatively, three (25%) long femoral stem spacers remained in place. Conclusions: Using long femoral stem spacers, both periprosthetic joint infections and periprosthetic fractures can be treated simultaneously. In the cases with multiple organisms, we mixed one pack of bone cement with 2g of Vancomycin and 2g of Meropenem, resulting in satisfactory results. © 2025 Elsevier B.V., All rights reserved.","Combinational Periprosthetic Hip Joint Infection And Fracture; Long Femoral Stem Spacer; Periprosthetic Hip Fractures; Periprosthetic Hip Infections; Two-stage Revision; C Reactive Protein; Meropenem; Vancomycin; C Reactive Protein; Meropenem; Vancomycin; Adult; Aged; Article; Computer Assisted Tomography; Escherichia Coli; Female; Femoral Shaft; Follow Up; Hip Arthroplasty; Hip Fracture; Human; Infectious Arthritis; Male; Questionnaire; Retrospective Study; Staphylococcus Aureus","Article","Final","All Open Access; Gold Open Access; Green Accepted Open Access; Green Open Access","Scopus","2-s2.0-105001432919"
"J., Wen, Jing; J., Wen, Jiao; W., Jing, Wenjuan; H., He, Hongmei; J., Ren, Jianhua","Wen, Jing (59553234700); Wen, Jiao (57895894400); Jing, Wenjuan (56519208100); He, Hongmei (59553368300); Ren, Jianhua (56305002500)","59553234700; 57895894400; 56519208100; 59553368300; 56305002500","The knowledge, attitude, and practice toward fall prevention of parturients in the obstetric inpatient wards: a comparative cross-sectional study between nurses and parturients","2025","Frontiers in Public Health","13","","1412111","","","0","0","10.3389/fpubh.2025.1412111","https://www.scopus.com/inward/record.uri?eid=2-s2.0-85217708967&doi=10.3389%2Ffpubh.2025.1412111&partnerID=40&md5=772fac950736f93c9f7e63a3fbae396b","Objective: This study aimed to compare the knowledge, attitudes, and practices of parturients and nurses regarding fall prevention among parturients, with the goal of understanding the cognitive factors contributing to post-delivery fall. Methods: A cross-sectional survey was conducted among obstetric nurses and women in obstetric ward within 2 days after vaginal delivery. The survey instrument included a self-design questionnaire comprising a demographic information sheet and a KAP questionnaire, which demonstrated acceptable reliability and validity. Results: A total of 705 nurses and 1,220 parturients completed the survey. Over half of both nurses and parturients exhibited reasonably good knowledge, positive attitudes and appropriate practices related to fall prevention. Significant associations were identified between the education level of parturients and their knowledge and attitudes. Nurses scored lower in the attitude dimension compared to parturients (4.32 ± 1.01 vs. 4.84 ± 0.36, P < 0.001), whereas nurses scored higher than parturients in the practice dimension (3.76 ± 0.44 vs. 3.57 ± 0.48, P < 0.001). Conclusion: Nurses should focus on enhancing the fall practices of parturients by emphasizing key points for fall prevention and providing guidance in situations of improper behaviors (e.g., unaccompanied activities). Further education programs for nurses should prioritize increasing their confidence and proficiency in fall prevention. © 2025 Elsevier B.V., All rights reserved.","Attitude; Fall Prevention; Knowledge; Parturients; Practice; Adult; Attitude To Health; Comparative Study; Cross-sectional Study; Falling; Female; Health Personnel Attitude; Hospital Patient; Human; Nurse; Obstetrical Nursing; Pregnancy; Prevention And Control; Psychology; Questionnaire; Accidental Falls; Adult; Attitude Of Health Personnel; Cross-sectional Studies; Female; Health Knowledge, Attitudes, Practice; Humans; Inpatients; Nurses; Obstetric Nursing; Pregnancy; Surveys And Questionnaires","Article","Final","All Open Access; Gold Open Access; Green Accepted Open Access; Green Open Access","Scopus","2-s2.0-85217708967"
"A.A., Akinwande, Abayomi Adewale; H.K., Talabi, Henry Kayode; O.A., Ogunsanya, Olusegun Adebayo; O.T., Oladosu, Oluwafemi Timothy; O.S., Adesina, Olanrewaju Seun; V.I., Romanovski, Valentin I.","Akinwande, Abayomi Adewale (57218319630); Talabi, Henry Kayode (56426301600); Ogunsanya, Olusegun Adebayo (57222424014); Oladosu, Oluwafemi Timothy (58570828100); Adesina, Olanrewaju Seun (57193029275); Romanovski, Valentin I. (57212142381)","57218319630; 56426301600; 57222424014; 58570828100; 57193029275; 57212142381","Compositional optimization of sustainable aluminum-7075 trihybrid auto-composite by the valorization of municipal wastes toward achieving indigenous auto-material initiative","2025","Particulate Science and Technology","43","2","","283","303","0","1","10.1080/02726351.2025.2453876","https://www.scopus.com/inward/record.uri?eid=2-s2.0-85216586013&doi=10.1080%2F02726351.2025.2453876&partnerID=40&md5=7d2879a3f03fbaecefedf22dfebb304d","Demand for sustainable and cheaper engineering components as alternatives to more expensive conventionally synthesized products is on the rise. In order to develop a green aluminum composite for indigenous auto-design rather than depending on more expensive imported ceramic reinforcement, this study involved the valorization of three environmentally sourced wastes: copper scrap, glass products, and rice husk into recycled copper particles (RCP), recycled glass powder (RGP), and rice husk ash (RHA), and their utilization in the reinforcement of aluminum-7075. Via mixed design method, composites were developed with varying dosage of the additives, and mechanical properties (yield, ultimate, bending, impact and compressive strengths and hardness) were examined. The outcome revealed that the inclusion of the particles ensued improvement of the performance of the composites. Compositional optimization by statistical analysis presents the combination of 9.0% RCP, 7.1% RGP, and 1.9% RHA for optimal performance of the green trihybrid auto-composite, capable of being a cheaper alternative. © 2025 Elsevier B.V., All rights reserved.","Compositional Optimization; Indigenous Contribution; Mixture Design; Response Surface Analysis; Wastes Valorization; Aluminum; Copper; Bending Strength; Ceramic Products; Copper Scrap; Effluent Treatment; Municipal Solid Waste; Scrap Metal Reprocessing; Aluminum 7075; Compositional Optimization; Copper Particles; Indigenous Contribution; Mixture Design; Optimisations; Recycled Copper; Response Surface Analysis; Waste Valorizations; Compressive Strength; Aluminum; Copper; Glass; Article; Ash; Ceramics; Compressive Strength; Controlled Study; Hardness; Mechanics; Municipal Waste; Nonhuman; Particle Size; Rice Husk; Statistical Analysis; Surface Analysis; Valorization","Article","Final","","Scopus","2-s2.0-85216586013"
"C., Selim, Cynthia; J.D., Tsotsoros, Jessica D.; C.E., Brown, Catana E.; L., Jeffries, Lynne; C.A., Ciro, Carrie A.","Selim, Cynthia (59494203200); Tsotsoros, Jessica D. (57203753588); Brown, Catana E. (56309704200); Jeffries, Lynne (59494203300); Ciro, Carrie A. (50861027400)","59494203200; 57203753588; 56309704200; 59494203300; 50861027400","Impact of Medical Improvisation on Therapeutic Use of Self: A Randomized Controlled Waitlist Study","2025","American Journal of Occupational Therapy","79","1","7901205120","","","0","0","10.5014/ajot.2025.050785","https://www.scopus.com/inward/record.uri?eid=2-s2.0-85213516497&doi=10.5014%2Fajot.2025.050785&partnerID=40&md5=22997b3ff976ac3483727c1412ff76ad","Importance: The application of interpersonal skills is considered therapeutic use of self, a pillar of occupational therapy practice, and a required competency for occupational therapy education (American Occupational Therapy Association [AOTA], 2020). Medical improvisation (medical improv) uses the principles of improvisational theater to enhance professional competencies and shows promising results in health professions education (Gao et al., 2019). Objective: To understand the effect of medical improv on occupational therapy students’ therapeutic use of self. Design: A 6-wk randomized controlled waitlist trial. Setting: Occupational therapy education. Participants: A cohort of 36 occupational therapy students. Intervention: Two 2-hr sessions of medical improvisation. Outcomes and Measures: Standardized patients rated students’ therapeutic use of self with the Empathy and Clarity Rating Scale (Terregino et al., 2019), and students completed the Self-Efficacy for Therapeutic Use of Self (SETUS; Yazdani et al., 2021). Data were analyzed using independent samples t tests and multivariate mixed-methods models. Results: There was a significant difference between the intervention and waitlist control group in three SETUS subtests (modes, p = .004; traits, p = .04; total score, p = .03) and a significant interaction effect in SETUS modes (p = .03). The waitlist control group responded with comparable increases, and all participants demonstrated a significant increase in self-efficacy of therapeutic use of self after the medical improv intervention (p < .001). Conclusions and Relevance: These findings provide the first evidence for the positive effects of medical improv in building self-efficacy of therapeutic use of self in occupational therapy students. Plain-Language Summary: Medical improvisation (medical improv) in health professions education uses the principles of theatrical improvisation to build the interpersonal skills of students. This study’s application of medical improv to occupational therapy education found significant change in students’ self-efficacy of therapeutic use of self. The inclusion of medical improv in occupational therapy education can better prepare students to build and maintain therapeutic relationships. © 2025 Elsevier B.V., All rights reserved.","Adolescent; Adult; Article; Controlled Study; Education; Empathy; Female; Human; Male; Medical Profession; Occupational Therapy; Occupational Therapy Education; Occupational Therapy Practice; Occupational Therapy Student; Plain Language Summary; Randomized Controlled Trial; Rating Scale; Self Concept; Social Competence; Therapy; Hospital Admission; Young Adult; Adult; Empathy; Female; Humans; Male; Occupational Therapy; Self Efficacy; Social Skills; Waiting Lists; Young Adult","Article","Final","","Scopus","2-s2.0-85213516497"
"A., Liu, Anlan; Y., Yang, Yimin; M., Yu, Ming","Liu, Anlan (57227566900); Yang, Yimin (57192091486); Yu, Ming (8220287000)","57227566900; 57192091486; 8220287000","An Efficient and Generalized Auto-Design Methodology for Complicated Beamforming Networks","2025","IEEE Transactions on Microwave Theory and Techniques","73","5","","2776","2791","0","0","10.1109/TMTT.2024.3485637","https://www.scopus.com/inward/record.uri?eid=2-s2.0-85208552676&doi=10.1109%2FTMTT.2024.3485637&partnerID=40&md5=242c4df482f893318ab4fe8c2425de69","To deal with different beamforming network (BFN) design tasks, a generalized auto-design methodology is developed by the following three steps. First, a structure reconfiguration is performed by using a binary design matrix assisted with different reconfiguration functions. Then, to speed up the component design, the homotopy continuation (HC) method is exploited to form a partial database. A mapping technique ensures the partial database to be expanded to the complete database, which covers the whole feature space. An inverse model is well trained based on the complete database to generate the physical parameters of multiple couplers. Finally, the optimal distributed phase compensation is decided by minimizing the total phase shift value of phase shifters. For the demonstration, two different waveguide BFNs are designed. In addition, this work discussed the potential of using the proposed methodology to design BFNs with a more complex configuration or BFNs in other materials. The results prove that the proposed methodology allows an automatic and simultaneous generation of multiple physical structures, which can improve the BFN’s electrical performance or meet different physical specifications (PS). Considering many possible problems in a BFN design, the proposed methodology is generalized to different classes of BFNs. Moreover, the component design can be finished within a shorter time than existing algorithms. © 2025 Elsevier B.V., All rights reserved.","Artificial Neural Network (ann); Beamforming Network (bfn); Computer-aided Design (cad); Design Automation; Directional Coupler; Homotopy Continuation (hc); Phase Shifter (psf); Directional Couplers; Electronic Design Automation; Integrated Circuit Design; Inverse Problems; Printed Circuit Design; Structural Dynamics; Artificial Neural Network; Beamforming Network; Computer-aided Design; Design Automations; Homotopy Continuation; Neural-networks; Phase Shifter; Phase-shifters; Beamforming","Article","Final","","Scopus","2-s2.0-85208552676"
"B., Shen, Bin; J., Zhang, Jianing; M., Cheng, Ming; S., Guo, Shu; R., He, Renlong","Shen, Bin (55206092200); Zhang, Jianing (58095517900); Cheng, Ming (57238444600); Guo, Shu (57208308203); He, Renlong (57196417130)","55206092200; 58095517900; 57238444600; 57208308203; 57196417130","Supply chain integration in mass customization","2025","Annals of Operations Research","344","2","","595","616","0","9","10.1007/s10479-023-05202-y","https://www.scopus.com/inward/record.uri?eid=2-s2.0-85147714615&doi=10.1007%2Fs10479-023-05202-y&partnerID=40&md5=bf78183cc4a2bb892cb841aa5094632d","New technology such as 3D printing, robotic manufacturing, and the Internet of things can shorten the production time of mass customization (MC) products, enhance the self-design fun of consumers, and improve channel integration connectivity. In this study, we examine the impact of MC waiting time and self-design fun from the purchase of MC products on supply chain integration. We consider a supply chain consisting of one manufacturer, one retailer, and one customizer. The manufacturer produces and sells standardized products through the retailer, whereas the customizer sells customized products to consumers directly. The customizer can decide whether to integrate with the manufacturer (i.e., manufacturer–customizer integration) or with the retailer (i.e., retailer–customizer integration). We find that manufacturer–customizer integration can achieve a win–win–win outcome for all three supply chain members when the MC waiting time is within a moderate range and the probability of consumers being satisfied with the product quality is high, but retailer–customizer integration cannot achieve such an outcome, as the manufacturer will not be benefited if it does not participate in the integration. Furthermore, integration reduces the customizer’s investment in the level of self-design fun, which implies that the negative effect owing to the low level of self-design fun in the supply chain integration can be compensated by the competition mitigation effect owing to supply chain integration. With endogenized self-design fun, the achievability of a win–win–win outcome for all three supply chain members in the manufacturer–customizer integration will remain unchanged. © 2025 Elsevier B.V., All rights reserved.","Manufacturer–customizer Integration; Mass Customization; Retailer–customizer Integration; Self-design Fun; Supply Chain Integration; Waiting Time","Article","Final","All Open Access; Hybrid Gold Open Access","Scopus","2-s2.0-85147714615"
"S., Tariq, Safina; A.M., Akhter, Abdul Majeed; R., Sarwar, Rabiyya; M., Usman, Muhammad; M.W., Farooq, Muhammad Waqas; T., Ali, Tooba","Tariq, Safina (60045428700); Akhter, Abdul Majeed (57209444779); Sarwar, Rabiyya (60045428800); Usman, Muhammad (58717198100); Farooq, Muhammad Waqas (60046063900); Ali, Tooba (60045747400)","60045428700; 57209444779; 60045428800; 58717198100; 60046063900; 60045747400","Prevalence and risk factors of myopia among students of University of Lahore, Pakistan","2025","Rawal Medical Journal","50","3","","708","710","0","0","","https://www.scopus.com/inward/record.uri?eid=2-s2.0-105013205334&partnerID=40&md5=279ab981f23bdcc34fda1cb6e98f40f1","Objective: To assess the prevalence and risk factors of myopia and most common type of myopia among the university students. Methodology: This analytical cross-sectional study included medical and non-medical students in the University of Lahore and was carried out from March to December 2022. We used a self-design questionnaire. Results: Out of 400 students, myopia was found in 61% medical students and 48% in non-medical stu dents. Fewer female medical students used contact lenses and experienced eye issues. Usage of contact lens in medical students was in 16% as compared to 24% in non-medical students. The risk factors were watching TV, and using computers. Conclusion: Myopia more common in medical students as compared to non-medical students. © 2025 Elsevier B.V., All rights reserved.","Myopia; Refractive Error; Risk Factors; Spss 25; Adult; Article; Cross-sectional Study; Female; Human; Major Clinical Study; Male; Medical Student; Myopia; Non-medical Student; Pakistan; Prevalence; Questionnaire; Refraction Error; Risk Factor","Article","Final","","Scopus","2-s2.0-105013205334"
"S.S., Ravichandran, Sandhiya Sri; V., Darshana, V.; G., Muthupandi, G.; S.V., Pavithra, S. V.","Ravichandran, Sandhiya Sri (59984665500); Darshana, V. (59984002100); Muthupandi, G. (59945799200); Pavithra, S. V. (57216635251)","59984665500; 59984002100; 59945799200; 57216635251","Fuel Efficiency Prediction Using Machine Learning, A TensorFlow-Based Approach to Enhancing Automotive Sustainability","2025","","","","","","","0","0","10.1109/ICKECS65700.2025.11034923","https://www.scopus.com/inward/record.uri?eid=2-s2.0-105010195749&doi=10.1109%2FICKECS65700.2025.11034923&partnerID=40&md5=fb16579ffe013da12f549ea2b7b32a59","Fuel efficiency prediction model with TensorFlow, analyzing key vehicle parameters to better inform sustainable auto design and consumer decisionmaking. This model uses the dataset of auto mpg and includes preprocessing of the data and the building of a deep learning model in TensorFlow's Sequential API as the basis for evaluating metrics including Mean Absolute Error. Existing linear models often miss complex relationships and struggle with large datasets. In contrast, TensorFlow deals with non-linear interactions. The model yields a training accuracy of about 80-90 % and thus performs well. However, the validation accuracy is about 60-70 %. The most important factors affecting fuel efficiency are found to be vehicle weight, engine displacement, and number of cylinders. This research suggests the possibility of improving better fuel efficiency prediction and thereby helping manufacturers, policymakers, and consumers to conserve energy and design better automobiles with the help of machine learning technologies, as well as serving as a model for future energy-saving automobile technologies. © 2025 Elsevier B.V., All rights reserved.","Automotive Design; Deep Learning; Energy Conservation; Fuel Efficiency; Machine Learning; Predictive Model; Tensorflow; Automobile Engines; Ecodesign; Energy Efficiency; Forecasting; Large Datasets; Learning Systems; Sustainable Development; Automotive Designs; Automotives; Deep Learning; Efficiency Predictions; Energy; Fuel Efficiency; Machine-learning; Prediction Modelling; Predictive Models; Tensorflow","Conference paper","Final","","Scopus","2-s2.0-105010195749"
"S., Marín-Hernández, Salvador; E., Pirveli, Erekle; E., Ortiz, Esther","Marín-Hernández, Salvador (55357206300); Pirveli, Erekle (57217070135); Ortiz, Esther (57021872300)","55357206300; 57217070135; 57021872300","A Lexical Journey Through Feedback on Europe’s Sustainability Reporting Standards; Un viaje léxico a través de los comentarios sobre las normas europeas de información de sostenibilidad","2025","Revista de Contabilidad-Spanish Accounting Review","28","2","","222","233","0","1","10.6018/rcsar.602971","https://www.scopus.com/inward/record.uri?eid=2-s2.0-105009601271&doi=10.6018%2Frcsar.602971&partnerID=40&md5=10726e2a57527fc2d3bf01417602cd54","Sustainability standards in the European Union (EU) are being developed in a self-design process; therefore, there are different possibilities to influence and send feedback. Research on lobbying in European sustainability reporting normalization still needs to be improved and developed, which is one of the aims of this study, filling the gap in the scope of the EUs recent adoption of the first set of European Sustainability Reporting Standards (ESRS). This paper examines public comment letters collected by the European Commission about the first set of ESRS. We collected and analyzed all 604 feedback files, including introduction letters and attached PDFs, using lexical software. Our data also covers characteristics such as size, type of feedbacker, or nationality. Lexical analysis is then employed to identify key themes in the feedback to obtain conclusions from the lobbyists influence on the European Commissions standard-setting decisions on corporate reporting. The main conclusion obtained from the lexical analysis of the feedback provided to the public exposure of the first set of ESRS is that the changes introduced by the European Commission (EC) mainly answer it, as the main aspects pointed out in the feedback took to modifications in the draft of the first set of ESRS. Regarding the specific characteristics of the stakeholders that influence their feedback, user type, the company size, and the country can include differences in the opinion included in the feedback. These results and conclusions are helpful for all the stakeholders and all the potential interested in some way in sustainability reporting. Nowadays, knowing if it is helpful to lobby to give feedback to the regulation process is vital when sustainability reporting requirements are broader, not only legally but also through the value chain. © 2025 Elsevier B.V., All rights reserved.","European Sustainability Reporting Standards; Lexical Analysis; Lobbying; Political Advocacy; Sustainability Disclosure","Article","Final","","Scopus","2-s2.0-105009601271"
"B., Sudarsono, B.; W.N.E., Saputra, Wahyu Nanda Eka; F.A., Ghozali, Fanani Arief","Sudarsono, B. (58812511000); Saputra, Wahyu Nanda Eka (59454597200); Ghozali, Fanani Arief (58090467900)","58812511000; 59454597200; 58090467900","Improving student readiness for future professional activities: the Industry-Integrated Self-Design Project Learning (i-SDPL) model; Повышение готовности студентов к будущей профессиональной деятельности: отраслевая модель обучения навыкам самостоятельного проектирования (i-SDPL)","2025","Obrazovanie i Nauka","27","6","","29","54","0","0","10.17853/1994-5639-2025-6-29-54","https://www.scopus.com/inward/record.uri?eid=2-s2.0-105008180393&doi=10.17853%2F1994-5639-2025-6-29-54&partnerID=40&md5=42914af5cbdb104e3e0524419ec7bc74","Introduction. The Fourth Industrial Revolution has brought about significant changes in both the economy and education. This study introduces a tailored self-design training model specific to Indonesia's industries for students. Aim. The present research aims to develop a learning model that is product-oriented and tailored to meet the needs of the industry. Additionally, it seeks to evaluate the model's effectiveness in enhancing the readiness of vocational high school (VHS) students. Methodology and research methods. The study employed various testing methods, including interviews, questionnaires, and practical performance assessments. Results and scientific novelty. The developed Industry-Integrated Self-Design Project Learning (i-SDPL) model integrates the learning experiences from VHSs with an industry component aimed at familiarising students with the professional environment of enterprises. This model emphasises student independence in the development and implementation of industry projects. The integration with industry within the model offers students access to the latest technologies and practical knowledge that may not always be available in an academic setting. The advantages of this model include active student participation in enterprise operations, training based on real products, and a comprehensive enhancement of both technical competencies and soft skills compared to traditional methods. The effectiveness of the i-SDPL model is evaluated based on three main competency aspects, each with clear indicators and criteria. The i-SDPL model has demonstrated its effectiveness in enhancing attitude, knowledge, and skills competency among 136 students across two trial implementations. Scientific novelty. An original i-SDPL model has been developed to ensure the integration of vocational education programmes with the specific needs of various industries. Practical significance. The widespread adoption of the i-SDPL model will further enhance partnerships between vocational education institutions and industry. The findings of this study are not only pertinent to the VHS system in Indonesia but can also serve as a valuable guide for vocational education institutions in other countries facing similar challenges. © 2025 Elsevier B.V., All rights reserved.","Industry-integrated Self-design Project Learning (i-sdpl); Job Readiness; Vocational Students","Article","Final","All Open Access; Gold Open Access","Scopus","2-s2.0-105008180393"
"J., Freidenson-Bejar, Jeffrey; D., Espinoza, Dianne; R., Calderon-Flores, Rodrigo; F.A., Mejía, Fernando A.; E.V., González-Lagos, Elsa Violeta","Freidenson-Bejar, Jeffrey (59413672900); Espinoza, Dianne (59214458500); Calderon-Flores, Rodrigo (58098624100); Mejía, Fernando A. (56354705900); González-Lagos, Elsa Violeta (57219020895)","59413672900; 59214458500; 58098624100; 56354705900; 57219020895","Intervention With WhatsApp Messaging to Compare the Effect of Self-Designed Messages and Standardized Messages in Adherence to Antiretroviral Treatment in Young People Living With HIV in a Hospital in Lima, Peru: Protocol for a Nonblinded Randomized Controlled Trial","2025","JMIR Research Protocols","14","","e66941","","","0","0","10.2196/66941","https://www.scopus.com/inward/record.uri?eid=2-s2.0-105007579507&doi=10.2196%2F66941&partnerID=40&md5=a54f3f807b8ab5da9f56505035d23323","Background: Young people living with HIV face challenges in consistently adhering to antiretroviral therapy (ART). Although mobile health interventions, particularly those using SMS text messaging, have been implemented to improve ART adherence, many lack a focus on specific behavioral mechanisms. Interventions incorporating behavioral change techniques (BCTs), especially those emphasizing customization, may enhance effectiveness. WhatsApp offers potential for delivering tailored, behaviorally grounded interventions with diverse communication features. We hypothesize that WhatsApp messages self-designed by participants, with spontaneous targeting of BCTs, could be more effective than standard WhatsApp messages designed by the researchers to improve ART adherence. Objective: The objective of this study is to evaluate the effectiveness of WhatsApp messages created by participants (self-designed) compared to WhatsApp messages designed by the researchers (standardized) over adherence to ART at 16 weeks of intervention in young people living with HIV who receive HIV care under routine conditions at a public hospital in Lima, Peru. Methods: A 2-arm randomized controlled trial with a parallel assignment of 1:1, with no blinding of study intervention, was performed. Eligible participants are consenting people living with HIV aged 18-29 years who receive HIV care at the study center and whose mobile phones support WhatsApp. Following informed consent and a baseline survey on clinical and personal preferences (eg, timing and frequency of messages), participants are randomized to the control group (messages designed by the research team) or to the experimental group (messages designed by participants), stratified by sex, educational level, current ART intake, and history of ART abandonment. Participants in both groups receive up to 3 WhatsApp messages per week for 16 weeks. ART adherence, the primary outcome, is measured using the Simplified Medication Adherence Questionnaire (SMAQ) at 4, 8, 12, and 16 weeks. Monthly feedback questionnaires on user experience are also administered. The WhatsApp chat format allows two-way communication between participants and the research team throughout the study. We will compare ART adherence between 2 groups at 16 weeks under the intention-to-treat principle, with no interim analysis planned. Based on an estimated 10% difference in adherence, 78.9% power, and a 2-sided α of .05, the target sample size was set at 120, later increased to 131 to include a 2-week pilot phase. Results: In March 2024, we started enrolling and randomizing participants. The study follow-up will continue until the last participant completes 16 weeks of intervention (November 2024). As of February 2025, we are in the process of data curation.Conclusions: This trial will compare the effectiveness of standardized vs self-designed WhatsApp messages on ART adherence measured at 16 weeks among young people living with HIV receiving routine care in a low-resource setting in Lima. © 2025 Elsevier B.V., All rights reserved.","Adherence; Antiretroviral Treatment; Art; Behavioral Change Technique; Design; Digital App; Evaluation; Hiv; Messaging Intervention; Mhealth; Mobile Phone Messaging; People Living With Hiv; Peru; Randomized Controlled Trial; Self-design; Whatsapp; Young People","Article","Final","All Open Access; Gold Open Access; Green Accepted Open Access; Green Open Access","Scopus","2-s2.0-105007579507"
"S., Zulkarnain, Shubhan; L., Xiaopo, Liu; U., Fajarrenaningtyas, Ursula; F., Athallah, Fairuz; A., Daniswara, Andhika","Zulkarnain, Shubhan (57201154299); Xiaopo, Liu (59394730100); Fajarrenaningtyas, Ursula (59394486900); Athallah, Fairuz (59236277200); Daniswara, Andhika (59515134500)","57201154299; 59394730100; 59394486900; 59236277200; 59515134500","Improvement of Conductor Driving Operation for Deeper Penetration to Prevent Drive-Drill Operation: Cost-Effective and Efficient Conductor Installation in Offshore East Java, Indonesia","2025","","","","","","","0","0","10.2118/224786-MS","https://www.scopus.com/inward/record.uri?eid=2-s2.0-105006986139&doi=10.2118%2F224786-MS&partnerID=40&md5=59f7870d26eededcba63691cf1c96084","In December 2021, Husky-CNOOC Madura Limited (HCML) commenced the ten (10) wells development drilling campaign of three (3) fields (Field M1, Field M2, and Field M3) in the East Java Basin, Indonesia. This paper aims to elaborate the 20in conductor driving operations in the first two wells of Field M1. Various valuable lessons learned were established, including the drive-sub modification to improve driving performance that leads to the success of 20″ conductor driving operations in the subsequent five wells of Field M2. Multidisciplinary approach including geotechnical, drilling engineering, and marine structure projects worked collaboratively in evaluating the geotechnical survey data, assessing subsurface risk and hazard, selecting suitable driving equipment and conductor casing. The safe conductor setting depth area were determined based on the assessed axial-lateral loads and soil parameter, platform structure and piles depth, conductor drive-ability study and driving refusal, and subsurface formation layers. Conductor casing provides the structural integrity of the wellbore. This casing is crucial, as it will bear the static and dynamic load above and under the conductor casing and support the integrity for the subsequent drilling section by correctly setting the conductor depth. Based on actual operational data, proactive measures were taken to apply lessons learned from the driving operations of the first two wells to the subsequent well. During the planning phase for the next well, these lessons were further incorporated into equipment design improvements, including modifications to self-manufactured drive-subs according to hammer design specifications and operational requirements. This optimization aimed to reduce the need for the drive-drill option, enhancing operational efficiency, safety, and reducing complexity. By establishing the comprehensive conductor-driving plan, contingency plan, particularly the modification self-design of equipment, the conductor casing was successfully driven to the desired depth in subsequent five wells of Field M2 effectively. All these efforts resulted in approximately one-day operation time, which is equivalent to approximately USD 250,000 cost savings. The novelty of this paper is the comprehensive design and operational improvement of conductor driving operation. By having these design and operational improvements, HCML successfully managed to drive 20″ conductor deeper than section target depth, which lead to the operation time efficiency, since no drive-drill operation required. The lesson learned and optimization reported herein can be used as a reference for driving conductor operation, particularly in a similar area. © 2025 Elsevier B.V., All rights reserved.","Conductor Driving; Design Modification; Drive-sub; Offshore; Structural Integrity; Discovery Wells; Drilling Equipment; Exploratory Boreholes; Health Hazards; Infill Drilling; Marine Applications; Marine Navigation; Marine Safety; Offshore Technology; Oil Field Equipment; Oil Well Drilling; Production Platforms; Structural Analysis; Subsea Engineering; Well Completion; Well Equipment; Well Logging; Well Testing; Conductor Driving; Design Improvements; Design Modifications; Drive-sub; Driving Operations; Indonesia; Offshores; Operation Time; Operational Improvements; Optimisations; Oil Wells","Conference paper","Final","","Scopus","2-s2.0-105006986139"
"P.K., Chatterjee, Prabir Kumar","Chatterjee, Prabir Kumar (57205428900)","57205428900","From Months to Minutes - Artificial Intelligence Achieves It for Structural Design of Fixed Offshore Platforms","2025","","","","","","","0","0","10.2118/224458-MS","https://www.scopus.com/inward/record.uri?eid=2-s2.0-105006978582&doi=10.2118%2F224458-MS&partnerID=40&md5=665b709df417842f572313fa0621a7e5","Traditionally, structural design of offshore platforms requires a considerable portion of total engineering time, ranging from several weeks to months, depending on its complexity and design specifications' requirements. In most real-life cases, this long duration is mainly due to waiting for non-structural inputs and resolving interdisciplinary issues. The present work proposes an AI-aided and knowledge-based method to configure and size of offshore platforms considering only a few basic input parameters when topside details are unavailable. The input includes the type of platform, estimated gross weight of topside facilities, water depth, design wave height, seismic coefficient and number of well conductors, as applicable. The new technique bypasses the commonly adopted sequence of structural sizing. The computer program developed for the purpose generates a detailed structural analytical model and summarized material takeoff (MTO) for structural steel. The built-in knowledge of the program determines the size of the deck structure considering the available experience on the equipment layout. The program then develops the size of the jacket and deck members based on existing engineering knowledge on structural design. The design is considered preliminary, as all mandatory analyses will be performed later when equipment details are available. However, preliminary structural analyses can be performed immediately with the equivalent and conservative uniformly distributed applied loads on the deck. The program takes only a few seconds to generate an entire structure including the conductors and its connections, boat landing, mudmats, crane pedestal, flare boom, helideck and number of anodes, as applicable. The analytical model can be updated with a single click when the equipment details are available and provided in a tabular format. During detailed design at various stages of a project, the design may require minor update without considerable impact to the generated MTO. Numerical studies show a number of examples of auto-designed structures at up to 50 m water depth that can withstand omnidirectional environmental forces due to 15.0 m high waves. Structural design is performed using API RP2A working stress design method. The results show adequacy of the structures with the required minimum reserve strength and acceptable values of natural time periods. The auto-design program can greatly help in carrying out feasibility studies by creating different optional structural configurations. The generated MTO for each configuration can be used for estimating the fabrication and installation costs. © 2025 Elsevier B.V., All rights reserved.","Dynamic Response; Production Platforms; Seismic Design; Steel Structures; Structural Dynamics; Structural Health Monitoring; Design Specification; Engineering Time; Fixed Offshore Platforms; Knowledge-based Methods; Life Case; Long Duration; Non-structural; Off Shore Platforms; Specification Requirement; Water Depth; Model Structures","Conference paper","Final","","Scopus","2-s2.0-105006978582"
"A.O., Mulani, Altaf O.; A.V., Bang, Arti V.; G.B., Birajadar, Ganesh Basawaraj; A.B., Deshmukh, Amar B.; H.M., Jadhav, Hemlata Makarand; K.K.S., Liyakat, Kazi Kutubuddin Sayyad","Mulani, Altaf O. (56509552600); Bang, Arti V. (57198807384); Birajadar, Ganesh Basawaraj (59455427400); Deshmukh, Amar B. (57208484969); Jadhav, Hemlata Makarand (59317285800); Liyakat, Kazi Kutubuddin Sayyad (58237039600)","56509552600; 57198807384; 59455427400; 57208484969; 59317285800; 58237039600","Iot based air, water, and soil monitoring system for pomegranate farming","2024","Annals of Agri Bio Research","29","2","","71","86","0","6","","https://www.scopus.com/inward/record.uri?eid=2-s2.0-85217191411&partnerID=40&md5=4cdc85b4d8191f878bc4fbe7ca02597b","The emergence of the Internet of Things (IoT) has revolutionized every aspect of the average person's everyday life by enabling knowledge and insight into everything. The term “Web of Things” refers to an organization of things that self-designs. The development of Astute Shrewd Cultivating, or IoT-based devices that further expand farming and make it more productive and waste-free, is revolutionizing horticulture creation on a daily basis. This project aims to provide an Internet of Things (IoT) framework for monitoring the quality of the air, water, and soil for pomegranate cultivation. Ranchers will benefit from this framework since it will provide them with up-to-date information on temperature and soil dampness for sustainable ecological observation, increasing their overall yield and item quality. © 2025 Elsevier B.V., All rights reserved.","Blynk Web Dashboard; Iot; Monitoring System; Pomegranate Farming","Article","Final","","Scopus","2-s2.0-85217191411"
"A., Pilewska-Kozak, Anna; M., Dziurka, Magdalena; A., Bałanda–Bałdyga, Agnieszka; M.J., Monist, Marta Joanna; E., Kopiel, Ewelina; K., Jurek, Krzysztof; A.F., Łęcka, Anna Francesca; B.B., Dobrowolska, Beata B.","Pilewska-Kozak, Anna (6507841351); Dziurka, Magdalena (57223001680); Bałanda–Bałdyga, Agnieszka (59142011900); Monist, Marta Joanna (24171733700); Kopiel, Ewelina (59140515600); Jurek, Krzysztof (57224795201); Łęcka, Anna Francesca (59140536200); Dobrowolska, Beata B. (23766742200)","6507841351; 57223001680; 59142011900; 24171733700; 59140515600; 57224795201; 59140536200; 23766742200","Factors conditioning pain control and reduction in post-cesarean section parturients: a cross-sectional study","2024","BMC Pregnancy and Childbirth","24","1","382","","","0","2","10.1186/s12884-024-06579-9","https://www.scopus.com/inward/record.uri?eid=2-s2.0-85194015751&doi=10.1186%2Fs12884-024-06579-9&partnerID=40&md5=a39d01bccfab90ca46f63b043b3bff5a","Background: Pain experienced by women in the perinatal period constitutes a complex and multifaceted phenomenon. The aim of the study was to assess conditions of pain locus of control and pain reduction in post-cesarean section parturients. Materials and methods: A cross-sectional quantitative study with convenience sampling was performed among 175 hospitalized post-cesarean section women in hospitals in Eastern Poland in accordance with the Strengthening the Reporting of Observational studies in Epidemiology (STROBE) statement. A self-design questionnaire regarding general information and obstetrics/gynaecology medical interview, The Pain Coping Strategies Questionnaire (CSQ) and The Beliefs about Pain Control Questionnaire (BPCQ) were used. The inclusion criteria were as follows (1) age of ⩾18 years old; (2) cesarean section (CS); (3) period from the 13th hour to the end of the 72nd hour after the procedure; and (4) informed consent. The data was analyzed with IBM SPSS Statistics. Results: Internal locus of control (M = 14.02) was provided the highest value by the parturients and followed by chance events (M = 12.61) and doctors’ power (M = 12.18). Dominant coping with pain strategies in the post-cesarean parturients were coping self-statements (M = 19.06), praying or hoping (M = 18.86). The parturients assessed their pain coping (M = 3.31) strategies along with pain reduction (M = 3.35) at the moderate level. Higher pain control was correlated with cognitive pain coping strategies (β = 0.305; t = 4.632; p < 0.001), internal pain control β = 0.191; t = 2.894; p = 0.004), cesarean section planning (β = -0.240; t = -3.496; p = 0.001) and past medical history of CS (β = 0.240; t = 3.481; p = 0.001). The skill of reduction of pain was positively associated with cognitive pain coping strategies (β = 0.266; t = 3.665; p < 0.001) and being in subsequent pregnancy (β = 0.147; t = 2.022; p = 0.045). Catastrophizing and hoping were related to lower competences of coping with pain (B = − 0.033, SE = 0.012, β = − 0.206, T = -2.861). Conclusions: The study allowed for identification and better comprehension of factors conditioning pain control and pain reduction in parturients after the cesarean section. Furthermore, a stronger belief that pain can be dealt with is found in the parturients characterized by cognitive pain coping strategies and internal pain locus of control. The skill of reduction of pain is related to cognitive coping strategy and procreation status. © 2024 Elsevier B.V., All rights reserved.","Beliefs; Cesarean Section; Pain Control; Pain Coping Strategies; Spss; Adult; Analgesia; Article; Cesarean Section; Cognition; Controlled Study; Coping; Cross-sectional Study; Depression, Anxiety And Stress Scale; Female; Health Belief; Human; Human Experiment; Pain Intensity; Perinatal Period; Quantitative Analysis; Questionnaire; Reduction (chemistry); Control; Poland; Postoperative Pain; Pregnancy; Procedures; Psychological Adjustment; Psychology; Young Adult; Adaptation, Psychological; Adult; Cesarean Section; Cross-sectional Studies; Female; Humans; Internal-external Control; Pain Management; Pain, Postoperative; Pregnancy; Surveys And Questionnaires; Young Adult","Article","Final","All Open Access; Gold Open Access; Green Final Open Access; Green Open Access","Scopus","2-s2.0-85194015751"
"J.T., Suárez-Trejo, Javier Teofilo","Suárez-Trejo, Javier Teofilo (58675417700)","58675417700","BETWEEN THE CULT AND THE CULTIVATION OF THE SELF: THE OTHER PATH OF THE PERUVIAN AVANT-GARDE OR THE CASE OF ALBERTO HIDALGO; ENTRE EL CULTO Y EL CULTIVO DEL YO: LA OTRA VÍA DE LA VANGUARDIA PERUANA O EL CASO ALBERTO HIDALGO","2024","Revista Chilena de Literatura","","110","","193","228","0","0","10.4067/s0718-22952024000200193","https://www.scopus.com/inward/record.uri?eid=2-s2.0-105003315604&doi=10.4067%2Fs0718-22952024000200193&partnerID=40&md5=401143c62e92cb709ae0597edabd0bf7","This article argues that the poetics of Alberto Hidalgo (Arequipa, 1897-Buenos Aires, 1967) has as its utopian horizon the cultivation of the self, experienced as a tireless poetic-existential self-design. In the first part, the limits of the interpretation that José Carlos Mariátegui makes of the poet from Arequipa in his Siete ensayos de interpretación de la realidad peruana (1928) are exposed. In the second part, the relations between the self and the world in Hidalgo’s poetics are described and analyzed, panoramically, on the basis of their similarities and differences with the poetics of his rival and contemporary Oliverio Girondo. Likewise, and for the first time, Hidalgo’s poetic libertarianism contained in his Tratado de poética (1945) and in Biografía de Yomismo (1959) is made visible as a poetic-existential route to deal productively with a reality that had experienced the terrors of totalitarianism. © 2025 Elsevier B.V., All rights reserved.","Alberto Hidalgo; Avant-garde; José Carlos Mariátegui; Latin American Poetry","Article","Final","All Open Access; Gold Open Access","Scopus","2-s2.0-105003315604"
"J., Zhou, Juexiao; B., Zhang, Bin; G., Li, Guowei; X., Chen, Xiuying; H., Li, Haoyang; X., Xu, Xiaopeng; S., Chen, Siyuan; W., He, Wenjia; C., Xu, Chencheng; L., Liu, Liwei","Zhou, Juexiao (57215684427); Zhang, Bin (57195073603); Li, Guowei (59351112900); Chen, Xiuying (57211747485); Li, Haoyang (57201989738); Xu, Xiaopeng (57434279000); Chen, Siyuan (57225130528); He, Wenjia (57226633736); Xu, Chencheng (57215721730); Liu, Liwei (58296734500)","57215684427; 57195073603; 59351112900; 57211747485; 57201989738; 57434279000; 57225130528; 57226633736; 57215721730; 58296734500","An AI Agent for Fully Automated Multi-Omic Analyses","2024","Advanced Science","11","44","2407094","","","0","12","10.1002/advs.202407094","https://www.scopus.com/inward/record.uri?eid=2-s2.0-85205418726&doi=10.1002%2Fadvs.202407094&partnerID=40&md5=7f0d7df23e77d3a6659ec11cac355c06","With the fast-growing and evolving omics data, the demand for streamlined and adaptable tools to handle bioinformatics analysis continues to grow. In response to this need, Automated Bioinformatics Analysis (AutoBA) is introduced, an autonomous AI agent designed explicitly for fully automated multi-omic analyses based on large language models (LLMs). AutoBA simplifies the analytical process by requiring minimal user input while delivering detailed step-by-step plans for various bioinformatics tasks. AutoBA's unique capacity to self-design analysis processes based on input data variations further underscores its versatility. Compared with online bioinformatic services, AutoBA offers multiple LLM backends, with options for both online and local usage, prioritizing data security and user privacy. In comparison to ChatGPT and open-source LLMs, an automated code repair (ACR) mechanism in AutoBA is designed to improve its stability in automated end-to-end bioinformatics analysis tasks. Moreover, different from the predefined pipeline, AutoBA has adaptability in sync with emerging bioinformatics tools. Overall, AutoBA represents an advanced and convenient tool, offering robustness and adaptability for conventional multi-omic analyses. © 2024 Elsevier B.V., All rights reserved.","Agent; Bioinformatics; Large Language Model; Omics Analysis; Chatbots; Input Output Programs; Modeling Languages; Multi Agent Systems; Open Source Software; Pipeline Codes; Privacy By Design; 'omics'; Analytical Process; Bioinformatics Analysis; Design Analysis; Fully Automated; Language Model; Large Language Model; Omic Analyze; Self-design; User Input; Autonomous Agents; Artificial Intelligence; Automation; Bioinformatics; Human; Multiomics; Procedures; Software; Artificial Intelligence; Automation; Computational Biology; Humans; Multiomics; Software","Article","Final","All Open Access; Gold Open Access; Green Accepted Open Access; Green Open Access","Scopus","2-s2.0-85205418726"
"L., Guo, Liang","Guo, Liang (55468893700)","55468893700","The Voice of Customers in Customization","2024","Management Science","70","11","","7579","7596","0","6","10.1287/mnsc.2021.04025","https://www.scopus.com/inward/record.uri?eid=2-s2.0-85197042149&doi=10.1287%2Fmnsc.2021.04025&partnerID=40&md5=fcddb712de9f5ede998215f8ee0334f1","Recent years have seen a growth in customized products and services. As a prerequisite for customization, private information on individual customers' quality preferences needs to be uncovered. Sellers can listen to customers about their stated or self-reported preferences through direct communication (e.g., conversation, survey). Alternatively, customer preferences can be inferred from their behavior when they are given the rights to self-design the quality. In this research we endogenize the viability of customization by investigating whether and when customers may reveal their stated/inferred preferences truthfully. We find that, for either preference-learning approach, customers would voice their preferences faithfully if and only if they are sufficiently heterogenous. Equilibrium preference revelation, and hence endogenous customization, tend to be sustained by intermediate seller bargaining power or nonextreme production/selling costs. We examine how the preference-learning approaches may differ in the endogenous feasibility of customization, equilibrium qualities, and the parties' expected payoffs. We show that giving up the design right need not always be harmful for the seller, and gaining it can make the buyers worse off, especially when fixed costs of customization are considered. © 2024 Elsevier B.V., All rights reserved.","Bargaining; Cheap Talk; Customization; Personalization; Product Design; Signaling; Strategic Communication; Bargaining; Cheap Talk; Customisation; Customized Products; Customized Services; Learning Approach; Personalizations; Preference Learning; Strategic Communication; Voices Of Customers; Sales","Article","Final","","Scopus","2-s2.0-85197042149"
"K., Gouasmia, Karima; W., Mefteh, Wafa; F., Gargouri, Faïez","Gouasmia, Karima (58455070800); Mefteh, Wafa (55308123100); Gargouri, Faïez (6602113319)","58455070800; 55308123100; 6602113319","Self-design mobile agent based approach for road traffic data collection","2024","Multiagent and Grid Systems","20","3-4","","219","230","0","0","10.1177/15741702241296433","https://www.scopus.com/inward/record.uri?eid=2-s2.0-105005397878&doi=10.1177%2F15741702241296433&partnerID=40&md5=f08bd0ac494512c0599fac76ce3d4761","Today, the collection of high-quality data serves as the basis for precise and complex analysis, facilitating the formulation of answers to relevant questions, improving decision-making processes and evaluating results. In this regard, the importance of data continues to grow in various aspects of our society and daily lives. Despite its importance, data collection poses challenges inherent to the massive quantity of data, the heterogeneity and the sources of distributed data. In recent years, several research projects have addressed this type of problem, relying on the use of advanced tools and modern methods. Our objective is to take advantage of the artificial intelligence technology including the agent software and reinforcement learning to improve the data collection process. In this paper, we focus on data collection in the transportation domain where we present a new approach for road traffic data collection based on self-design mobile agent and reinforcement learning. Then, we choose to show our approach with a case study presenting the collection of road traffic data, as road environment we choose “Bab Saadoun roundabout, Tunis, Tunisia”. © 2025 Elsevier B.V., All rights reserved.","Agent Based Simulation; Data Collection; Self-design Mobile Agent; Traffic Data; Autonomous Agents; Motor Transportation; Reinforcement Learning; Traffic Control; Agent Based Simulation; Agent-based Approach; Data Collection; High Quality Data; Reinforcement Learnings; Road Traffic; Self-design; Self-design Mobile Agent; Traffic Data; Traffic Data Collection; Mobile Agents","Article","Final","","Scopus","2-s2.0-105005397878"
"P.L., Herath, Priyantha Lakmini; D.T., Jayawardana, Daham Tharanga; N.J.G.J., Bandara, Nilanthi J.G.J.; B.M., Gunathilake, Bhanuka Mahesha; A.S., Ratnayake, Amila Sandaruwan","Herath, Priyantha Lakmini (57803793600); Jayawardana, Daham Tharanga (54941345200); Bandara, Nilanthi J.G.J. (23003772700); Gunathilake, Bhanuka Mahesha (58581262000); Ratnayake, Amila Sandaruwan (57193866284)","57803793600; 54941345200; 23003772700; 58581262000; 57193866284","Enhancing the performance of biofilters with sorption ability for simultaneous purification of landfill gases using laterite soil-based substrate","2024","Journal of Cleaner Production","477","","143868","","","0","0","10.1016/j.jclepro.2024.143868","https://www.scopus.com/inward/record.uri?eid=2-s2.0-85205462739&doi=10.1016%2Fj.jclepro.2024.143868&partnerID=40&md5=6e81149d30cb7f1dacff23a43f515a63","Various harmful gas emissions are a major controversial issue globally, and open dumpsites have become a leading contributor to atmospheric pollution. The study aims to introduce a high-performance landfill gas purification substrate using laterite soil, an iron, and aluminum-rich, highly available soil type in tropical countries; the final suggested substrate contained uniformly mixed laterite soil and compost with a 4:1 fraction by volume. A self-design setup that can maintain moisture content and aerobic conditions was used with an active landfill gas collection system through the gas wells established on the Karadiyana landfill in Sri Lanka under a tropical climate. The elimination capacity of CH<inf>4</inf>, NH<inf>3</inf>, VOCs, and H<inf>2</inf>S were 202860 ± 51595, 91 ± 30, 75 ± 27, and 6 ± 3 mg m−3 h−1 with 91 ± 3, 96 ± 1, 93 ± 3 and 83 ± 4% of removal efficiencies respectively at a 9.4 min empty bed residence time (EBRT). Selected laterite soil acts as an adsorption material and provides a better bio-filtering substrate with compost due to its specific characteristics. The hybrid gas purification process, absorption, and biofiltration within the proposed material were the reasons for higher performance, and the setup may be successful under the industrial waste gas streams. Further investigation should be carried out to study the medium's effectiveness as the covering layer on the dump with the successful lowest thickness, regarding secondary pollutants, and industrial applicability under unique specific conditions. © 2024 Elsevier B.V., All rights reserved.","Adsorption; Biofiltration; Landfill Gas; Laterite Soil; Purification Substrate; Air Pollution; Air Purification; Biofiltration; Composting; Gas Absorption; Gas Adsorption; Gas Fuel Purification; Kyoto Protocol; Land Fill; Low Emission; Atmospheric Pollution; Biofiltrations; Harmful Gas; Landfill Gas; Laterite Soils; Performance; Purification Substrate; Simultaneous Purification; Soil Types; Sorption Ability; Biofilters","Article","Final","","Scopus","2-s2.0-85205462739"
"C.J., Richardson, Curtis J.; N.E., Flanagan, Neal E.","Richardson, Curtis J. (7402504933); Flanagan, Neal E. (7005108426)","7402504933; 7005108426","Water quality and wetland vegetation responses to water level variations in a university stormwater reuse reservoir: Nature-based approaches to campus water sustainability","2024","Science of the Total Environment","948","","174616","","","0","1","10.1016/j.scitotenv.2024.174616","https://www.scopus.com/inward/record.uri?eid=2-s2.0-85198755568&doi=10.1016%2Fj.scitotenv.2024.174616&partnerID=40&md5=08c1add472d9371c5c28370088a41d43","In response to climate-driven water shortages, Duke University in 2014 constructed a water reuse reservoir and wetland complex (Pond) to capture urban stormwater and recycle water to provide campus cooling and reduce downstream loading of nutrients and sediment into Jordan Lake, a regional water supply. We postulated that even with significant water level changes due to withdrawals, the Pond would function to reduce downstream nutrients and sediment once wetland plants became established in the littoral zone. Throughout the project (2015–2021), baseflow nutrient concentrations downstream decreased, with Unfiltered Total Nitrogen (UTN) falling by 44 % and Unfiltered Total Phosphorus (UTP) by 50 %. Storm mean concentrations decreased by 31 % for UTN, 54 % for UTP, and 72 % for Total Suspended Solids (TSS). The annual reductions in mass fluxes (UTN, UTP, and TSS) were between 58 and 85 % across a range of storm intensities. Regardless of water level, temperature, pH, and oxygen concentrations downstream were not significantly changed. Between 2015 and 2020, a littoral survey of planted and naturally introduced species showed that wetter years resulted in a greater number of species across a gradient of three inundation zones (i.e., moist, wet, and aquatic). Conversely, dryer years resulted in fewer species across overlapping zones. The dominant plants that successfully colonized the Pond are all obligate wetland species despite the Pond's highly variable water depths and periods of inundation. The final plant populations were dominated by invasive native species supporting the self-design theory of plant succession as nearly half of the original planted species died. The reuse Pond design (pond-wetland complex) showed the capability of using stormwater runoff for campus cooling while improving water quality services and providing habitat for wetland plants. Thus, campuses with watershed runoff capture capability should consider a nature-based recycling approach as part of their water sustainability program. © 2024 Elsevier B.V., All rights reserved.","Nature-based Solutions; Nitrogen; Phosphorus; Plant Succession; Self-design; Water Level; Water Quality; Chlorophyll A; Phosphorus; Nitrogen; Nitrogen; Phosphorus; Hach Fl900 Flodar; Ysi 556 Mps Handheld Multi-parameter Instrument; Zeiss Binocular Microscope; Floods; Lakes; Nutrients; Phosphorus; Reservoirs (water); Runoff; Storms; Sustainable Development; Wastewater Reclamation; Water Conservation; Water Levels; Water Quality; Water Recycling; Water Supply; Wetlands; Down-stream; Nature-based Solution; Plant Successions; Reuse; Self-design; Total Nitrogen; Total Phosphorus; Total Suspended Solids; Water Sustainability; Wetland Plants; Nitrogen; Chlorophyll A; Dissolved Oxygen; Ground Water; Phosphorus; Storm Water; Nitrogen; Rain; Reservoir; Stormwater; Vegetation; Water Level; Water Quality; Wetland; Air Conditioning; Algal Bloom; Aquatic Environment; Article; Chemical Oxygen Demand; Chlorophyll Content; Climate Change; Cyanobacterium; Degradation; Drought Stress; Drug Manufacture; Environmental Monitoring; Environmental Sustainability; Geographic Distribution; Germination; Green Alga; Landscaping; Limit Of Detection; Microbial Community; Nonhuman; Oxygen Consumption; Particulate Matter; Persicaria; Photosynthesis; Phytoplankton; Plant Community; Plant Growth; Pond; Quality Control; Sea Surface Temperature; Seasonal Variation; Soil Moisture; Suspended Particulate Matter; Temperature; Vibrio Cholerae; Waste Water Recycling; Water Level Variation; Water Pollution; Water Sustainability; Wetland Vegetation; Jordan; Plant; University; Water Supply; Jordan Lake; North Carolina; United States; Environmental Monitoring; Plants; Rain; Universities; Water Quality; Water Supply","Article","Final","","Scopus","2-s2.0-85198755568"
"R., Jing, Ruoyin; B., Song, Bingye; R., Gao, Ran; C., Yang, Changqing; X., Hao, Xinpeng","Jing, Ruoyin (57222196191); Song, Bingye (56506157500); Gao, Ran (36494474300); Yang, Changqing (57189698658); Hao, Xinpeng (58952326200)","57222196191; 56506157500; 36494474300; 57189698658; 58952326200","A variable gradient descent shape optimization method for guide tee resistance reduction","2024","Journal of Building Engineering","95","","110161","","","0","4","10.1016/j.jobe.2024.110161","https://www.scopus.com/inward/record.uri?eid=2-s2.0-85199260903&doi=10.1016%2Fj.jobe.2024.110161&partnerID=40&md5=89a685e8b714ea4e3e679c98384ddf32","This article introduces an optimization method for local components in building distribution systems aimed at reducing resistance and energy consumption. The method employs gradient descent to minimize the energy dissipation governed by the Navier‒Stokes equations under nonlinear boundary conditions. Starting from the shape optimization problem, the optimality conditions for the steady-state shape optimization problem are derived in the paper using a functional space parameterization approach. Taking a diverter tee as an example, the guide vane shape of the tee is iteratively optimized until the optimal shape with the least energy dissipation is obtained. A revised mixed-length model for the diverter tee is proposed, along with normalized wall heights for diverter tees with various area ratios to accommodate diverter tees of all sizes in engineering projects and thus achieve air supply conditions that meet engineering standards. In this paper, the pressure, velocity, energy dissipation rate and local resistance coefficients of the optimized tee and the conventional tee are analyzed and investigated and the performance improvement and energy saving potential of the optimized tee are evaluated. The optimized flow-guiding tee has a branch duct resistance reduction rate of 6–96 % at different area ratios and flow ratios. The shape of the globally optimal solution for the guide vanes within the distribution system is given iteratively using the gradient descent method, thus realizing the low-resistance self-optimization and self-design of the building fluid distribution system. This method offers greater accuracy, flexibility, and universality, providing a new approach to resistance optimization design for building distribution systems. © 2024 Elsevier B.V., All rights reserved.","Drag Reduction; Gradient Descent; Guide Tee; Shape Optimization; Architectural Design; Electric Power Distribution; Energy Conservation; Energy Dissipation; Energy Utilization; Gradient Methods; Nonlinear Equations; Structural Design; Area Ratios; Building Distribution System; Distribution Systems; Gradient-descent; Guide Tee; Optimization Design; Optimization Method; Resistance Reduction; Shape Optimization Problem; Shape-optimization; Shape Optimization","Article","Final","","Scopus","2-s2.0-85199260903"
"A., Werner, Anne; I.R., Knutsen, Ingrid Ruud; A.K.M., Johannessen, Anne Kari Myrvold","Werner, Anne (7201824767); Knutsen, Ingrid Ruud (36969026900); Johannessen, Anne Kari Myrvold (55681856200)","7201824767; 36969026900; 55681856200","Between Public Guidelines for User Involvement and Ideals About Free Research: Using Collaborative Autoethnography to Explore Researcher Experiences From a User Involvement Process","2024","Health Expectations","27","5","e70055","","","0","1","10.1111/hex.70055","https://www.scopus.com/inward/record.uri?eid=2-s2.0-85206027284&doi=10.1111%2Fhex.70055&partnerID=40&md5=d2092ae08f5d1a514392f165efea92f7","Background and Aim: User participation is a prerequisite for receiving research funding in healthcare in Norway. Despite many positive benefits, studies report challenges from users' and researchers' perspectives. Limited knowledge exists concerning researchers' experiences in scenarios where the users are professionals within healthcare and research. The aim of this retrospective study was to explore and reflect on personal experiences as researchers from a process of planning and developing research questions for a PhD project, following the James Lind Alliance guidelines, which were a requirement for funding. We focused on how the process of collaboration with a specific group of users influenced the researchers' sense of selves. Design and Method: We used a qualitative design based on collaborative autoethnography, exploring personal experiences from a sociocultural point of view. Two of the three researchers in the team recollected their experiences from the user involvement process while applying the James Lind Alliance guidelines. We used different data sources to develop two autoethnographic narratives. The narratives were analysed using thematic analysis. Results: The autoethnographic narratives demonstrate the complexity of user involvement from the researchers' perspectives. We identified four themes in the analysis: intrinsic and extrinsic motivation, competing paradigms, hierarchy and dual roles. The accounts illustrated the researchers' ambivalence within the process, indicating that they feared a loss of control over the direction of the research project. The narratives visualised a struggle to appear as credible researchers, illustrating how the involvement of a specific group of users and adherence to a specific guideline for user involvement influenced the researchers' experiences of their roles and identities in the collaboration. Conclusion: The results point to the relevance of the sociocultural backdrop; researchers might become frontline providers of policy implementation in research, balancing tensions between regulatory constraints, user involvement and researchers' professional identity and research ideals, when a specific, detailed procedure for user involvement is required. Patient or Public Contribution: Two user panels comprising participants from clinical practice, education and research, along with a service user, collaborated in the planning and development of research questions for a PhD project. This autoethnographic study elaborates this process. © 2024 Elsevier B.V., All rights reserved.","Collaborative Autoethnography; James Lind Alliance; Reflexivity; Researcher Perspective; User Involvment; Adult; Ambivalence; Article; Clinical Practice; Clinical Practice Guideline; Controlled Study; Diagnosis; Extrinsic Motivation; Human; Major Clinical Study; Norway; Participation; Personal Experience; Practice Guideline; Retrospective Study; Scientist; Thematic Analysis; Cooperation; Cultural Anthropology; Female; Male; Motivation; Patient Participation; Personnel; Psychology; Qualitative Research; Anthropology, Cultural; Cooperative Behavior; Female; Guidelines As Topic; Humans; Male; Motivation; Patient Participation; Qualitative Research; Research Personnel; Retrospective Studies","Article","Final","All Open Access; Gold Open Access; Green Accepted Open Access; Green Open Access","Scopus","2-s2.0-85206027284"
"Y., Chen, Yuqing; S., Fang, Shuanfeng; X., Liu, Xing; Y., Chen, Yujun; X., Fan, Xin; Y., Chen, Yanping; L., Liu, Liming; Y., Li, Yan; Q., Liu, Qianqi; J., Wu, Jinzhun","Chen, Yuqing (59311917000); Fang, Shuanfeng (57222601235); Liu, Xing (57206740200); Chen, Yujun (56340887700); Fan, Xin (35210214100); Chen, Yanping (57192375148); Liu, Liming (59312253900); Li, Yan (59311738800); Liu, Qianqi (36063220500); Wu, Jinzhun (59311999600)","59311917000; 57222601235; 57206740200; 56340887700; 35210214100; 57192375148; 59312253900; 59311738800; 36063220500; 59311999600","Establishing reference ranges of serum vitamin K in healthy children; 健康儿童血清维生素K参考区间的建立","2024","Chinese Journal of Pediatrics","62","9","","847","852","0","1","10.3760/cma.j.cn112140-20240306-00152","https://www.scopus.com/inward/record.uri?eid=2-s2.0-85202997741&doi=10.3760%2Fcma.j.cn112140-20240306-00152&partnerID=40&md5=a1c2334cceda3574c3655557f0f30d68","Objective To establish and validate reference intervals of serum vitamin K for healthy children in China. Methods A cross-sectional study was conducted from January 2020 to May 2023, involving 807 healthy children aged 0 to 14 years, selected by stratified random sampling based on the population distribution of children in eastern, central, western, and northeastern China. Sample collection was carried out in 16 hospitals across 12 provinces, autonomous regions, and municipalities. Basic information of the children was collected using a standardized self-design questionnaire. Serum levels of vitamin K<inf>1</inf> and vitamin K<inf>2</inf> (menaquinone-4 (MK-4), menaquinone-7 (MK-7)) were measured using liquid chromatography-tandem mass spectrometry. The reference intervals was established by direct approach. The children were divided into different groups by age. Inter-group comparisons were conducted using the Kruskal-Wallis non-parametric test, and the reference intervals (P<inf>2.5</inf>-P<inf>97.5</inf>) were determined using non-parametric methods. Screening 40 healthy children for small sample validation based on age groups within the reference range(25 from eastern, 10 from central, and 5 from western regions). Results The age of the 807 children was 5.00 (2.00, 9.81) years, and 495 (61.3%) were males and 312 (38.7%) females. Reference intervals were established for 795 children, of whom 303 children were aged 1 month to 3 years and 492 were aged 4 to 14 years. The reference intervals for serum vitamin K<inf>1</inf> were 0.09-4.54 μg/L for children aged 1 month to 3 years, and 0.10-1.73 μg/L for 4-14 years. For MK-7, the intervals were 0.07-1.42 μg/L for 1 month to 3 years and 0.19-2.03 μg/L for 4-14 years. The reference intervals for MK-4 in children aged 1 month to 14 years were 0-0.42 μg/L. The measured values of serum vitamin K<inf>1</inf>, MK-4, and MK-7 in the validation samples did not exceed the reference limit in more than 2 samples. Conclusion Reference intervals for vitamin K<inf>1</inf>, MK-4, and MK-7 in healthy children aged 1 month to 14 years have been established and validated, and can be used to assess vitamin K nutritional status in children. © 2024 Elsevier B.V., All rights reserved.","Child; Reference Range; Vitamin K","Article","Final","","Scopus","2-s2.0-85202997741"
"X., Jiao, Xiaotong; Q., Qin, Qian","Jiao, Xiaotong (59461286000); Qin, Qian (57226281322)","59461286000; 57226281322","The Development of Confucius Institute and its Identity Transformation—From the Perspective of Social Identity Theory","2024","Contemporary Chinese Political Economy and Strategic Relations","9","2-3","","351","381","0","1","","https://www.scopus.com/inward/record.uri?eid=2-s2.0-85211209009&partnerID=40&md5=8dcbffffb568101dc22c3f74d0aa3a2c","Considerable growth in its economy leads to the rise of China in the international community, on account of which it perceives the necessity to promote its international reputation and soft power to match its economic achievements. Against this background, Confucius Institute (CI) was established, attracting attention from both the political realm and the academia. This paper analyzes CI’s identity formation and transformation process by combing the reality of CI and identity theory, which includes: i) CI’s identity forms in an initiative and positive way, as opposed to base on confrontation with others; and ii) CI’s identity changes through positive interactions with others instead of setting negative stereotypy against others. CI’s initial identity was not born amid the hostility against outgroups, but through internal self-design, which can be demonstrated through analyzing its establishment background, strategies and targets as well as its operation and organizing patterns. After its launch, CI triggered fierce reactions from the international society, receiving considerable criticism and suspicion. In response, CI made several adjustments and started its self-revolution while having identity transformation. CI did not arm against external pressure but rose to the challenges in a positive way—accommodating international concerns while maintaining the stance. In this line, identity transformation happens within CI through positive interactions rather than hostility towards others. © 2024 Elsevier B.V., All rights reserved.","Confucius Institute; Identity Theory; Identity Transformation Soft Power","Article","Final","","Scopus","2-s2.0-85211209009"
"D.V., Sánchez Salazar, Diana Vanessa","Sánchez Salazar, Diana Vanessa (59312922600)","59312922600","The Right to Self-Design in Transhumanism: A Human Right?; El derecho al autodiseño en el transhumanismo: ¿un derecho humano?","2024","Revista de la Facultad de Derecho y Ciencias Politicas","54","141","","","","0","1","10.18566/rfdcp.v54n141.a11","https://www.scopus.com/inward/record.uri?eid=2-s2.0-85203076510&doi=10.18566%2Frfdcp.v54n141.a11&partnerID=40&md5=a6e2c1a34f0cd1d32a29207d3be84c63","The human improvement proposed by transhumanism aims to achieve the optimal development of human physical and cognitive abilities. This concept has given rise to what is termed the right to self-design, which refers to transforming one's own body according to the individual’s freedom to improve human capabilities. This changes the panorama of human rights by introducing the notion of the human right to self-improvement, suggesting that such a right to self-design should be guaranteed and free from interference by both third parties and the State. By conducting a documentary review, this study seeks to analyze the right to self-design proposed by transhumanism in the context of human rights and determine whether it is susceptible to protection or if a revision of its underlying principles is necessary. The findings reveal that transhumanist premises, particularly those concerning morphological and cognitive freedoms, impact the conceptualization of human rights. This presents a transformation through the recognition of new rights emerging from the technoscientific revolution, highlighting the need for the development of public policies and regulations that promote responsible and equitable technological advancement. © 2024 Elsevier B.V., All rights reserved.","Human Improvement; Human Rights; Right To Self-design; Transhumanism","Article","Final","All Open Access; Gold Open Access; Green Accepted Open Access; Green Open Access","Scopus","2-s2.0-85203076510"
"C., Xiaojie, Cai; B., Tang, Bin; H., Chang, Huang; Y., Qian, Yu; X., Liansheng, Xia; C., Xu, Chen; G., Dawei, Guo; X., Wang, Xiaohu","Xiaojie, Cai (59149545600); Tang, Bin (57189366825); Chang, Huang (59149255500); Qian, Yu (59149644500); Liansheng, Xia (6506061431); Xu, Chen (59149255600); Dawei, Guo (59149450600); Wang, Xiaohu (55521339200)","59149545600; 57189366825; 59149255500; 59149644500; 6506061431; 59149255600; 59149450600; 55521339200","Exploring crucial technological advancements in Anger-Camera neutron detectors for single crystal neutron diffraction","2024","Radiation Measurements","175","","107176","","","0","0","10.1016/j.radmeas.2024.107176","https://www.scopus.com/inward/record.uri?eid=2-s2.0-85194589709&doi=10.1016%2Fj.radmeas.2024.107176&partnerID=40&md5=ca364658e3f77a83ee6ddb0fe1fb579d","In accordance with the second phase construction blueprint for the China Spallation Neutron Source (CSNS-II), the proposal includes the establishment of a single crystal neutron diffractometer. This apparatus necessitates a neutron detector array spanning over 1 m2 and capable of covering neutron diffraction angles from 20° to 160°. Additionally, the detector's position resolution must better than 1 mm × 1 mm. To meet such requirements, a scintillator neutron detector based on the Anger-Camera principle was designed. The detector is composed of a 6LiF/ZnS (Ag) scintillation screen, optical guide, silicon photomultipliers (SiPMs) array and self-design composite compression readout electronic systems. A detector prototype, featuring a detection area of 50 mm × 50 mm, was fabricated and subjected to testing at the BL20 neutron test line in the China Spallation Neutron Source (CSNS). The detector system achieved an optimal position resolution of 0.6 mm, while the maximum count rate was approximately 20 kHz. Moreover, the detector's Bragg edge imaging capability was preliminarily investigated using stainless steel samples, demonstrating its future potential for Bragg edge transmission imaging. The proposed detector demonstrates promising potential as a candidate for the single crystal diffractometer in CSNS-II. © 2024 Elsevier B.V., All rights reserved.","6lif/zns(ag); Anger Camera; China Spallation Neutron Source (csns); Neutron Detector; Optimal Position; Silicon Photomultipliers (sipms); Single Crystal Neutron Diffractometer; Cameras; Diffractometers; Neutron Diffraction; Neutron Sources; Neutrons; Photomultipliers; Silicon Detectors; Spalling; Superconducting Materials; 6lif/zns(ag); Anger Camera; China Spallation Neutron Source; Neutron Diffractometer; Optimal Position; Position Resolution; Silicon Photo Multipliers (sipm); Silicon Photomultiplier; Single Crystal Neutron Diffractometer; Spallation Neutron Sources; Single Crystals","Article","Final","","Scopus","2-s2.0-85194589709"
"J., Kwon, Junghyun; J., Kim, Jiyun; Y., Jung, Younghee; J., Son, Jin","Kwon, Junghyun (58077397600); Kim, Jiyun (57218853816); Jung, Younghee (59187323200); Son, Jin (58513924500)","58077397600; 57218853816; 59187323200; 58513924500","Unravelling the Influence of Buddhist Liberal Arts Education on College Students’ Self-Reflection","2024","Religions","15","6","647","","","0","1","10.3390/rel15060647","https://www.scopus.com/inward/record.uri?eid=2-s2.0-85196807670&doi=10.3390%2Frel15060647&partnerID=40&md5=a53b1d65a08d2a737a9e13f9ba09fc71","The purpose of this paper is to investigate the measurable impact of Buddhist liberal arts courses on college students’ ability to engage in self-reflection. This study uses the data gathered to establish, through statistical analysis, any correlations between two variables—Buddhist liberal arts as courses as the independent variable and self-reflection intelligence as the continuous dependent variable. First, the following results of the study show that the mean of the four self-reflection sub-categories for the students who found that the courses were helpful was higher than that of the students who found that they were not helpful: self-awareness (4.10 ± 0.49 > 3.90 ± 0.87), self-design (3.84 ± 0.66 > 3.40 ± 0.97), self-regulation (4.01 ± 0.04 > 3.48 ± 0.18), and self-examination (4.21 ± 0.03 > 3.94 ± 0.15), respectively. Second, the mean of the four self-reflection sub-categories for students who experienced a positive change of their perception in the courses was higher than that of students who experienced a negative change, as follows: self-awareness (4.08 ± 0.50 > 3.75 ± 0.82), self-design (3.84 ± 0.68 > 3.51 ± 0.93), self-regulation (4.00 ± 0.59 > 3.56 ± 0.67), and self-examination (4.17 ± 0.49 > 4.04 ± 0.73), respectively. This study illuminates the role of Buddhist-related liberal arts courses in higher education, specifically in fostering students’ self-reflection skills. It offers valuable insights into educational practices aimed at enhancing self-reflection levels. © 2024 Elsevier B.V., All rights reserved.","Buddhism And Humanity; Buddhist Liberal Arts Education; Self And Meditation; Self-awareness; Self-design; Self-examination; Self-reflection; Self-regulation","Article","Final","All Open Access; Gold Open Access","Scopus","2-s2.0-85196807670"
"Z., Zhan, Zheng; W., Wang, Wenping; F., Chen, Falai","Zhan, Zheng (58141445400); Wang, Wenping (35147101600); Chen, Falai (7404908180)","58141445400; 35147101600; 7404908180","Fast parameterization of planar domains for isogeometric analysis via generalization of deep neural network","2024","Computer Aided Geometric Design","111","","102313","","","0","2","10.1016/j.cagd.2024.102313","https://www.scopus.com/inward/record.uri?eid=2-s2.0-85191199091&doi=10.1016%2Fj.cagd.2024.102313&partnerID=40&md5=7da30c150eaebb3d4b56b15882edf61d","One prominent step in isogeometric analysis (IGA) is known as domain parameterization, that is, finding a parametric spline representation for a computational domain. Typically, domain parameterization is divided into two separate steps: identifying an appropriate boundary correspondence and then parameterizing the interior region. However, this separation significantly degrades the quality of the parameterization. To attain high-quality parameterization, it is necessary to optimize both the boundary correspondence and the interior mapping simultaneously, referred to as integral parameterization. In a prior research, an integral parameterization approach for planar domains based on neural networks was introduced. One limitation of this approach is that the neural network has no ability of generalization, that is, a network has to be trained to obtain a parameterization for each specific computational domain. In this article, we propose an efficient enhancement over this work, and we train a network which has the capacity of generalization—once the network is trained, a parameterization can be immediately obtained for each specific computational via evaluating the network. The new network greatly speeds up the parameterization process by two orders of magnitudes. We evaluate the performance of the new network on the MPEG data set and a self-design data set, and experimental results demonstrate the superiority of our algorithm compared to state-of-the-art parameterization methods. © 2024 Elsevier B.V., All rights reserved.","Deep Neural Network; Domain Parameterization; Isogeometric Analysis; Parameterization; Computational Domains; Data Set; Domain Parameterization; Generalisation; Isogeometric Analysis; Neural-networks; Parameterizing; Parametric Splines; Planar Domain; Spline Representation; Deep Neural Networks","Article","Final","","Scopus","2-s2.0-85191199091"
"X., Feng, Xudong; Z., Liu, Zhening; F., Wu, Feng; H., Wang, Handing","Feng, Xudong (57795263600); Liu, Zhening (57452122000); Wu, Feng (55937577100); Wang, Handing (55539503700)","57795263600; 57452122000; 55937577100; 55539503700","Evolutionary auto-design for aircraft engine cycle","2024","Complex and Intelligent Systems","10","2","","3169","3180","0","1","10.1007/s40747-023-01274-2","https://www.scopus.com/inward/record.uri?eid=2-s2.0-85177459084&doi=10.1007%2Fs40747-023-01274-2&partnerID=40&md5=4227439be0a774f1cb97876eb4596dee","Traditional engine cycle innovation is limited by human experiences, imagination, and currently available engine component performance expectations. Thus, the engine cycle innovation process is quite slow for the past 90 years. In this work, we propose a mixed variable multi-objective evolutionary optimization method for automatic engine cycle design. In the first, a simulation toolkit is developed for performance evaluation of potentially viable engine cycle solutions. Then, the engine cycle solutions are mixed encoded by the pins and the parameters of different engine components. The new engine cycle solutions are generated through the mutation operator. Finally, we construct two optimization objectives to drive the optimization process. Through the experimental research, new engine cycle solutions are discovered that exceed the performance of known turbojet and turbofan engines. © 2024 Elsevier B.V., All rights reserved.","Engineering Design; Mixed Variable Encoding; Multi-objective Evolutionary Algorithms","Article","Final","All Open Access; Hybrid Gold Open Access","Scopus","2-s2.0-85177459084"
"F., Gholami, Fahimeh; A., Ghazitabar, Arash; M., Naderi, Malek; A., Hoviatdoost, Aylar; D., Ali Jani Ashna, Delasa; K., Ghazitabar, Kiarash; B.E., Brycki, B. Eugeniusz; V., Vretenár, Viliam","Gholami, Fahimeh (57999519900); Ghazitabar, Arash (56747932800); Naderi, Malek (23095124200); Hoviatdoost, Aylar (57999519800); Ali Jani Ashna, Delasa (58863970000); Ghazitabar, Kiarash (58863970100); Brycki, B. Eugeniusz (6602255496); Vretenár, Viliam (6506007968)","57999519900; 56747932800; 23095124200; 57999519800; 58863970000; 58863970100; 6602255496; 6506007968","Oil adsorption behavior of N-doped, co-decorated graphene/carbon nanotube/cellulose microfiber aerogels: A comprehensive investigation of composite component's effect","2024","Surfaces and Interfaces","46","","103936","","","0","9","10.1016/j.surfin.2024.103936","https://www.scopus.com/inward/record.uri?eid=2-s2.0-85184038815&doi=10.1016%2Fj.surfin.2024.103936&partnerID=40&md5=e6def5112b02e40055db47870d739327","In this study, N-doped cobalt-decorated graphene/carbon nanotube/cellulose microfiber composite aerogels were synthesised and used as oil sorbent. In the current approach, graphene aerogel nanocomposites containing carbon nanotubes and cellulose microfibres were synthesised through a chemical reduction process using ascorbic acid and sodium bisulphite as reducing agents. Subsequently, N-doping was performed using ammonium treatment. The microstructure of these composites was characterised by field emission and conventional scanning electron microscopy, and transmission electron microscopy measurements. The molecular bonding and composition of the composites were analysed using energy-dispersive spectroscopy, Fourier Transform Infrared spectroscopy, Raman spectroscopy, and X-ray photoelectron spectroscopy. The hydrophobicity of the composites was characterised by a water contact angle test. Finally, the oil sorption performance of the samples was evaluated through a self-design procedure based on a combination of ASTM F716 and 726 standards and Bazargan et al. report. The N-doped Co decorated graphene/carbon nanotube/cellulose microfiber sample with a GO:CNT:CMF mass ratio of 4:2:1 (CGCMF-24) demonstrated the highest hydrophobicity and oil sorption capacity in comparison with other samples. CGCMF-24 adsorbed up to 30, 44, and 54 g/g toluene, cyclohexane, and hexane, respectively. Meanwhile, the most durable adsorbent was CGCMF-24, with 74 % durability after five sorption-desorption cycles, and it maintained this capacity for up to 10 cycles. © 2024 Elsevier B.V., All rights reserved.","Carbon Nanotube; Cellulose Microfiber; Graphene Aerogel; Nitrogen Doping; Oil Removal","Article","Final","","Scopus","2-s2.0-85184038815"
"F., Krause, Franziska; N., Franke, Nikolaus","Krause, Franziska (57779274000); Franke, Nikolaus (7003712009)","57779274000; 7003712009","Understanding Consumer Self-Design Abandonment: A Dynamic Perspective","2024","Journal of Marketing","88","2","","79","98","0","5","10.1177/00222429231183977","https://www.scopus.com/inward/record.uri?eid=2-s2.0-85172092587&doi=10.1177%2F00222429231183977&partnerID=40&md5=4a061318da170663addecc6fcbf1f42b","Many studies have found that allowing customers to self-design products using customization configurators generates high value for customers. However, in practice, high abandonment rates cast doubt on these findings. In the present article, this contradiction is resolved by analyzing consumers’ experiences during the creative process. Six studies provide converging evidence that consumers abandon customization because their valence during the process is U-shaped: initial high expectations prompt consumers to start self-designing in the first place, but they quickly find, to their frustration, that their (interim) design solutions are less attractive and the self-designing process is less enjoyable than they originally anticipated. Unaware that their enjoyment of the process would ultimately increase if they persisted through this phase, they abandon the self-design process altogether. It is only if the consumer overcomes the minimum of the U of valence that they harness the potential value from self-designing. This problematic pattern can be managed by providing social feedback during the self-design process. These findings contribute not only to the customization literature but also more generally to the understanding of consumers’ goal pursuit by enhancing its scope to creative tasks. © 2024 Elsevier B.V., All rights reserved.","Abandonment; Goal Pursuit; Longitudinal Process; Mass Customization; Online Configurators; Overoptimism; Product Design; U-shape Of Valence","Article","Final","","Scopus","2-s2.0-85172092587"
"A., Delannoy, Arnaud; P., Baudier, Patricia; T., de Vassoigne, Tony","Delannoy, Arnaud (58496580200); Baudier, Patricia (57191991393); de Vassoigne, Tony (58149891500)","58496580200; 57191991393; 58149891500","Perceptions of ethical cosmetics: Health behaviors during the COVID-19 pandemic","2024","Journal of Consumer Behaviour","23","2","","470","490","0","2","10.1002/cb.2215","https://www.scopus.com/inward/record.uri?eid=2-s2.0-85165295321&doi=10.1002%2Fcb.2215&partnerID=40&md5=65ee1bba420b4503b2426e2b60dfd2d5","Ethical consumption is considered one of the key issues of the early twenty-first century, and the demand for natural and chemical-free products has continued to grow. This study aims to explore consumers' perceptions of ethical cosmetics during the COVID-19 pandemic; measuring the self-dimensions that influence their opinions on the potential benefits of healthy cosmetics and measuring these impacts on purchase intention and purchase recommendation. A survey of 483 qualified respondents was conducted through a market research company. The research model, which mobilized constructs drawn from the literature, was analyzed using a partial least square approach via SmartPLS3.3.9 software. Our results demonstrate the direct impact of brand social responsibility (BSR), personal-positive (PP), and social-positive (SP) on word-of-mouth (WOM). The influence of self-association on PP is validated but rejected for SP. We show that extended-self has a direct effect on PP but not on SP, while self-design has an impact on both variables. Finally, the variables SP, PP, and BSR have a direct impact on the intention to buy healthy cosmetics but not on the WOM construct. As such, this study contributes to the literature on the perception of ethical/healthy cosmetics and consumer behavior and perceptions. © 2024 Elsevier B.V., All rights reserved.","","Article","Final","","Scopus","2-s2.0-85165295321"
"Z., Lian, Zichao; F., Gao, Fangfang; H., Xiao, Han; D., Luo, Di; M., Li, Mengyuan; D., Fang, Duoduo; Y., Yang, Yupeng; J., Zi, Jiangzhi; H., Li, Hexing","Lian, Zichao (55831956900); Gao, Fangfang (57571486600); Xiao, Han (58476820300); Luo, Di (58813584100); Li, Mengyuan (57209947639); Fang, Duoduo (58546549700); Yang, Yupeng (58813584200); Zi, Jiangzhi (57348811700); Li, Hexing (8866049900)","55831956900; 57571486600; 58476820300; 58813584100; 57209947639; 58546549700; 58813584200; 57348811700; 8866049900","Photo-self-Fenton Reaction Mediated by Atomically Dispersed Ag−Co Photocatalysts toward Efficient Degradation of Organic Pollutants","2024","Angewandte Chemie - International Edition","63","8","e202318927","","","0","92","10.1002/anie.202318927","https://www.scopus.com/inward/record.uri?eid=2-s2.0-85182437905&doi=10.1002%2Fanie.202318927&partnerID=40&md5=0f6583cf5d60d52256b93291bbc037da","Achieving the complete mineralization of persistent pollutants in wastewater is still a big challenge. Here, we propose an efficient photo-self-Fenton reaction for the degradation of different pollutants using the high-density (Ag: 22 wt %) of atomically dispersed AgCo dual sites embedded in graphic carbon nitride (AgCo−CN). Comprehensive experimental measurements and density functional theory (DFT) calculations demonstrate that the Ag and Co dual sites in AgCo−CN play a critical role in accelerating the photoinduced charge separation and forming the self-Fenton redox centers, respectively. The bimetallic AgCo−CN exhibited excellent photocatalytic performance toward the phenol even under extreme conditions due to an efficient degradation pathway and in situ generation of the hydrogen peroxide producing the main active oxygen species (⋅OH and 1O<inf>2</inf>) and showed long-term activity in a self-design photo-Filter reactor for the purification of the phenol. Our discoveries pave the way for the design of efficient single-atoms photocatalysts-based photo-self-Fenton reaction for recalcitrant pollutant treatment. © 2024 Elsevier B.V., All rights reserved.","Photo-self-fenton-like Catalysis; Photoinduced Charge Transfer; Reactive Oxygen Species; Single-atoms Catalysis; Carbon; Hydrogen Peroxide; Phenol; Biodegradation; Carbon Nitride; Catalysis; Density Functional Theory; Design For Testability; Organic Pollutants; Oxidation; Oxygen; Phenols; Dual Sites; Fenton Likes; Fenton Reactions; Mineralisation; Photo-induced Charge; Photo-self-fenton-like Catalyse; Photoinduced Charge Transfer; Reactive Oxygen Species; Single-atom Catalyse; Single-atoms; Charge Transfer; Carbon; Hydrogen Peroxide; Phenol; Reactive Oxygen Metabolite; Article; Atom; Catalysis; Controlled Study; Degradation; Density Functional Theory; Fenton Reaction; Filter Reactor; Mineralization; Pollutant; Purification; Signal Transduction","Article","Final","","Scopus","2-s2.0-85182437905"
"D., Wang, Dan; R., Li, Ruiwei; X., Zhang, Xin; F., Feng, Fan; H., Feng, Hui; L., Lu, Lin; B., Feng, Biao; S., Liu, Shaoding; Z., Nie, Zhongquan","Wang, Dan (57207689776); Li, Ruiwei (58891385900); Zhang, Xin (58891614200); Feng, Fan (58891158800); Feng, Hui (58890704100); Lu, Lin (58891614300); Feng, Biao (56711586800); Liu, Shaoding (8323626300); Nie, Zhongquan (46261425300)","57207689776; 58891385900; 58891614200; 58891158800; 58890704100; 58891614300; 56711586800; 8323626300; 46261425300","Controlling nonlinear collapse of ellipticity and orientation of a co-variant vector optical field","2024","Optics Express","32","4","","5230","5241","0","3","10.1364/OE.511324","https://www.scopus.com/inward/record.uri?eid=2-s2.0-85185320859&doi=10.1364%2FOE.511324&partnerID=40&md5=6d6afef9e5f535996af78bbf276c6246","A vector optical field with inhomogeneous spatial polarization distribution offers what we believe to be a new paradigm to form controllable filaments. However, it is challenging to steer multiple performances (e.g. number, orientation, and interval) of filaments in transparent nonlinear media at one time. Herein, we theoretically self-design and generate a kind of believed to be novel ellipticity and orientation co-variant vector optical field to interact with Kerr medium to solve this issue. The collapsing behaviors of such a new hybrid vector optical field reveal that, by judiciously adjusting the inherent topological charge and initial phase of incident optical field, we are able to give access to stable collapsing filamentation with tunable numbers, orientations and interval. Additionally, the collapsing patterns presented are immune nearly to the extra random noise. The relevant mechanism behind the collapse of the vector optical field is elucidated as well. The findings in this work may have huge potential in optical signal processing, laser machining, and other related applications. © 2024 Elsevier B.V., All rights reserved.","Nonlinear Optics; Signal Processing; Hybrid Vectors; Kerr-media; Nonlinear Medium; Nonlinear-medium; One-time; Optical Field; Performance; Polarization Distributions; Self-design; Spatial Polarization; Vectors; Article; Bullock; Collapse; Electric Potential; Laser; Noise; Optics; Polarization; Signal Processing","Article","Final","All Open Access; Gold Open Access","Scopus","2-s2.0-85185320859"
"J., Zhang, Jinxia; X., Chen, Xinyi; H., Wei, Haikun; K., Zhang, Kanjian","Zhang, Jinxia (56603508700); Chen, Xinyi (57213596551); Wei, Haikun (7402516860); Zhang, Kanjian (7404451787)","56603508700; 57213596551; 7402516860; 7404451787","A lightweight network for photovoltaic cell defect detection in electroluminescence images based on neural architecture search and knowledge distillation","2024","Applied Energy","355","","122184","","","0","60","10.1016/j.apenergy.2023.122184","https://www.scopus.com/inward/record.uri?eid=2-s2.0-85178206702&doi=10.1016%2Fj.apenergy.2023.122184&partnerID=40&md5=87cab3b864264c935522fcaf89742245","Nowadays, the rapid development of photovoltaic(PV) power stations requires increasingly reliable maintenance and fault diagnosis of PV modules in the field. Due to the effectiveness, convolutional neural network (CNN) has been widely used in the existing automatic defect detection of PV cells. However, the parameters of these CNN-based models are very large, which require stringent hardware resources and it is difficult to be applied in actual industrial projects. To solve these problems, we propose a novel lightweight high-performance model for automatic defect detection of PV cells in electroluminescence(EL) images based on neural architecture search and knowledge distillation. To auto-design an effective lightweight model, we introduce neural architecture search to the field of PV cell defect classification for the first time. Since the defect can be any size, we design a proper search structure of network to better exploit the multi-scale characteristic. To improve the overall performance of the searched lightweight model, we further transfer the knowledge learned by the existing pre-trained large-scale model based on knowledge distillation. Different kinds of knowledge are exploited and transferred, including attention information, feature information, logit information and task-oriented information. Experiments have demonstrated that the proposed model achieves the state-of-the-art performance on the public PV cell dataset of EL images under online data augmentation with accuracy of 91.74% and the parameters of 1.85M. The proposed lightweight high-performance model can be easily deployed to the end devices of the actual industrial projects and retain the accuracy. © 2023 Elsevier B.V., All rights reserved.","Deep Learning; Defect Detection; Electroluminescence; Knowledge Distillation; Neural Architecture Search; Photovoltaic Cells; Cells; Convolutional Neural Networks; Cytology; Deep Learning; Defects; Distillation; Network Architecture; Photoelectrochemical Cells; Solar Panels; Automatic Defect Detections; Convolutional Neural Network; Defect Detection; Electroluminescence Images; Image-based; Industrial Programs; Knowledge Distillation; Neural Architecture Search; Neural Architectures; Electroluminescence; Data Set; Defect; Distillation; Fuel Cell; Image Processing; Photovoltaic System; Power Generation","Article","Final","","Scopus","2-s2.0-85178206702"
"X., Feng, Xiao; Y., Yu, Yongbin; X., Wang, Xiangxiang; J., Cai, Jingye; S., Zhong, Shouming; H., Wang, Hao; X., Han, Xinyi; J., Wang, Jingya; K., Shi, Kaibo","Feng, Xiao (57694634100); Yu, Yongbin (16320294000); Wang, Xiangxiang (57203194052); Cai, Jingye (10738940600); Zhong, Shouming (55669890300); Wang, Hao (57482563400); Han, Xinyi (58307345700); Wang, Jingya (58610483300); Shi, Kaibo (55897985600)","57694634100; 16320294000; 57203194052; 10738940600; 55669890300; 57482563400; 58307345700; 58610483300; 55897985600","A hybrid search mode-based differential evolution algorithm for auto design of the interval type-2 fuzzy logic system","2024","Expert Systems with Applications","236","","121271","","","0","15","10.1016/j.eswa.2023.121271","https://www.scopus.com/inward/record.uri?eid=2-s2.0-85171523613&doi=10.1016%2Fj.eswa.2023.121271&partnerID=40&md5=3131910fb4cf1ab466cd99a544d169ae","This article proposed a hybrid search mode-based differential evolution (HSM-DE) algorithm to overcome the complex design of an interval type-2 fuzzy logic system (IT2FLS). First, transform complex design processes of the IT2FLS into optimization problems for our proposed evolutionary algorithm by decoding the whole system into design parameters regarded as search objectives. Then, the DE algorithm with a rapid convergence characteristic is adopted as a global search method for exploration according to a memetic algorithm (MA) structure. Considering the conventional DE algorithm is lack of escaping ability for the local optimal solution, a local search method combined with a simulated binary crossover (SBX) and polynomial mutation (PM) is utilized to enhance the exploitation behavior of our proposed method. In addition, simple constraints on the design parameters of the membership function are added to balance the searching freedom of the HSM-DE algorithm and the readability of the optimal IT2FLS. Finally, a simulation of a mobile two-wheel vehicle (MTWV) under a goal search task is performed to verify the effectiveness of the optimal IT2FLS auto designed by HSM-DE. All results demonstrate that the HSM-DE realizes auto design for the IT2FLS with high-performance control and outperforms the comparative methods. Moreover, four comparison methods are performed to validate the high-performance of the proposed HSM-DE on the search ability of the optimal solution. © 2023 Elsevier B.V., All rights reserved.","Differential Evolution (de) Algorithm; Fuzzy Controller Auto Design; Interval Type-2 Logic System (it2fls); Memetic Algorithm (ma) Structure; Computer Circuits; Design; Evolutionary Algorithms; Fuzzy Logic; Optimal Systems; Optimization; Parameter Estimation; Polynomials; Differential Evolution Algorithms; Fuzzy Controller Auto Design; Fuzzy Controllers; Hybrid Search; Interval Type-2 Fuzzy Logic Systems; Interval Type-2 Logic System (interval Type-2 Fuzzy Logic System); Logic Systems; Memetic Algorithm Structure; Memetic Algorithms; Mode-based; Membership Functions","Article","Final","","Scopus","2-s2.0-85171523613"
"S., Oswald, Sascha","Oswald, Sascha (58997475200)","58997475200","Friendzone level 5000: Memes as image-mediated practices of subjectivation","2024","","","","","253","286","0","1","10.1007/978-3-658-42872-3_13","https://www.scopus.com/inward/record.uri?eid=2-s2.0-105003320107&doi=10.1007%2F978-3-658-42872-3_13&partnerID=40&md5=87ad4bfa641a9fce69d6d5d3aa27120d","Memes are Internet phenomena, or more precisely: user-generated content of various kinds (images, videos, texts), which are characterized in particular by the way they are disseminated and processed. They are predominantly image-based forms of mass communication. This is accompanied by the dissemination of values, norms, views and ideals as well as identity concepts and self-designs. The article deals with memes as visual practices of subjectification and discourses. As an example, the friendzone discourse within the online commu-nity 9gag, which is predominantly transported via images, is reconstructed and it is shown how a certain form of the male subject is constituted in this discourse and at the same time statements about gender relations are produced and established. The communicative and medial properties of the memes as well as their appearance and circulation in a very specifically structured digital space provide for altered perceptual schemata and new techniques of self-thematization. © 2025 Elsevier B.V., All rights reserved.","","Book chapter","Final","","Scopus","2-s2.0-105003320107"
"W., Hong, Wonkee","Hong, Wonkee (35279757900)","35279757900","AI-Based Optimized Design of Structural Frames: With Application to Practical Building Designs","2024","","","","","1","582","0","0","10.1201/9781003424826","https://www.scopus.com/inward/record.uri?eid=2-s2.0-85209019613&doi=10.1201%2F9781003424826&partnerID=40&md5=b115301d382d7a401e67500d750b1041","This book introduces an auto-design-based optimization for building frames using an artificial neural network (ANN)-based Lagrange method and novel genetic algorithm (GA). The work of great mathematician Joseph-Louis Lagrange and ANNs are merged to identify parameters that optimize structural frames of reinforced concrete, prestressed concrete, and steel frames subject to one or more design constraints. New features for enhancing conventional GA are also demonstrated to optimize structural frames. New features for optimizing multiple design targets of the building frames are highlighted, while design requirements imposed by codes are automatically satisfied. Chapters provide readers with an understanding of how both ANN-based and novel GA-based structural optimization can be implemented in holistically optimizing designated design targets for building structural frames, guiding readers toward more rational designs that is consistent with American Institute of Steel Construction (AISC) and American Concrete Institute (ACI) standards. ANN-based holistic designs of multi-story frames in general and reinforced concrete, prestressed concrete, and steel frames in particular, are introduced. This book suits structural engineers, architects, and graduate students in the field of building frame designs and is heavily illustrated with color figures and tables. © 2025 Elsevier B.V., All rights reserved.","Concrete Beams And Girders; Genetic Algorithms; Lagrange Multipliers; Neural Networks; Reinforced Concrete; Shape Optimization; Structural Design; Structural Engineering; Structural Frames; Structural Optimization; Students; Building Design; Building Frames; Concrete Frame; Network-based; Neural-networks; Novel Genetic Algorithm; Optimisations; Optimized Designs; Pre-stressed Steel; Steel Frame; Architectural Design","Book","Final","","Scopus","2-s2.0-85209019613"
"G., Luo, Ganyuan; H., Li, Hao; Z., Chen, Zefeng; Y., Zhou, Yuren","Luo, Ganyuan (59337385900); Li, Hao (59337543100); Chen, Zefeng (57193199661); Zhou, Yuren (7405367554)","59337385900; 59337543100; 57193199661; 7405367554","Pareto-Informed Multi-objective Neural Architecture Search","2024","Lecture Notes in Computer Science","15150 LNCS","","","369","385","0","0","10.1007/978-3-031-70071-2_23","https://www.scopus.com/inward/record.uri?eid=2-s2.0-85204602470&doi=10.1007%2F978-3-031-70071-2_23&partnerID=40&md5=e314a42fcd1c91737c1cca1c1e9d54a8","Aiming at the auto-design of powerful neural architectures with a requirement of compromising multiple objectives, this paper introduces a novel approach called Pareto-informed Multi-objective Neural Architecture Search (PiMO-NAS), which employs a solution generator influenced by Tchebycheff decomposition to explore the objective space of multi-objective NAS. Our methodology initiates with a transformation of discrete search space into continuous form, followed by iterative solution optimization, in which Gaussian Process (GP) surrogate models are utilized to establish a mapping from decision space to objective space. Subsequently, a solution generator, directed by preference vectors from the objective space, is designed to generate decision vectors to map the weights from the objective space back to the decision space. This solution generator is further optimized based on the gradients derived from the GP models. To ensure diversity in the solution pool, the solution generator synthesizes new candidate solutions guided by preference vectors generated by a well-designed adaptive sampler. In order to verify the performance of the proposed PiMO-NAS, a series of experiments were conducted within two typical NAS search spaces (i.e., the Once-For-All(OFA) and AutoFormer based ones, covering both convolutional neural networks and vision transformers), and more than 30 state-of-the-art NAS methods and models were employed for performance comparisons. Experimental results showcase that our approach can outperform most peers in terms of search time and solution quality, and has fantastic ability to efficiently discover high-performing neural architectures. In the OFA-based search spaces, compared with the MSuNAS, the proposed PiMO-NAS was able to achieve similar performance in two-thirds of the number of iterations, thereby saving about 24% of the search time. In the AutoFormer-based search space, we successfully approached a strong baseline formed by a single-objective evolutionary algorithm with restricted parameter quantities, approximating the entire Pareto front in a comparable timeframe. © 2024 Elsevier B.V., All rights reserved.","Multi-objective Optimization; Neural Architecture Search (nas); Pareto Front; Surrogate; Architecture; Multiobjective Optimization; Vector Spaces; Vectors; Decision Space; Multi Objective; Multi-objectives Optimization; Neural Architecture Search; Neural Architectures; Objective Space; Pareto Front; Performance; Search Spaces; Surrogate; Convolutional Neural Networks","Conference paper","Final","","Scopus","2-s2.0-85204602470"
"A., Curry, Amanda","Curry, Amanda (57203861812)","57203861812","Accounting talks – how operations managers nuance their frontstage performance with backstage negotiations","2024","Accounting, Auditing and Accountability Journal","37","9","","248","274","0","0","10.1108/AAAJ-06-2023-6504","https://www.scopus.com/inward/record.uri?eid=2-s2.0-85199133542&doi=10.1108%2FAAAJ-06-2023-6504&partnerID=40&md5=29d678d7d66a2560be5ff8e55f128d41","Purpose: This paper analyzes the ways in which accounting enables operations managers to enter and perform multiple roles in their interplay with organizational groups on the shop floor and in management, and the associated negotiations that operations managers have with “the self.” Design/methodology/approach: Using field-based studies in a mining organization, the study draws on Goffman’s backstage–frontstage metaphor to analyze how operations managers enter and perform several roles with the aid of accounting. Findings: The findings show that accounting legitimizes operations managers when they cross organizational boundaries, as accounting gives them an “entry ticket” that legitimizes their presence with the group. Accounting further allows operations managers to embrace more than one role by “putting on a mask” to become an outsider or insider in relation to a group. In performing their roles, operations managers exhibit varying attributes and knowledge. Accounting can thereby be withheld from, or shared with, organizational groups. The illusion of accounting as deterministic presented frontstage is not necessarily negotiated that way backstage. Rather, alternatives discussed backstage often become silenced in the frontstage performance. The study concludes that operations managers cross boundaries, embrace roles and exert agency as they navigate with accounting, enrolling it into their performance simultaneously as they backstage reflect upon accounting and its role for their everyday work. Originality/value: This study relies on the frontstage/backstage metaphor to visualize the discrepancies in how accounting is enrolled into role performances and how seemingly categorical fronts do not necessarily share that dominant position backstage. © 2024 Elsevier B.V., All rights reserved.","Accounting Talk; Management Accounting; Operations Managers; Roles","Article","Final","All Open Access; Green Accepted Open Access; Green Open Access","Scopus","2-s2.0-85199133542"
"B., Liu, Bo; P., Wang, Pengfei; X., Liu, Xiang; L., Zhang, Liwen","Liu, Bo (55574234772); Wang, Pengfei (57387036200); Liu, Xiang (59212639900); Zhang, Liwen (55709189600)","55574234772; 57387036200; 59212639900; 55709189600","Response surface methodology based synchronous multi-performance optimization of CMOS low-dropout regulator","2024","Microelectronics Journal","143","","106045","","","0","3","10.1016/j.mejo.2023.106045","https://www.scopus.com/inward/record.uri?eid=2-s2.0-85198056426&doi=10.1016%2Fj.mejo.2023.106045&partnerID=40&md5=0e64e8723c65104b44c4205013107118","An easy-to-use efficient auto-design approach to achieve a synchronous optimization and solution for multiple performance objectives of a CMOS low-dropout regulator (LDO) circuit is proposed. As a core algorithm, response surface methodology (RSM) is adopted to automatically implement the design parameter modeling and solving of the LDO. The precision response surface models for the temperature coefficient (TC) and power supply rejection ratio (PSRR) are established efficiently based on only 27 sets of Cadence sampling datasets, by which the optimal performance solution with a superior tradeoff on TC and PSRR can be obtained. Along with a complete auto-design flow, the pre/post-layout simulations of the LDO circuit by SMIC 180 nm/3.3 V CMOS technology are performed, it can be observed that the auto-improved LDO has a significant better 35.20 ppm/°C TC feature compared with 48.46 ppm/°C that recorded by the manual design. Synchronously, the PSRR is improved from −59.497 Hz@DC to −92.89 Hz@DC with a great increase ratio by 56 % up. © 2024 Elsevier B.V., All rights reserved.","Low-dropout Regulator (ldo); Response Surface Methodology (rsm); Synchronous Multiobjective Optimization; Cmos Integrated Circuits; Electric Current Regulators; Integrated Circuit Design; Surface Properties; Voltage Regulators; Design Approaches; Low Dropout Regulator; Low-dropout Regulator; Multi-objectives Optimization; Performance Optimizations; Power Supply Rejection Ratio; Response Surface Methodology; Response-surface Methodology; Synchronoi Multiobjective Optimization; Temperature Coefficient; Multiobjective Optimization","Article","Final","","Scopus","2-s2.0-85198056426"
"J., Wang, Jingjing; F., Zhang, Feng; Z., Xue, Zhengyue; X., Gao, Xiaoming; M., Liang, Miao; Z., Cai, Zhaonan; M., Zhou, Minqiang; T., Tan, Tu","Wang, Jingjing (57211090146); Zhang, Feng (57214311434); Xue, Zhengyue (57221856237); Gao, Xiaoming (8948227300); Liang, Miao (57205507226); Cai, Zhaonan (24398506000); Zhou, Minqiang (56377773800); Tan, Tu (26432295900)","57211090146; 57214311434; 57221856237; 8948227300; 57205507226; 24398506000; 56377773800; 26432295900","Ultrahigh Resolution Portable Dual-Channel Laser Heterodyne Radiometer","2024","IEEE Transactions on Instrumentation and Measurement","73","","7007609","","","0","1","10.1109/TIM.2024.3420357","https://www.scopus.com/inward/record.uri?eid=2-s2.0-85197482138&doi=10.1109%2FTIM.2024.3420357&partnerID=40&md5=8626bbc97ae7dd7cdc003f6ae05b0195","An integrated portable, dual-channel all-fibered laser heterodyne radiometer (portable dc-LHR) with a high spectral resolution (0.0044 cm-1) for simultaneous remote sensing of atmospheric dry-air column-averaged mole fraction of CO<inf>2</inf> and CH<inf>4</inf> (X<inf>CO2</inf> and X<inf>CH4</inf>) has been developed. Sunlight is modulated by a dual-channel fiber optical switch and mixed with two laser beams, which were step-scanned across two strong absorption features centered at 1603.59-1657.39 nm, respectively. Digital lock-in amplifiers (DLIAs) are designed to demodulate the laser heterodyne signal, while self-design interferometric devices are used to monitor laser wavelength. A forward model based on relative transmittance in a narrow band and an optimal estimation inversion algorithm are used for data inversion. The portable instrument was carried out in a field campaign in Dachaidan (Qinghai Province, China, 37.744°N, 95.342°E), together with co-located Aircore and EM27/SUN measurements, in August 2020. The retrieval uncertainties of portable dc-LHR X<inf>CO2</inf> and XCH4 are 0.9 ppm and 3.4 ppb, respectively. Comparison in X<inf>CO2</inf> and XCH4 observations between portable dc-LHR and EM27/SUN show a good agreement. © 2024 Elsevier B.V., All rights reserved.","Atmospheric Co2 And Ch4; High Resolution; Laser Heterodyne Radiometer (lhr); Optimal Estimation Method; Remote Sensing; Carbon Dioxide; Distributed Feedback Lasers; Feedback Amplifiers; Fiber Lasers; Laser Beams; Optical Fibers; Optical Remote Sensing; Spectral Resolution; Atmospheric Co2 And Ch4; Atmospheric Measurement; Heterodyne Radiometer; High Resolution; Laser Feedback; Laser Heterodyne; Laser Heterodyne Radiometer; Optical Fiber Devices; Optical Fibers Amplifiers; Optimal Estimation Methods; Remote-sensing; Fiber Amplifiers","Article","Final","","Scopus","2-s2.0-85197482138"
"C., Constantinou, Christina; N.R., Payne, Nicola R.; O.B.A., van den Akker, Olga B.A.; B.P.D., Inusa, Baba Psalm Duniya","Constantinou, Christina (56118360800); Payne, Nicola R. (35894217700); van den Akker, Olga B.A. (6701810256); Inusa, Baba Psalm Duniya (8562039200)","56118360800; 35894217700; 6701810256; 8562039200","Exploring health-related quality of life, exercise and alcohol use in adolescents with sickle cell disease and healthy siblings","2024","Psychology and Health","","","","","","0","1","10.1080/08870446.2024.2371018","https://www.scopus.com/inward/record.uri?eid=2-s2.0-85197384411&doi=10.1080%2F08870446.2024.2371018&partnerID=40&md5=1a70ce6a81444b43310393045affb759","Objective: This study explored the health-related quality of life (HRQL) and health behaviours of adolescents with sickle cell disease (SCD) and healthy siblings, drawing on Gap theory which suggests HRQL is the discrepancy between current and ideal selves. Design: Twenty-three adolescents with SCD and 21 healthy siblings aged 13 to 17 years participated in eight focus groups. Results: Thematic analysis identified three themes: learning to accept SCD, coping with SCD and influences on health behaviours. Adolescents appear to have normalised and adapted to SCD. Adolescents with SCD have learnt effective coping strategies, such as moderating engagement in exercise. Unlike heathy siblings, they were not encouraged to exercise by parents but were content with their level of participation. Both groups were influenced to exercise by role models or wanting to socialise, and influenced to drink alcohol by peers, but there was limited understanding of the potential negative impacts of alcohol on SCD. Conclusion: There does not appear to be a discrepancy between adolescents’ current and ideal selves, providing optimism about their HRQL. Further consideration of engaging in healthy behaviours is needed, but it is important to strike a balance so that modifications to lifestyle do not impair HRQL. © 2024 Elsevier B.V., All rights reserved.","Adolescents; Alcohol Use; Chronic Illness; Exercise; Health-related Quality Of Life; Qualitative Methods","Article","aip","All Open Access; Hybrid Gold Open Access","Scopus","2-s2.0-85197384411"
"S., Qi, Song; Y., Takagi, Yuto; K.N.I., Yano, Ken'ichi N.Ichi; T., Kondo, Tadao; T., Ishikawa, Takao; S., Baba, Shuhei","Qi, Song (57222062084); Takagi, Yuto (55562022200); Yano, Ken'ichi N.Ichi (55539433700); Kondo, Tadao (57222070883); Ishikawa, Takao (57222055265); Baba, Shuhei (56205814800)","57222062084; 55562022200; 55539433700; 57222070883; 57222055265; 56205814800","Derivation of Plunger Injection Input to Prevent Gas Defects by Algebraic Approach for Aluminum Alloy Diecasting","2024","Materials Transactions","65","6","","657","664","0","0","10.2320/matertrans.F-M2024806","https://www.scopus.com/inward/record.uri?eid=2-s2.0-85195265813&doi=10.2320%2Fmatertrans.F-M2024806&partnerID=40&md5=4c524293015bff0666107c7a4e3bdd3e","Die casting has many advantages, such as high precision, mass production, and excellent recyclability. However, gas defects in the product have become a problem. One countermeasure to this problem is to design the injection input of the plunger appropriately. Recently, CFD has been used to design plunger injection inputs, and by combining with optimization techniques, auto-design of plunger injection inputs has been possible. However, CFD is difficult to apply because of the high cost of CFD resources, the need to resource IT engineers, and the time required for its auto-design. Therefore, we propose a new injection input design method based on an algebraic approach, enabling anyone to design a plunger injection input that prevents gas defects with ease and at a low cost. Simulation and experimental results verified the effectiveness of the proposed method. © 2024 Elsevier B.V., All rights reserved.","Cae; Casting Defect; Casting Process; Die Casting; Injection; Aluminum Alloys; Defects; Die Casting; Algebraic Approaches; Casting Defect; Casting Process; High Costs; High-precision; Injection; Mass Production; Optimization Techniques; Plunger Injection; Recyclability; Algebra","Article","Final","All Open Access; Gold Open Access","Scopus","2-s2.0-85195265813"
"D.C., Dennett, Daniel C.","Dennett, Daniel C. (7003483379)","7003483379","Cesta k inteligencii: Nadmerné zjednodušenie a samokontrola","2024","Filozofia","79","5","","471","482","0","0","10.31577/filozofia.2024.79.5.1","https://www.scopus.com/inward/record.uri?eid=2-s2.0-85193719447&doi=10.31577%2Ffilozofia.2024.79.5.1&partnerID=40&md5=2cff4173bd7e819adf3843322b98fb43","This article offers some reflections on some features of human consciousness that are in need of an explanation. I wish to see if these features could be understood as solutions to design problems, solutions arrived at by evolution, but also, in the individual, as a result of a process of unconscious self-design. I consider this issue in the context of work in AI on the attempt to design intelligent robots–not “bed-ridden” expert systems, but systems that have to act in real time in the real world. How then does one partition the task of the robot so that it is apt to make reliable real time decisions? Any real, finite deliberator must partition the states of its world in such a way as to introduce the concept of possibility. This idea of partitioning the world into “possible” alternatives that remain “open” is very clearly the introduction of a concept of epistemic possibility. The article concludes with some reflections on the Frame Problem. © 2024 Elsevier B.V., All rights reserved.","Action; Anticipation; Decision; Design; System","Article","Final","All Open Access; Gold Open Access","Scopus","2-s2.0-85193719447"
"D.I., Chavez, Denis Ismael; H., Chavez, Henry","Chavez, Denis Ismael (58939894400); Chavez, Henry (57213581521)","58939894400; 57213581521","Data Mining and Interaction Design Applied to the Research Work Activity","2024","Smart Innovation, Systems and Technologies","375","","","93","103","0","0","10.1007/978-981-99-7210-4_9","https://www.scopus.com/inward/record.uri?eid=2-s2.0-85187802502&doi=10.1007%2F978-981-99-7210-4_9&partnerID=40&md5=eab12f73c9f896d8f4f865658f47432a","Based on the ergonomic approach of instrumental genesis and activity analysis, this article presents an example of the conception of artifacts that allows the exploration and study of complex social phenomena in relation with time and space using data (text and media) collected from the web on a specific topic. We developed information extraction algorithms and data visualization interfaces that allow researcher-knowledge interaction and knowledge sharing. These algorithms allowed us to identify and extract information from web about 2,341 “protests and strikes” in 131 countries over 2,000 years of history. The challenge was to organize all this information in a way that the user (Research Worker) could manipulate and explore it as a uniquely complex knowledge object, while optimizing the resources use and simplicity of the interface. The result is an interactive object published under the name RFS-project (Robocops, Flowers and Stones), which deploys the collective and global memory of protest and repression around the globe. © 2024 Elsevier B.V., All rights reserved.","Auto-design; Data Mining; Ergonomics Information; Knowledge Technology; Research Work Activity; Data Visualization; Ergonomics; Activity Analysis; Auto-design; Ergonomic Information; Extraction Algorithms; Interaction Design; Knowledge Interaction; Knowledge Technologies; Knowledge-sharing; Research Work Activity; Work Activities; Data Mining","Conference paper","Final","","Scopus","2-s2.0-85187802502"
"Z., Gao, Zhen; S., Srinivasan, Seshasai","Gao, Zhen (57202910759); Srinivasan, Seshasai (35249484900)","57202910759; 35249484900","Work-in-Progress: Immersive and Diversified Artificial Intelligence Education","2024","Lecture Notes in Networks and Systems","936 LNNS","","","254","259","0","1","10.1007/978-3-031-54327-2_26","https://www.scopus.com/inward/record.uri?eid=2-s2.0-85187680487&doi=10.1007%2F978-3-031-54327-2_26&partnerID=40&md5=17855fcbe5ddeaa2180d1c11009fd1d2","The world endured drastic change recently. The emerging and innovative technologies will make the societal and industrial transformation exponential in the foreseeable future. A question proposed to universities is how to create innovative educational programs that not only deal with the emerging challenges, but more importantly, lead the digital transformation by inspiring and cultivating the future leaders in the fourth wave of the industrial revolution. The major challenges of AI teaching-learning include the following: a) Managing the extremely diverse backgrounds and experiences of the students within the same cohort; b) Imparting skills in an area that has too many subtopics, many of which are open0ended, and with little hierarchy; and c) The requirement of sufficient practice in solving real-world problems from end-to-end. Addressing these chellenges, the proposed paradigm of Immersive and Diversified Artificial Intelligence Education (IDAIE) will integrate the following educational practices: 1. Pre-assess the capabilities of students to develop a customized study plan to achieve the optimal learning outcomes for each student. 2. Utilize ‘minds-on and hands-on’ loop to reinforce understanding and solidify gained skills. 3. Offer a mini project/hands-on activity every week outside of the classroom to enhance implementation ability. 4. Check their self-reflective pieces and frequently interact with them for open discussion in multiple aspects, i.e., cognitive, psychological, experiential, etc. 5. Encourage the students to self-design open-ended course projects based on their learning curves. 6. Engage community partners and collaborators with the provision of a variety of community/industry projects for students’ participation. This endeavour demonstrated a way to cultivate students’ practical abilities to build a complete artificial intelligence system from scratch. It is noticeable that IDAIE does not mean to diminish the importance of theoretical knowledge learning. It is aimed to incorporate theoretical knowledge learning into practices. This pedagogy can also be applied to AI-related courses and other technical engineering courses. © 2024 Elsevier B.V., All rights reserved.","Artificial Intelligence Education; Minds-on And Hands-on; Self-reflective; Curricula; Students; Artificial Intelligence Education; Emerging Technologies; Exponentials; Immersive; Industrial Transformations; Innovative Educational Programmes; Innovative Technology; Knowledge Learning; Mind-on And Hand-on; Self-reflective; Artificial Intelligence","Conference paper","Final","","Scopus","2-s2.0-85187680487"
"N., Ghazian, Nargol; C.J., Lortie, Christopher James","Ghazian, Nargol (57215832057); Lortie, Christopher James (6601988598)","57215832057; 6601988598","A Review of the Roots of Ecological Engineering and its Principles","2024","Inzynieria Ekologiczna","25","1","","345","357","0","6","10.12911/22998993/175877","https://www.scopus.com/inward/record.uri?eid=2-s2.0-85179669797&doi=10.12911%2F22998993%2F175877&partnerID=40&md5=0aa9ecd7783e2e7ff1f1627226bc9f17","The wide definition of ecological engineering, a vast, multidisciplinary field, is the application and theoretical understanding of scientific and technical disciplines to protect natural habitats, as well as man-made and natural resources. The following two ideas are central themes in ecological engineering: (1) restoring substantially disturbed ecosystems as a result of anthropogenic activities and pollution, and (2) the synthesis of sustainable ecosystems that have ecological and human value by heavily relying on the self-organization capabilities of a system. Given the current paradigm of anthropogenic disturbances, the ideas and approaches of ecological engineering will be key in the creation of ecosystem resilience, eco-cities, and urban spaces. This review aims to discuss the roots of this discipline, draw comparisons to similar fields, including restoration ecology and environmental engineering, and offer a discourse of its basic principles with relevant examples from the literature. The aim is to bridge the gap between ideas such as energy signature, self-organization, and pre-adaptation to sustainable business and circular economy for a future that combines the natural environment with human society for the mutual benefit of both. © 2023 Elsevier B.V., All rights reserved.","Circular Economy; Ecological Engineering; Ecological Engineering Principles; Energy Signature; Environmental Engineering; Restoration; Self-design; Self-organization","Article","Final","All Open Access; Gold Open Access","Scopus","2-s2.0-85179669797"
"J., Lee, Jin-seop; T., Kim, Tae-hyun; S., Jeon, Sang-hwan; S., Park, Sung-hyun; S.H., Kim, Sang Hi; E., Lee, Eunho; J.H., Lee, Jeehyong Hyoung","Lee, Jin-seop (58289050600); Kim, Tae-hyun (57213163966); Jeon, Sang-hwan (58336548700); Park, Sung-hyun (58337211500); Kim, Sang Hi (58338551900); Lee, Eunho (55973407800); Lee, Jeehyong Hyoung (7601454104)","58289050600; 57213163966; 58336548700; 58337211500; 58338551900; 55973407800; 7601454104","Automation of trimming die design inspection by zigzag process between AI and CAD domains","2024","Engineering Applications of Artificial Intelligence","127","","107283","","","0","15","10.1016/j.engappai.2023.107283","https://www.scopus.com/inward/record.uri?eid=2-s2.0-85176263941&doi=10.1016%2Fj.engappai.2023.107283&partnerID=40&md5=aee5d635f25c9926247f4b844e6039f1","Quality control using artificial intelligence (AI) has led to considerable improvements in the manufacturing industry. However, inspection of computer-aided design (CAD) drawing to prevent potential errors is still performed manually by engineers. The design inspection which involves sequential and repetitive processes is labor-intensive, time-consuming, and prone to human error. In this study, we developed an automatic design inspection system for CAD data by integrating AI module and CAD software. The target product of this study is automobile trimming die design. The AI modules replace the engineers’ judgment, and the CAD software performs the operations requested by the AI modules. The design inspection is completed through a zigzag interaction between the AI modules and CAD software by a one-click operation without the intervention of experts. In the zigzag interaction process, 3D CAD files are converted to 2D images for interaction from the CAD software to the AI modules, and the output of the AI modules is transferred to the CAD software through VBA macros. The AI modules are designed to be CAD-independent and data-efficient; therefore, they can be easily adapted to other CAD software and achieve a high performance, even when trained with a few trimming dies. The length measurement error is only 2.4 % on average, which is at the 14th place out of 18 grades according to ISO 286–1:1988 standard tolerance. Additionally, the inspection time is reduced to approximately one-fifth of the manual inspection time by experts. © 2023 Elsevier B.V., All rights reserved.","Auto Design Inspection; Automation; Deep Learning; Object Detection; Trimming Die Design; Deep Learning; Dies; Errors; Inspection; Object Detection; Product Design; Trimming; Auto Design Inspection; Computer-aided Design; Computer-aided Design Software; Design Inspections; Die Design; Inspection Time; Objects Detection; Trimming Die; Trimming Die Design; Computer Aided Design","Article","Final","","Scopus","2-s2.0-85176263941"
"M., Neumann, Marvin; A.S.M., Niessen, A. Susan M.; M., Linde, Maximilian; J.N., Tendeiro, Jorge Nunes; R.R., Meijer, Rob R.","Neumann, Marvin (57214804235); Niessen, A. Susan M. (57053008400); Linde, Maximilian (57219747957); Tendeiro, Jorge Nunes (25650666400); Meijer, Rob R. (7006574564)","57214804235; 57053008400; 57219747957; 25650666400; 7006574564","“Adding an egg” in algorithmic decision making: improving stakeholder and user perceptions, and predictive validity by enhancing autonomy","2024","European Journal of Work and Organizational Psychology","33","3","","245","262","0","6","10.1080/1359432X.2023.2260540","https://www.scopus.com/inward/record.uri?eid=2-s2.0-85172164765&doi=10.1080%2F1359432X.2023.2260540&partnerID=40&md5=625782f79134375a424fb4170d0cb8d3","Decision makers often combine multiple pieces of information to make performance predictions and hiring decisions. More valid predictions are made when information is combined algorithmically (mechanical prediction) rather than in the decision-maker’s mind (holistic prediction). Yet, decision makers rarely use algorithms in practice. One reason is that decision makers are worried about negative evaluations from other stakeholders such as colleagues when using algorithms. We hypothesized that such stakeholders evaluate decision makers more positively when they use autonomy-enhancing algorithmic procedures (AEAPs, holistically adjust predictions from a prescribed algorithm or self-design an algorithm), than when they use a prescribed algorithm. Relatedly, we hypothesized that decision makers who use AEAPs are less worried about negative stakeholder evaluations, and more likely to use algorithms in performance predictions. In Study 1 (N = 582), stakeholders evaluated decision makers more positively when they used AEAPs rather than a prescribed algorithm. In Study 2 (N = 269), decision makers were less worried about negative stakeholder evaluations and more likely to use AEAPs compared to a prescribed algorithm. Importantly, using AEAPs also resulted in substantially higher predictive validity than holistic prediction. We recommend the use of self-designed algorithms to improve perceptions and validity. © 2024 Elsevier B.V., All rights reserved.","Algorithm Use; Decision Making; Decision-support; Human-automation Collaboration; Personnel Selection","Article","Final","All Open Access; Bronze Open Access; Green Accepted Open Access; Green Open Access","Scopus","2-s2.0-85172164765"
"W., Hong, Wonkee; T.D., Pham, Tien Dat","Hong, Wonkee (35279757900); Pham, Tien Dat (57224761725)","35279757900; 57224761725","An ANN-based Hong-Lagrange algorithm (ANN-based HLA) for auto design-based building application (ABBA) with prestressed precast piperack frame","2024","Journal of Asian Architecture and Building Engineering","23","2","","649","686","0","3","10.1080/13467581.2023.2244575","https://www.scopus.com/inward/record.uri?eid=2-s2.0-85170578815&doi=10.1080%2F13467581.2023.2244575&partnerID=40&md5=7a3746f21d75c6978e13070fa6ce0137","Building optimization using traditional approaches based on explicit objective functions is difficult because of large numbers of variables and constraints. Many studies, thus, developed derivative-free optimizations using evolutionary programming, particle swarm methods, swarm intelligence, etc. Applications of artificial neural networks (ANNs) in frame designs are not common, although ANN is an evolutionary technology in many areas. This study presents novel holistic designs and optimizations of prestressed multi-story frames in general and piperack frames in particular, using the ANN-based Hong-Lagrange Algorithm. The proposed method provides optimized designs in terms of multiple objective functions such as costs, CO2 emissions, weights, and energy consumptions. A software is developed based on MATLAB codes for generating big datasets following American standards. A big data of 120,000 samples is used to train ANNs, formulating objective and constraint functions of 38 input and 69 output parameters. Designs minimizing multiple objective functions are performed by applying sequential quadratic programming to ANN-based functions constrained by equalities and inequalities imposed by architectural and code requirements. Examples show reductions up to 31.81%, 38.63%, 5.06%, and 37.36% in costs, CO2 emissions, weights, and energy consumption, respectively, compared with the minima of those identified from 340,000 samples. © 2024 Elsevier B.V., All rights reserved.","Abba (auto Design-based Building Applications); Ann-based Hong-lagrange Algorithm; Building Frames; Data Centric Optimization; Multiple Objectives Optimization; Architectural Design; Big Data; Carbon Dioxide; Computer Programming; Energy Utilization; Evolutionary Algorithms; Lagrange Multipliers; Matlab; Quadratic Programming; Artificial Neural Network-based Hong-lagrange Algorithm; Auto Design-based Building Application; Building Applications; Building Frames; Data Centric; Data Centric Optimization; Lagrange Algorithm; Multiple-objective Optimization; Network-based; Optimisations; Neural Networks","Article","Final","All Open Access; Gold Open Access","Scopus","2-s2.0-85170578815"
"J.M., Huberman, Jenny Michelle","Huberman, Jenny Michelle (8621770700)","8621770700","Activating the senses: the aesthetics and politics of the transpecies society","2024","Senses and Society","19","2","","205","217","0","2","10.1080/17458927.2023.2225287","https://www.scopus.com/inward/record.uri?eid=2-s2.0-85162629330&doi=10.1080%2F17458927.2023.2225287&partnerID=40&md5=35d5506bfe84cb41f5ca9954d5ccf5f4","The Transpecies Society is an association of cyborg artists and activists “that gives voice to nonhuman identities; raises awareness of the challenges transpecies face; advocates for the freedom of self-design and offers the development of new senses and organs.” This article explores how members of The Transpecies Society use sensory modification as a form of artistic expression and political activism. It asks, how do transpeciests seek to “stretch the bounds of experience” by developing new senses? Precisely what kind of experiences, and what kind of “sensory orders” are they interested in creating? By using technology to transform their own sensory capacities and connect more intimately with nature, how do transpeciests challenge anthropocentric views of society, and establish recognition and rights for those “who do not identify as 100% human”? I ultimately aim to demonstrate that for transpeciests, the creation of new senses is not just an attempt to refashion the individual body and push the boundaries of aesthetic experience. It is also an attempt to transform the social and political body by making room for new forms of posthuman identity and acceptance. © 2024 Elsevier B.V., All rights reserved.","Activism; Aesthetics; Nature; New Senses; Revealed Reality; Technology; Transpecies Society","Article","Final","","Scopus","2-s2.0-85162629330"
"B., Gerisch, Benigna","Gerisch, Benigna (6602946364)","6602946364","‘You Are the Only Person Who Can Give Me Back Myself’: The Passions of Self-image and Ego Distortion-Der Liebeswunsch [The Love Wish] (D 2006)","2024","","","","","205","218","0","0","10.1007/978-3-662-68789-5_15","https://www.scopus.com/inward/record.uri?eid=2-s2.0-105003343542&doi=10.1007%2F978-3-662-68789-5_15&partnerID=40&md5=50460e46bc2ba65aca27d854dd31da7d","This paper elaborates on the stagings of the feminine in Torsten C. Fischer’s 2006 film Der Liebeswunsch, which is a novel adaptation of Dieter Wellershoff’s work of the same name. Thematically, the film revolves around the amorous entanglements of two established middle-class couples, at the end of which Anja, the youngest of the quartet, commits suicide. On the manifest level, the film reconstructs the pathologically based derailment of a young woman out of unrequited love, who first falls prey to alcohol and finally commits suicide. The article also elaborates the thesis that love’s desire stages, as it were en miniature, the existential questioning and threat scenarios of a romantic love utopia, which in essence negotiates the radicalisation of freedom, equality and recognition within the order of gender relations on the one hand and a radical splitting of sexuality and emotionality on the other in contemporary modernity. © 2025 Elsevier B.V., All rights reserved.","Desire For Love; Orders Of Love And Gender; Self-designs; Stagings Of The Feminine; Suicidality","Book chapter","Final","","Scopus","2-s2.0-105003343542"
"E.S.I., Ossiannilsson, Ebba S.I.","Ossiannilsson, Ebba S.I. (47061619800)","47061619800","Ecosystems for Online and Blended Learning to Promote Equity and Excellence","2024","","","","","17","32","0","0","10.1007/978-981-97-9388-4_2","https://www.scopus.com/inward/record.uri?eid=2-s2.0-105002506483&doi=10.1007%2F978-981-97-9388-4_2&partnerID=40&md5=d2dea50cb008fb7345cad0df19f300cb","In the changing landscape of education, ethics, well-being, accessibility, inclusion, equity, quality and lifelong learning are paramount. Leading global organizations such as UNESCO, the OECD and COL are calling for a systemic overhaul of education systems. The future of learning will be characterized by agility, flexibility and greater integration of online and blended learning modalities, which are essential for institutions striving for excellence and competitiveness. Blended learning, where mindset and pedagogy take precedence over technology, requires a redefined quality agenda. It empowers learners to take control of their educational journey, promoting autonomy and self-design. Humanizing classrooms, both physical and virtual, is essential for successful teaching and learning experiences. Today’s policy decisions shape tomorrow’s inclusive and resilient future. Effective implementation of quality measures is key and underscores the importance of a comprehensive understanding of blended learning. Adapting education to diverse interests and needs requires a robust ecosystem that promotes equity and excellence. Drawing on extensive research and previous work such as Ossiannilsson’s “Blended Learning: State of the Nation,” this chapter explains the concept of blended learning, its beneficiaries, and opportunities for adaptation. It argues for an ecosystem that promotes equity and excellence in online and blended learning. This is essential to achieve a future where high quality lifelong learning is accessible to all. © 2025 Elsevier B.V., All rights reserved.","Blended Learning; Ecosystem; Equity; Excellence; Online Learning; Personal Learning","Book chapter","Final","","Scopus","2-s2.0-105002506483"
"J.T., Suárez-Trejo, Javier Teofilo","Suárez-Trejo, Javier Teofilo (58675417700)","58675417700","School as Laboratory of Educational-Cultural Policies (on the Aesthetic Experience of Jose Antonio Encinas); La escuela como laboratorio de politicas educativo-culturales (sobre la experiencia estetica de Jose Antonio Encinas)","2023","Letras (Peru)","94","140","","47","69","0","0","10.30920/letras.94.140.4","https://www.scopus.com/inward/record.uri?eid=2-s2.0-85181941457&doi=10.30920%2Fletras.94.140.4&partnerID=40&md5=efb77a5ff5476e05a7d5e70c976142d0","Based on the analysis of the experience of José Antonio Encinas (Peru, 1888-1958) as director of School Center No. 881, this essay proposes that the aesthetic experience is a productive way to rearticulate pedagogical-humanistic reflection and the design of educational-cultural policies, whose purpose is to offer students the necessary tools for their personal self-design. The first part defines and analyzes the components of the aesthetic experience that emerge from Encinas’ pedagogical project, as a product of national and international knowledge and experiences that aim at the con-struction of a democratic society; through the aesthetic experience, pedagogical praxis would play a key role in the design of educational-cultural policies that are situated and viable from the school. The second part focuses on various experiences during Encinas’ leadership (implementation of workshops; organization of plays and newspapers; and his original interpretation of the life and work of the Peralta brothers, former students of the Cen-ter) in order to show the value of aesthetic experience for social transformation. By the end of this research, it will have been demonstrated that the aesthetic component of this pedagogy should not be identified with the institution “art”, but with an organic experience of self-design and community self-government. © 2024 Elsevier B.V., All rights reserved.","Aesthetics Experience; Cultural Policies; Educational Policies; José Antonio Encinas; Pedagogy; Puno; School","Article","Final","All Open Access; Gold Open Access","Scopus","2-s2.0-85181941457"
"H., Yu, Haiqing; M., Cao, Mengda; Y., Liu, Yajie; Y., Wang, Yu; J., Wen, Jihong","Yu, Haiqing (58631393900); Cao, Mengda (57209888966); Liu, Yajie (7410237141); Wang, Yu (58747784000); Wen, Jihong (8928892000)","58631393900; 57209888966; 7410237141; 58747784000; 8928892000","A fusion method for capacity estimation of fast-charging lithium-ion battery under varied degradation mode","2023","Journal of Energy Storage","73","","109145","","","0","4","10.1016/j.est.2023.109145","https://www.scopus.com/inward/record.uri?eid=2-s2.0-85173160080&doi=10.1016%2Fj.est.2023.109145&partnerID=40&md5=4801ee37c6d385d858e4492fb4c5ba75","Recently, lithium-ion batteries with fast-charging capability have been gradually equipped in electric products. Capacity estimation specially developed for fast-charging batteries is still an open question, and most of the existing works are proposed for batteries charged under the 1C rate. However, incorrect fast-charging strategies may result in Li plating leading to battery capacity aging rapidly and degradation mode variation. Moreover, unprecise sampling by BMS increases the difficulty of accurately estimating battery capacity in such scenarios. Thus, a fusion prognostic method based on ensemble learning is proposed for the above issues in fast-charging batteries. Firstly, measurement-based health features are extracted from the portion charging phase. Then, the accuracy of the validation dataset-based strategy is proposed to achieve time-varying weight allocation. Finally, a fusion prognostic model is constructed based on the above weight allocation strategy and health features. The effectiveness of the proposed fusion method is verified by a self-design fast-charging battery dataset that maintains stable and reliable performance under sparse sampling and degradation mode variation conditions. In addition, the robustness and adaptability are validated by the comparison experiments with traditional ensemble learning-based methods, in which accuracy is improved by 27.5% minimally. © 2023 Elsevier B.V., All rights reserved.","Capacity Estimation; Degradation Mode Variation; Ensemble Learning; Fast-charging; Lithium-ion Battery; Sparse Sampling; Battery Management Systems; Charging (batteries); Ions; Learning Systems; Lithium-ion Batteries; Battery Capacity; Capacity Estimation; Charging Strategies; Degradation Mode Variation; Ensemble Learning; Fast Charging; Fusion Methods; Measurement-based; Sparse Sampling; Weights Allocations; Compressed Sensing","Article","Final","","Scopus","2-s2.0-85173160080"
"T., Maran, Timo","Maran, Timo (26034073800)","26034073800","Umwelt Collapse: The Loss of Umwelt-Ecosystem Integration","2023","Biosemiotics","16","3","","479","487","0","11","10.1007/s12304-023-09545-8","https://www.scopus.com/inward/record.uri?eid=2-s2.0-85175308512&doi=10.1007%2Fs12304-023-09545-8&partnerID=40&md5=5e7747ea984b380f9d5b9ff0a908792e","Jakob von Uexküll’s umwelt theory opens new perspectives for understanding animal extinction. The umwelt is interpreted here as a sum of structural correspondences between an animal’s subjective experience, ecosystem, physiology, and behaviour. The global environmental crisis disturbs these meaning-connections. From the umwelt perspective, we may describe extinction as umwelt collapse: The disintegration of an animal’s umwelt resulting from the cumulative errors in semiotic processes that mediate an organism and ecosystem. The loss of umwelt-ecosystem integration disturbs “ecological memory,” which provides the ecosystem with adaptive modelling and self-design capacities. Making a distinction between core and mediated umwelts, and describing different types of umwelt collapse, are suitable methods for more detailed analysis. The concept of umwelt collapse enables the reinterpretation of extinction, from an internal perspective, as a semiotic breakdown. Such an approach may help us map scenarios of animal extinction, and may lead to successful compensation strategies in adapting to environmental change. © 2024 Elsevier B.V., All rights reserved.","Ecological Crises; Ecological Memory; Extinction; Umwelt Collapse","Article","Final","All Open Access; Green Accepted Open Access; Green Open Access; Hybrid Gold Open Access","Scopus","2-s2.0-85175308512"
"J.F., Aldana-Martín, José F.; J.J., Durillo, Juan J.; A.J., Nebro, A. J.","Aldana-Martín, José F. (57270843100); Durillo, Juan J. (19638283500); Nebro, A. J. (6508226668)","57270843100; 19638283500; 6508226668","Evolver: Meta-optimizing multi-objective metaheuristics","2023","SoftwareX","24","","101551","","","0","2","10.1016/j.softx.2023.101551","https://www.scopus.com/inward/record.uri?eid=2-s2.0-85173619509&doi=10.1016%2Fj.softx.2023.101551&partnerID=40&md5=57d2412d78ab15989690f92c4e068321","Evolver is a tool based on the formulation of the automatic configuration and design of multi-objective metaheuristics as a multi-objective optimization problem that can be solved by using the same kind of algorithms; i.e., we are applying a meta-optimization approach. Evolver provides highly configurable implementations of representative multi-objective solvers which can be automatically configured from a number of multi-objective problems used as the training set and a list of quality indicators which are the objectives to be optimized. Our tool is based on the jMetal framework, so a large number of existing algorithms can be used as meta-optimizers. A graphical user interface allows scientists to easily define auto-configuration scenarios, thus simplifying the complex process of finding high-quality algorithm settings. © 2023 Elsevier B.V., All rights reserved.","Framework; Jmetal; Metaheuristics Auto-configuration And Auto-design; Multi-objective Optimization; Evolutionary Algorithms; Graphical User Interfaces; Heuristic Algorithms; Auto-configuration; Automatic Configuration; Automatic Design; Framework; Jmetal; Metaheuristic; Metaheuristic Auto-configuration And Auto-design; Multi-objective Metaheuristics; Multi-objective Optimization Problem; Multi-objectives Optimization; Multiobjective Optimization","Article","Final","All Open Access; Gold Open Access; Green Final Open Access; Green Open Access","Scopus","2-s2.0-85173619509"
"J., Li, Jiaqi; X., Xia, Xinlin; C., Sun, Chuang; X., Chen, Xue; Q., Wang, Qinyang","Li, Jiaqi (57364633200); Xia, Xinlin (7402179370); Sun, Chuang (22941973700); Chen, Xue (57061514900); Wang, Qinyang (57687183300)","57364633200; 7402179370; 22941973700; 57061514900; 57687183300","Simultaneous measurement of normal spectral emissivity and temperature of materials with low thermal conductivity","2023","Experimental Thermal and Fluid Science","148","","110966","","","0","9","10.1016/j.expthermflusci.2023.110966","https://www.scopus.com/inward/record.uri?eid=2-s2.0-85161473034&doi=10.1016%2Fj.expthermflusci.2023.110966&partnerID=40&md5=64ddff3b22056b7ea431704bf9dd79eb","This study develops a measurement system and a method for measuring the normal spectral emissivity and temperature of low thermal conductivity materials at high temperatures. A self-design heating device using a synergistic heating treatment including a high-power laser and a radiation heating cavity is introduced, and a Fourier transform infrared spectrometer is utilized to measure the radiation signal of sample. Based on the temperature hypothesis model, which considers normal spectral emissivity keeps constant within small temperature difference less than 10.0 K, a method is proposed for realizing the inversion of normal spectral emissivity and temperature with the multispectral radiation signal. A genetic algorithm-based technique with big mutations is used to estimate the normal spectral emissivity and temperature of sample at high temperatures. The variation of blackbody radiation signals with the blackbody radiance is analyzed to verify the linearity for the detector of FTIR spectrometer. The apparent normal spectral emissivity of an alumina ceramic fiber is determined in the spectral range of 2.5–25.0 μm at 673–1273 K. Furthermore, the uniformity of temperature distribution on the sample surface and inside the sample is numerically evaluated. The standard uncertainty in the experiment at 1273 K is less than 4.0 % in the investigated bands. © 2023 Elsevier B.V., All rights reserved.","Experimental Measurement; High Temperatures; Low Thermal Conductivity Materials; Normal Spectral Emissivity; Alumina; Aluminum Oxide; Electromagnetic Wave Emission; Genetic Algorithms; High Power Lasers; Spectrometers; Thermal Conductivity; Experimental Measurement; Highest Temperature; Low Thermal Conductivity; Low Thermal Conductivity Material; Measurement System; Measurements Of; Normal Spectral Emissivities; Radiation Signals; Self-design; Simultaneous Measurement; Fourier Transform Infrared Spectroscopy","Article","Final","","Scopus","2-s2.0-85161473034"
"J., Wang, Jianjun; J., Huang, Jin; X., Chuqing, Xiong; G., Hongxiao, Gong; L., ChaoYu, Liang; Z., Qiang, Zhang; Z., Jie, Zhang; Z., Pengbing, Zhao; Y., Yupeng, Yang; Z., Jinzhu, Zhou","Wang, Jianjun (57196470912); Huang, Jin (56293347400); Chuqing, Xiong (58541104200); Hongxiao, Gong (58541104300); ChaoYu, Liang (58541270200); Qiang, Zhang (58541187800); Jie, Zhang (57203816931); Pengbing, Zhao (56179216000); Yupeng, Yang (58541270400); Jinzhu, Zhou (57196745621)","57196470912; 56293347400; 58541104200; 58541104300; 58541270200; 58541187800; 57203816931; 56179216000; 58541270400; 57196745621","Actuation waveform auto-design of drop-on-demand inkjet for ejection droplet without satellite","2023","Journal of Manufacturing Processes","102","","","910","920","0","11","10.1016/j.jmapro.2023.08.021","https://www.scopus.com/inward/record.uri?eid=2-s2.0-85168307226&doi=10.1016%2Fj.jmapro.2023.08.021&partnerID=40&md5=95f2fbb11e3ec8b2cb1567d92b457682","Designing the actuation waveform is a key step for the piezoelectric inkjet printing technology, which controls the deposition quality of the material. However, the current design of actuation waveforms remains laborious and reliant on repetitive experimentation, resulting in a suboptimal match between the actuation waveform and ink properties, which may cause material deposition defects such as satellite. In this study, the influences of the ink physical properties, nozzle diameter, and ejection behavior on the kinetics of droplet formation were investigated. Further, the transition boundaries of three droplet formation modes for different types of inks, namely, no droplet, single droplet, and satellite droplet, were determined. An actuating waveform auto-design method for creating a single droplet without satellite was constructed based on the physical properties of the ink, which can easily achieve the formation and volume control of a single droplet. The efficacy of the method was validated through monitoring the droplet forming processes of four standard reagents. Moreover, the printing of an interdigitated electrode and micro-patterns was precisely controlled under well-formed droplets. This study could facilitate a comprehensive understanding of droplet formation dynamics, enabling the rapid creation of actuation waveforms for high-quality deposition of functional inks and enhancing the performance of piezoelectric inkjet-based fabrication equipment. © 2023 Elsevier B.V., All rights reserved.","Actuation Waveform; Auto-design; Inkjet Printing; Satellite Droplets; Design; Ink; Ink Jet Printing; Piezoelectricity; Quality Control; Satellites; Spray Nozzles; Actuation Waveform; Auto-design; Drop-on-demand; Droplet Formation; Ink Jet; Ink-jet Printing; Ink-jet Printing Technologies; Piezoelectric Inkjet Printings; Satellite Droplets; Single Droplet; Deposition","Article","Final","","Scopus","2-s2.0-85168307226"
"A., Bukhatir, Aisha; M.A., Al-Hawari, Mohd Ahmad; S.A., Aderibigbe, Semiyu Adejare; M.T., Omar, Maher T.; E., Alotaibi, Emran","Bukhatir, Aisha (57217634080); Al-Hawari, Mohd Ahmad (35329281900); Aderibigbe, Semiyu Adejare (55603600400); Omar, Maher T. (7102131227); Alotaibi, Emran (57215722784)","57217634080; 35329281900; 55603600400; 7102131227; 57215722784","Improving student retention in higher education institutions – Exploring the factors influencing employees extra-role behavior","2023","Journal of Open Innovation: Technology, Market, and Complexity","9","3","100128","","","0","10","10.1016/j.joitmc.2023.100128","https://www.scopus.com/inward/record.uri?eid=2-s2.0-85171321580&doi=10.1016%2Fj.joitmc.2023.100128&partnerID=40&md5=7922fe76a658f0a1afb29f7f4948ba29","This study explores the impact of internal service quality on employee job satisfaction (JOS) and the extra role behaviors (ERB) of frontline employees (FLE) in higher education institutions (HEIs). With the hope of improving student retention, the study specifically examined how Human Resources Management Practices (HRMP), Empathetic Leadership (EML), Colleague Support (CS), and Service Technology (ST) indirectly influence FLE ERB, as well as the contextual factor of employee Job satisfaction (JOS) that affects the strength of this relationship. Drawing on social exchange theory and equity theory, the authors propose that HRMP, EML, CS, and ST have positive effects on JOS, and JOS has positive impacts on FLE ERB. The research was conducted drawing on a sample of 251 frontline employees and 251 students using the dyadic research design and self-design questionnaires as the main instrument within one HEI in the United Arab Emirates (UAE). Structural Equation Modeling (SEM) was employed utilizing SmartPLS software to perform bootstrapping routines and generate the SEM to explore the relationships between different variables. The results were analyzed using measures of internal consistency, validity, and goodness of fit. The study's findings support the proposed hypotheses except for the positive influence of job satisfaction on FLE ERB. The study highlights the mechanisms through which internal service quality can impact FLE ERB and identifies the factors that enhance this process. The results revealed that HRMP, CS, and EML have a significant positive impact on JOS, and ST has a significant positive effect on ERB. However, JOS has a significant negative impact on ERB. The study has practical implications for understanding how to promote ERB among FLE in HEIs to improve the quality of service provided to students, which can help to sustain student loyalty and retention. © 2023 Elsevier B.V., All rights reserved.","Colleague Support; Empathetic Leadership; Human Resources Management Practices; Job Satisfaction And Extra-role Behavior; Service Technology","Article","Final","All Open Access; Gold Open Access","Scopus","2-s2.0-85171321580"
"Y., Liu, Yaxi","Liu, Yaxi (58025251300)","58025251300","Wild Design in China's Lifestyle Magazines (1978-1992)","2023","Journal of Design History","36","3","","288","305","0","1","10.1093/jdh/epad014","https://www.scopus.com/inward/record.uri?eid=2-s2.0-85170075661&doi=10.1093%2Fjdh%2Fepad014&partnerID=40&md5=5e53c07383cd0835e77839e91b8487f4","""Wild design""refers to do-it-yourself (DIY) and makeshift solutions between 1978 and 1992 during the People's Republic of China's (PRC) early reform period. For self-design and making activities, the lifestyle magazine was a channel to access and circulate self-help manuals and DIY prescriptions. Investigating two lifestyle magazines - Culture and Life (wenhua yu shenghuo) and Beyond Eight Hours (baxiaoshi yiwai), this study examines advice and self-help manuals, and analyses the scope and value of wild design in creating a new perception of modern life. Unveiling the conditions within which people were making, and the processes and ideals of making that were prevalent in the PRC's early reform period, wild design broke down the binary tensions between the real and ideal, native and foreign, old and new, and the vernacular and the modern. The vernacular modernism demonstrated a desire to extract the maximum value out of objects, a love of the ""new,""and suggested a set of pragmatic approaches to obtain that ""new."" © 2023 Elsevier B.V., All rights reserved.","China; Do-it-yourself; Everyday Life; Magazines; Modernization","Article","Final","All Open Access; Hybrid Gold Open Access","Scopus","2-s2.0-85170075661"
"L., Qi, Lun; Z., Xiang, Zhengjie; X., Weng, Xiaolong; Y., Wang, Yaqin; X., Wu, Xueyu; L., Yuan, Le","Qi, Lun (57203403280); Xiang, Zhengjie (58417753600); Weng, Xiaolong (15133595600); Wang, Yaqin (56193376400); Wu, Xueyu (57198468700); Yuan, Le (55432861900)","57203403280; 58417753600; 15133595600; 56193376400; 57198468700; 55432861900","Effect of high-temperature compositional and structural evolution of the polysiloxane coating with glass/Al powder on the infrared and mechanical properties","2023","Polymer Degradation and Stability","215","","110461","","","0","3","10.1016/j.polymdegradstab.2023.110461","https://www.scopus.com/inward/record.uri?eid=2-s2.0-85163820452&doi=10.1016%2Fj.polymdegradstab.2023.110461&partnerID=40&md5=6b019f26ce71cd57ba5d7fde11c4759b","A low infrared emissivity coating was prepared by using Al powder as an infrared functional pigment, and polysiloxane and glass powder as organic and inorganic binders, respectively. Thermogravimetric analysis, fourier transform infrared spectrometer, thermo-mechanical analyzer, and field emission scanning electron microscope were used to examine the coatings compositional and structural evolution at high-temperature. The infrared emissivity of the coating at high temperature was investigated in detail, which based on the evolution mechanism. Additionally, the effects mechanism of composition changes at high-temperature on the mechanical behavior of the coating was systematically studied, and the wind erosion resistance temperature was measured by self-design instrument. The result shows that the infrared emissivity of coating was low to 0.28 (within 7.5 − 14 μm) at 590 °C, owing to the polysiloxane decomposition, regular arrangement of surface Al powder. Moreover, the thermal pre-treatment could be reduced the shrinkage stress mainly results from the polysiloxane decomposition and glass powder melted within 400−520 °C, and the wind erosion resistance temperature was enhanced obviously after pre-treatment at 500−600 °C. The coating has potential applications in heat-resistance equipment, surface energy saving technology, or spacecraft infrared stealth owing to the excellent high-temperature infrared radiation suppression, thermal protection and wind erosion resistance property. © 2023 Elsevier B.V., All rights reserved.","High-temperature; Infrared Emissivity; Polysiloxane Coating; Wind Erosion; Binders; Energy Conservation; Erosion; Fourier Transform Infrared Spectroscopy; Glass; Heat Resistance; High Temperature Applications; Scanning Electron Microscopy; Silicones; Thermogravimetric Analysis; Al Powder; Compositional And Structural Evolution; Erosion Resistance; Functional Pigments; Glass Powder; Highest Temperature; Infrared Emissivity; Polysiloxane Coatings; Resistance Temperature; Wind Erosions; Infrared Radiation","Article","Final","","Scopus","2-s2.0-85163820452"
"H., Su, Hongying; Y., Gao, Yifei; Y., Lu, Yanpeng; Z., Hu, Zhiping; R., Liu, Rendong; L., Li, Lin; X., Xin, Xu; D., Lv, Dong; X., Lu, Xiaofeng; Z., Cao, Zheng","Su, Hongying (57204320174); Gao, Yifei (57044955800); Lu, Yanpeng (58033646700); Hu, Zhiping (56149254400); Liu, Rendong (7404550536); Li, Lin (56202671400); Xin, Xu (57387811900); Lv, Dong (57205777459); Lu, Xiaofeng (58258649100); Cao, Zheng (58034660000)","57204320174; 57044955800; 58033646700; 56149254400; 7404550536; 56202671400; 57387811900; 57205777459; 58258649100; 58034660000","A Fatigue Method in the Tension-Compression Axial Stress Control Test of Automotive Sheet Steel","2023","Journal of Testing and Evaluation","51","6","","","","0","2","10.1520/JTE20220576","https://www.scopus.com/inward/record.uri?eid=2-s2.0-85150624125&doi=10.1520%2FJTE20220576&partnerID=40&md5=07de76b4c63c59a928907de7d4b20013","Focused on the common problem of easy buckling of specimens in the tension-compression axial stress control fatigue test of automobile sheet steel, a stress fatigue test method for thickness less than 2.5 mm was proposed. For two kinds of automobile sheet materials with different strength levels and thicknesses, fatigue specimens with different widths of test section, parallel lengths, and fillet radii are designed. Without the anti-buckling device, high-cycle fatigue tests with a stress ratio R<inf>s</inf> = −1 at different stress levels were carried out, and the shape and size of the fatigue specimens of automobile sheet materials were determined by the number of fatigue life cycles of specimens with different sizes under the same stress cycle form. The results show that for automobile sheet steel with a thickness of 1.0–2.5 mm, the recommended sizes of the uniform-gauge fatigue specimens are width of test section w = (1–3) t, parallel length L<inf>p</inf> = (1–3) w, and fillet radius r = (3–10) t. For automobile sheet steel with a thickness less than 1 mm, because the time-displacement curve jitters during the test, it is recommended to install an anti-buckling device, specifically the anti-buckling device with mortise and tenon structure by self-design and with a flattop structure recommended by ISO 1099-2017, Metallic Materials—Fatigue Testing—Axial Force-Controlled Method. © 2023 Elsevier B.V., All rights reserved.","Anti-buckling Device; Automobile Sheet Steel; Fatigue Specimen; Mortise; Parallel Length; Tenon Structure; Tensile-compression Stress Fatigue Test; Width Of Test Section; Automobiles; Fatigue Testing; Life Cycle; Low-cycle Fatigue; Steel Testing; Anti-buckling Device; Automobile Sheet Steel; Automobile Sheets; Compression Stress; Fatigue Specimen; Mortise; Parallel Length; Sheet Steel; Tenon Structure; Tensile-compression Stress Fatigue Test; Test Sections; Width Of Test Section; Buckling","Article","Final","","Scopus","2-s2.0-85150624125"
"A., Ebrahimi, Alireza","Ebrahimi, Alireza (24293415600)","24293415600","Self-Directed and Self-Designed Learning: Integrating Imperative Topics in the Case of COVID-19","2023","Technologies","11","4","85","","","0","2","10.3390/technologies11040085","https://www.scopus.com/inward/record.uri?eid=2-s2.0-85169065873&doi=10.3390%2Ftechnologies11040085&partnerID=40&md5=c8c440d2f7e5b2fc05df4e350c467bd0","Self-directed learning and self-design became unexpectedly popular and common during the COVID-19 era. Learners are encouraged to take charge of their learning and, often the opportunity to independently design their learning experience. This research illustrates the use of technology in teaching and learning technology with a central theme of promoting self-directed learning with engaging self-design for both educators and learners. The technology used includes existing tools such as web page design, Learning Management Systems (LMS), project management tools, and basic programming foundations and concepts of big data and databases. In addition, end-users and developers can create their own tools with simple coding. Planning techniques, such as Visual Plan Construct Language with its embedded AI, are used to integrate course material and rubrics with time management. Educators may use project management tools instead. The research proposes a self-directed paradigm with self-designed resources using the existing technology with LMS modules, discussions, and self-tests. The research establishes its criteria for ensuring the quality of content and design, known as 7x2C. Additionally, other criteria for analysis, such as Design Thinking, are included. The approach is examined for a technology-based business course in creating an experiential learning system for COVID-19 awareness. Likewise, among other projects, an environment for educating learners about diabetes and obesity has been designed. The project is known as Sunchoke, which has a theme of Grow, Eat, and Heal. Educators can use their own content and rubrics to adapt this approach to their own customized teaching methods. © 2023 Elsevier B.V., All rights reserved.","Covid-19; Design Thinking; Pedagogy; Plan-oriented; Self-awareness System; Self-directed Design; Self-directed Learning; Web Evaluation Criteria","Article","Final","All Open Access; Gold Open Access; Green Accepted Open Access; Green Open Access","Scopus","2-s2.0-85169065873"
"Z.J., Gu, Zheyin Jane; G.K., Tayi, Giri Kumar","Gu, Zheyin Jane (55743856100); Tayi, Giri Kumar (35579033800)","55743856100; 35579033800","Consumer self-design and brand competition","2023","Production and Operations Management","32","8","","2420","2437","0","9","10.1111/poms.13983","https://www.scopus.com/inward/record.uri?eid=2-s2.0-85158055581&doi=10.1111%2Fpoms.13983&partnerID=40&md5=03464d357fcac29b5576ac2db5b7f6ab","We examine competing brands' incentive to offer a self-designable package that consumers can modify to ensure fit, in addition to offering a standard, pre-configured product. While “amateurs” with low self-design capability prefer a standard, pre-configured product and can have strong preference for a particular brand, “experts” with high self-design capability prefer a self-designable package and tend to be indifferent between competing brands. First, we find that asymmetric equilibrium can arise where only one brand offers a self-designable package and the other brand offers a standard product only. That is, brands can avoid the lose–lose situation, where both offer the self-designable package but intensified price competition makes both lose profit. This lose–lose situation can be completely avoided when the two brands offer self-designable packages that are completely nondifferentiated, but may arise in equilibrium and cause the “prisoner's dilemma” when the packages are slightly differentiated. Second, we show that between two competing brands whose standard products have different attractions, the less powerful brand that offers the less attractive standard product is more likely to be the only provider of the self-designable package. Finally, we find that consumer surplus can be greater when the more powerful brand is the only provider of the self-designable package than when the less powerful brand is the only provider. © 2023 Elsevier B.V., All rights reserved.","Brand Competition; Brand Power; Consumer Self-design; Customization","Article","Final","","Scopus","2-s2.0-85158055581"
"T., Liu, Tiantian; F., Lin, Feng","Liu, Tiantian (57316498800); Lin, Feng (57188551353)","57316498800; 57188551353","Exploiting a Benign Loudspeaker as Magnetic Backdoor for Practical Injection Attacks","2023","","","","","145","147","0","0","10.1145/3603165.3607443","https://www.scopus.com/inward/record.uri?eid=2-s2.0-85174250685&doi=10.1145%2F3603165.3607443&partnerID=40&md5=177fbe94bd37abd8efb3dacf37bc627a","The critical hardware platform for voice-controlled devices is an audio system that consists of loudspeakers and microphones. This paper presents MagBackdoor, the first magnetic threat that injects malicious commands via a loudspeaker-based backdoor to audio systems, thereby compromising the linked voice interaction systems. Aiming at stealthy magnetic attacks in real-world scenarios, we self-design a MagBackdoor prototype that can emit magnetic fields modulated by voice commands. It achieves an average 95% injection success rate with high-quality injected acoustic signals across a wide range of smart devices. © 2023 Elsevier B.V., All rights reserved.","Loudspeakers; Backdoors; Hardware Platform; High Quality; Interaction Systems; Magnetic-field; Real-world Scenario; Self-design; Voice Command; Voice Interaction; Voice-controlled; Audio Systems","Conference paper","Final","","Scopus","2-s2.0-85174250685"
"C., Grosso, Chiara","Grosso, Chiara (56432555800)","56432555800","Enhancing users' digital social interactions while shopping via online sales configurators","2023","","","","","211","238","0","0","10.1007/978-3-031-09782-9_8","https://www.scopus.com/inward/record.uri?eid=2-s2.0-85193858876&doi=10.1007%2F978-3-031-09782-9_8&partnerID=40&md5=c8855c943063d0a1e41869c376707959","The increasing innovation of interactive features enabled by Web technologies allows users of online platforms to carry out professional and personal activities with ever-increasing levels of digital social interaction. While Web users are familiar with the constant evolution of digital technologies, in contrast, companies with online platforms, including e-commerce, seem to lag behind compared to the increasing pace of digital evolution. The different speed of adaptability to digital evolution can engender a gap between customers' requirements, in terms of user experience via online platforms, and companies' ability to satisfy them properly. To avoid the risk of a growing gap with their customers (actual or potential), companies face at least the following two challenges. First, to speed up their abilities to adapt to Web-technology innovations, and second, to redesign their online platforms to deliver engaging user/customer experience enhanced with ever-increasing social interactive features. The present study seeks to further the debate on customer engagement in the online Mass Customization process by focusing on users' experience via online sales configurators (OSCs) as Web-based software applications that support potential customers in purchasing self-design products. The aim of the present study is to design a representation of a Web-based feature to give users of OSCs the power to share their shopping experience with whom they prefer to invite during the journey of product personalization. The proposed feature aims at engaging potential customers by reproducing social interactions and recommendations that characterize shopping in retail with friends. To this end, the feature would enable OSC users in selecting who to invite to collect highly trustworthy social recommendations in addition to those provided by the system to support their decision-making. The bases of the feature are the likelihood that providing users with the opportunity to select one or more trustworthy shopping advisors while the product configuration is ongoing would simplify their purchase decision-making while making the product self-design highly engaging. Furthermore, on customers' perspective, the feature may engage OSCs users in a personalization process not limited to the final product but extended to the overall shopping experience. © 2024 Elsevier B.V., All rights reserved.","","Book chapter","Final","","Scopus","2-s2.0-85193858876"
"M., Kudla, Michael; F., Bachand, FranÃ§ois; J., Moore, Jocelyn; D.L., Batchelar, Deidre L.","Kudla, Michael (58241591200); Bachand, FranÃ§ois (55863111400); Moore, Jocelyn (57212008952); Batchelar, Deidre L. (6602906226)","58241591200; 55863111400; 57212008952; 6602906226","Patient-specific cylinder templates for hybrid interstitial vaginal brachytherapy: Feasibility of automated 3-D design, 3D printing, and dosimetric outlook","2023","Brachytherapy","22","4","","468","476","0","12","10.1016/j.brachy.2023.03.002","https://www.scopus.com/inward/record.uri?eid=2-s2.0-85158834412&doi=10.1016%2Fj.brachy.2023.03.002&partnerID=40&md5=4b08264cf16c9b54688bb89d417872a3","PURPOSE: Delivering highly conformal treatment plans for high-dose rate vaginal brachytherapy using commercially available applicators can be challenging. A partially automated workflow is presented for the in-house modeling and 3D printing of patient-specific cylindrical templates (PSCTs), which facilitate placement of flexible intracavitary and interstitial needles. To demonstrate feasibility, we compare PSCT treatment plans to retrospective interstitial brachytherapy plans delivered at our center. PSCTs derived from these plans were 3D printed to test the validity of the auto-design process. To facilitate clinical implementation, we validated the steam sterilization compatibility of PSCTs printed using polyetheretherketone (PEEK). METHODS AND MATERIALS: Plans for ten patients treated using a combination of vaginal cylinder and interstitial needles were compared to PSCT-based plans created for the same patient. DVH parameters for the HRCTV (V100, V150, V200, D90) and OARs (D2 cm3) were evaluated, as well as the number of needles used and the total interstitial length. Each planned PSCT was printed and compared to the intended needle geometry. 3D printed models were sterilization validated by an independent contractor for an autoclave protocol. RESULTS: PSCT plans demonstrated advantages over template based perineal BT in reducing the total interstitial needle length required while preserving or improving HRCTV and OAR dosimetry. All printed PSCTs matched planned geometry. CONCLUSIONS: PSCTs stand to be an alternative to current HDR-BT templates/applicators for patients with vaginal and locally recurrent endometrial cancers. Clinically equivalent or improved treatment plans can be created and devices to deliver these plans can be accurately printed and sterilized. © 2023 Elsevier B.V., All rights reserved.","3d Printed Applicators; 3d Printing; Brachytherapy; Cancer; High-dose Rate; Hybrid Brachytherapy; Individualized; Interstitial; Intracavitary; Patient Specific; Recurrent Endometrial; Vaginal Brachytherapy; Polyetheretherketone; Brachyvision; Gammamed Plus; Polyetheretherketone; Adult; Article; Cancer Patient; Cancer Recurrence; Clinical Article; Clinical Practice; Controlled Study; Dosimetry; Dwell Time; Endometrium Cancer; External Beam Radiotherapy; Feasibility Study; Female; Female Genital Tract Cancer; Geobacillus Stearothermophilus; Human; Instrument Sterilization; Nuclear Magnetic Resonance Imaging; Organs At Risk; Perineum; Prescription; Quality Control; Radiation; Reproducibility; Squamous Cell Carcinoma; Steam Sterilization; Three Dimensional Printing; Treatment Planning; Vagina; Vagina Cancer; Vagina Tumor; Vaginal Adenocarcinoma; Vaginal Brachytherapy; Workflow; Brachytherapy; Etiology; Procedures; Radiotherapy Dosage; Retrospective Study; Tumor Recurrence; Brachytherapy; Feasibility Studies; Female; Humans; Neoplasm Recurrence, Local; Printing, Three-dimensional; Radiotherapy Dosage; Radiotherapy Planning, Computer-assisted; Retrospective Studies","Article","Final","","Scopus","2-s2.0-85158834412"
"H., Chen, Hanxiao","Chen, Hanxiao (57219524084)","57219524084","SkateboardAI: The Coolest Video Action Recognition for Skateboarding","2023","","37","","","16184","16185","0","2","10.1609/aaai.v37i13.26952","https://www.scopus.com/inward/record.uri?eid=2-s2.0-85168245867&doi=10.1609%2Faaai.v37i13.26952&partnerID=40&md5=451aaeedd356cdd57ad5e82241be6fdc","Impressed by the coolest skateboarding sports program from 2021 Tokyo Olympic Games, we are the first to curate the original real-world video datasets “SkateboardAI” in the wild, even self-design and implement diverse uni-modal and multi-modal video action recognition approaches to recognize different tricks accurately. For uni-modal methods, we separately apply (1) CNN and LSTM; (2) CNN and BiLSTM; (3) CNN and BiLSTM with effective attention mechanisms; (4) Transformer-based action recognition pipeline. Transferred to the multi-modal conditions, we investigated the two-stream Inflated-3D architecture on “SkateboardAI” datasets to compare its performance with uni-modal cases. In sum, our objective is developing an excellent AI sport referee for the coolest skateboarding competitions. © 2025 Elsevier B.V., All rights reserved.","Long Short-term Memory; Action Recognition; Attention Mechanisms; Design And Implements; Modal Method; Multi-modal; Olympic Games; Real World Videos; S-port Projects; Self-design; Video Dataset; Sports","Conference paper","Final","All Open Access; Gold Open Access","Scopus","2-s2.0-85168245867"
"S., Chou, Shihyung; K., Barron, Katelin; C., Ramser, Charles","Chou, Shihyung (55846465700); Barron, Katelin (57192097971); Ramser, Charles (57205259593)","55846465700; 57192097971; 57205259593","Categorizing you and me: toward a typology of prejudice and justice in the organization","2023","International Journal of Organization Theory and Behavior","26","1-2","","98","114","0","0","10.1108/IJOTB-04-2022-0066","https://www.scopus.com/inward/record.uri?eid=2-s2.0-85146352118&doi=10.1108%2FIJOTB-04-2022-0066&partnerID=40&md5=a7699b8091c797dd532493e2551de6a1","Purpose: Due to the dominant use of the singular view of the self-categorization process in the literature, this article seeks to develop a typology, from a dyadic categorization perspective, that describes different types of prejudice and justice in the organization based on one's self-categorization and others' categorization of one's self. Design/methodology/approach: The authors develop a typology by drawing upon social identity, self-categorization and self-consistency theories. Findings: The authors propose the following findings. First, the more an individual self-categorizes as an in-group member regardless of how others categorize the individual, the more likely the individual experiences a particular form of justice. Second, the more an individual self-categorizes as an out-group member regardless of how others categorize the individual, the more likely the individual experiences a particular form of prejudice. Finally, based on the dyadic categorization approach, the authors propose four distinct types of prejudice and justice: communal prejudice, self-induced prejudice, fantasized justice and actualized justice. Originality/value: The authors advance the literature by providing a dyadic categorization view that helps describe employees' experience of prejudice or justice in the organization. Additionally, this article offers some managerial recommendations that help managers actualize true justice in the organization. © 2023 Elsevier B.V., All rights reserved.","Categorization Of Others; Categorization Of Self; Justice; Prejudice","Article","Final","","Scopus","2-s2.0-85146352118"
"M.B., Nadaf, Maheboobsab B.; A., Patil, Abhijeet; R.A., Chougale, Rais A.; B.V., Mane, Bajirao V.; R.R., Kurlapkar, Rohit Rajendra","Nadaf, Maheboobsab B. (57190231808); Patil, Abhijeet (58282482400); Chougale, Rais A. (58290089100); Mane, Bajirao V. (58196705000); Kurlapkar, Rohit Rajendra (58290661900)","57190231808; 58282482400; 58290089100; 58196705000; 58290661900","Model studies on soft rock using socketed pile","2023","AIP Conference Proceedings","2716","","040004","","","0","0","10.1063/5.0129846","https://www.scopus.com/inward/record.uri?eid=2-s2.0-85160362198&doi=10.1063%2F5.0129846&partnerID=40&md5=996ace5be5677b057c06701d9d754be4","Socketed Piles were used to study the behavior of soft rocks through laboratory model tank studies. During the past three decades' in many projects like Mumbai metro, skyscrapers, bridges, and other structures, foundation pile system have been employed by the city of Mumbai not because of the fragility of the rock layers, but because of space and time constraints. Pile foundations transmit loads from the superstructure to the rock layers at the pile ends due to skin friction and resistance. The goal of this present research is to find out how socketed piles behave in soft ground. Using the self-design test apparatus, a number of rock socketed model pile load tests were performed. To model steel piles of various lengths, pile load test experiments were performed to practically describe the process of transferring loads through skin friction. The analyzed results showed that the capacity of drilled pile increases with increasing socketed depth. In soft rock, an attempt was made to calculate the optimum depth of a socketed pile. © 2023 Elsevier B.V., All rights reserved.","Load; Model Tank; Pile Foundation; Settlements; Socketed Pile; Soft Rock","Conference paper","Final","","Scopus","2-s2.0-85160362198"
"Z., Liu, Zhengchang; Z., Dang, Zhibo; Z., Liu, Zhixin; Y., Li, Yu; X., He, Xiao; Y., Dai, Yuchen; Y., Chen, Yuxiang; P., Peng, Pu; Z., Fang, Zheyu","Liu, Zhengchang (57573094200); Dang, Zhibo (57217825496); Liu, Zhixin (57205359708); Li, Yu (56512487700); He, Xiao (57435438200); Dai, Yuchen (57245638000); Chen, Yuxiang (57573859400); Peng, Pu (57573859300); Fang, Zheyu (8684282600)","57573094200; 57217825496; 57205359708; 56512487700; 57435438200; 57245638000; 57573859400; 57573859300; 8684282600","Self-design of arbitrary polarization-control waveplates via deep neural networks","2023","Photonics Research","11","5","","695","711","0","13","10.1364/PRJ.480845","https://www.scopus.com/inward/record.uri?eid=2-s2.0-85162861379&doi=10.1364%2FPRJ.480845&partnerID=40&md5=4eea610373cde535266f235fd05a798f","The manipulation of polarization states beyond the optical limit presents advantages in various applications. Considerable progress has been made in the design of meta-waveplates for on-demand polarization transformation, realized by numerical simulations and parameter sweep methodologies. However, due to the limited freedom in these classical strategies, particular challenges arise from the emerging requirement for multiplex optical devices and multidimensional manipulation of light, which urge for a large number of different nanostructures with great polarization control capability. Here, we demonstrate a set of self-designed arbitrary wave plates with a high polarization conversion efficiency. We combine Bayesian optimization and deep neural networks to design perfect half- and quarter-waveplates based on metallic nanostructures, which experimentally demonstrate excellent polarization control functionalities with the conversion ratios of 85% and 90%. More broadly, we develop a comprehensive wave plate database consisting of various metallic nanostructures with high polarization conversion efficiency, accompanying a flexible tuning of phase shifts (0–2π) and group delays (0–10 fs), and construct an achromatic metalens based on this database. Owing to the versatility and excellent performance, our self-designed wave plates can promote the performance of multiplexed broadband metasurfaces and find potential applications in compact optical devices and polarization division multiplexing optical communications. © 2023 Elsevier B.V., All rights reserved.","Bayesian Networks; Deep Neural Networks; Group Delay; Light Polarization; Nanostructures; Optical Communication; Optical Devices; Arbitrary Polarization; Metallic Nanostructure; On Demands; Optical Limits; Performance; Polarization Control; Polarization Conversion; Polarization State; Self-design; Waveplates; Conversion Efficiency","Article","Final","","Scopus","2-s2.0-85162861379"
"K., Kang, Kai; B.Q., Tan, Bing Qing; R.R., Zhong, Ray Runyang","Kang, Kai (57188832378); Tan, Bing Qing (57193424524); Zhong, Ray Runyang (55353690000)","57188832378; 57193424524; 55353690000","Cloud-based 3D printing service allocation models for mass customization","2023","International Journal of Advanced Manufacturing Technology","126","5-6","","2129","2145","0","15","10.1007/s00170-023-11221-7","https://www.scopus.com/inward/record.uri?eid=2-s2.0-85150266165&doi=10.1007%2Fs00170-023-11221-7&partnerID=40&md5=1cc54bcebc258bcb7cb718e74d1d0ba5","Due to easy access, faster production, and on-demand printing, the applications of 3D printing are proliferating and reaching the mass customization level where individuals can print their self-design products. Many service providers emerge and supply 3D printers to allow mass customization within their specific service areas. Along with the technological advancement, these distributed 3D printers can be integrated and shared via a cloud-based platform for the manufacture of customized products in a dynamic and cost-effective environment. However, the 3D printing service allocation is a key challenge for the platform, especially when customers have specific time requirements for production. This paper investigates a 3D printing service allocation problem with optimization-based and real-time allocation strategies. The workflow of 3D printing service allocation is first analyzed in a cloud-based platform. Subsequently, a binary integer linear programming model is developed to allocate the 3D printing services to tasks given global demand information. A real-time allocation model is then developed on a first-come-first-serve basis to match 3D printing services with tasks. The objective is to maximize the net revenue of the platform. Numerical studies are conducted to compare the performance of two proposed models. The results show that the optimization model can increase the profit by approximately 100% on average, which implies the optimization-based strategy is superior to the real-time strategy in a metropolitan city; and because of the penalty mechanism, the acceptance rate can be increased by 5%. The results also show that the operators can find the optimal ratio of supply and demand to maximize the net revenue of the platform through historical data. © 2023 Elsevier B.V., All rights reserved.","3d Printing; Allocation Model; Binary Integer Linear Programming (bilp); First-come-first-serve; Mass Customization; Computer Aided Manufacturing; Cost Effectiveness; Integer Programming; Printing Presses; Product Design; 3-d Printing; 3d-printing; Allocation Model; Binary Integer Linear Programming; Binary Integers; First Come First Serves; Integer Linear Programming; Mass Customization; Printing Services; Service Allocations; 3d Printing","Article","Final","","Scopus","2-s2.0-85150266165"
"J., Wales, Jill; G.A., Cook, Glenda Anne; C.C., Bailey, Cathy C.","Wales, Jill (57897144400); Cook, Glenda Anne (7401954651); Bailey, Cathy C. (7402065197)","57897144400; 7401954651; 7402065197","Connecting and reconnecting: a phenomenological study of the meanings extra care tenants attribute to using the internet for social contact","2023","Housing, Care and Support","26","1","","18","28","0","0","10.1108/HCS-01-2022-0001","https://www.scopus.com/inward/record.uri?eid=2-s2.0-85149712281&doi=10.1108%2FHCS-01-2022-0001&partnerID=40&md5=a10e5250452065dc489b0f2a1fb6410e","Purpose: This paper aims to explore the perceptions and experiences of a group of extra care tenants, who, as novice internet users, began to maintain their social relationships online. Housing transitions in later life may jeopardise existing social relationships, leading to loneliness and social isolation. More recently, Covid-19 restrictions have limited familial face-to-face contact and wider social interactions. Thus, extra care tenants, who are not already online, may benefit from acquiring internet skills. This paper aims to enhance understanding of the participants’ transition from novices to experienced internet users and the impact on their social relationships and sense of self. Design/methodology/approach: A longitudinal, hermeneutic phenomenological study was conducted over eight months in two extra care housing schemes in north east England. Ten participants (56–98 years) with age-related physical, sensory and cognitive losses were recruited to the study. A series of semi-structured interviews and participant diaries captured the participants’ experience as they developed internet skills and communicated online. Findings: All participants, including a blind individual, learnt to communicate online. Personalised adaptive strategies, peer support, training and management involvement facilitated internet uptake. Participants felt their social relationships were supported, and they regained biographical continuity, through being and feeling they belonged in the modern digital world. Originality/value: The online experiences of extra care tenants are rarely voiced. Their perceptions may assist others to engage online, maintaining social connections, which could otherwise be lost. © 2023 Elsevier B.V., All rights reserved.","Digital Skills; Extra Care Housing; Internet; Older Adults; Online Communications; Social Relationships","Article","Final","","Scopus","2-s2.0-85149712281"
"X., Zhang, Xiaoliang; Y., Xie, Yufei; H., Wang, Haobo; L., Wang, Li; G., Tao, Guangyuan; R., Guo, Ronghan; J., Zhang, Jun; Y., Zhao, Yanli; H., Ji, Hongbing","Zhang, Xiaoliang (36452373900); Xie, Yufei (57892463300); Wang, Haobo (57226841840); Wang, Li (58083770300); Tao, Guangyuan (57894160900); Guo, Ronghan (58083850300); Zhang, Jun (57872456300); Zhao, Yanli (59797882700); Ji, Hongbing (58084086600)","36452373900; 57892463300; 57226841840; 58083770300; 57894160900; 58083850300; 57872456300; 59797882700; 58084086600","Influence of distillates (petroleum) on microcrystalline cellulose pyrolysis","2023","Journal of Analytical and Applied Pyrolysis","170","","105878","","","0","0","10.1016/j.jaap.2023.105878","https://www.scopus.com/inward/record.uri?eid=2-s2.0-85147115003&doi=10.1016%2Fj.jaap.2023.105878&partnerID=40&md5=f6fda78e564759b52ccf45125650be15","Porous materials have received extensive attention due to their superior adsorption properties, but there are few studies on oil adsorption. In this paper, a new self-design high-temperature reactor carried out MCC adsorption experiments, and a complete test system was used to study the adsorption characteristics, pyrolysis kinetics and pyrolysis products. The results of SEM and XRD showed that G<inf>3</inf>H gradually wetted the surface of MCC and the crystallinity increased. In addition, the pyrolysis parameters of MCC-adsorption-G<inf>3</inf>H (MAG) were measured by DSC and STA. The results showed that MCC was pyrolyzed in one step while MAG was in two. Meanwhile, thermodynamic model fitting indicated that the first stage was Fn and the second was Cnm autocatalytic. Notably, the variation of pyrolysis activation energy in the first stage was similar to that of adsorption capacity. Pyrolysis products of G<inf>3</inf>H were measured by Py-GC-MS, and pyrolysis residues of MAG were tested by FTIR. Combined with the volatiles determined by TG-IR, the influence of G<inf>3</inf>H on the pyrolysis characteristics was obtained, and the pyrolysis path of MAG was summarized. The results showed that porous materials can recycle oil and provided a guideline for industrial production. © 2023 Elsevier B.V., All rights reserved.","Adsorption Capacity; Mcc-adsorption-g3h (mag); Microcrystalline Cellulose (mcc); Py-gc-ms; Pyrolysis Kinetic Model; Tg-ftir; Activation Energy; Cellulose; Crystalline Materials; Crystallinity; Porous Materials; Product Design; Pyrolysis; Adsorption Capacities; Cellulose Pyrolysis; Micro-crystalline Cellulose; Microcrystalline Cellulose; Microcrystalline Cellulose-adsorption-g3h; Py-gc/ms; Pyrolysis Kinetics Model; Pyrolysis Products; Tg-ft-ir; Adsorption; Activation Energy; Porous Materials; Product Design","Article","Final","","Scopus","2-s2.0-85147115003"
"A., Michel, Alexandra","Michel, Alexandra (57213904625)","57213904625","Embodying the Market: The Emergence of the Body Entrepreneur","2023","Administrative Science Quarterly","68","1","","44","96","0","8","10.1177/00018392221135606","https://www.scopus.com/inward/record.uri?eid=2-s2.0-85142369174&doi=10.1177%2F00018392221135606&partnerID=40&md5=512703b3370a59eae54bddba2e9a2ba8","When organizations take radically new forms, employees’ minds and bodies can also take radically new forms, but prior organizational research has lacked the concepts and data to understand such qualitative changes in persons. For 17 years, I studied a profound societal change, the market turn, inside organizations at their center, investment banks on Wall Street. The banks took a new, market-like form that facilitated the emergence of a cultural–historical new form of personhood, the body entrepreneur. Unlike traditional organizations, which predictably reward employee effort, the banks gradually decoupled rewards from effort, paying bankers for winning first internal and then external competitions and increasingly exposing them to market risk. Bankers internalized this entrepreneurial positioning by transforming their minds and bodies into resources for competitive success regardless of health consequences. As rewards became more elusive, bankers invested more resources, first the mind and then the body, and controlled them in progressively more powerful ways, first through cognitive techniques, then through self-experimentation with drugs. Bankers thus intervened more radically in their minds and bodies than organizations legitimately can, resulting in two qualitative person changes. One, bankers constructed personhood in cultural–historical new ways, changing from the traditional psychological self, which locates processes such as emotions and motivation in the mind, toward a somatic self, the body entrepreneur, which locates them in the body as brain states that bankers could self-design. Two, the body functioned in new ways: not inside–out as a biological imperative but outside–in, fluidly adjusting to changing situations. Whereas prior organizational theories have assumed what the body is, I problematize it, empirically studying the self-technologies through which people construct the culturally situated biologies that compel them to unproblematically reproduce new, market-like organizations. © 2023 Elsevier B.V., All rights reserved.","Body; Competition; Market; Overwork","Article","Final","","Scopus","2-s2.0-85142369174"
"M., Gu, Mingsi; J., Chen, Jiajin; Y., Zhang, Yiping; T., Tan, Tu; G., Wang, Guishi; K., Liu, Kun; X., Gao, Xiaoming; J., Mei, Jiaoxu","Gu, Mingsi (57215093124); Chen, Jiajin (56925780100); Zhang, Yiping (58119379900); Tan, Tu (26432295900); Wang, Guishi (55738558500); Liu, Kun (56320777400); Gao, Xiaoming (8948227300); Mei, Jiaoxu (57189246042)","57215093124; 56925780100; 58119379900; 26432295900; 55738558500; 56320777400; 8948227300; 57189246042","Portable TDLAS Sensor for Online Monitoring of CO2 and H2O Using a Miniaturized Multi-Pass Cell","2023","Sensors","23","4","2072","","","0","32","10.3390/s23042072","https://www.scopus.com/inward/record.uri?eid=2-s2.0-85148971820&doi=10.3390%2Fs23042072&partnerID=40&md5=c4f850f95165f6acc166f69f948e2f54","We designed a tunable diode laser absorption spectroscopy (TDLAS) sensor for the online monitoring of CO<inf>2</inf> and H<inf>2</inf>O concentrations. It comprised a small self-design multi-pass cell, home-made laser drive circuits, and a data acquisition circuit. The optical and electrical parts and the gas circuit were integrated into a portable carrying case (height = 134 mm, length = 388 mm, and width = 290 mm). A TDLAS drive module (size: 90 mm × 45 mm) was designed to realize the function of laser current and temperature control with a temperature control accuracy of ±1.4 mK and a current control accuracy of ±0.5 μA, and signal acquisition and demodulation. The weight and power consumption of the TDLAS system were only 5 kg and 10 W, respectively. Distributed feedback lasers (2004 nm and 1392 nm) were employed to target CO<inf>2</inf> and H<inf>2</inf>O absorption lines, respectively. According to Allan analysis, the detection limits of CO<inf>2</inf> and H<inf>2</inf>O were 0.13 ppm and 3.7 ppm at an average time of 18 s and 35 s, respectively. The system response time was approximately 10 s. Sensor performance was verified by measuring atmospheric CO<inf>2</inf> and H<inf>2</inf>O concentrations for 240 h. Experimental results were compared with those obtained using a commercial instrument LI-7500, which uses non-dispersive infrared technology. Measurements of the developed gas analyzer were in good agreement with those of the commercial instrument, and its accuracy was comparable. Therefore, the TDLAS sensor has strong application prospects in atmospheric CO<inf>2</inf> and H<inf>2</inf>O concentration detection and ecological soil flux monitoring. © 2023 Elsevier B.V., All rights reserved.","Co2; Distributed Feedback (dfb) Laser; H2o; Multi-pass Cell (mpc); Online Monitoring; Portable System; Tunable Diode Laser Absorption Spectroscopy (tdlas); Absorption Spectroscopy; Data Acquisition; Digital Storage; Distributed Feedback Lasers; Feedback; Infrared Radiation; Partial Discharges; Semiconductor Lasers; Signal Processing; Temperature Control; Atmospheric Co 2; Control Accuracy; Distributed-feedback Laser; H2o; Multi-pass Cell; Multipass Cell; Online Monitoring; Portable System; Tunable Diode Laser Absorption Spectroscopy; Carbon Dioxide","Article","Final","All Open Access; Gold Open Access; Green Final Open Access; Green Open Access","Scopus","2-s2.0-85148971820"
"Q., Wu, Qiangshun; M.S., Siddique, Muhammad Saboor; H., Wang, Huijuan; L., Cui, Liqiang; H., Wang, Hui; M., Pan, Mei; J., Yan, Jinlong","Wu, Qiangshun (57188716671); Siddique, Muhammad Saboor (57220521844); Wang, Huijuan (57126938100); Cui, Liqiang (36813003700); Wang, Hui (55810136900); Pan, Mei (56642297500); Yan, Jinlong (59471731000)","57188716671; 57220521844; 57126938100; 36813003700; 55810136900; 56642297500; 59471731000","Visible-light-driven iron-based heterogeneous photo-Fenton catalysts for wastewater decontamination: A review of recent advances","2023","Chemosphere","313","","137509","","","0","57","10.1016/j.chemosphere.2022.137509","https://www.scopus.com/inward/record.uri?eid=2-s2.0-85145236693&doi=10.1016%2Fj.chemosphere.2022.137509&partnerID=40&md5=2b4955ac9d1146e46c83f19d0ef3a8b4","Visible-light-driven heterogeneous photo-Fenton process has emerged as the most promising Fenton-derived technology for wastewater decontamination, owing to its prominent superiorities including the potential utilization of clean energy (solar light), and acceleration of ≡Fe(II)/≡Fe(III) dynamic cycle. As the core constituent, catalysts play a pivotal role in the photocatalytic activation of H<inf>2</inf>O<inf>2</inf> to yield reactive oxidative species (ROS). To date, all types of iron-based heterogeneous photo-Fenton catalysts (Fe–HPFCs) have been extensively reported by the scientific community, and exhibited satisfactory catalytic performance towards pollutants decomposition, sometimes even exceeding the homogeneous counterparts (Fe(II)/H<inf>2</inf>O<inf>2</inf>). However, the relevant reviews on Fe–HPFCs, especially from the viewpoint of catalyst-self design are extremely limited. Therefore, this state-of-the-art review focuses on the available Fe–HPFCs in literatures, and gives their classification based on their self-characteristics and modification strategies for the first time. Two classes of representative Fe–HPFCs, conventional inorganic semiconductors of Fe-containing minerals and newly emerging Fe-based metal-organic frameworks (Fe-MOFs) are comprehensively summarized. Moreover, three universal strategies including (i) transition metal (TMs) doping, (ii) construction of heterojunctions with other semiconductors or plasmonic materials, and (iii) combination with supporters were proposed to tackle their inherent defects, viz., inferior light-harvesting capacity, fast recombination of photogenerated carriers, slow mass transfer and low exposure and uneven dispersion of active sites. Lastly, a critical emphasis was also made on the challenges and prospects of Fe–HPFCs in wastewater treatment, providing valuable guidance to researchers for the reasonable construction of high-performance Fe–HPFCs. © 2023 Elsevier B.V., All rights reserved.","Degradation; Inorganic Mineral Semiconductors; Metal-organic Frameworks; Modification Strategies; ≡fe(ii)/≡fe(iii) Cycle; Ferrous Sulfide; Iron; Iron Oxide; Ferrous Ion; Hydrogen Peroxide; Ferrous Compounds; Hydrogen Peroxide; Iron; Wastewater; Decontamination; Heterojunctions; Iron Compounds; Mass Transfer; Oxidation; Photocatalytic Activity; Semiconductor Doping; Solar Light; Transition Metals; Wastewater Treatment; Heterogeneous Photo-fenton; Inorganic Mineral; Inorganic Mineral Semiconductor; Iron-based; Metalorganic Frameworks (mofs); Modification Strategy; Visible-light-driven; Wastewater Decontamination; ]+ Catalyst; ≡fe(ii)/≡fe(iii) Cycle; Organometallics; Ferrous Sulfide; Iron; Iron Oxide; Ferrous Ion; Hydrogen Peroxide; Acceleration; Dispersion; Mass Transfer; Recombination; Transition Element; Wastewater Treatment; Catalyst; Decomposition; Decontamination; Electricity; Fenton Reaction; Light; Review; Waste Water Management; Wastewater; Catalysis; Chemistry; Catalysis; Ferrous Compounds; Hydrogen Peroxide; Iron; Wastewater","Review","Final","","Scopus","2-s2.0-85145236693"
"A., Kırmızı, Abdulhamit","Kırmızı, Abdulhamit (55508989000)","55508989000","Süreyya Bey Vlora: An Ottoman Albanian Between Empire and Nation","2023","Archiv Orientalni","91","3","","447","466","0","0","10.47979/aror.j.91.3.447-466","https://www.scopus.com/inward/record.uri?eid=2-s2.0-85184434994&doi=10.47979%2Faror.j.91.3.447-466&partnerID=40&md5=86700e544cabee560afb26616152c8c3","Avlonyalı Süreyya Bey (Syrja, Syreja, or Sureya Vlora, 1860–1940) was fifty-two when Albania declared independence in 1912. Before that, he was a citizen, bureaucrat, and politician of the Ottoman Empire, which he eventually served as a Member of the State Council and a Member of Parliament. Although he supported the independence of Albania and became its first ambassador to Vienna the following year for a couple of months, his career ended after that, and Süreyya lost all his achievements amidst the chaos of the post-empire world. Although he is an ideal exemplary character for a narrative on biographies in the transition from empire to nation-state, Süreyya remained a minor figure in Albanian historiography because of the many shadows blurring his silhouette. His complex positionings and interrelationships, various multinational family and friendship connections, the many locations he moved to and resided in, historical and cultural overlaps, and coincidences have blurred the so-far anecdotal accounts of Süreyya’s life. Under the influence of (post-)imperial tensions, strategic alliances, and battles for mechanisms of political and financial control, many states considered him a spy of others. Interconnections and interlocutions, ambivalences and ambiguities around past and future identities, loyalties, and belongings led him to be suspected of spying for various countries. In his memoirs and correspondence, Süreyya reflects on the imperial-to-national change from his perspective and thus creates a self-designed narrative for the topography of Albanian identity. He was Muslim, Ottoman, and Albanian, usually compatible identities. However, his turbulent life led him along a path where they could become estranged from each other. This article focuses on the complex question of self-design and the design of others, how plurality and interdependence, heterogeneity, demarcation, and asymmetry are experienced, managed, and negotiated in a less-known Albanian life at the turning point between empire and nations. © 2024 Elsevier B.V., All rights reserved.","Albania; Autobiography; Biography; Empire; Nationalism; Ottoman","Article","Final","","Scopus","2-s2.0-85184434994"
"K., El-Shamandi Ahmed, Khaled; A., Ambika, Anupama; R.V., Belk, Russell V.","El-Shamandi Ahmed, Khaled (57653978800); Ambika, Anupama (47860978000); Belk, Russell V. (6602688313)","57653978800; 47860978000; 6602688313","Augmented reality magic mirror in the service sector: experiential consumption and the self","2023","Journal of Service Management","34","1","","56","77","0","31","10.1108/JOSM-12-2021-0484","https://www.scopus.com/inward/record.uri?eid=2-s2.0-85129095618&doi=10.1108%2FJOSM-12-2021-0484&partnerID=40&md5=3f517c996767d4a271acf7138075d1bd","Purpose: This paper examines what the use of an augmented reality (AR) makeup mirror means to consumers, focusing on experiential consumption and the extended self. Design/methodology/approach: The authors employed a multimethod approach involving netnography and semi-structured interviews with participants in India and the UK (n = 30). Findings: Two main themes emerged from the data: (1) the importance of imagination and fantasy and (2) the (in)authenticity of the self and the surrounding “reality.” Research limitations/implications: This research focuses on AR magic makeup mirror. The authors call for further research on different AR contexts. Practical implications: The authors provide service managers with insights on addressing gaps between the perceived service (i.e. AR contexts and the makeup consumption journey) and the conceived service (i.e. fantasies and the extended self). Originality/value: The authors examine the lived fantasy experiences of AR experiential consumption. In addition, the authors reveal a novel understanding of the extended self as temporarily re-envisioned through the AR mirror. © 2022 Elsevier B.V., All rights reserved.","Augmented Reality Services; Digital Extended Self; Experiential Consumption; Possible Selves","Article","Final","","Scopus","2-s2.0-85129095618"
"E., Filipovich Vegas, Elena; S., Gallardo, Sara; A., Prieto Benítez, Antonia","Filipovich Vegas, Elena (57193028760); Gallardo, Sara (58521933600); Prieto Benítez, Antonia (58939220100)","57193028760; 58521933600; 58939220100","The influence of spirituality at the beginning and at the end of life. Study from the perspective of nursing professionals; Repercusión de la espiritualidad en el afrontamiento de la vida y de la muerte. Estudio desde la perspectiva de los profesionales de enfermería","2023","Cuadernos de bioética : revista oficial de la Asociación Española de Bioética y Ética Médica","34","110","","13","24","0","3","10.30444/CB.139","https://www.scopus.com/inward/record.uri?eid=2-s2.0-85187763210&doi=10.30444%2FCB.139&partnerID=40&md5=0d64209400b5f54dd9cca7d23fa291e0","Spirituality is the human dimension that helps human beings to reflect about their own existence, to try to answer to questions like: what are we living for? This search of meaning is still more pronounced in those who suffer an advanced and incurable disease. This clear need is nevertheless not always acknowledge by the patient, making it difficult to detect and manage it in the daily care by healthcare professionals. In an effort to establish an effective therapeutic relationship, they have to keep in mind also this spiritual dimension, already integrated in the concept of comprehensive care and usually offered to all patients, especially in those who are at the end of life. With this work we have tried, on the one hand, to know the opinion of nurses and TCAE about spirituality through a self-design survey. On the other hand, we wanted to know how this suffering experience may impact on the professionals, as well as if the development of their own spirituality, differently expressed, may have positive effects on the patients. To this end, healthcare professionals have been selected from an oncology unit, those who day by day are facing the impact of suffering and death of their patients. This record is sourced from MEDLINE/PubMed, a database of the U.S. National Library of Medicine","Death; Health Personnel Attitude; Human; Patient; Questionnaire; Religion; Attitude Of Health Personnel; Death; Humans; Patients; Spirituality; Surveys And Questionnaires","Article","Final","","Scopus","2-s2.0-85187763210"
"J., Jambor, Ján","Jambor, Ján (57219661928)","57219661928","Melitta Breznik’s prose between factual and fictional narration; Melitta Brezniks Prosawerk zwischen faktualem und fiktionalem Erzählen","2023","World Literature Studies","15","4","","14","32","0","1","10.31577/WLS.2023.15.4.2","https://www.scopus.com/inward/record.uri?eid=2-s2.0-85185506556&doi=10.31577%2FWLS.2023.15.4.2&partnerID=40&md5=d2e7453529f7f6ac21b8a1f63b1b8cae","This article deals with five longer prose works of the German-language author of Austrian origin, Melitta Breznik (b. 1961). It aims to situate the texts in the context of specifically selected current theoretical concepts on autobiographical and autofictional writing and to point out their specific features through a differentiated approach. The study will illustrate some possibilities of narrative self-design, based on this contemporary author, psychiatrist and psychotherapist. © 2024 Elsevier B.V., All rights reserved.","Autobiographical Writing; Autofictional Writing; Contemporary German-language Literature; Factual And Fictional Narration; Melitta Breznik","Article","Final","All Open Access; Bronze Open Access","Scopus","2-s2.0-85185506556"
"M., Tironi, Martín; T., Vivanco, Tomas; K., Mollenhauer, Katherine","Tironi, Martín (57211978997); Vivanco, Tomas (57219121611); Mollenhauer, Katherine (55163657900)","57211978997; 57219121611; 55163657900","Towards a Distributed Design in Crisis Scenarios: Frictions and Futures of Digital Manufacturing Collectives in Chile; Hacia un diseño distribuido en escenarios de crisis. Fricciones y futuros de los colectivos de la fabricación digital en Chile","2023","Revista 180","","52","","89","101","0","1","10.32995/rev180.Num-52.(2023).art-1098","https://www.scopus.com/inward/record.uri?eid=2-s2.0-85185284703&doi=10.32995%2Frev180.Num-52.%282023%29.art-1098&partnerID=40&md5=4d424f5539fd261cb79f0721a26dbed1","The escalating destabilizations of recent years, such as the climate crisis, social, food and energy crises, wars, among many others, have raised the question of where to direct the discipline of design in uncertain scenarios like the ones we currently live in. In this article, the lessons and frictions that the global COVID-19 pandemic left for designer collectives in Chile are analyzed. Faced with the challenges of traditional industries to respond to the high number of infections and deaths caused by the virus, designer collectives, spread throughout the territory, became key actors in the context of the health crisis. Through a qualitative study of the experiences and associations of maker collectives and Fab labs in Chile, this work analyses the frictions experienced by these collectives during the viral crisis. It examines the efforts to gain legitimacy against expert systems, creating a paradox between the opportunities that opened up for maker collectives and the risks of bureaucratization and weakening of their hacker ethos in the need to certify their solutions with traditional institutions. Based on the analysis of this experience, the article concludes by emphasizing some operations aimed at promoting distributed design for crisis management, expanding the resilience and self-design capabilities of the territories. © 2024 Elsevier B.V., All rights reserved.","Chile; Distributed Design; Maker Collectives; Pandemic Crisis","Article","Final","All Open Access; Gold Open Access","Scopus","2-s2.0-85185284703"
"M.A., Odintsova, Maria A.; D.V., Lubovsky, Dmitry Vladimirovich; E.I., Kuzmina, Elena I.","Odintsova, Maria A. (55364810300); Lubovsky, Dmitry Vladimirovich (57209772376); Kuzmina, Elena I. (58436623200)","55364810300; 57209772376; 58436623200","Psychological Resources of the Individual when Living Life Situations of Varying Degrees of Uncertainty; Психологические ресурсы личности при переживании жизненных ситуаций разной степени неопределенности","2023","Social Psychology and Society","14","4","","156","177","0","5","10.17759/sps.2023140410","https://www.scopus.com/inward/record.uri?eid=2-s2.0-85181929544&doi=10.17759%2Fsps.2023140410&partnerID=40&md5=24915d3c436e55856887b4311c4acd9e","Objective. The study of the psychological resources’ specifics of persons experiencing life challenges with varying degrees of uncertainty. Context and relevance. Uncertainty is a fundamental characteristic of the modern world. Any life situation has a certain degree of uncertainty and contributes to the activation of psychological resources of the individual, on which the success of coping depends. Research Design. The paper analyzes the types of life challenges, identifies groups of people who differently assess the degree of life challenges’ uncertainty and studies the specifics of the severity of psychological resources (emotional, motivational, instrumental, sustainability resources) depending on the degree of life challenges’ uncertainty. Participants. The study involved 1248 people aged 18 to 76 years (31,09 ± 12,59), including 297 (23,8%) men, 175 (14,0%) persons with disabilities. Methods. A socio-biographic questionnaire with an open question about an actual difficult life situation (TS), which needed to be evaluated on a 10-point Likert scale: 1) the level of its complexity; 2) the intensity of the emotions accompanying it. “Subjective assessment of a difficult life situation” (E.V. Bityutskaya, A.A. Korneev); Resilience test (E.N. Osin, E.I. Rasskazova); Self-activation technique (M.A. Odintsova, N.P. Radchikova); COPE technique (E.I. Rasskazova, T.O. Gordeeva, E.N. Osin). Results. Seven types of challenges are experienced as life situations with varying degrees of uncertainty. Respondents more often attribute the global challenge as a very complex and complex situations of uncertainty; the challenge of loss — as a complex situations. The challenge of illness, the challenge of relationships, the challenge of material difficulties in about forty percent of cases are assessed as very difficult situations of uncertainty and about a third — as complex or simple. The challenge to self-design and the challenge of professional activity are more often assessed either as very complex situations of uncertainty, or as simple. Very complex and complex situations of uncertainty are assessed as less controllable, complex ones as the most intractable. Conclusions. Psychological resources in situations of varying degrees of uncertainty are emotional experiences, resilience, self-activation and various coping styles. The lower the degree of uncertainty of the life situation, the more pronounced are the resources of resilience and self-activation. © 2024 Elsevier B.V., All rights reserved.","Challenge; Coping Strategies; Degree Of Uncertainty; Difficult Life Situations; Emotional Experiences; Psychological Resources; Resilience; Self-activation","Article","Final","All Open Access; Gold Open Access","Scopus","2-s2.0-85181929544"
"W., Hong, Wonkee; T.D., Pham, Tien Dat","Hong, Wonkee (35279757900); Pham, Tien Dat (57224761725)","35279757900; 57224761725","Auto-Design-Based Optimizations of Prestressed Frames Using an Artificial Neural Network (ANN)-Based Hong-Lagrange Algorithm","2023","","","","","151","158","0","1","","https://www.scopus.com/inward/record.uri?eid=2-s2.0-85179846297&partnerID=40&md5=6d342cb3a326f1f14c1ee393df8bcfd3","Structural designs using artificial neural networks (ANNs) are relatively new even though the ANN has been an evolutionary technology in many areas, such as automotive, financial, and medical areas. The ANN-based Hong-Lagrange algorithm shows prospects for real-world applications, providing an auto design and optimizations that substantially increase design effectiveness while considerably reducing human efforts. Holistic designs of prestressed multistory frames are performed in this study. Big datasets following American standards were generated based on the ABBA (auto-design-based building applications) frame generator, which was developed and verified by commercial software (ADAPT builder and MIDAS). ANNs are trained on big datasets, mapping 38 input parameters to 111 output parameters, to derive weight and bias matrices for the formulation of ANN-based objective and constraint functions of piperack frames. Costs, CO<inf>2</inf> emissions, weights, and energy consumption are minimized by applying sequential quadratic programming (SQP) to ANN-based Lagrange functions constrained by equalities and inequalities, which are imposed by architectural and code requirements. The present study provides an application based on ANN technologies for structural designs, which not only enhances the design efficiencies but also the sustainability of building construction by reducing CO<inf>2</inf> emissions and energy consumption. © 2023 Elsevier B.V., All rights reserved.","Application Programs; Big Data; Carbon Dioxide; Energy Utilization; Lagrange Multipliers; Quadratic Programming; Structural Design; Automotives; Co 2 Emission; Design And Optimization; Energy-consumption; Lagrange Algorithm; Medical Areas; Network-based; Optimisations; Pre-stressed; Real-world; Neural Networks","Conference paper","Final","","Scopus","2-s2.0-85179846297"
"S., Chai-Arayalert, Supaporn; K., Suttapong, Ketsaraporn; S., Chumkaew, Surin","Chai-Arayalert, Supaporn (54392866000); Suttapong, Ketsaraporn (55971236600); Chumkaew, Surin (58749531200)","54392866000; 55971236600; 58749531200","Design of digital environments to enhance handicraft co-learning experiences","2023","Cogent Business and Management","10","3","2286687","","","0","4","10.1080/23311975.2023.2286687","https://www.scopus.com/inward/record.uri?eid=2-s2.0-85178964803&doi=10.1080%2F23311975.2023.2286687&partnerID=40&md5=3a18f3f42a98af5c393e1680e87a1460","This research aimed to develop a digital platform that efficiently utilizes co-learning experiences between consumers and producers and to foster the preservation of local handicrafts in a manner that is both sustainable and economically feasible. This platform combines the co-design method with Kolb’s experiential learning model, with a specific emphasis on improving the self-design process of local handicrafts. The research and development (R&D) methodology involves a systematic approach to addressing stakeholder needs through feedback and iteration, ensuring the final system is tailored to their specific objectives. The evaluation of the platform indicates that participants were highly satisfied with its performance. The platform facilitates extensive opportunities for collaborative participation and the exchange of knowledge, allowing participants to gain a comprehensive understanding of the processes involved in handicraft design. This research contributes to combining a virtual environment with a co-design process and Kolb’s experiential learning model. The research contributes to the possibility of expansion of local crafts and the preservation of traditional workmanship, which can be achieved through collaboration between local artisans and global consumers. Encouraging consumer involvement in collaborating with the handicraft community has the potential to provide new product designs for markets, thereby boosting economies. © 2023 Elsevier B.V., All rights reserved.","Co-learning Approach; Digital Platform; Experiential Learning; Handicraft; Self-design Approach","Article","Final","All Open Access; Gold Open Access; Green Accepted Open Access; Green Open Access","Scopus","2-s2.0-85178964803"
"S., Rossi, Simone; P.L., Farias, Priscila Lena","Rossi, Simone (58640279400); Farias, Priscila Lena (26037126600)","58640279400; 26037126600","QUEER SCRAPSCAPE: HUDINILSON JR.’S CADERNOS DE REFERÊNCIAS; QUEER SCRAPSCAPE: OS CADERNOS DE REFERÊNCIAS DE HUDINILSON JR.; QUEER SCRAPSCAPE: LOS CADERNOS DE REFERÊNCIAS DE HUDINILSON JR.","2023","Ars (Sao Paulo)","21","47","","33","79","0","0","10.11606/issn.2178-0447.ars2023.207177","https://www.scopus.com/inward/record.uri?eid=2-s2.0-85173742728&doi=10.11606%2Fissn.2178-0447.ars2023.207177&partnerID=40&md5=572e0721d87cfd18d6eb431ca9d04849","Este ensayo echa luz sobre los Cadernos de referências (c. 1981-2013) del artista brasileño Hudinilson Jr., una serie de álbumes de recortes densos y llenos de capas. A través de un análisis de layouts y medios, la investigación resalta las extensas implicaciones culturales y de design desencadenadas por la obra. El enfoque recae principalmente en las recurrencias formales y estrategias narrativas identificadas en páginas dobles, revelando cómo condensan la poética queer del artista. Los Cadernos surgen como una práctica diaria de exploración del cuerpo humano, un espacio de auto-design y resistencia cultural, y una herramienta de cuestionamiento de la relación entre el cuerpo expuesto, la autoimagen y los medios de comunicación de masas. © 2023 Elsevier B.V., All rights reserved.","Efímeros; Hudinilson Jr; Narciso; Scrapbooking; Self-design","Article","Final","","Scopus","2-s2.0-85173742728"
"R., Pithavadian, Rashmi; J., Chalmers, Jane; T.M., Dune, Tinashe Moira","Pithavadian, Rashmi (57218880436); Chalmers, Jane (57150546600); Dune, Tinashe Moira (26429428300)","57218880436; 57150546600; 26429428300","The experiences of women seeking help for vaginismus and its impact on their sense of self: An integrative review","2023","Women's Health","19","","","","","0","7","10.1177/17455057231199383","https://www.scopus.com/inward/record.uri?eid=2-s2.0-85173124455&doi=10.1177%2F17455057231199383&partnerID=40&md5=41354f0f470cf21ff1b46ec41e069308","Background: There is low social awareness of vaginismus despite it being a relatively common female sexual dysfunction that makes vaginal penetration painful, difficult, and/or impossible. While existing literature on vaginismus has had a clinical focus on the affected genitalia, there is a lack of research on women’s help-seeking experiences of vaginismus from their perspective. Objectives: This integrative review’s objective was to explore: women’s help-seeking experiences of vaginismus, and how such help-seeking experiences impact their sense of self. Design: Cooper’s five-step integrative review approach was followed to develop a research question, a search strategy, selection criteria, and data evaluation, analysis, and presentation. Data Sources and Methods: A systematic search of the literature was completed in the following seven databases in January 2023: PsycINFO, ProQuest Central, PubMed, Scopus, CINAHL, Cochrane, and Embase. Out of the 373 articles found through database searches and additional citation searching, 22 studies were included in this review for meeting the eligibility criteria of having an empirical design, being written in English, and examining women’s help-seeking experiences for vaginismus and its impact on their sense of self. Results: Thematic analysis was used to summarize the findings from the included studies which were informed by 1671 participants. Help-Seeking Process, Medical Management, Help-Seeking and Sense of Self, and Holistic Care Recommendations from the Findings emerged as four major themes with corresponding subthemes. Conclusion: This review indicates that women continue to face difficulties in seeking and receiving help for vaginismus even through the healthcare system. However, the studies did not explicitly discuss how women’s help-seeking for vaginismus impacted their sense of self. This highlights an epistemological gap on how women’s help-seeking for their vaginismus impacts their sense of self, which can affect their treatment responses. Recommendations are provided for future healthcare and research to improve health outcomes for women with vaginismus. © 2023 Elsevier B.V., All rights reserved.","Female Sexual Dysfunction; Genito-pelvic Pain/penetration Disorder; Help-seeking; Painful Sex; Sense Of Self; Treatment-seeking; Vaginismus; Awareness; Data Analysis; Experience; Female; Genital System; Help Seeking Behavior; Holistic Care; Human; Motivation; Outcome Assessment; Prevalence; Quality Control; Review; Sense Of Self; Sexual Dysfunction; Systematic Review; Thematic Analysis; Treatment Response; Vaginism; Health Care Delivery; Delivery Of Health Care; Female; Humans; Vaginismus","Review","Final","All Open Access; Gold Open Access; Green Final Open Access; Green Open Access","Scopus","2-s2.0-85173124455"
"S., Bolzenius, Stefan; N., Franke, Nikolaus; P.A., Keinz, Peter A.","Bolzenius, Stefan (57217616639); Franke, Nikolaus (7003712009); Keinz, Peter A. (24776045600)","57217616639; 7003712009; 24776045600","How to Consider Cognitive Abilities of Users in Toolkit Design","2023","Lecture Notes in Mechanical Engineering","","","","120","129","0","0","10.1007/978-3-031-34821-1_14","https://www.scopus.com/inward/record.uri?eid=2-s2.0-85172344056&doi=10.1007%2F978-3-031-34821-1_14&partnerID=40&md5=ecc906d60aced65f3e91b03aedd69ed2","Mass customization is an alternative approach in which companies abandon costly market research tools and instead involve their customers into the product development process. Although self-designing a product via toolkits requires additional effort for customers, they are willing to pay a price premium. However, users indicate that they would pay an even higher price premium for a product designed in an ideal toolkit, which indicates that toolkits currently do not support their users in the best possible way. The user and the toolkit constitute a joint cognitive system to perform the task of “self-designing a product”, therefore the configuration of an ideal toolkit is based on the user's mental capabilities. The task is conceptualized as a self-design process subdivided into three episodes: (i) exploration, (ii) generation, and (iii) evaluation. The task of self-designing a product is a mental activity that is executed in the brain of the designer, where information regarding the design is processed. Based on the information processing theory we developed a model that indicates areas, where the cognitive skills of users are limited. These action points show where the toolkit can (even better) support the user during the self-design process. Based on this, we want to formulate design principles for a toolkit that supports the user as best as possible during the self-design process. © 2023 Elsevier B.V., All rights reserved.","Cognitive Ergonomics; Self-design Process; Toolkits For Mass Customization; Brain; Cognitive Systems; Ergonomics; Market Research; Cognitive Ability; Cognitive Ergonomics; Design-process; Market Researches; Mass Customization; Price Premiums; Research Tools; Self-design; Self-design Process; Toolkit For Mass Customization; Product Design","Conference paper","Final","","Scopus","2-s2.0-85172344056"
"S.J., Raj, Sony Jalarajan; A.K., Suresh, Adith K.","Raj, Sony Jalarajan (56074160100); Suresh, Adith K. (58035312500)","56074160100; 58035312500","Bollywood self-fashioning: Indian popular culture and representations of girlhood in 1970s Indian cinema","2023","Film Fashion and Consumption","12","1","","67","82","0","2","10.1386/ffc_00053_1","https://www.scopus.com/inward/record.uri?eid=2-s2.0-85167727577&doi=10.1386%2Fffc_00053_1&partnerID=40&md5=0bde4b895c2906de1091afa6ae89160e","This article investigates how Bollywood cinema represented girlhood experiences in India in the early 1970s. It argues that the films during this time focused on representing girls who displayed a variety of new fashion styles and attitudes, some of which were borrowed from western cultures. This was a sign that there was a new way of representing girls which broke with the submissive, dull and melancholic sari-wearing Indian female stereotype entrapped within domestic settings. The immediate result of this was the emergence of new style leaders and popular icons in Indian popular cinema. This study uses Stephen Greenblatt’s concept of self-fashioning and Guy Mankowski’s idea of self-design to examine how Indian girlhood was renegotiated in the 1970s as an individual-centric idea with more agency and power. Here, self-fashioning refers to the way girls adopt new elements of fashion, styles and attitudes to distinguish their identity from earlier archetypal modes of representation in film and culture. It specifically analyses the emergence of Jaya Bhaduri in Guddi (1971) and Dimple Kapadia in Bobby (1973) as case studies to understand the transformation of girlhood representations in early 1970s Bollywood that opened a new space for girls to redefine their selfhood through the assimilation of consumerism, western culture and fashion styles. © 2023 Elsevier B.V., All rights reserved.","1970s; Bollywood Cinema; Consumerism; Fashion; Gender Roles; Girlhood; South Asia","Article","Final","","Scopus","2-s2.0-85167727577"
"T., Liu, Tiantian; F., Lin, Feng; Z., Wang, Zhangsen; C., Wang, Chao; Z., Ba, Zhongjie; L., Lu, Li; W., Xu, Wenyao; K., Ren, Kui","Liu, Tiantian (57316498800); Lin, Feng (57188551353); Wang, Zhangsen (57803027800); Wang, Chao (57217051344); Ba, Zhongjie (56028729300); Lu, Li (7403962804); Xu, Wenyao (55546406300); Ren, Kui (8396435500)","57316498800; 57188551353; 57803027800; 57217051344; 56028729300; 7403962804; 55546406300; 8396435500","MagBackdoor: Beware of Your Loudspeaker as A Backdoor for Magnetic Injection Attacks","2023","Proceedings - IEEE Symposium on Security and Privacy","2023-May","","","3416","3431","0","14","10.1109/SP46215.2023.10179364","https://www.scopus.com/inward/record.uri?eid=2-s2.0-85166480988&doi=10.1109%2FSP46215.2023.10179364&partnerID=40&md5=3771e2c38276c881c1abf4ae0a717dbf","An audio system containing loudspeakers and microphones is the fundamental hardware for voice-enabled devices, enabling voice interaction with mobile applications and smart homes. This paper presents MagBackdoor, the first magnetic field attack that injects malicious commands via a loudspeaker-based backdoor of the audio system, compromising the linked voice interaction system. MagBackdoor focuses on the magnetic threat on loudspeakers and manipulates their sound production stealthily. Consequently, the microphone will inevitably pick up malicious sound generated by the attacked speaker, due to the closely packed arrangement of internal audio systems. To prove the feasibility of MagBackdoor, we conduct comprehensive simulations and experiments. This study further models the mechanism by which an external magnetic field excites the sound production of loudspeakers, giving theoretical guidance to MagBackdoor. Aiming at stealthy magnetic attacks in real-world scenarios, we self-design a prototype that can emit magnetic fields modulated by voice commands. We implement MagBackdoor and evaluate it across a wide range of smart devices involving 16 smartphones, four laptops, two tablets, and three smart speakers, achieving an average 95% injection success rate with high-quality injected acoustic signals. © 2023 Elsevier B.V., All rights reserved.","Audio Acoustics; Audio Systems; Automation; Intelligent Buildings; Magnetic Fields; Microphones; Backdoors; External Magnetic Field; Interaction Systems; Magnetic-field; Mobile Applications; Real-world Scenario; Self-design; Smart Homes; Sound Production; Voice Interaction; Loudspeakers","Conference paper","Final","","Scopus","2-s2.0-85166480988"
"S., Bachhuber, Simon; I., Weygers, Ive; T., Seel, Thomas","Bachhuber, Simon (57858825900); Weygers, Ive (57201084627); Seel, Thomas (55678745300)","57858825900; 57201084627; 55678745300","Neural ODEs for Data-Driven Automatic Self-Design of Finite-Time Output Feedback Control for Unknown Nonlinear Dynamics","2023","IEEE Control Systems Letters","7","","","3048","3053","0","3","10.1109/LCSYS.2023.3293277","https://www.scopus.com/inward/record.uri?eid=2-s2.0-85164403404&doi=10.1109%2FLCSYS.2023.3293277&partnerID=40&md5=04fde3764a6812b74b5dac83902e9813","Many application fields, e.g., robotic surgery, autonomous piloting, and wearable robotics greatly benefit from advances in robotics and automation. A common task is to control an unknown nonlinear system such that its output tracks a desired reference signal for a finite duration of time. A learning control method that automatically and efficiently designs output feedback controllers for this task would greatly boost practicality over time-consuming and labour-intensive manual system identification and controller design methods. In this contribution we propose Automatic Neural Ordinary Differential Equation Control (ANODEC), a data-efficient automatic design of output feedback controllers for finite-time reference tracking in systems with unknown nonlinear dynamics. In a two-step approach, ANODEC first identifies a neural ODE model of the system dynamics from input-output data of the system dynamics and then exploits this data-driven model to learn a neural ODE feedback controller, while requiring no knowledge of the actual system state or its dimensionality. In-silico validation shows that ANODEC is able to - automatically - design competitive controllers that outperform two controller baselines, and achieves an on average ≈ 30 % / 17 % lower median RMSE. This is demonstrated in four different nonlinear systems using multiple, qualitatively different and even out-of-training-distribution reference signals. © 2023 Elsevier B.V., All rights reserved.","Autonomous Systems; Data-driven Modeling; Learning Systems; Motion Control; Neural Networks; Adaptive Control Systems; Controllers; Design; Dynamical Systems; Feedback Control; Job Analysis; Neural Networks; Nonlinear Equations; Nonlinear Feedback; Ordinary Differential Equations; Robotic Surgery; Signal Processing; System Theory; Adaptive Control; Data Driven; Finite-time; Neural-networks; Output Feedback Controller; Output Feedback Controls; Reference Signals; Self-design; System Dynamics; Task Analysis; Nonlinear Dynamical Systems","Article","Final","","Scopus","2-s2.0-85164403404"
"R.V.C., Rubi, Rugi Vicente C.; P., Allaine Dimalibot, Patricia; M., Hutamares, Michelle; S., Solatre, Shalimar; K., Ijja Cruzada, Kirstie; J.G., Olay, Jerry G.; E.C., Roque, Erison C.; E.C.R., Lopez, Edgar Clyde R.; E.R., Halabaso, Eric R.","Rubi, Rugi Vicente C. (59157918200); Allaine Dimalibot, Patricia (58222270700); Hutamares, Michelle (58222457700); Solatre, Shalimar (58223217000); Ijja Cruzada, Kirstie (58223402300); Olay, Jerry G. (57216689254); Roque, Erison C. (56507072900); Lopez, Edgar Clyde R. (57209456143); Halabaso, Eric R. (57302951800)","59157918200; 58222270700; 58222457700; 58223217000; 58223402300; 57216689254; 56507072900; 57209456143; 57302951800","Slow pyrolysis of buri palm: Investigation of pyrolysis temperature and residence time effects","2023","Materials Today: Proceedings","","","","","","0","7","10.1016/j.matpr.2023.04.454","https://www.scopus.com/inward/record.uri?eid=2-s2.0-85156248511&doi=10.1016%2Fj.matpr.2023.04.454&partnerID=40&md5=80f2255f85c358e1ccd89765db59d4d2","The enormous environmental impact of the excessive use of the fossil fuels has prompted researchers to search for an environmentally friendly energy source. In this study, buri palm leaves was utilized to produce biochar and bio-oil using slow pyrolysis. The effects of temperature (T), of (300, 500 and 700 °C) and residence time (RS) of (30, 60 and 90 mins) to pyrolysis products were investigated using a self-design fixed bed reactor. Particularly, the effects of these parameters on the proximate analysis, ultimate analysis, and calculated heating value of biochar were conducted. The results showed that the highest yield in biochar of 68% (T = 300 °C, RT = 90 min) while the bio-oil yield of 46% (T = 500 °C, RS = 90 min) was obtained. It was observed that biochar products increased with residence time but decreasing with the temperature while the bio-oil recovery is as both parameters increase. In addition, fixed carbon, volatile matter, ash, carbon, hydrogen and the higher heating value of biochar were significantly affected by the residence time. The calculated lowest and highest higher heating values of biochar were 16.93 MJ/kg at 300 °C for 30 mins and 28 MJ/kg at 700 °C for 30 mins respectively. Finally, this study presented the viability of buri palm leaves as potential option for sustainable alternative energy sources. © 2023 Elsevier B.V., All rights reserved.","Bio-oil; Biochar; Biomass; Buri Palm; Fixed Bed Reactor; Slow Pyrolysis; Carbon; Fossil Fuels; Palm Oil; Product Design; Pyrolysis; Temperature; Bio-oils; Biochar; Buri Palm; Fixed Bed Reactor; Fixed-bed Reactors; Higher Heating Value; Pyrolysis Temperature; Residence Time; Residence Time Effects; Slow Pyrolysis; Environmental Impact","Article","aip","","Scopus","2-s2.0-85156248511"
"B., Zhang, Bin; F., Huang, Feifei; J., Liu, Jun; D., Zhang, Dingguo","Zhang, Bin (59280540800); Huang, Feifei (36113738000); Liu, Jun (55949680900); Zhang, Dingguo (7405361625)","59280540800; 36113738000; 55949680900; 7405361625","Bilateral transcranial direct current stimulation may be a feasible treatment of Parkinsonian tremor","2023","Frontiers in Neuroscience","17","","1101751","","","0","5","10.3389/fnins.2023.1101751","https://www.scopus.com/inward/record.uri?eid=2-s2.0-85150217902&doi=10.3389%2Ffnins.2023.1101751&partnerID=40&md5=02aec20f1a9758bcf85ff8f625381d1c","Background: Parkinsonian tremor is a common pathological tremor that affects over 6 million people worldwide. It lowers patients' quality of life and threatens their career development, especially when patients' occupation requires dexterous manipulation. In spite of current available treatments in clinics, there is a lack of low-cost, low side-effect, effective solutions for Parkinsonian tremor. Transcranial direct current stimulation (tDCS) may be an alternative treatment. Objective: In this research, we explored the immediate effect of tDCS with a novel bilateral electrode setup over Parkinsonian tremor. In such a bilateral setup, the cathode was placed over the primary cortex contralateral to the more affected side of Parkinsonian tremor while the anode symmetrically over the other hemisphere. It was designed as a modification to the traditional cathodal setup. The performance of this bilateral setup was compared with three other setups including anodal setup, cathodal setup, and sham (control). Methods: A randomized, sham-controlled, double-blind, crossover experiment was carried out over 13 qualified patients diagnosed with idiopathic Parkinson's disease (PD). Before and after the stimulus of each tDCS setup, subjects were tested before and after tDCS with four measures, including the Unified Parkinson's Disease Rating Scale (UPDRS), Fahn-Tolosa-Marin Tremor Rating Scale (FTMTRS), Purdue Pegboard Test (PPT) and a self-design Continuous Tremor Signal Assessment (CTSA). Tremor intensity calculated from CTSA data were regarded as the primary outcome of the experiment. Results: Statistical results of CTSA, FTMTRS and PPT showed both bilateral tDCS and cathodal tDCS effectively suppressed Parkinsonian tremor. A quantitative comparison of the effect in tremor suppression indicated the optimal suppressive effect was obtained with bilateral tDCS. Based on the results of UPDRS, anodal tDCS was found to benefit subjects' overall performance the most, however, it had little effect in improving Parkinsonian tremor, as revealed by the results of other evaluations. Conclusion: Our study suggests a beneficial immediate effect of bilateral tDCS in Parkinsonian tremor suppression. In addition, we assume there may be an underlying interhemispheric unbalance of cortical excitability which contributes to Parkinsonian tremor genesis. Clinical trial registration: Identifier: ChiCTR2100054804. © 2023 Elsevier B.V., All rights reserved.","Electrode Setups; Parkinson's Disease; Parkinsonian Tremor; Transcranial Direct Current Stimulation; Tremor Suppression; Levodopa; Dc-stimulator; Magstim Rapid 2; Levodopa; Adult; Aged; Article; Brain Cortex; Clinical Article; Clinical Outcome; Continuous Tremor Signal Assessment; Controlled Study; Crossover Procedure; Double Blind Procedure; Experimental Study; Fahn-tolosa-marin Tremor Rating Scale; Feasibility Study; Hemisphere; Human; Intermethod Comparison; Parkinson Disease; Performance; Primary Cortex; Purdue Pegboard Test; Quantitative Analysis; Randomized Controlled Trial; Therapy Effect; Transcranial Direct Current Stimulation; Transcranial Magnetic Stimulation; Tremor; Unified Parkinson Disease Rating Scale","Article","Final","All Open Access; Gold Open Access; Green Final Open Access; Green Open Access","Scopus","2-s2.0-85150217902"
"W., Hong, Wonkee; T.D., Pham, Tien Dat","Hong, Wonkee (35279757900); Pham, Tien Dat (57224761725)","35279757900; 57224761725","An AI-based auto-design for optimizing RC frames using the ANN-based Hong–Lagrange algorithm","2023","Journal of Asian Architecture and Building Engineering","22","5","","2876","2888","0","5","10.1080/13467581.2022.2163174","https://www.scopus.com/inward/record.uri?eid=2-s2.0-85146686742&doi=10.1080%2F13467581.2022.2163174&partnerID=40&md5=51239f386986b9215e800af89dca2a2e","Artificial neural networks (ANNs)-based objective functions such as costs and weights of reinforced concrete (RC) frames with four-by-four bays and four floors are optimized simultaneously based on big datasets of 330,000 designs according to ACI 318-19, whereas corresponding design parameters, which minimize objective functions, are also obtained. The Pareto frontier verified by big datasets shows reductions up to 44.983% and 33.111% in costs and weights, respectively, compared with probable designs based on averages of 688 (0.1%) best designs among 688,000 samples. Optimized designs’ meeting requirements imposed by codes and architects are achieved using the ANN-based Hong–Lagrange algorithm in which complex analytical objective functions are replaced by ANN-based objective functions. ANN is formulated to provide 32 forward outputs based on 18 forward inputs to minimize or maximize objective functions, such as costs and weights as a function of 18 input parameters. When good training qualities are achieved, objective functions with equality and inequality constraints are implemented in the proposed method, which determines optimal design parameters for building with accuracies and robustness equivalent to derivation-based approaches, which are hard to obtain using metaheuristic methods. The proposed AI-based auto-designs perform optimization where design variables are produced automatically while optimizing design targets. © 2023 Elsevier B.V., All rights reserved.","Ann-based Hong–lagrange Algorithm Of Rc Frames; Big Datasets Of Rc Frames; Kkt Solutions Of Rc Frames; Pareto Frontier Of Rc Frames; Weight Fraction Of Moo Problems; Constraint Theory; Lagrange Multipliers; Large Dataset; Optimization; Reinforced Concrete; Artificial Neural Network-based Hong–lagrange Algorithm Of Reinforced Concrete Frame; Big Dataset Of Reinforced Concrete Frame; Kkt Solution Of Reinforced Concrete Frame; Lagrange Algorithm; Network-based; Pareto Frontier Of Reinforced Concrete Frame; Pareto Frontiers; Reinforced Concrete Frames; Weight Fraction Of Moo Problem; Weight Fractions; Neural Networks","Article","Final","All Open Access; Gold Open Access","Scopus","2-s2.0-85146686742"
"A., Kumar, Aditya; Aradhana; S., Kumari, Shristi; Shipra; D., Prasad, Deepak; D., Sharma, Divya; T., Snehitha Reddy, Thammaneni; B., Singh, Bhagwan; D., Kotwar, Deepika; V., Nath, Vijay","Kumar, Aditya (57207809845); Aradhana (7409734950); Kumari, Shristi (58588802600); Shipra (56615895200); Prasad, Deepak (57224986272); Sharma, Divya (57213216916); Snehitha Reddy, Thammaneni (57822617200); Singh, Bhagwan (57212223656); Kotwar, Deepika (57822348100); Nath, Vijay (57821585600)","57207809845; 7409734950; 58588802600; 56615895200; 57224986272; 57213216916; 57822617200; 57212223656; 57822348100; 57821585600","Design of Unmanned All-Terrain Spy Bot","2023","Lecture Notes in Electrical Engineering","887","","","333","338","0","1","10.1007/978-981-19-1906-0_30","https://www.scopus.com/inward/record.uri?eid=2-s2.0-85135028232&doi=10.1007%2F978-981-19-1906-0_30&partnerID=40&md5=6fa948d83112cb5d47f90e1aefffd992","In the advancement of technological era, the military forces are utilizing these modern technologies to mitigate the risks of casualties and can keep an eye on the enemy. With the development of sophisticated technology, robotics is widely used in disaster management rescue operations and for spy purpose and surveillance in war field. In order to make the bots effective and efficient for war field and disaster-prone areas, several research on different aspect is examined to do the jobs autonomously, without any human intervention. Latest technologies in terms of software and hardware are investigated and implemented to have intelligent and advance robots for different operations in the disaster-prone areas and war field. This paper proposed the robotic technologies being used in disaster management and war field spying. Our robot is equipped metal detector, fire sensor, gas sensor as well as a camera for live streaming and still capture. The robot is controlled manually with the self-design controller wirelessly. In the proposed scheme, the robot will continuously send the GPS coordinates to authenticate mobile phone via SMS. The warning SMS will be sent if metal, fire, or gas are detected along with their coordinates. The camera data are very much secured as it has the password to access the camera network and a particular IP to access the data. The major focus of this proposed paper is on the uses of robot for spying purpose in war field and help NDRF team in the disaster-prone areas and provide a positive impact on the society. © 2022 Elsevier B.V., All rights reserved.","Gps Tracking; Gsm Services; Payload; Spy Robot; Cameras; Disaster Prevention; Global Positioning System; Global System For Mobile Communications; Intelligent Robots; Machine Design; Disaster Management; Gps Tracking; Gsm Service; Human Intervention; Latest Technology; Military Force; Modern Technologies; Payload; Rescue Operations; Spy Robot; Disasters","Conference paper","Final","","Scopus","2-s2.0-85135028232"
"C., Constantinou, Christina; N.R., Payne, Nicola R.; O.B.A., van den Akker, Olga B.A.; B.P.D., Inusa, Baba Psalm Duniya","Constantinou, Christina (56118360800); Payne, Nicola R. (35894217700); van den Akker, Olga B.A. (6701810256); Inusa, Baba Psalm Duniya (8562039200)","56118360800; 35894217700; 6701810256; 8562039200","A qualitative exploration of health-related quality of life and health behaviours in children with sickle cell disease and healthy siblings","2023","Psychology and Health","38","1","","125","146","0","9","10.1080/08870446.2021.1955119","https://www.scopus.com/inward/record.uri?eid=2-s2.0-85111902554&doi=10.1080%2F08870446.2021.1955119&partnerID=40&md5=8dace10e226697dd68f1a97ca22bdb04","Objectives: This study explored the health-related quality of life (HRQL) and health behaviours of children with sickle cell disease (SCD) and healthy siblings, drawing on Gap theory, which suggests HRQL is the discrepancy between current and ideal selves. Design: Thirty-two interviews, facilitated by children’s drawings of their current and ideal selves were thematically analysed. Results: Two themes were identified. First, limitations of SCD and adjusted expectations. Children with SCD report some discrepancy in HRQL as they would like to participate in more physical activity, but overall, they appear to have normalised their condition and adjusted their expectations in the context of the limits of their condition. Healthy siblings worry about their sibling and have greater expectations about engaging in adventurous activities and for their future. Second, coping with SCD. Children have limited social support, although children with SCD seek support from their mothers. They also modify health behaviours, like reducing exercise to help prevent and cope with sickle-related pain. Conclusion: Children have some discrepancies in their HRQL but adjusted expectations among children with SCD may reduce discrepancy. Adapting health behaviours may help to cope with SCD but it is important that reductions in physical activity do not impair HRQL. © 2023 Elsevier B.V., All rights reserved.","Children; Chronic Illness; Health Behaviour; Health-related Quality Of Life; Physical Activity; Qualitative Methods; Child; Female; Health Behavior; Health Status; Human; Quality Of Life; Sibling; Sickle Cell Anemia; Anemia, Sickle Cell; Child; Female; Health Behavior; Health Status; Humans; Quality Of Life; Siblings","Article","Final","","Scopus","2-s2.0-85111902554"
"X., Zhang, Xinfeng; B., Xie, Bin; S., Zhou, Shuling; X., Yang, Xuan; Y., Fan, Yiwen; R., Hu, Run; X., Luo, Xiaobing","Zhang, Xinfeng (57204531450); Xie, Bin (57203924530); Zhou, Shuling (57192640227); Yang, Xuan (59511939800); Fan, Yiwen (57204536037); Hu, Run (36350777700); Luo, Xiaobing (21834491900)","57204531450; 57203924530; 57192640227; 59511939800; 57204536037; 36350777700; 21834491900","Radially oriented functional thermal materials prepared by flow field-driven self-assembly strategy","2022","Nano Energy","104","","107986","","","0","29","10.1016/j.nanoen.2022.107986","https://www.scopus.com/inward/record.uri?eid=2-s2.0-85141246009&doi=10.1016%2Fj.nanoen.2022.107986&partnerID=40&md5=d59a8e4cd44aab286f9b64c4c8404a1d","Filler-reinforced polymer composites are widely applied in thermal management field on account of their promising heat transport ability, superior flexibility and excellent durability. Inside these composites, thermally conductive fillers are usually uniformly distributed or unidirectionally oriented in polymer matrix to improve thermal performances. However, the ever-shrinking and spatially distributed heat sources in three-dimensional, high-density packaged electronic devices have created the localized “hotspot” problem, which raises a new challenge and stricter requirement for the composite thermal materials. Inspired by the amazing radial microstructures in ginkgo leaf, we proposed a flow field-driven self-assembly strategy to fabricate functional thermal materials with radially oriented carbon fibers (CFs). To quantitively evaluate the orientation, an orientation algorithm based on microscale image identification was developed, and an evaluation criterion was proposed. The underlying orientation mechanisms of fillers under the driving of flow field were revealed by visual simulation of vacuum filtration. Thanks to the well-oriented fillers architecture, the composites demonstrated an ultrahigh in-plane thermal conductivity of 35.5 W/(m∙K) with a thermal conductivity anisotropy of 19.8, which enables rapid and efficient heat dissipation pathways towards localized hotspots. In addition, this flow field-driven self-assembly strategy provides a promising self-design ability that is expected to solve the heat dissipation of arbitrary-shape heat sources, and shed light on other application scenarios like efficient solar-thermal-electric conversion. © 2022 Elsevier B.V., All rights reserved.","Hotspot; Radially Oriented Structure; Solar-thermal-electric Conversion; Thermal Materials; Vacuum Filtration; Filled Polymers; Fillers; Polymer Matrix Composites; Self Assembly; Thermal Conductivity; Vacuum Applications; Hotspots; Localised; Oriented Structure; Radially Oriented Structure; Reinforced Polymer Composites; Solar Thermal Electric; Solar-thermal-electric Conversion; Thermal Materials; Thermal-electric Conversion; Vacuum Filtration; Flow Fields","Article","Final","","Scopus","2-s2.0-85141246009"
"A.M., Kalitenko, A. M.","Kalitenko, A. M. (57204147261)","57204147261","Studies of self-design taper algorithms for free-electron lasers with planar and helical undulators","2022","Results in Optics","9","","100305","","","0","2","10.1016/j.rio.2022.100305","https://www.scopus.com/inward/record.uri?eid=2-s2.0-85140016416&doi=10.1016%2Fj.rio.2022.100305&partnerID=40&md5=0b0a0930d51ca19dd01d38af4cbb6dd9","The article presents a numerical study of self-design taper algorithms for free-electron lasers (FELs) with planar and helical undulators. Tapering is a technique that changes the undulator parameters in order to increase the efficiency and the radiation power in FELs. Undulator tapering is one of the methods for designing multi-terawatt X-ray FELs (XFELs), which are necessary for research in the field of non-linear optics and 3D bioimaging. In this article, we study methods to optimize the taper profile K(z) that can enhance the efficiency of extracting energy from the electron beam in FELs with planar and helical undulators. Using the numerical code we apply the Kroll–Morton–Rosenbluth (KMR) model and its modification to a case of the FEL at the MAX IV Laboratory, as well as a case of the European XFEL, compare our results with previous ones and discuss the new results. The program was validated on the PAL-XFEL experiment. The application of the modified KMR method for FELs with helical undulators is also studied. © 2022 Elsevier B.V., All rights reserved.","Computational Simulations; Free-electron Laser; Tapering; X-ray","Article","Final","All Open Access; Gold Open Access","Scopus","2-s2.0-85140016416"
"Z., Moradi, Zohreh; S.S., Tavafian, Sedigheh Sadat; S.S., Kazemi, Seyedeh Somayeh","Moradi, Zohreh (57567816600); Tavafian, Sedigheh Sadat (8836384600); Kazemi, Seyedeh Somayeh (57218376001)","57567816600; 8836384600; 57218376001","Educational intervention program based on health belief model and neck pain prevention behaviors in school teachers in Tehran","2022","BMC Public Health","22","1","1501","","","0","10","10.1186/s12889-022-13873-8","https://www.scopus.com/inward/record.uri?eid=2-s2.0-85135474443&doi=10.1186%2Fs12889-022-13873-8&partnerID=40&md5=922b68ec8f0eed7651529466fac5d3a9","Background: Prevention of musculoskeletal disorders as one of the most common occupational health problems among the working population in both developed and developing countries is an important necessity and priority. The aim of this study was to evaluate the effectiveness of an educational intervention program based on the Health Belief Model (HBM) to increase awareness, perceived sensitivity, perceived severity, perceived benefits, and self-efficacy in adopting neck health-promoting behaviors in school teachers. Methods: The present study was a quasi-experimental of the randomized clinical trial that was conducted for 6 months (December 2020 to July 2021). Participants were 146 junior high school teachers were selected from 26 schools through random sampling and divided into two groups of intervention and control. The data collection instrument was the self-design questionnaire and was completed in three points of time (before, immediately, and 3 months after the intervention). The data were analyzed by software version 24 SPSS. Results: The results showed that awareness, perceived sensitivity, perceived severity, perceived benefits and barriers, and self-efficacy in adopting neck health-promoting behaviors in the intervention group increased in two points of time (immediately after the intervention and 3 months of follow-up) (P < 0.05). Conclusion: Designing and implementing an educational intervention based on HBM could affect in adopting neck health-promoting behaviors among teachers. Trial registration: IRCT20210301050542N1, 16/03/2021 first registration has been approved in Iranian Registry of Clinical Trials at (16/03/2021). © 2022 Elsevier B.V., All rights reserved.","Educational Intervention; Health Belief Model; Occupational Neck Pain; Teachers; Attitude To Health; Controlled Study; Health Belief Model; Health Education; Human; Iran; Neck Pain; Procedures; Randomized Controlled Trial; School Teacher; Health Education; Health Knowledge, Attitudes, Practice; Humans; Neck Pain; School Teachers","Article","Final","All Open Access; Gold Open Access; Green Accepted Open Access; Green Final Open Access; Green Open Access","Scopus","2-s2.0-85135474443"
"J.A.S., Paixão, Jessé A.S.; E., Sadoulet-Reboul, Emeline; E., Foltěte, Emmanuel; G., Chevallier, Gaël; S., Cogan, Scott","Paixão, Jessé A.S. (57209981435); Sadoulet-Reboul, Emeline (37104858900); Foltěte, Emmanuel (15922889800); Chevallier, Gaël (26655511500); Cogan, Scott (7006885966)","57209981435; 37104858900; 15922889800; 26655511500; 7006885966","Leveraging physical intelligence for the self-design of high performance engineering structures","2022","Scientific Reports","12","1","11640","","","0","0","10.1038/s41598-022-15229-z","https://www.scopus.com/inward/record.uri?eid=2-s2.0-85133721589&doi=10.1038%2Fs41598-022-15229-z&partnerID=40&md5=b7a136529cbc99c71b687b8897af7a81","The design of complex engineering structures largely relies on computational intelligence in the form of science-based predictive models to support design decisions. This approach requires modeling and manufacturing uncertainties to be accounted for explicitly and leads to an inescapable trade-off of performance for robustness. To remedy this situation, a novel self-design paradigm is proposed that closes the loop between the design and manufacturing processes by leveraging physical intelligence in the form of real-time experimental observations. This allows the real-time product behavior to participate in its own design. The main benefit of the proposed paradigm is that both manufacturing variability and difficult-to-model physics are accounted for implicitly via in situ measurements thus circumventing the performance-robustness trade-off and guaranteeing enhanced performance with respect to standardized designs. This paradigm shift leads to tailored design realizations which could benefit a wide range of high performance engineering applications. The proposed paradigm is applied to the design of a simply-supported plate with a beam-like absorber introduced to reduce vibrations based on an equal peaks performance criteria. The experimental setup includes a low-cost 3D printer driven by a simple decision algorithm and equipped with an online vibration testing system. The performances of a small population of self-designed plates are compared to their standardized counterparts in order to highlight the advantages and limitations of the new self-design manufacturing paradigm. © 2022 Elsevier B.V., All rights reserved.","","Article","Final","All Open Access; Gold Open Access; Green Accepted Open Access; Green Final Open Access; Green Open Access","Scopus","2-s2.0-85133721589"
"Y., Lin, Yousheng; K., Lin, Kuen–Song; N.V., Mdlovu, Ndumiso Vukile; M., Weng, Mengtzu; W., Tsai, Weichin; U.S., Jeng, U. Ser","Lin, Yousheng (57204760859); Lin, Kuen–Song (7403967484); Mdlovu, Ndumiso Vukile (57200128828); Weng, Mengtzu (8227756200); Tsai, Weichin (57837638500); Jeng, U. Ser (57154898100)","57204760859; 7403967484; 57200128828; 8227756200; 57837638500; 57154898100","De novo synthesis of a MIL-125(Ti) carrier for thermal- and pH-responsive drug release","2022","Biomaterials Advances","140","","213070","","","0","13","10.1016/j.bioadv.2022.213070","https://www.scopus.com/inward/record.uri?eid=2-s2.0-85135713350&doi=10.1016%2Fj.bioadv.2022.213070&partnerID=40&md5=af6b96b19134ba7f8247f888d9de853f","Microporous round cake-like (diameter: 900 ± 100 nm) MIL-125(Ti) carrier with a central metal (Ti) exhibiting bio-affinity and possessing a great potential to be used as drug release platform, has been synthesized in the present study. The thermal and pH responsiveness of drug delivery systems (DDS) are the most important parameters for drug release and can be provided through polymer coating techniques. The Pluronic F127 (F127) and chitosan (CH) monomers were inserted into the crystal lattice of MIL-125(Ti) carrier during the de novo synthesis process, which were subsequently loaded with doxorubicin (DOX). The results reveal particle size changes (ranged between 30 and 50 %) from the original size of the MIL-125(Ti) carrier in response to temperature and pH when the carrier reaches acid environment. The drug release profiles have been completed through self-design device, which provides for the real-time release in the DOX amounts via UV–Vis spectra. The kinetics analysis was used to evaluate the R2 values of first order, Higuchi, Korsmeyer-peppas, and Weibull fitting equations, where the Weibull fitting indicated the best R2. An increase by 59.3 % of DOX released under the acid status (pH = 5.4) was observed, indicating that the CH-MIL-125(Ti) carrier is temperature and pH responsive. Moreover, the lattice explosion resulting from the temperature increase in the range of 25–42 °C caused an increase in F127-MIL-125(Ti) by 30.8–38.3 %. The simulated SAXS/WAXS studies for the microstructures of MIL-125(Ti) based DDS at different temperatures after polymer coating (F127-MIL-125(Ti)) provide the possible mechanism of lattice explosion. As such, the responsive Ti-MOF has a highly potential for use in the applications of cancer treatment. © 2022 Elsevier B.V., All rights reserved.","Doxorubicin; Drug Delivery System; Metal Organic Frameworks; Mil-125(ti); Pluronic F127/chitosan; Saxs/waxs; Chitosan; Doxorubicin; Titanium; Chitosan; Doxorubicin; Excipients; Polymers; Titanium; Controlled Drug Delivery; Metal-organic Frameworks; Particle Size Analysis; Plastic Coatings; Targeted Drug Delivery; De Novo Synthesis; Doxorubicin; Drug Release; Drug-delivery Systems; Metalorganic Frameworks (mofs); Mil-125(ti); Pluronic F-127; Pluronic F127/chitosan; Pluronics; Saxs/waxs; Particle Size; Chitosan; Doxorubicin; Excipient; Polymer; Titanium; Chemistry; Drug Release; Ph; Small Angle Scattering; X Ray Diffraction; Chitosan; Drug Liberation; Excipients; Hydrogen-ion Concentration; Polymers; Scattering, Small Angle; Titanium; X-ray Diffraction","Article","Final","","Scopus","2-s2.0-85135713350"
"B., Sheng, Bowen; L., Ding, Li; X., Dong, Xueqiang; Y., Zhao, Yanxing; H., Guo, Hao; M.Q., Gong, M. Q.","Sheng, Bowen (57207695353); Ding, Li (55809941200); Dong, Xueqiang (57218682653); Zhao, Yanxing (56298294800); Guo, Hao (55303857200); Gong, M. Q. (7201566030)","57207695353; 55809941200; 57218682653; 56298294800; 55303857200; 7201566030","Measurements of isobaric specific heat capacity (cp) for pure trans-1,3,3,3-tetrafluoropropene and (trans-1,3,3,3-Tetrafluoropropene + 1,1,1,2-tetrafluoroethane) binary mixtures at temperatures from (231.84 to 338.68) K and pressures up to 8.2 MPa","2022","Journal of Chemical Thermodynamics","172","","106821","","","0","3","10.1016/j.jct.2022.106821","https://www.scopus.com/inward/record.uri?eid=2-s2.0-85131368523&doi=10.1016%2Fj.jct.2022.106821&partnerID=40&md5=8d11e58011c7f9a6e3f47921af874a71","Due to the increasingly serious greenhouse effect, R134a with high global warming potential (GWP) will be phased out gradually. Pure trans-1,3,3,3-Tetrafluoropropene (R1234ze(E)) and (R1234ze(E) + 1,1,1,2-tetrafluoroethane (R134a)) mixtures have become one of the most potential alternative refrigerants owing to lower GWP. The isobaric specific heat capacity (c<inf>p</inf>) is one of the most important thermophysical properties for the design of heat exchangers and the verification of the accuracy of the equation of state (EoS). In this paper, the c<inf>p</inf> of pure R1234ze(E) and (R1234ze(E) + R134a) mixtures at temperatures from (231.84 to 338.68) K was measured by a self-design flow calorimeter, and the pressures up to 8.2 MPa. A total of 160 liquid c<inf>p</inf> data are reported, including 57 data points for pure substance and 103 data points for mixtures. Uncertainties for temperature, pressure and c<inf>p</inf> were estimated to be less than 11 mK, 0.02 MPa and 1.0 %. In addition, the experimental data were compared with the pieces of literature data and the predictions of three models (Helmholtz energy EoS, Peng-Robinson (PR) EoS and corresponding states equation (CSE)). Among the three models, the Helmholtz energy EoS gives the best description, while the prediction performance of the PR EoS is the worst, especially in the low-temperature region and the near-critical region. Then, a brief investigation was performed to understand the reasons behind these discrepancies and found that the specific volume data have a significant impact on the c<inf>p</inf> prediction for PR EoS. When using the high-precision specific volume data in the c<inf>p</inf> calculation, the prediction performance of PR EoS will be significantly improved. © 2022 Elsevier B.V., All rights reserved.","(r1234ze(e)+r134a) Mixtures; Flow Calorimeter; Isobaric Heat Capacity; Modeling; R1234ze(e); Binary Mixtures; Enthalpy; Forecasting; Global Warming; Greenhouse Effect; Specific Heat; Temperature; Uncertainty Analysis; (r1234ze(e)+r134a) Mixture; Equation-of-state; Flow Calorimeter; Isobaric Heat Capacity; Isobaric Specific Heat Capacity; Modeling; Peng-robinson Equations Of State; R1234ze; R1234ze(e); Equations Of State","Article","Final","","Scopus","2-s2.0-85131368523"
"P., Ning, Pan; L., Li-Zi, Lin; W., Xin, Wang; G., Cui-Hua, Guo; J., Jin, Jing; L., Xiu-Hong, Li","Ning, Pan (57902272700); Li-Zi, Lin (57902690400); Xin, Wang (57902479900); Cui-Hua, Guo (57903525900); Jin, Jing (57903114900); Xiu-Hong, Li (57902904300)","57902272700; 57902690400; 57902479900; 57903525900; 57903114900; 57902904300","Association between paternal age at childbirth and autism spectrum disorder in offspring; 父亲生育年龄与儿童孤独症谱系障碍的相关性","2022","Chinese Journal of Contemporary Pediatrics","24","8","","863","868","0","0","10.7499/j.issn.1008-8830.2203146","https://www.scopus.com/inward/record.uri?eid=2-s2.0-85136883449&doi=10.7499%2Fj.issn.1008-8830.2203146&partnerID=40&md5=a6b67eb68f1421fe5bf2ce117c4f4df6","Objective To study the association between paternal age at childbirth and the risk of autism spectrum disorder (ASD) in offspring. Methods In this cross-sectional study, 71 children with ASD who were diagnosed in the Department of Child Healthcare in six hospitals in Guangzhou, Foshan, Beijing, Wuhan, Hangzhou, and Chongqing of China from August 2016 to March 2017 were enrolled as subjects, and 284 typically developing children matched for age, sex, and maternal age at childbirth with the ASD children served as controls. A self-design questionnaire was used to collect the data on social demography, maternal pregnancy, and delivery. The association between paternal age at childbirth and the development of ASD in offspring was evaluated by the logistic regression analysis. Results After control for demographic factors and pregnancy- and delivery-related factors, the logistic regression analysis showed that a relatively high paternal age at childbirth was significantly associated with the increased risk of ASD in offspring (OR= 1.12, 95%CI: 1.02-1.23, P<0.05). After grouping based on the paternal age, the logistic regression analysis showed that paternal age at childbirth of ≥40 years was significantly associated with the risk of ASD in offspring (before adjustment: OR=7.08, 95%CI: 1.77-28.32, P<0.05; after adjustment: OR=8.50, 95%CI: 1.71-42.25, P<0.05). Conclusions High paternal age at childbirth is significantly associated with the increased risk of ASD in offspring, and paternal age at childbirth ≥40 years may be the high-risk age group for ASD in offspring. © 2022 Elsevier B.V., All rights reserved.","Autism Spectrum Disorder; Child; Paternal Age At Childbirth; Age; Article; Autism; Child; Childbirth; China; Controlled Study; Cross-sectional Study; Demography; Female; Human; Logistic Regression Analysis; Male; Maternal Age; Obstetric Delivery; Paternal Age; Pregnancy; Progeny; Questionnaire; Sex; Adult; Risk Factor; Adult; Autism Spectrum Disorder; Child; Cross-sectional Studies; Female; Humans; Maternal Age; Paternal Age; Pregnancy; Risk Factors","Article","Final","","Scopus","2-s2.0-85136883449"
"J., Zhang, Jingxian; Y., Jian, Yinghao; J., Tong, Jun; H., Deng, Hongbing; Y., Du, Yumin; X., Shi, Xiaowen","Zhang, Jingxian (57444513100); Jian, Yinghao (57310245600); Tong, Jun (57207993564); Deng, Hongbing (35740224100); Du, Yumin (57226628710); Shi, Xiaowen (9241097900)","57444513100; 57310245600; 57207993564; 35740224100; 57226628710; 9241097900","Hollow chitosan hydrogel tube with controllable wrinkled pattern via film-to-tube fabrication","2022","Carbohydrate Polymers","287","","119333","","","0","12","10.1016/j.carbpol.2022.119333","https://www.scopus.com/inward/record.uri?eid=2-s2.0-85126549283&doi=10.1016%2Fj.carbpol.2022.119333&partnerID=40&md5=125e20c6edcb5f1f056a8cdc0f5c61c8","Due to mechanical instability, surface wrinkles form spontaneously in plants, animals and human beings for propagation and enhanced surface functionality. However, there remains tremendous challenge in mimicking such exquisite structure at a micro/nanoscale in lab. Herein, we report an approach to converting an electrodeposited chitosan hydrogel film into a hollow tube with controllable wrinkle wavelength and amplitude via soaking the film in acidic sodium dodecyl sulfate (SDS). Notably, wrinkled pattern can be controlled by a self-design device through modulating the shrinkage ratio. The resultant wrinkled hydrogel tube with adjustable wall thickness, outer diameter shows excellent mechanical strength, anti-fatigue ability, recoverability and flexibility. It is demonstrated that 2D/3D complicated hollow framework with wrinkled pattern can be customized on demand. This facile strategy not only provides a feasible approach to preparing hydrogel tube with wrinkles, but also points to possible pathways for bioengineering more complicated materials from natural polymers. © 2022 Elsevier B.V., All rights reserved.","Chitosan Hydrogel Tube; Controllable Wrinkled Pattern; Electrodeposition; Electrostatic Interaction; Soaking Strategy; Sodium Dodecyl Sulfate; Chitosan; Dodecyl Sulfate Sodium; Chitosan; Hydrogels; Sodium Dodecyl Sulfate; Chitosan; Electrodeposition; Electrodes; Hydrogels; Sulfur Compounds; Tubes (components); Chitosan Hydrogel; Chitosan Hydrogel Tube; Controllable Wrinkled Pattern; Enhanced Surface; Human Being; Hydrogel Tube; Instability Surface; Mechanical Instabilities; Soaking Strategy; Sodium Dodecyl Sulphate; Sodium Dodecyl Sulfate; Chitosan; Dodecyl Sulfate Sodium; Animal; Chemistry; Cutaneous Parameters; Hydrogel; Animals; Skin Aging; Sodium Dodecyl Sulfate","Article","Final","","Scopus","2-s2.0-85126549283"
"S., Guo, Shu; T.M., Choi, Tsan Ming; S.H., Chung, Sai Ho","Guo, Shu (57208308203); Choi, Tsan Ming (59659461600); Chung, Sai Ho (36023203100)","57208308203; 59659461600; 36023203100","Self-design fun: Should 3D printing be employed in mass customization operations?","2022","European Journal of Operational Research","299","3","","883","897","0","42","10.1016/j.ejor.2021.07.009","https://www.scopus.com/inward/record.uri?eid=2-s2.0-85112560085&doi=10.1016%2Fj.ejor.2021.07.009&partnerID=40&md5=19ea25c576aceefa7e478eaa619f2fbd","Today, in the market with ever-changing consumer preferences, three-dimensional (3D) printing is becoming an overwhelming trend. In this paper, we explore the use of 3D printing in mass customization (MC) programs. We consider the case when 3D printing brings extra self-design fun to consumers, which is highlighted in MC practices of the auto company BMW and the furniture company Poltrona Frau, and also changes the cost formula (i.e., the marginal product variety cost) of the MC product. In addition, the roles played by the risk attitudes of the MC manufacturer and consumers, consumer returns, as well as consumers’ time sensitive behaviors, are also uncovered. We find that under the case with a low consumer's willingness to pay for the traditional “ready-made product variety enjoyment” (RPVE), even the maximized product variety level and the additional self-design fun cannot make the 3D printing based MC more profitable. In addition, compared to the markets with risk-averse and risk-neutral consumers, the 3D printing based MC can increase more MRBs and a higher consumer surplus by simultaneously highlighting the high self-design fun and the high RPVE in a market with risk-seeking consumers. The high flexibility and responsiveness of 3D printing also shows its advantages in remanufacturing the consumer returned MC items and enhancing MC programs’ overall lead-time. Finally, applying 3D printing in creating molds can also help the MC manufacturer tackle demand uncertainties. These findings all provide a good reference to the application of 3D printing in MC operations. © 2022 Elsevier B.V., All rights reserved.","3d Printing; Mass Customization; Risk Attitudes; Self-design Fun; Supply Chain Management; Commerce; Computer Aided Manufacturing; Consumer Behavior; Product Design; Supply Chain Management; 3-d Printing; 3d-printing; Chain Management; Consumers' Preferences; Mass Customization; Product Variety; Risk Attitude; Self-design; Self-design Fun; Three-dimensional (3d) Printing; 3d Printers","Article","Final","All Open Access; Green Accepted Open Access; Green Open Access","Scopus","2-s2.0-85112560085"
"R.A., Nyiawung, Richard Achankeng; V.N., Erasmus, Victoria Ndinelago","Nyiawung, Richard Achankeng (57222985751); Erasmus, Victoria Ndinelago (56747806300)","57222985751; 56747806300","Ocean and Marine Stewardship in Africa: The Marine Stewardship Council Certification in Namibia and The Gambia","2022","Frontiers in Marine Science","9","","873397","","","0","5","10.3389/fmars.2022.873397","https://www.scopus.com/inward/record.uri?eid=2-s2.0-85132807011&doi=10.3389%2Ffmars.2022.873397&partnerID=40&md5=4a04e8dfa0a9ab0d16fd321132b9df65","Ocean and marine stewardship activities across different geographical areas contribute to global sustainability efforts, management, and conservation of ocean resources. The Marine Stewardship Council (MSC), through its sustainability standards and market-based mechanisms, rewards best practices for wild-caught seafood. To date, very few fisheries in Africa have participated in the MSC’s full assessment and obtained its certification. This paper explores the MSC certification scheme in the African continent by examining two case studies: the Namibian hake (Merluccius capensis and M. paradoxus) trawl and longline fishery and The Gambian sole bottom set gillnet fishery (Cynoglossus senegalenis and Synaptura cadenati). Drawing on document analysis, institutional ethnography, and extensive collaborative research with actors in these fisheries, we utilize three stewardship dimensions, i.e., Care-Knowledge-Agency, to qualitatively analyze how the MSC program provides an opportunity of actors to design ocean stewardship tools and promote fisheries sustainability in Africa. The Namibian fishery demonstrates a large-scale fishery with the adequate agency, technical knowledge, and interest in self-design improvements and stewardship, compared to The Gambian fishery, a small-scale fishery motivated to achieve certification but depends largely on external support to coordinate improvements and stewardship activities. The key motivation for Namibia and The Gambia actors to participate in the MSC’s assessment is the interest in increasing their international market access while ensuring ecosystem-based management and sustainability of the fisheries. Successful engagement with MSC requires establishing good governance structures, involvement of local actors, technical knowledge, and sufficient financial resources. The paper demonstrates the need for practitioners, government/market-actors, and academia to encourage sustainable seafood management in Africa by promoting various national and regional sustainability campaigns, environmental awareness programs and ocean stewardship initiatives. © 2022 Elsevier B.V., All rights reserved.","Africa; Msc; Namibia; Stewardship; Sustainable Fisheries; The Gambia","Article","Final","All Open Access; Gold Open Access","Scopus","2-s2.0-85132807011"
"X., Peng, Xueqing; N., Yang, Ni; C., Zhang, Chi; A.N., Walker, Anita Nyarkoa; Y., Shen, Yizhan; H., Jiang, Hua; S., Li, Sen; H., You, Hua; H., Zhou, Hua; L., Wang, Li","Peng, Xueqing (57224518221); Yang, Ni (57460157800); Zhang, Chi (57266332300); Walker, Anita Nyarkoa (57224525875); Shen, Yizhan (57480111300); Jiang, Hua (57479690700); Li, Sen (57480666800); You, Hua (40361755100); Zhou, Hua (57744978000); Wang, Li (57320844100)","57224518221; 57460157800; 57266332300; 57224525875; 57480111300; 57479690700; 57480666800; 40361755100; 57744978000; 57320844100","Cognitive Factors of Weight Management During Pregnancy Among Chinese Women: A Study Applying Protective Motivation Theory","2022","American Journal of Health Promotion","36","4","","612","622","0","4","10.1177/08901171211056607","https://www.scopus.com/inward/record.uri?eid=2-s2.0-85125904977&doi=10.1177%2F08901171211056607&partnerID=40&md5=887257337ccd81b47269df25d69221e7","Purpose: This study aimed to explore the psychological cognitive factors of weight management during pregnancy based on protective motivation theory (PMT). Design: Cross-sectional study. Setting: Participants were recruited at the Maternal and Child Health Hospital of Changzhou City, Jiangsu Province, China. Sample: A sample of 533 pregnant women was enrolled in the study. Measures: Measures was a self-design questionnaire, comprising of demographics, cognition of weight management during pregnancy, and weight management behavior during pregnancy. Analysis: Structural equation modeling was used to examine the weight management’s cognitive factors, path relationships, and the influence of maternal characteristics. Results: Self-efficacy cognition could promote gestational weight management behavior (b =.22, P <.001), but response cost cognition hindered gestational weight management (b = −.21, P <.001). Parity moderated pregnant women’s self-efficacy cognition (diff b =.24, P <.01), where the self-efficacy of nullipara promoted weight management behaviors, but the self-efficacy of multipara had no significant effect. Also, the response cost factors stably existed in primipara and multipara groups, with multipara, being positively affected by response efficacy (b =.15, P <.05). Conclusion: Findings highlight the need for psychological and cognitive interventions. Intervention strategies that focus on enabling women to correctly understand response cost and make an active response, improve self-efficacy cognition especially among primipara, and strengthening multipara’s response efficacy among pregnant are required. © 2022 Elsevier B.V., All rights reserved.","Cognitive Factors; Protective Motivation Theory; Structural Equation Modeling; Weight Management During Pregnancy; Adult; Article; Child Health; China; Chinese; Cognition; Controlled Study; Cross-sectional Study; Demographics; Drug Efficacy; Female; Human; Human Experiment; Human Tissue; Major Clinical Study; Motivation; Multipara; Nullipara; Parity; Pregnancy; Pregnant Woman; Primipara; Questionnaire; Self Concept; Structural Equation Modeling; Theoretical Study; Child; Child; Cognition; Cross-sectional Studies; Female; Humans; Motivation; Pregnancy; Pregnant Women; Surveys And Questionnaires","Article","Final","","Scopus","2-s2.0-85125904977"
"Z., Iqbal, Zafar; S., Sadiq, Saima; M.N., Sadiq, Muhammad Nasir; I., Khan, Idrees; K., Saeed, Khalid","Iqbal, Zafar (57212328466); Sadiq, Saima (59029170800); Sadiq, Muhammad Nasir (14627798100); Khan, Idrees (56124113300); Saeed, Khalid (56875271500)","57212328466; 59029170800; 14627798100; 56124113300; 56875271500","Effect of Microwave Irradiation on the Catalytic Activity of Tetragonal Zirconia: Selective Hydrogenation of Aldehyde","2022","Arabian Journal for Science and Engineering","47","5","","5841","5848","0","7","10.1007/s13369-021-05712-6","https://www.scopus.com/inward/record.uri?eid=2-s2.0-85105984387&doi=10.1007%2Fs13369-021-05712-6&partnerID=40&md5=e02e59f096bcebfccb2c507641464b9f","Tetragonal zirconia was synthesized through microwave modified method and screened for the model reaction (hydrogenation of octanal to octanol) in self-design microwave reactor in a solvent-free system. The catalyst shows microwave cooperative activity with high selectivity toward desire products. The same reaction was also performed under conventional heating system in Parr reactor. The microwave protocol was found more effective in term of conversion and selectivity under optimal reaction conditions. The enhance activity is due to enormous reducing sites production on the surface triggered by microwave irradiation. Here, the mechanism of acidic site population on the surface was comprehensively investigated and correlated with catalyst efficiency. The gas chromatographic studies revealed the formation of octanol as a major product while other small peaks reflect the formation of byproducts C16 aldol, C16 α, β-unsaturated aldehyde and C24 acetal. Thus, the tetragonal zirconia can be used for the conversion of aldehyde to alcohol under microwave irradiation efficiently. © 2023 Elsevier B.V., All rights reserved.","Aldehyde; Hydrogenation; Microwave; Zirconia","Article","Final","","Scopus","2-s2.0-85105984387"
"C., Tsai, Chihming; W., Huang, Weiju","Tsai, Chihming (58135153100); Huang, Weiju (57822572600)","58135153100; 57822572600","The Effectiveness of Extended Parallel Process Model on COVID-19 Health Promotion and Social Media Sharing Willingness","2022","ACM International Conference Proceeding Series","","","","467","472","0","0","10.1145/3535782.3535844","https://www.scopus.com/inward/record.uri?eid=2-s2.0-85135058010&doi=10.1145%2F3535782.3535844&partnerID=40&md5=546a726645c6ab99956e8b394420d7cb","This study aimed to evaluate the effectiveness of the COVID-19 health promotion poster using the Extended Parallel Process Model (EPPM) and discuss the relationship between the willingness to repost the poster by applying EPPM within the design process. Based on past studies, emotionally appealing posters that incorporate EPPM may influence viewers' health behavior, but few studies adopt the model to investigate the impact on social media sharing behavior. To discover whether EPPM is applicable to sharing the information on Instagram, eight young adults who are constantly using Instagram were interviewed to collect their opinions on comparing the two self-design COVID-19 health promotion posters. We found out that EPPM is workable on increasing COVID-19 health awareness for individuals; however, the result revealed that EPPM did not positively affect Instagram sharing willingness. Thus, although COVID-19 health promotion is essential in increasing public health awareness, most participants still preferred to share interesting information, cartoonish pictures, or personalized messages on their personal Instagram. The results can further be utilized as a reference on future Instagram health poster design and other social media applications about health posters and information sharing. © 2022 Elsevier B.V., All rights reserved.","Covid-19; Extended Parallel Process Model; Health Promotion; Social Media; Information Dissemination; Social Networking (online); Design-process; Extended Parallel Process Model; Health Awareness; Health Behaviors; Health Promotion; Parallel Process; Process-models; Self-design; Social Media; Young Adults; Covid-19","Conference paper","Final","","Scopus","2-s2.0-85135058010"
"H., Chen, Hongda; C., Chen, Chen; Y., Wang, Yanzhang","Chen, Hongda (57222114131); Chen, Chen (56381632000); Wang, Yanzhang (55993601100)","57222114131; 56381632000; 55993601100","Auto-Design of Multi-Pass Cell With Small Size and Long Optical Path Length Using Parallel Multi-Population Genetic Algorithm","2022","IEEE Sensors Journal","22","7","","6518","6527","0","10","10.1109/JSEN.2022.3151847","https://www.scopus.com/inward/record.uri?eid=2-s2.0-85125319952&doi=10.1109%2FJSEN.2022.3151847&partnerID=40&md5=309ae14a53102bdd76d5d6160cacd986","In tunable diode laser absorption spectroscopy (TDLAS), the multipass cell (MPC) that comprises two identical and coaxial spherical mirrors can provide long optical path length (OPL) and reduce the limit of system detection. We proposed an intelligent method to design MPC with long optical path length (OPL) and small size using parallel multi-population genetic algorithm (PMPGA). The developed MPCs presented the maximum mirror utilization in the same size of spherical mirrors with the diameter of 25.4 mm and 40 mm. The performance of the developed MPCs were compared with other teams. We verified the results of PMPGA and obtained a micro MPC design with an OPL of 6.3 m. The diameter of the mirror was 25.4 mm, and the distance between the two mirrors was only 30.5 mm. And the developed MPC was verified by using TDLAS, which can improve the development of portable gas sensors. © 2022 Elsevier B.V., All rights reserved.","Gas Sensor; Mpc; Optical Path Length; Small Size; Tdlas; Absorption Spectroscopy; Chemical Sensors; Gas Detectors; Laser Mirrors; Optical Sensors; Population Statistics; Gas-sensors; Intelligent Method; Long Optical Path; Multi-population Genetic Algorithm; Multipass Cell; Optical Path Lengths; Performance; Small Size; Spherical Mirror; Tunable Diode Laser Absorption Spectroscopy; Genetic Algorithms","Article","Final","","Scopus","2-s2.0-85125319952"
"W., Bao, Wenke; J., Gao, Jun; X., Chu, Xingrong; J., Liu, Junbo; W.Q., Wei, Wenqiang Qing; H., Ma, Haijian","Bao, Wenke (55533497300); Gao, Jun (55533597100); Chu, Xingrong (36611243800); Liu, Junbo (23035357000); Wei, Wenqiang Qing (48061593000); Ma, Haijian (55497980400)","55533497300; 55533597100; 36611243800; 23035357000; 48061593000; 55497980400","Process optimization and mechanism analysis on electropulse-assisted incremental forming of AZ31B magnesium alloy sheet","2022","International Journal of Advanced Manufacturing Technology","119","1-2","","329","342","0","5","10.1007/s00170-021-08214-9","https://www.scopus.com/inward/record.uri?eid=2-s2.0-85118301610&doi=10.1007%2Fs00170-021-08214-9&partnerID=40&md5=f0dc11a6b5813b7685512565f5ca5a54","Based on a self-design comprehensive experimental platform, the experimental investigation on electropulse-assisted incremental forming (EAIF) was carried out. By means of the response surface methodology, the interactive influence rules and significances of different processing parameters on formability of AZ31B sheet metal were investigated. The experimental results show that, compared to other processing parameters, the electropulse parameters are the most significant factor, and with the increase of electropulse parameters, the forming limit of sheet metal increases obviously. In addition, an interaction effect was found between the electropulse parameters and the feed rate/tool diameter, as well as between the feed rate and the step size. Through the comprehensive optimization and analysis, there was an optimal formability for sheet metal when the electropulse parameters, feed rate, step size, and tool diameter were set in 80 V/400 Hz, 800 mm/min, 0.2 mm, and 8 mm, respectively. The research on strain state shows that the linear loading mode of rectangular pyramid presents the plane strain state, while the circular loading mode in cone model presents a tendency of biaxial stretch, and the ultimate strain has reached 150%. Benefitting from the electro-plastic effect, the high-energy electropulse can promote the dynamic recrystallization and restrain the crack growth in materials, so compared with the conventional incremental forming, the EAIF under optimal processing condition can greatly improve the forming limit of AZ31B sheet metal. © 2022 Elsevier B.V., All rights reserved.","Az31b Magnesium Alloy; High-energy Electropulse; Incremental Forming; Microscopic Mechanism; Process Optimization; Ultimate Strain; Dynamic Recrystallization; Magnesium Alloys; Magnesium Printing Plates; Metals; Process Control; Sheet Metal; Strain; Az31b Magnesium Alloys; Electropulse; Energy; Feedrate; High-energy Electropulse; Incremental Forming; Microscopic Mechanisms; Processing Parameters; Step Size; Ultimate Strain; Optimization","Article","Final","","Scopus","2-s2.0-85118301610"
"Q., Yu, Qian; B., Tang, Bin; C., Huang, Chang; Y., Wei, Yadong; S., Chen, Shaojia; L., Qiu, Lin; X., Wang, Xiuku; H., Xu, Hong; Z., Sun, Zhijia; G., Wei, Guangyou","Yu, Qian (57208861980); Tang, Bin (57189366825); Huang, Chang (57208862038); Wei, Yadong (7404095038); Chen, Shaojia (55333005300); Qiu, Lin (57219226917); Wang, Xiuku (57203502554); Xu, Hong (58426825300); Sun, Zhijia (35228088800); Wei, Guangyou (57219228423)","57208861980; 57189366825; 57208862038; 7404095038; 55333005300; 57219226917; 57203502554; 58426825300; 35228088800; 57219228423","A prototype of the SiPM readout scintillator neutron detector for the engineering material diffractometer of CSNS","2022","Nuclear Engineering and Technology","54","3","","1030","1036","0","11","10.1016/j.net.2021.09.014","https://www.scopus.com/inward/record.uri?eid=2-s2.0-85115965371&doi=10.1016%2Fj.net.2021.09.014&partnerID=40&md5=05a1cc91b91baa7e4214573be6f07d0e","A high detection efficiency thermal neutron detector based on the 6LiF/ZnS(Ag) scintillation screens, wavelength-shifting fibers (WLSF) and Silicon photomultiplier (SiPM) readout is under development at China Spallation Neutron Source (CSNS) for the Engineering Material Diffractometer (EMD).A prototype with a sensitive volume of 180mm×192mm has been built. Signals from SiPMs are processed by the self-design Application Specific Integrated Circuit (ASIC). The performances of this detector prototype are as follows: neutron detection efficiency could reach 50.5% at 1 Å, position resolution of 3, the dark count rate <0.1Hz, the maximum count rate >200KHz. Such detector prototype could be an elementary unit for applications in the EMD detector arrays. © 2022 Elsevier B.V., All rights reserved.","Asic; Neutron Detector,6lif/zns(ag); Sipms; Wavelength-shifting Fibres","Article","Final","All Open Access; Gold Open Access","Scopus","2-s2.0-85115965371"
"Z., Feng, Zhiyuan; K., Li, Kaiwen; H., Luo, Hao; K., Wang, Kan","Feng, Zhiyuan (57218876128); Li, Kaiwen (57193851643); Luo, Hao (57224683355); Wang, Kan (55349872400)","57218876128; 57193851643; 57224683355; 55349872400","Micro cross-section parameterization based on RMC code; 基于RMC的微观截面参数化","2022","Qiangjiguang Yu Lizishu/High Power Laser and Particle Beams","34","2","026006","","","0","1","10.11884/HPLPB202234.210309","https://www.scopus.com/inward/record.uri?eid=2-s2.0-85123937194&doi=10.11884%2FHPLPB202234.210309&partnerID=40&md5=793e06a1012e4ab9abae1492501e4731","To perform realistic core calculations, few-group neutron cross-sections library by functions of burn-up and thermal hydraulics parameters should be prepared in advance. Traditional deterministic parameterization process is based on the macro cross-section. However, this method should consider the historical effect of some physical states, which increases the number of calculation branches. Thus, this paper proposes a new parameterization process based on the micro cross-section of nuclide. This method effectively eliminates the historical impact. Therefore, only burn-up and material temperature need to be considered. The calculation process is performed by RMC code. Firstly, all of material nuclides micro cross-section and nuclides density is calculated. Then, macro cross-section is obtained by the micro cross-section lib. To test the method accuracy, a self-design pressurized water reactor model is built. The test results agree well with the reference results calculated by RMC full core calculation. © 2022 Elsevier B.V., All rights reserved.","Burn-up; Cross-section Parameterization; Effective Multiplication Factor; Few-group Micro Cross-section; Rmc","Article","Final","","Scopus","2-s2.0-85123937194"
"H., Francke, Helena","Francke, Helena (6602717677)","6602717677","Trust in the academy: a conceptual framework for understanding trust on academic web profiles","2022","Journal of Documentation","78","7","","192","210","0","7","10.1108/JD-01-2021-0010","https://www.scopus.com/inward/record.uri?eid=2-s2.0-85115200855&doi=10.1108%2FJD-01-2021-0010&partnerID=40&md5=631bd2cbf3bcbc7b9e82d97b1f9ce809","Purpose: Institutional and commercial web profiles that provide biobibliographic information about researchers are used for promotional purposes but also as information sources. In the latter case, the profiles' (re)presentations of researchers may be used to assess whether a researcher can be trusted. The article introduces a conceptual framework of how trust in researchers may be formed based on how the researchers' experiences and achievements are mobilized on the profiles to tell a multifaceted story of the “self.” Design/methodology/approach: The framework is an analytical product which draws on theories of trust as well as on previous research focused on academic web profiles and on researchers' perceptions of trust and credibility. Two dimensions of trust are identified as central to the theoretical construction of trust, namely competence and trustworthiness. Findings: The framework outlines features of profile content and narrative that may influence the assessment of the profile and of the researcher's competence and trustworthiness. The assessment is understood as shaped by the frames of interpretation available to a particular audience. Originality/value: The framework addresses the lack of a trust perspective in previous research about academic web profiles. It provides an analysis of how potential trust in the researcher may be formed on the profiles. An innovative contribution is the acknowledgement of both qualitative and quantitative indicators of trustworthiness and competence, including the richness of the story told about the “self.” © 2021 Elsevier B.V., All rights reserved.","Academia.edu; Academic Social Networking Sites; Academic Web Profiles; Cognitive Authority; Credibility; Framework; Researchers; Researchgate; Trust","Article","Final","All Open Access; Green Accepted Open Access; Green Open Access; Hybrid Gold Open Access","Scopus","2-s2.0-85115200855"
"S.A., Ghoreyshi, Seyyed Ali; S., Firouzi, Saeed; S., Marzban, Soroush; M., Radgoudarzi, Mahyar","Ghoreyshi, Seyyed Ali (58316932500); Firouzi, Saeed (36805561100); Marzban, Soroush (57191414597); Radgoudarzi, Mahyar (58316485800)","58316932500; 36805561100; 57191414597; 58316485800","Rice Seedling Nursery: The new approach to develop local small enterprises; Vivero de Plántulas de Arroz: un nuevo enfoque para desarrollar pequeñas empresas locales","2022","Idesia","40","4","","113","123","0","3","10.4067/S0718-34292022000400113","https://www.scopus.com/inward/record.uri?eid=2-s2.0-85162171309&doi=10.4067%2FS0718-34292022000400113&partnerID=40&md5=2b182d6c745a96686490e0cf366a1dbd","Farmland fragmentation is a significant factor influencing the sustainability of crop production. In this respect, the development of rice seedling nursery centers (RSNC) is an underlying and key strategy to keep the sustainability of rice production in small paddies. The development of RSNCs aims to reduce production costs, facilitate the seedling nursery process, and contribute to producing healthy and rigorous rice seedlings that are appropriate to be planted by transplanters. The present research explored the factors influencing the development of these support centers in Guilan province, Iran using an interview and survey methodology. The statistical population was composed of 34 executives of RSNCs across Guilan province. Data were collected by in-depth face-to-face interviews with the research panel using a self-design questionnaire. They were then analyzed statistically. The final results show that the managerial-policymaking, knowledge-skill, and economic factors were the most to least important factors influencing the development of RSNCs in the study site. So, to ensure the sustainability of rice production, especially in small-scale paddies, the organizations in charge of rice production must consider ‘developing and enforcing efficient insurance regulations’. ‘Technically supporting RSNCs via the production of high-quality paddy seeds with optimal purity, ‘’enhancing the technicalskill knowledge of RSNC executives via holding technical training courses,’ ‘forcing RSNCs to use the technical supervision of experts’, and ‘supporting the suppliers of high-quality seedling boxes and substrate’. © 2023 Elsevier B.V., All rights reserved.","Greenhouse Seedling Nursery; Paddy; Paddy Farming; Rice Seedling; Transplanting","Article","Final","All Open Access; Gold Open Access","Scopus","2-s2.0-85162171309"
"P., Duan, Peihu; J., Qian, Jiachen; Y., Lv, Yuezu; T., Liu, Tao","Duan, Peihu (57196191024); Qian, Jiachen (57326815500); Lv, Yuezu (56927487200); Liu, Tao (56789293100)","57196191024; 57326815500; 56927487200; 56789293100","Self-Organization Cooperative Output Regulation","2022","","","","","998","1003","0","1","10.1109/ICUS55513.2022.9986537","https://www.scopus.com/inward/record.uri?eid=2-s2.0-85146492414&doi=10.1109%2FICUS55513.2022.9986537&partnerID=40&md5=86e2e21cf7ff47d86abfe46779ffbab5","Cooperative behavior design of networked systems is an important research issue to promote swarm intelligence. This paper investigates cooperative output regulation for a multi-channel system with multiple agents communicating in a network, where each channel is managed by an agent. It is expected that each agent can self-design and self-exert its input on the multi-channel system based only on local system information and local interaction with neighbors. To address this problem, a novel cooperative output regulation framework is first proposed. Then, all regulator gains for each agent are designed in a fully distributed way. In this sense, each agent can self-determine its behavior to fulfill the collective task. Finally, the effectiveness of the theoretical results is elucidated by some numerical simulation examples. © 2023 Elsevier B.V., All rights reserved.","Cooperative Output Regulation; Distributed Control; Multi-agent System; Self-organization; Behavioral Research; Cooperative Communication; Distributed Parameter Control Systems; Behavior Design; Co-operative Behaviors; Cooperative Output Regulation; Distributed-control; Multichannel System; Multiple Agents; Networked Systems; Output Regulation; Research Issues; Self Organizations; Multi Agent Systems","Conference paper","Final","","Scopus","2-s2.0-85146492414"
"R.M., Rooij, Remon Michel; S.C., Mooij, Sylvia C.","Rooij, Remon Michel (55576345200); Mooij, Sylvia C. (57216041572)","55576345200; 57216041572","HEALTHY CHALLENGING DESIGN EDUCATION FOR ENGINEERS","2022","Proceedings of the International CDIO Conference","","","","778","792","0","2","","https://www.scopus.com/inward/record.uri?eid=2-s2.0-85145908609&partnerID=40&md5=016199cce7756b93ac567d07638fe8a2","Teaching design skills to engineering students has long been one of the main building blocks of the bachelor curriculums at the TU Delft faculties of Industrial Design Engineering and Architecture & the Built Environment. We observe that our students achieve high-level (design) competencies during their study time at TU Delft. But we also observe that design education goes together too often with over-aroused students and ambitious teachers, leading too often to higher levels of student stress. With the support of the Dutch 4TU Centre for Engineering Education, we asked first-year bachelor IDE and ABE design students about their perceived levels of arousal and the factors within the design education learning environment, which contribute to a positive or negative study experience. This paper will show our understanding of our design education pedagogies, our model of spheres of influence, and potential coping strategies for students and tutors. We indicate five spheres of influence for our design students: the student self, design tutors, classmates, the learning environment, and society at large. Each sphere consists of various potentially stressful factors. The coping strategies we propose focus on helping students to find ways to become aware of their feelings and thoughts, the meaning they give to them, and the kinds of behaviors and (short-term and long-term) consequences which follow from there. We also emphasize the role of the community of teachers and students to help individual students assess those (potentially) stressful situations constructively. © 2023 Elsevier B.V., All rights reserved.","Coping Strategies; Design Education; Health; Self-leadership; Standards: 8, 9; Workload","Conference paper","Final","","Scopus","2-s2.0-85145908609"
"A., Manavis, Athanasios; N., Efkolidis, Nikolaos; K.G., Kakoulis, Konstantinos G.; P., Kyratsis, Panagiotis","Manavis, Athanasios (56472840400); Efkolidis, Nikolaos (55229524400); Kakoulis, Konstantinos G. (6602251869); Kyratsis, Panagiotis (35174532500)","56472840400; 55229524400; 6602251869; 35174532500","THE “DO-IT-YOURSELF (DIY)” BRAND DESIGN STRATEGY THROUGH COMPUTATIONAL DESIGN TOOLS","2022","International Symposium on Graphic Engineering and Design","","","","687","696","0","3","10.24867/GRID-2022-p75","https://www.scopus.com/inward/record.uri?eid=2-s2.0-85142802981&doi=10.24867%2FGRID-2022-p75&partnerID=40&md5=37193b44386031dc09ac8a394829926b","The three-dimensional form of a product is a key element in the development of a brand identity through the computational design methodology. Brand identity has an in-depth relationship with the object’s shape and product assembliness. In traditional mass production design methodologies, designers encode specific parameters into design rules that aren’t used by end-users to customize their own products. The “Do-It-Yourself (DIY)” process enable users to express themselves through the design thinking approach. Self-design is a form of co-creation between designer's knowledge and customer's skills according to the branded product design parameters. Under this statement, the object’s geometrical form and the product assembliness are fundamental principles in the promotion of a holistic design identity to the industry and to the market. The current paper combines the use of computational design with specific parameters of DIY bookcase/desk (i.e., height, length, width, number of shelves, etc.) in order to develop a generative design system for the mass customization of DIY bookcases/desks alternatives. The results from the end-user application offer, automatically alternatives 3D models under the ""Do-It-Yourself"" brand umbrella. © 2022 Elsevier B.V., All rights reserved.","Branding; Computational Design; Design Thinking; Do-it-yourself; Mass Customization; Self-design","Conference paper","Final","All Open Access; Green Final Open Access; Green Open Access","Scopus","2-s2.0-85142802981"
"D., Doblas, Daniel; A.J., Nebro, A. J.; M., López-Ibáñez, Manuel; J.M., García-Nieto, José M.; C.A., Coello, Carlos A.","Doblas, Daniel (57983284300); Nebro, A. J. (6508226668); López-Ibáñez, Manuel (8984461100); García-Nieto, José M. (23974337300); Coello, Carlos A. (7003514400)","57983284300; 6508226668; 8984461100; 23974337300; 7003514400","Automatic Design of Multi-objective Particle Swarm Optimizers","2022","Lecture Notes in Computer Science","13491 LNCS","","","28","40","0","6","10.1007/978-3-031-20176-9_3","https://www.scopus.com/inward/record.uri?eid=2-s2.0-85142731480&doi=10.1007%2F978-3-031-20176-9_3&partnerID=40&md5=b2d7a1692c3f08eb488ac9653daa210c","Multi-objective particle swarm optimizers (MOPSOs) have been widely used to deal with optimization problems having two or more conflicting objectives. As happens with other metaheuristics, finding the most adequate parameters settings for MOPSOs is not a trivial task, and it is even harder to choose structural components that determine the algorithm’s design. Thus, it is an open question whether automatically-designed MOPSOs can outperform the best human-designed MOPSOs from the literature. In this paper, we first design and develop a component-based architecture and an algorithmic template, called AMOPSO, for the auto-design and auto-configuration of MOPSOs using jMetal and we integrate it with irace, an automatic-configuration tool. Second, by taking as our starting point two algorithms (OMOPSO and SMPSO), we conduct a study focused on automatically generating three AMOPSO variants by using different well-known multi-objective benchmarking problem families (ZDT, DTLZ, and WFG) as training problems for automatic design, and then we analyze whether they improve upon the initial versions of the algorithms and how their components differ. Experiments show that the two AMOPSO variants obtained from using, respectively, the ZDT and DTLZ problems for training are able to statistically outperform the SMPSO and OMOPSO algorithms in all three benchmark families previously indicated. © 2024 Elsevier B.V., All rights reserved.","Particle Swarm Optimization (pso); Algorithmics; Automatic Design; Component-based Architecture; Conflicting Objectives; First Designs; Metaheuristic; Multi-objective Particle Swarm Optimizer; Optimization Problems; Parameter-setting; Structural Component; Multiobjective Optimization","Conference paper","Final","","Scopus","2-s2.0-85142731480"
"X., Mengjia, Xue; Y., Ji, Yang","Mengjia, Xue (57896885500); Ji, Yang (7402076786)","57896885500; 7402076786","A PageRank-based Collaborative Design Team Member Influence Study","2022","","","","","13","17","0","0","10.1109/ISET55194.2022.00012","https://www.scopus.com/inward/record.uri?eid=2-s2.0-85138395175&doi=10.1109%2FISET55194.2022.00012&partnerID=40&md5=7af2c84ee8e86cfba4fd2ff1ed206a01","Aiming at the lack of evaluation indicators of the influence of collaborative design team members, this paper proposes a collaborative design team member influence algorithm DesignRank that combines collaborative design behavior characteristics with PageRank. The DesignRank algorithm takes into account the two factors of self-design level and interactor's design level, and calculates the influence of group members in the collaborative design platform. The experimental results show that the DesignRank algorithm is a more comprehensive and complex method. © 2022 Elsevier B.V., All rights reserved.","Collaborative Design; Design Behavior; Member Influence; Pagerank; Behavior Characteristic; Collaborative Design; Collaborative Design Teams; Design Behaviours; Design Levels; Evaluation Indicators; Member Influence; Page Ranks; Self-design; Team Members","Conference paper","Final","","Scopus","2-s2.0-85138395175"
"G.J., Fisher, Greg J.","Fisher, Greg J. (7402440305)","7402440305","How Will Self-Manufacture and the Maker Movement Reshape Consumer Preferences?: An Exploratory Study from the 3D Printing IndustryCompanies can tap into new business opportunities presented by self-manufacture and the maker movement and potentially increase profits.","2022","Research Technology Management","65","4","","18","26","0","2","10.1080/08956308.2022.2071063","https://www.scopus.com/inward/record.uri?eid=2-s2.0-85133298390&doi=10.1080%2F08956308.2022.2071063&partnerID=40&md5=0ef13cc9cae4e65f9bd5a44d11a4393e","Overview: The rising popularity of desktop 3D printing technology (that is, consumer-grade additive manufacturing) is enabling the emergence of “makers,” which are individuals who self-manufacture their own products rather than purchase finished goods from firms. This article explores how the growing phenomenon of self-manufacture affects such individuals’ satisfaction with and willingness to pay for 3D-printed products. The study considers a factor that prior researchers of customer co-creation have identified that increases user satisfaction—namely, the sentiment of creating, which users garner from participating in self-design and self-manufacture. Using unique survey data from a university 3D printing lab, the study determined that self-manufacture has a stronger influence than co-creation on users’ willingness to pay for 3D-printed products. As a result, the findings offer preliminary evidence of the effects of self-manufacture that have implications for innovation scholars and managers who seek to understand the disruptive behavior of consumers that make their own products. © 2022 Elsevier B.V., All rights reserved.","3d Printing; Additive Manufacturing; Co-creation; Co-production; Self-design; Willingness To Pay; Additives; Consumer Behavior; Customer Satisfaction; 3-d Printing; 3d-printing; Business Opportunities; Co-creation; Co-production; Consumers' Preferences; Exploratory Studies; Printed Products; Self-design; Willingness To Pay; 3d Printers","Article","Final","","Scopus","2-s2.0-85133298390"
"J., Early, Jaye","Early, Jaye (57211684024)","57211684024","Contemporary Confessional Forms and Confessional Art","2022","Third Text","36","4","","369","382","0","0","10.1080/09528822.2022.2074197","https://www.scopus.com/inward/record.uri?eid=2-s2.0-85131637776&doi=10.1080%2F09528822.2022.2074197&partnerID=40&md5=2362bcbf19d3b9cfca94558545b0e86f","Within our twenty-first century confessional landscape, a new set of possibilities for confession has been realised which, in relation to the chronology of confessional art, expands on the political and social conditions visible in pre-millennial cultural politics. The confessional turn in postmodernity requires less of an emphasis on pre-modern frameworks of ritualised Christian confessional discourses. Taking into account the ubiquity of contemporary confessional forms (eg Facebook, Instagram, and the vlog/blogosphere), such historical terms of ritualised confession and its association to power appear almost archaic today. This article focuses on a framework of confessional art that explores a more direct mode of self-disclosure in order to examine self-representation and its relationship to subjectivity. As the boundaries between private and public space become increasingly problematised within this confessional landscape, this article posits that contemporary confessional art gives voice to displaced subjectivities to present a more complex politics of self. © 2022 Elsevier B.V., All rights reserved.","Abandoning Privacy; Contemporary Confessional Art; Fictitious Narratives; Foucault; Jaye Early; Politics Of The Self; Private And Public Space; Self-design; Self-disclosure; Subjectivity","Article","Final","","Scopus","2-s2.0-85131637776"
"L.Y., García Mendoza, Lorena Yazmín","García Mendoza, Lorena Yazmín (57207116439)","57207116439","The selfie as production and self-design","2022","Learning, Media and Technology","47","3","","386","397","0","0","10.1080/17439884.2022.2076691","https://www.scopus.com/inward/record.uri?eid=2-s2.0-85131068707&doi=10.1080%2F17439884.2022.2076691&partnerID=40&md5=a565660f304f4cb8e5ef2bc68936a76f","This article is focused on the production and design of the self by upper-secondary school students in Mexico from the standpoint of the practice of taking a selfie. Based on the observation of Instagram profiles, interviews, and a survey, I investigate the place that selfies have in the design and self-presentation of young people, paying particular attention to the epistemic practices they mobilize and the operations they carry out with social networks. The design and presentation of the self is based mainly on editing and appears as a constant exposition validated by others; this process shows that subjects are self-designed while they are a result of the design imposed by the social media platforms, so this design of the self does not call into question the hegemonic canons and hierarchies. © 2022 Elsevier B.V., All rights reserved.","Instagram; Self-design; Selfie; Social Networks; Youth","Article","Final","","Scopus","2-s2.0-85131068707"
"J., Fan, Jinwei; P., Wang, Peitong; X., Ren, Xingfei","Fan, Jinwei (26425897700); Wang, Peitong (57211094215); Ren, Xingfei (57237784700)","26425897700; 57211094215; 57237784700","A novel sensitivity analysis of translational axis operation considering key component tolerances","2022","International Journal of Advanced Manufacturing Technology","118","3-4","","1255","1268","0","4","10.1007/s00170-021-07932-4","https://www.scopus.com/inward/record.uri?eid=2-s2.0-85114944236&doi=10.1007%2Fs00170-021-07932-4&partnerID=40&md5=473bc1622bee0658d1783f624f0fb92f","At present, it is difficult to predict the operation accuracy of machine tools in the preliminary design stage. How to quantitatively reflect the contribution of tolerance on the position error of machine tool has a significant guidance for machine tool design stage. Thus, this paper presents a sensitivity analysis method based on components tolerance, which can clearly give the machine tool designer key the tolerances. Firstly, taking the translational axis as the research object, the operation accuracy model of Y-axis is established based on the homogeneous transform matrix (HTM) and multi-body system (MBS) theory. Meanwhile, the relationship between tolerances and geometric errors has been mapped by the Fourier expansion and the model of parameters have been identified by self-design simulation. As a basis, the tolerance sensitivity analysis (TSA) method based on the single-factor partial derivation is constructed to acquire the key tolerance parameters. Finally, the result of the experiment shows that the assembly tolerance of the Y-Z plane of the base, the manufacturing tolerance of the lead screw and the assembly tolerance of the X-Y plane of the carriage contribute a great deal to the position error, which needs to be strictly controlled in the future design to improve the accuracy of the machine tool. © 2021 Elsevier B.V., All rights reserved.","Geometric Error; Machine Tool; Sensitivity Analysis; Tolerance; Translational Axis; Errors; Fits And Tolerances; Lead Screws; Assembly Tolerance; Component Tolerances; Fourier Expansion; Machine Tool Design; Manufacturing Tolerances; Preliminary Design; Tolerance Sensitivity Analysis; Transform Matrices; Sensitivity Analysis","Article","Final","","Scopus","2-s2.0-85114944236"
"H., Yu, Hongfeng; Y., Ding, Yongqian; H., Xu, Huangliang; X., Wu, Xueni; X., Dou, Xianglin","Yu, Hongfeng (57201639228); Ding, Yongqian (8447734100); Xu, Huangliang (15521655900); Wu, Xueni (57216086041); Dou, Xianglin (57208796558)","57201639228; 8447734100; 15521655900; 57216086041; 57208796558","Influence of light intensity distribution characteristics of light source on measurement results of canopy reflectance spectrometers","2021","Plant Methods","17","1","107","","","0","4","10.1186/s13007-021-00804-8","https://www.scopus.com/inward/record.uri?eid=2-s2.0-85117289751&doi=10.1186%2Fs13007-021-00804-8&partnerID=40&md5=482c14f09225444a59653e8e5d0c21ad","Background: The characteristics of light source have an important influence on the measurement performance of canopy reflectance spectrometer. The size of the effective irradiation area and the uniformity of the light intensity distribution in the irradiation area determine the ability of the spectrometer to express the group characteristics of the measured objects. Methods: In this paper, an evaluation method was proposed to theoretically analyze the influence of the light intensity distribution characteristics of the light source irradiation area on the measurement results. The light intensity distribution feature vector and the reflectance feature vector of the measured object were constructed to design reflectance difference coefficient, which could effectively evaluate the measurement performance of the canopy reflectance spectrometer. By using self-design light intensity distribution test system and GreenSeeker RT100, the evaluation method was applied to evaluate the measurement results. Results: The evaluation results showed that the vegetation indices based on the arithmetic average reflectance of the measured object could be obtained theoretically only when the light intensity distribution of the light source detected by the spectrometer was uniform, which could fully express the group characteristics of the object. When the light intensity distribution of the active light source was not uniform, the measure value was difficult to fully express the group characteristics of the object. And the measured object reflectance was merely the weighted average value based on the light intensity distribution characteristics. Conclusions: According to the research results of this paper, sunlight is the most ideal detection light source. If the passive light source spectrometer can improve the measurement method to adapt to the change of sunlight intensity, its measurement performance will be better than any active-light spectrometer. © 2021 Elsevier B.V., All rights reserved.","Canopy Reflectance Spectrometer; Greenseeker; Irradiation Characteristics; Ndvi","Article","Final","All Open Access; Gold Open Access; Green Final Open Access; Green Open Access","Scopus","2-s2.0-85117289751"
"A., Moosivand, Asiye; M., Rangchian, Maryam; L., Zarei, Leila; F., Peiravian, Farzad; G., Mehralian, Gholamhossein; S.H.A., Sharifnia, Seyed Hesam Aldin","Moosivand, Asiye (57193228113); Rangchian, Maryam (55293748000); Zarei, Leila (57205032409); Peiravian, Farzad (56047933800); Mehralian, Gholamhossein (54889094600); Sharifnia, Seyed Hesam Aldin (57195723943)","57193228113; 55293748000; 57205032409; 56047933800; 54889094600; 57195723943","An application of multi-criteria decision-making approach to sustainable drug shortages management: evidence from a developing country","2021","Journal of Pharmaceutical Health Care and Sciences","7","1","14","","","0","11","10.1186/s40780-021-00200-3","https://www.scopus.com/inward/record.uri?eid=2-s2.0-85103821590&doi=10.1186%2Fs40780-021-00200-3&partnerID=40&md5=481902cc346cc7c7bdfa495a883a7f97","Background: Drug shortage is a significant public health problem, especially for drugs related to life threatening conditions. Almost all countries affected by variety of supply problems and spent a considerable amount of time and resources responding to shortage. The aim of present study is to determine and prioritize strategies to achieve best solutions for these considerable healthcare system challenges and to evaluate this strategies base on practical criteria. Methods: To achieve the study objectives, the research was conducted in two phases. Determining of the strategies to control drug shortage, and comprehensive assessments of priority of possible strategies. For each phase, a self-design questionnaire was developed. The five main managerial strategies dimensions including: regulatory, financial, supply chain, information system and policy-making were set out. Forty-five alternatives were elicited from literature, and were evaluated and trimmed to 37 strategies based on experts’ opinion. The Multiple criteria decision-making (MCDM) methods were applied in second phase. Five important criteria including cost, time, labor, compliance with law and culture were weighed by Analytic Hierarchy Process (AHP) technique. Then, 37 alternatives have been rated base on the five criteria on the Technique for Order of Preference by Similarity to Ideal Solution (TOPSIS) technique. Results: “Creating integrated Supply chain information system to manage medicines inventory in the country”, “Creating and using the databases to predict the shortage of medicines”, “Using track and trace system” are alternatives 20th, 24th and 25th, which related to supply chain (SC) and information system (IS) dimensions have higher priority in the experts’ point of view. The results show IS dimension has 100 percentage of priority; following that policy and supply chain have higher priority, respectively. Conclusion: Health systems rely on consistent supplying of pharmaceuticals to support patient care. The results show that information system, policy-making and supply chain are in the top-ranking priorities. Warning system needs to be improved to the advance system via better collaboration with stakeholders, publish precise and explicit national guidelines for drug shortage management, enforce the guidelines, and improve Iran FDA’s pharmaceutical market control capability. © 2021 Elsevier B.V., All rights reserved.","Drug Shortage; Iran; Multi-criteria Decision-making; Pharmaceutical Policy; Supply Chain Management; Article; Developing Country; Drug Marketing; Drug Shortage; Financial Management; Health Care Availability; Health Care Cost; Health Care Policy; Health Care System; Hospital Information System; Human; Legal Aspect; Multicriteria Decision Analysis; Practice Guideline; Priority Journal; Questionnaire; Self Design Questionnaire","Article","Final","All Open Access; Gold Open Access; Green Final Open Access; Green Open Access","Scopus","2-s2.0-85103821590"
"A., Qadir, Afreen; T., Mukhtar, Tehreem; Q., Ul-Ain, Qurat; I.A., Ghafoor, Iqra Abdul; S., Rafique, Saba; H.S., Noor, Hafiza Shabnum","Qadir, Afreen (57458176300); Mukhtar, Tehreem (57221780441); Ul-Ain, Qurat (59964849300); Ghafoor, Iqra Abdul (57667268800); Rafique, Saba (57355882200); Noor, Hafiza Shabnum (57458739300)","57458176300; 57221780441; 59964849300; 57667268800; 57355882200; 57458739300","Usage of Outcome Measuring Tools and Treatment Protocols of Bell's Palsy by Physical Therapists","2021","Medical Forum Monthly","32","10","","220","223","0","0","","https://www.scopus.com/inward/record.uri?eid=2-s2.0-85124903286&partnerID=40&md5=04bea22a9dae577a6e27e2b14cc5c105","Objective: To evaluate usage of measuring tools and treatment protocols of Bell's palsy by physical therapists. Study Design: Cross-sectional study Place and Duration of Study: This study was conducted through online survey in many cities of Pakistan. Data was collected in 6 months from 15 January 2020 to 15 June 2020. Materials and Methods: All the Physiotherapists who had minimum one-year experience in clinical practice were included in the study. Self-design questionnaire which was made by the pilot project run circulate online for the data collection. Recorded values were analyzed by SPSS 26. Results: The research was conducted on 300 PTs, within which 55% were male and 45% were females. The mean of PT's age was 34 years and standard deviation was ±5.71. 181(51.7%) PTs were doing only clinical practice whereas remaining 119(39.67%) were doing academic along with clinical practice. 30.67% PTs were implementing Evidence-based Practice(EBP) daily while 21%, 38.3%, and 10% were implementing Once in a week, Twice in a week and Monthly respectively. 75% PT's patients show better recovery when they implement EBP on the treatment of Bell's palsy. Out of 300, 40(13.33%) PTs respond that the patients of Bell's palsy show recovery after implement EBP in two weeks, 80(26.67%), 128(42.67%), 52(17.3%) PT's patients show recovery in 4 weeks, 6 weeks and 8 weeks respectively. 39.3% therapists are using sunny brook facial grading system for the assessment and treatment of Bell's palsy. 15%, 11.67% and 34% are using House Brackman, Sydney and other facial nerve grading system respectively. Conclusion: The study concluded that by the usage of standardized and valid measuring tools along with EBP implementation in the assessment and treatment, the patients of Bell's palsy show better prognosis. © 2022 Elsevier B.V., All rights reserved.","Assessment; Attitude; Bell's Palsy; Diagnosis; Knowledge; Physical Therapists; Physiotherapy; Practice; Adult; Article; Bell Palsy; Clinical Practice; Clinical Protocol; Cross-sectional Study; Disease Assessment; Evidence Based Practice; Facial Nerve; Female; Human; Major Clinical Study; Male; Outcome Assessment; Pakistan; Physical Therapy Education; Physiotherapist; Prognosis; Questionnaire; Treatment Outcome","Article","Final","","Scopus","2-s2.0-85124903286"
"J., Yu, Jiangmiao; B., Zhang, Binhui; P., Long, Peiqi; B., Chen, Bo; F., Guo, Feng","Yu, Jiangmiao (9267803800); Zhang, Binhui (57304207600); Long, Peiqi (57304057100); Chen, Bo (57747538600); Guo, Feng (57201821638)","9267803800; 57304207600; 57304057100; 57747538600; 57201821638","Optimizing the texturing parameters of concrete pavement by balancing skid-resistance performance and driving stability","2021","Materials","14","20","6137","","","0","8","10.3390/ma14206137","https://www.scopus.com/inward/record.uri?eid=2-s2.0-85117614689&doi=10.3390%2Fma14206137&partnerID=40&md5=d64868113dc2762ddfcbd8e777aee49e","Curved texturing is an effective technique to improve the skid-resistance performance of concrete pavements, which relies on the suitable combination of the groove parameters. This study aims to optimize these parameters with the consideration of skid-resistance performance and driving stability. A pressure film was adopted to obtain the contact stress distribution at the tire– pavement interface. The evaluated indicator of the stress concentration coefficient was established, and the calculation method for the stationary steering resistance torque was optimized based on actual tire–pavement contact characteristics. Test samples with various groove parameters were prepared use self-design molds to evaluate the influence degree of each groove parameter at different levels on the skid-resistance performance through orthogonal and abrasion resistance tests. The results showed that the groove depth and groove spacing had the most significant influence on the stress concentration coefficient and stationary steering resistance torque, respectively, with the groove depth having the most significant influence on the texture depth. Moreover, the driving stability and durability of the skid-resistance performance could be balanced by optimizing the width of the groove group. After analyzing and comprehensively comparing the influences of various parameters, it was found the parameter combination with width, depth, spacing, and the groove group width, respectively, in 8 mm, 3 mm, 15 mm, and 50 mm can balance the skid-resistance performance and driving stability. The actual engineering results showed that the R2 of the fitting between the stress concentration coefficient and SFC (measured at 60 km/h) was 0.871, which proved the effectiveness of the evaluation index proposed in this paper. © 2021 Elsevier B.V., All rights reserved.","Abrasion Test; Groove Parameters; Orthogonal Test; Skid-resistance Performance; Abrasion; Concrete Pavements; Erosion; Friction; Skid Resistance; Stability; Textures; Abrasion Tests; Concentration Coefficients; Driving Stability; Groove Depth; Groove Parameters; Orthogonal Test; Performance Stability; Resistance Torques; Skid Resistance Performance; Tire Pavement; Stress Concentration","Article","Final","All Open Access; Gold Open Access; Green Final Open Access; Green Open Access","Scopus","2-s2.0-85117614689"
"Y., Zhu, Yijun; Y., Xie, Yang; N., Bai, Ningfeng; X., Sun, Xiaohan","Zhu, Yijun (57218413812); Xie, Yang (57200036354); Bai, Ningfeng (8944123500); Sun, Xiaohan (8663470400)","57218413812; 57200036354; 8944123500; 8663470400","Inverse design of a microstrip meander line slow wave structure with xgboost and neural network","2021","Electronics (Switzerland)","10","19","2430","","","0","9","10.3390/electronics10192430","https://www.scopus.com/inward/record.uri?eid=2-s2.0-85116398629&doi=10.3390%2Felectronics10192430&partnerID=40&md5=73fb750497da40c77bc3de36965e181b","We present a new machine learning (ML) deep learning (DL) synthesis algorithm for the design of a microstrip meander line (MML) slow wave structure (SWS). Exact numerical simulation data are used in the training of our network as a form of supervised learning. The learning results show that the training mean squared error is as low as 5.23 × 10−2 when using 900 sets of data. When the desired performance is reached, workable geometry parameters can be obtained by this algorithm. A D-band MML SWS with 20 GHz bandwidth at 160 GHz center frequency is then designed using the auto-design neural network (ADNN). A cold test shows that its phase velocity varies by 0.005c, and the transmission rate of a 50-period SWS is greater than-5 dB with the reflectivity below −15 dB when the frequency is from 150 to 170 GHz. Particle-in-cell (PIC) simulation also illustrates that a maximum power of 3.2 W is reached at 160 GHz with 34.66 dB gain and output power greater than 1 W from 152 to 168 GHz. © 2021 Elsevier B.V., All rights reserved.","D-band; Deep Learning (dl); Machine Learning (ml); Microstrip Meander Line Slow Wave Structure (mml-sws)","Article","Final","All Open Access; Gold Open Access; Green Accepted Open Access; Green Open Access","Scopus","2-s2.0-85116398629"
"A.I.S., Hamdani, Aam I.S.; A., Suherman, Amay","Hamdani, Aam I.S. (56069482700); Suherman, Amay (57216392360)","56069482700; 57216392360","Self-design project based learning: An alternative learning model for vocational education","2021","Journal of Technical Education and Training","13","3","","67","78","0","5","10.30880/jtet.2021.13.03.007","https://www.scopus.com/inward/record.uri?eid=2-s2.0-85117037563&doi=10.30880%2Fjtet.2021.13.03.007&partnerID=40&md5=56a929313581e6e4179dcb070a48c2fe","The purpose of this study was to obtain a self-design project based learning model as an alternative model to improve students skills. The design-based research and descriptive analytic was implemented using interview, Focus Group Discussion (FGD), observation and document analysis. An interview was implemented to explore the basic orientation regarding product design, FGD was utilized to obtain the characteristics of the learning model that adopted the project-based learning (PBL) and work-based learning (WBL) involving expert participants from industry practitioners, vocational school teachers (mechanical engineering) and representative from professional certification bodies. An observation was to evaluate the competency standard involved the industry partner, and document analysis was to finalize the suitability of competencies that meet the standard. The result; this study suggests an integrative composition of materials that may applicable to guide and improve students’ learning; comprises of teaching and learning guidance in the integrative composition materials that might be able to make learning industrial nuance. The concept of vocational education is expected to produce competence graduates who meet the demand from industry. An application of this model provides an opportunity for students to gain experience as an industrial workers, as well as to grasp the actual competencies needed in the workplace. © 2021 Elsevier B.V., All rights reserved.","Design Based Research; Project Based Learning; Self-design Project Based Learning; Skills Competency; Work Based Learning","Article","Final","All Open Access; Gold Open Access","Scopus","2-s2.0-85117037563"
"S.S., Gupta, Shankar S.; T.J., Taori, Trupti J.; M.Y., Ladekar, Mahesh Y.; R.R., Manthalkar, Ramchandra R.; S.S., Gajre, Suhas S.; Y.V., Joshi, Yashwant V.","Gupta, Shankar S. (56040317900); Taori, Trupti J. (57226896137); Ladekar, Mahesh Y. (57203946538); Manthalkar, Ramchandra R. (6602951844); Gajre, Suhas S. (16175114700); Joshi, Yashwant V. (7102320301)","56040317900; 57226896137; 57203946538; 6602951844; 16175114700; 7102320301","Classification of cross task cognitive workload using deep recurrent network with modelling of temporal dynamics","2021","Biomedical Signal Processing and Control","70","","103070","","","0","27","10.1016/j.bspc.2021.103070","https://www.scopus.com/inward/record.uri?eid=2-s2.0-85113280176&doi=10.1016%2Fj.bspc.2021.103070&partnerID=40&md5=cc20b0a7b2157474acc4b7f4475c7603","Cognitive workload assessment is important for optimizing multitasking abilities in the current information-rich world. A few good research studies assess cross task classification where a model trained for one task can efficiently handle other tasks. Building a reliable model for the estimation of cross task cognitive workload using electroencephalogram (EEG) signal is challenging as brain dynamics differ for various activities. The present study explores the wide visual aspects for inducing two levels of cognitive workload in the two self-design tasks. The present study addresses temporal dynamics of EEG signal using time windowing, time segment smoothing, and formation of variable duration time frames. The present study computes features from the statistical, morphological and non-linear domain for variable duration segments considering four clinical sub-bands. The neighbourhood component feature selection algorithm identifies the topmost common features of both tasks. Binary classification of cross task utilizes deep structure employing bidirectional long short-term memory (BLSTM) and LSTM. The result shows that the deep recurrent neural network (RNN) achieves the highest classification accuracy of 92.8% for the cross task in comparison to the traditional classifiers. The deep RNN also outperforms the existing literature studies for cross task classification. Result also reveals a significant improvement in classification accuracy with the usage of handcrafted features when supported by proper modelling of temporal dynamics of EEG signal. The present study exploits the capability of deep recurrent structure in handling long term dependencies of non-stationary signal and proves to be very efficient. © 2021 Elsevier B.V., All rights reserved.","Bidirectional Long Short-term Memory (blstm); Cross Task; Electroencephalogram(eeg); Visual Cognitive Load; Biomedical Signal Processing; Brain; Classification (of Information); Dynamics; Electroencephalography; Bidirectional Long Short-term Memory; Classification Accuracy; Cognitive Workloads; Cross Task; Electroencephalogram Signals; Neural-networks; Recurrent Networks; Task Classification; Temporal Dynamics; Visual Cognitive Load; Long Short-term Memory; Article; Binary Classification; Classifier; Controlled Study; Electroencephalogram; Feature Selection Algorithm; Human; Human Experiment; Neighborhood; Recurrent Neural Network; Short Term Memory; Workload","Article","Final","","Scopus","2-s2.0-85113280176"
"C., Verdon, Chantal; F., De Montigny, Francine","Verdon, Chantal (51664074400); De Montigny, Francine (6602766730)","51664074400; 6602766730","Experiences of Nurses Who Support Parents During Perinatal Death","2021","JOGNN - Journal of Obstetric, Gynecologic, and Neonatal Nursing","50","5","","561","567","0","5","10.1016/j.jogn.2021.04.008","https://www.scopus.com/inward/record.uri?eid=2-s2.0-85111611529&doi=10.1016%2Fj.jogn.2021.04.008&partnerID=40&md5=d869bc008f3d299d224a7020bb5cdff8","Objective: To describe the experience of nurses who support parents during perinatal death, particularly how perinatal death influences the nurse, how the nurse feels when caring for a suffering parent, and how the perinatal death contributes to the nurse's understanding of self. Design: Descriptive qualitative. Setting: Four regions of Quebec, Canada. Participants: Twenty-five nurses from different perinatal clinical and community backgrounds who worked with parents who experienced perinatal death. Methods: We conducted individual, semistructured interviews during which the participants were given the opportunity to describe what they felt and experienced when they supported parents who experienced perinatal death. Results: Analysis of the data showed three main themes related to the nurse's experience of perinatal death: Unrealistic Self-Expectations, Self-Denial, and Negative Self-Awareness. Conclusion: Our results suggest that during perinatal death, nurses want to feel useful and to relieve the suffering of parents. A clear understanding of this experience can help nurses to better understand their own experiences. © 2021 Elsevier B.V., All rights reserved.","Nurses’ Attitude; Nurses’ Experience; Perinatal Death; Self-awareness; Self-denial; Adult; Article; Awareness; Clinical Article; Expectation; Female; Human; Male; Nurse; Perinatal Death; Quebec; Semi Structured Interview; Child Parent Relation; Health Personnel Attitude; Nurse Attitude; Perception; Pregnancy; Qualitative Research; Attitude Of Health Personnel; Female; Humans; Nurse's Role; Nurses; Parents; Perception; Perinatal Death; Pregnancy; Qualitative Research","Article","Final","","Scopus","2-s2.0-85111611529"
"L.F., Dalla Vecchia, Luisa Félix; N.S., Medvedovski, Nirce Saffer","Dalla Vecchia, Luisa Félix (59693172600); Medvedovski, Nirce Saffer (58902562000)","59693172600; 58902562000","Social Housing Customization in Brazil","2021","","1","3","","589","601","0","7","10.3390/encyclopedia1030049","https://www.scopus.com/inward/record.uri?eid=2-s2.0-105014823653&doi=10.3390%2Fencyclopedia1030049&partnerID=40&md5=5d8daa011be31f6d7613dee92e13150d","Social housing customization in Brazil refers to the current processes of development and evolution of government-funded neighborhoods for the lowest-income population. The mass production of small housing units that do not satisfy family needs instigates a self-design and self-construction process post-occupancy to customize the units. Ultimately, these changes to the units bring unintended negative consequences for the families and the city. In this context, mass customization is seen as an alternative to address some of the problems related to unit design. © 2025 Elsevier B.V., All rights reserved.","Design Quality; Government Programs; Healthy Environments; Housing Production; Low-cost; Mass Customization; Post-occupancy; Social Housing","Article","Final","All Open Access; Gold Open Access","Scopus","2-s2.0-105014823653"
"L., Yu, Li; L., Wang, Li; Y., Liu, Yunkang; C., Sun, Chenglin; Y., Zhao, Ying; Z., Hou, Zuojun; H., Peng, Hongbo; S., Wang, Shengzhe; H., Wei, Huangzhao","Yu, Li (57212236581); Wang, Li (57291734000); Liu, Yunkang (57216674949); Sun, Chenglin (55534464900); Zhao, Ying (56532665700); Hou, Zuojun (57222586847); Peng, Hongbo (51261399200); Wang, Shengzhe (57222586709); Wei, Huangzhao (55326368600)","57212236581; 57291734000; 57216674949; 55534464900; 56532665700; 57222586847; 51261399200; 57222586709; 55326368600","Pyrolyzed carbon derived from red soil as an efficient catalyst for cephalexin removal","2021","Chemosphere","277","","130339","","","0","9","10.1016/j.chemosphere.2021.130339","https://www.scopus.com/inward/record.uri?eid=2-s2.0-85103318387&doi=10.1016%2Fj.chemosphere.2021.130339&partnerID=40&md5=ae582c1f5ba4ab5a2594db9ff92843d1","Red soil, a typical soil type in southern China, has been deemed infertile or nutrient-deficient. In this study, red soil was firstly utilized as a substrate for preparing catalysts, which were then successfully applied to the catalytic wet peroxide oxidation (CWPO) of cephalexin. The highest cephalexin removal was 95.23% and TOC removal was 60.58%, with the catalyst pyrolyzed at 500 °C (RC500). The high iron content and proportion of Fe(II) on the surface of RC500 was responsible for the decomposition of H<inf>2</inf>O<inf>2</inf> into· OH. Moreover, the porous structure and existence of other minerals (such as SiO<inf>2</inf> and Al<inf>2</inf>O<inf>3</inf>) in the catalyst were also significant for enhancing the catalytic activity of RC500. Afterwards, the influencing parameters, including temperature, pH, the dose of H<inf>2</inf>O<inf>2</inf>, and catalyst, were examined for cephalexin degradation. It was noteworthy that RC500 was efficient in treating hospital wastewater when using a self-design pilot device. A density functional theory analysis of cephalexin was conducted to establish the possible position attacked by ·OH, and the possibly ruptured one. Meanwhile, the intermediates generated during CWPO were identified. Finally, a reliable degradation pathway of cephalexin was proposed on the basis of the results. © 2021 Elsevier B.V., All rights reserved.","Catalytic Wet Peroxide Oxidation; Cephalexin; Pyrolysis; Red Soil; Carbon; Cefalexin; Ferric Ion; Hydrogen Peroxide; Iron; Silicon Dioxide; Carbon; Cephalexin; Hydrogen Peroxide; Silicon Dioxide; Soil; Alumina; Aluminum Oxide; Carbon; Catalyst Activity; Catalytic Oxidation; Density Functional Theory; Iron Compounds; Pyrolysis; Silica; Wastewater Treatment; Catalytic Wet Peroxide Oxidation; Cephalexin; Efficient Catalysts; H$-2$/o$-2$; Oh$+-$; Pyrolyzed Carbon; Red Soils; Soil Types; Typical Soils; ]+ Catalyst; Soils; Carbon; Cefalexin; Ferric Ion; Hydrogen Peroxide; Iron; Lewis Acid; Siloxane; Silicon Dioxide; Activated Carbon; Catalyst; Decomposition; Pollutant Removal; Pyrolysis; Red Soil; Analysis; Article; Catalytic Wet Peroxide Oxidation; Controlled Study; Degradation Kinetics; Density Functional Theory; Electron Spin Resonance; Environmental Temperature; Fourier Transform Ion Cyclotron Resonance Mass Spectrometry; Hospital; Hospital Waste; Human; Oxidation Kinetics; Ph; Scanning Electron Microscopy; Soil; Structure Analysis; Surface Area; Waste Water Management; X Ray Spectroscopy; Catalysis; China; Oxidation Reduction Reaction; Catalysis; Hydrogen Peroxide; Oxidation-reduction; Silicon Dioxide; Soil","Article","Final","","Scopus","2-s2.0-85103318387"
"A., Fuchs, Alexander; Y., Heider, Yousef; K., Wang, Kun; W., Sun, WaiChing; M., Kaliske, Michael","Fuchs, Alexander (57218827479); Heider, Yousef (36070710200); Wang, Kun (57188726781); Sun, WaiChing (22836941200); Kaliske, Michael (7003712085)","57218827479; 36070710200; 57188726781; 22836941200; 7003712085","DNN2: A hyper-parameter reinforcement learning game for self-design of neural network based elasto-plastic constitutive descriptions","2021","Computers and Structures","249","","106505","","","0","47","10.1016/j.compstruc.2021.106505","https://www.scopus.com/inward/record.uri?eid=2-s2.0-85101011144&doi=10.1016%2Fj.compstruc.2021.106505&partnerID=40&md5=657f23808a426eba2e324574d0fab915","This contribution presents a meta-modeling framework that employs artificial intelligence to design a neural network that replicates the path-dependent constitutive responses of composite materials sampled by a numerical testing procedure of Representative Volume Elements (RVE). A Deep Reinforcement Learning (DRL) combinatorics game is invented to automatically search for the optimal set of hyper-parameters from a decision tree. Besides the typical hyper-parameters for ANN training, such as the network topology, the size and composition of the considered training data are incorporated as additional hyper-parameters to help investigate the amount of data necessary for training and validation. The proposed meta modeling framework is able to identify hyper-parameter configurations with a weighted trade-off between prediction accuracy and computational cost. The capabilities and limitations of the introduced framework are shown and discussed via several numerical examples. Moreover, the possibility of transferring the gained knowledge of hyper-parameters among different RVE is explored in numerical experiments. © 2021 Elsevier B.V., All rights reserved.","Data-driven Computational Mechanics; Hyper-parameter Optimization; Meta-modeling; Multiscale Modeling; Neural Network Constitutive Law; Reinforcement Learning; Decision Trees; Deep Learning; Deep Neural Networks; Economic And Social Effects; Reinforcement Learning; Computational Costs; Elasto-plastic; Hyper-parameter; Network Topology; Numerical Experiments; Numerical Testing; Prediction Accuracy; Representative Volume Element (rve); Neural Networks","Article","Final","","Scopus","2-s2.0-85101011144"
"Y., Zhao, Yongzhi; J., Guo, Junlong; S., Liu, Shuai; M., Aizezi, Muyeseer; Q., Zeng, Qiong; A., Sidike, Ashenggu; R., Abliz, Raziya; A., Kudireti, Aisikaerjiang; Y., Xie, Yan; A., Taineikuli, Atikan","Zhao, Yongzhi (56809833600); Guo, Junlong (57224128673); Liu, Shuai (57203664619); Aizezi, Muyeseer (57224116989); Zeng, Qiong (57224116114); Sidike, Ashenggu (57224118840); Abliz, Raziya (57224131008); Kudireti, Aisikaerjiang (57224116393); Xie, Yan (57224117411); Taineikuli, Atikan (57224118429)","56809833600; 57224128673; 57203664619; 57224116989; 57224116114; 57224118840; 57224131008; 57224116393; 57224117411; 57224118429","Prevalence and Related Factors of Depression, Anxiety, Acute Stress, and Insomnia Symptoms Among Medical Staffs Experiencing the Second Wave of COVID-19 Pandemic in Xinjiang, China","2021","Frontiers in Public Health","9","","671400","","","0","21","10.3389/fpubh.2021.671400","https://www.scopus.com/inward/record.uri?eid=2-s2.0-85107078520&doi=10.3389%2Ffpubh.2021.671400&partnerID=40&md5=6eabaf424f82cc77a745bbf7f9f1b572","The prevalence and related factors of mental health impact among medical staffs who experienced the second wave of the COVID-19 pandemic in China is unknown. Therefore, this survey was conducted to investigate the prevalence and related factors of depressive, anxiety, acute stress, and insomnia symptoms in medical staffs in Kashi, Xinjiang, China during the second wave of the COVID-19 pandemic. A cross-sectional online survey was conducted among medical staffs working in First People's Hospital of Kashi, Xinjiang. The questionnaire collected demographic data and self-design questions related to the COVID-19 pandemic. The Impact of Events Scale-6, the Insomnia Severity Index, the Patient Health Questionnaire-9, the Generalized Anxiety Disorder Scale-7, the Perceived Social Support Scale, the Chinese Big Five Personality Inventory-15, and the Trait Coping Style Questionnaire were used to measure psychological symptoms or characteristics. Binary logistic regression was carried out to examine the associations between socio-demographic factors and symptoms of depression, anxiety, stress, and insomnia. In total, data from 123 participants were finally included, among which the prevalence rate of depressive, anxiety, acute stress, and insomnia symptoms is 60.2, 49.6, 43.1, and 41.1%, respectively. The regression model revealed that minority ethnicity, being worried about infection, spending more time on following pandemic information, and neurotic personality were positively associated with the mental health symptoms, while extraversion personality, higher education level, and better social support were negatively associated. In our study, the prevalence of mental health impact was high among medical staffs in Kashi, China who experienced the second wave of the COVID-19 pandemic. Several factors were found to be associated with mental health conditions. These findings could help identify medical staffs at risk for mental health problems and be helpful for making precise mental health intervention policies during the resurgence. Our study may pave way for more research into Xinjiang during the COVID-19 pandemic. © 2021 Elsevier B.V., All rights reserved.","Covid-19; Medical Staff; Mental Health; Pandemic; Resurgence; Anxiety; China; Cross-sectional Study; Depression; Human; Insomnia; Medical Staff; Pandemic; Prevalence; Anxiety; Covid-19; Cross-sectional Studies; Depression; Humans; Medical Staff; Pandemics; Prevalence; Sars-cov-2; Sleep Initiation And Maintenance Disorders","Article","Final","All Open Access; Gold Open Access; Green Final Open Access; Green Open Access","Scopus","2-s2.0-85107078520"
"P., Sun, Peng; J., Wu, Jiaxiang; S., Li, Songyuan; P., Lin, Peiwen; J., Huang, Junzhou; X., Li, X.","Sun, Peng (57219507057); Wu, Jiaxiang (56006394000); Li, Songyuan (56486385000); Lin, Peiwen (57211682858); Huang, Junzhou (57195386755); Li, X. (55718109600)","57219507057; 56006394000; 56486385000; 57211682858; 57195386755; 55718109600","Real-Time Semantic Segmentation via Auto Depth, Downsampling Joint Decision and Feature Aggregation","2021","International Journal of Computer Vision","129","5","","1506","1525","0","13","10.1007/s11263-021-01433-3","https://www.scopus.com/inward/record.uri?eid=2-s2.0-85101219273&doi=10.1007%2Fs11263-021-01433-3&partnerID=40&md5=785e3e0502331177d526c9dbc2a2f9a9","To satisfy the stringent requirements for computational resources in the field of real-time semantic segmentation, most approaches focus on the hand-crafted design of light-weight segmentation networks. To enjoy the ability of model auto-design, Neural Architecture Search (NAS) has been introduced to search for the optimal building blocks of networks automatically. However, the network depth, downsampling strategy, and feature aggregation method are still set in advance and nonadjustable during searching. Moreover, these key properties are highly correlated and essential for a remarkable real-time segmentation model. In this paper, we propose a joint search framework, called AutoRTNet, to automate all the aforementioned key properties in semantic segmentation. Specifically, we propose hyper-cells to jointly decide the network depth and the downsampling strategy via a novel cell-level pruning process. Furthermore, we propose an aggregation cell to achieve automatic multi-scale feature aggregation. Extensive experimental results on Cityscapes and CamVid datasets demonstrate that the proposed AutoRTNet achieves the new state-of-the-art trade-off between accuracy and speed. Notably, our AutoRTNet achieves 73.9% mIoU on Cityscapes and 110.0 FPS on an NVIDIA TitanXP GPU card with input images at a resolution of 768 × 1536. © 2021 Elsevier B.V., All rights reserved.","Computer Vision; Deep Learning; Neural Architecture Search; Real-time Semantic Segmentation; Economic And Social Effects; Semantics; Computational Resources; Feature Aggregation; Multi-scale Features; Neural Architectures; Real-time Segmentation; Real-time Semantics; Semantic Segmentation; Stringent Requirement; Signal Sampling","Article","Final","","Scopus","2-s2.0-85101219273"
"Z., Li, Zehua; R., Zou, Renjie; Y., Xu, Yang; L., Cao, Liang; G., Luo, Guangqian; H., Yao, Hong","Li, Zehua (56525523900); Zou, Renjie (57189292652); Xu, Yang (56465152000); Cao, Liang (57202879423); Luo, Guangqian (7401536260); Yao, Hong (7401677858)","56525523900; 57189292652; 56465152000; 57202879423; 7401536260; 7401677858","Kinetic Study on Continuous Sampling of Coal Char from a Micro Fluidized Bed","2021","ACS Omega","6","13","","9086","9094","0","4","10.1021/acsomega.1c00131","https://www.scopus.com/inward/record.uri?eid=2-s2.0-85106095782&doi=10.1021%2Facsomega.1c00131&partnerID=40&md5=b06221cede7b151d8914b4f5bd219cef","We self-design a micro fluidized bed reactor (MFB) with combination of an online char particle sampling system to study the kinetics of coal char combustion and gasification. The system mainly contains two parts: a micro fluidized bed and vacuum online sampling. Vientiane coal was continuously sampled from the MFB. Both combustion and gasification reactivities of the sampled chars were tested in a thermogravimetric analyzer. Kinetic parameters of the sampled char were analyzed. Char reactivity in oxy-fuel combustion in the MFB obeys the rule of decrease-increase-decrease behavior with the sampling time. Pre-exponential factor A and activation energy E of the sampled char increase with the sampling time. The gasification reactivity of the sampled char increases with the sampling time even though there is a minor decrease in an initial gasification stage. The new designed MFB combining with the online sampling system will pave the path for the investigation of gas-solid reaction evolution in the future. © 2021 Elsevier B.V., All rights reserved.","","Article","Final","All Open Access; Gold Open Access; Green Accepted Open Access; Green Open Access","Scopus","2-s2.0-85106095782"
"K., Kull, Kalevi","Kull, Kalevi (57207219065)","57207219065","Natural Selection and Self-Organization Do Not Make Meaning, while the Agent’s Choice Does","2021","Biosemiotics","14","1","","49","53","0","6","10.1007/s12304-021-09422-2","https://www.scopus.com/inward/record.uri?eid=2-s2.0-85105136897&doi=10.1007%2Fs12304-021-09422-2&partnerID=40&md5=7c94f55bffc20d5eca8ce8193537e0f5","Demonstration of illusiveness of basic beliefs of the Modern Synthesis implies the existence of evolutionary mechanisms that do not require natural selection for the origin of adaptations. This requires adaptive changes that occur independently from replication, but can occasionally become heritable. Plastic self-organizational changes regulated by genome are largely incorporable into the old theory. A fundamentally different source of adaptability is semiosis which includes the agent’s free choice. Adding semiosis into the theory of Extended Evolutionary Synthesis completes the distancing from the Modern Synthesis. I focus here on the importance of semiosis as the necessary factor in organisms’ meaning making. © 2021 Elsevier B.V., All rights reserved.","Adaptation; Biosemiotics; Evolutionary Innovations; Self-design; Semiosis; Semiotic Fitting","Note","Final","","Scopus","2-s2.0-85105136897"
"S.C., Closs-Davies, Sara C.; D.M., Merkl-Davies, Doris M.; K.P., Bartels, Koen P.R.","Closs-Davies, Sara C. (57219661879); Merkl-Davies, Doris M. (7801384243); Bartels, Koen P.R. (55599916100)","57219661879; 7801384243; 55599916100","Tax Credits as an accounting technology of government: “showing my boys they have to work, because that is what happens”","2021","Accounting, Auditing and Accountability Journal","34","3","","531","557","0","9","10.1108/AAAJ-12-2018-3798","https://www.scopus.com/inward/record.uri?eid=2-s2.0-85100013192&doi=10.1108%2FAAAJ-12-2018-3798&partnerID=40&md5=e5a9363ec2f64fa279f09408a2b153cf","Purpose: The study explores the role of accounting technologies of government (ATGs) associated with UK Tax Credits and their impact on claimants' motivations, behaviour and identities. The aim of this study is to deepen empirical and conceptual understandings of how ATGs of tax authorities transform claimants into “entrepreneurs of the self”. Design/methodology/approach: The authors approach Tax Credits (TC) as a case study to examine how ATGs articulate and operationalise neoliberal ideology through a complex network of inscription devices, expertise and locales. They adopt an ethnographic approach based on interviews, archival data and field notes to gain a deep understanding of citizens' lived experiences of ATGs when claiming Tax Credits. Findings: The authors find that ATGs play a key role in transforming TC claimants into self-disciplined “citizen-subjects” whose decisions are informed by market logic. When claiming TC, citizens interact with ATGs and are transformed into “entrepreneurs of the self” who internalise neoliberal ideology and associated beliefs and assumptions of poverty, work and the welfare state. In this process of subjectification, ATGs (re)construct their identities from welfare recipients to “responsible” and “accountable” hardworking individuals and families. However, ATGs perversely disempower claimants who lack the required human capital for becoming responsible for their own welfare, and thus ultimately maintain socio-economic inequality. Research limitations/implications: Participants were drawn from a relatively narrow geographic area. Practical implications: The authors reveal how accounting as a technology of government (dis)empowers individuals vis-à-vis the state and spurs inequality dependent on personal circumstances and calculative skills. Originality/value: The authors contribute to the accounting literature by showing how neoliberal ideology is articulated, operationalised and reinforced by dynamic and repetitive interactions with ATGs of the UK TC scheme. The study helps deepen the understanding of the processes through which socially and economically disadvantaged individuals are transformed into self-governing economic agents responsible for their own welfare. © 2021 Elsevier B.V., All rights reserved.","Accounting Technologies; Governmentality; Neoliberalism; Subjectification; Tax Credits","Article","Final","All Open Access; Green Accepted Open Access; Green Open Access","Scopus","2-s2.0-85100013192"
"M.G., Winnicki, Marcin G.; A., Wiatrowski, Artur; M., Mazur, Michal","Winnicki, Marcin G. (37462588100); Wiatrowski, Artur (8331521100); Mazur, Michal (57195431970)","37462588100; 8331521100; 57195431970","High power impulse magnetron sputtering of in2o3/sn cold sprayed composite target","2021","Materials","14","5","1228","1","15","0","8","10.3390/ma14051228","https://www.scopus.com/inward/record.uri?eid=2-s2.0-85102752290&doi=10.3390%2Fma14051228&partnerID=40&md5=0ee5120a583656f049e3e110dff91051","High Power Impulse Magnetron Sputtering (HiPIMS) was used for deposition of indium tin oxide (ITO) transparent thin films at low substrate temperature. A hybrid-type composite target was self-prepared by low-pressure cold spraying process. Prior to spraying In<inf>2</inf>O<inf>3</inf> and oxidized Sn powders were mixed in a volume ratio of 3:1. Composite In<inf>2</inf>O<inf>3</inf>/Sn coating had a mean thickness of 900 µm. HiPIMS process was performed in various mixtures of Ar:O<inf>2</inf>: (i) 100:0 vol.%, (ii) 90:10 vol.%, (iii) 75:25 vol.%, (iv) 50:50 vol.%, and (v) 0:100 vol.%. Oxygen rich atmosphere was necessary to oxidize tin atoms. Self-design, simple high voltage power switch capable of charging the 20 µF capacitor bank from external high voltage power supply worked as a power supply for an unbalanced magnetron source. ITO thin films with thickness in the range of 30–40 nm were obtained after 300 deposition pulses of 900 V and deposition time of 900 s. The highest transmission of 88% at λ = 550 nm provided 0:100 vol. % Ar:O<inf>2</inf> mixture, together with the lowest resistivity of 0.03 Ω·cm. © 2021 Elsevier B.V., All rights reserved.","Cold Spray; Composite Coating; Hipims Technique; Hybrid-type Metal–ceramic Target; Ito; Magnetron Sputtering; Mixtures; Oxide Films; Thin Films; Tin Oxides; High Power Impulse Magnetron Sputtering (hipims); High Voltage Power; High Voltage Power Supply; Indium Tin Oxide; Low Substrate Temperature; Oxygen-rich Atmospheres; Transparent Thin Film; Unbalanced Magnetron; Indium Compounds","Article","Final","All Open Access; Gold Open Access; Green Final Open Access; Green Open Access","Scopus","2-s2.0-85102752290"
"C., Lv, Cheng; S., Li, Shaolong; Y., Che, Yusi; H., Chen, Haotian; Y., Shu, Yongchun; J., He, Jilin; J., Song, Jianxun","Lv, Cheng (57214066909); Li, Shaolong (57208422812); Che, Yusi (57210912056); Chen, Haotian (57220058114); Shu, Yongchun (8451645100); He, Jilin (57197773039); Song, Jianxun (55796208400)","57214066909; 57208422812; 57210912056; 57220058114; 8451645100; 57197773039; 55796208400","Study on the molybdenum electro-extraction from MoS2 in the molten salt","2021","Separation and Purification Technology","258","","118048","","","0","25","10.1016/j.seppur.2020.118048","https://www.scopus.com/inward/record.uri?eid=2-s2.0-85096684001&doi=10.1016%2Fj.seppur.2020.118048&partnerID=40&md5=b20e7aa75c1f3730e1d5b4640922a4de","In this study, the electrochemical behavior of MoS<inf>2</inf> in NaCl-KCl eutectic system was revealed by transient electrochemical techniques, using a homemade Mo metallic cavity electrode (MCE). In order to investigate the difference between MoS<inf>2</inf> and molybdenum free ions in the molten salt, a metallic molybdenum electrode was electro-dissolved into the electrolyte in the form of molybdenum ions. The valence of molybdenum free ions was estimated to be in form of Mo6+ through the XPS analysis. The results of the electrochemical tests show that the reduction steps for MoS<inf>2</inf> in NaCl-KCl salt was two and the corresponding reduction potentials were −0.37 V and −0.65 V (vs. Pt), respectively. A three-step reduction was found while investigating molybdenum free ions and the corresponding reduction potentials were 0.15 V, −0.40 V and −0.54 V (vs. Pt), respectively. The results of electrochemical impedance spectroscopy (EIS) analysis on the MoS<inf>2</inf> pellet show a decreasing resistance with the increasing of potential. Moreover, potentiostatic electrolysis processes under different potentials were also carried out. Na<inf>2</inf>Mo<inf>3</inf>S<inf>4</inf> was found to be the intermediate product during the reduction of MoS<inf>2</inf> and Mo powder with residual sulfur content of 372 ppm was obtained as the cathode product after the electrolysis under 2.60 V for 20 h. At the same time, elemental sulfur was collected as the anodic product with a self-design condense apparatus. © 2020 Elsevier B.V., All rights reserved.","Electrolysis; Molten Salt; Molybdenum Disulfide; Molybdenum Extraction; Electrochemical Electrodes; Electrochemical Impedance Spectroscopy; Electrolysis; Electrolytes; Eutectics; Fused Salts; Layered Semiconductors; Metal Ions; Molybdenum Compounds; Potassium Compounds; Product Design; Reduction; Sodium Chloride; Sulfur; Electrochemical Behaviors; Electrochemical Techniques; Electrochemical Test; Intermediate Product; Metallic Cavity Electrode; Metallic Molybdenum; Potentiostatic Electrolysis; Reduction Potential; Molybdenum","Article","Final","","Scopus","2-s2.0-85096684001"
"S.A., Naghibi, Seyed Abolhassan; M., Moosazadeh, Mahmood; S.S., Kazemi, Seyedeh Somayeh","Naghibi, Seyed Abolhassan (55751013100); Moosazadeh, Mahmood (35771326500); Kazemi, Seyedeh Somayeh (57218376001)","55751013100; 35771326500; 57218376001","Evaluation of the Factors Associated with AIDS Prevention Performance among hairdressers based on the Theory Planned Behavior","2021","Iranian Journal of Health Sciences","9","2","","18","27","0","1","10.18502/jhs.v9i2.6569","https://www.scopus.com/inward/record.uri?eid=2-s2.0-105010700442&doi=10.18502%2Fjhs.v9i2.6569&partnerID=40&md5=99bc32f13783d37e206d4fa4a0ecd4bd","Background and Purpose: The Human Immunodeficiency Virus (HIV) include blood-borne viruses that have infected millions of people worldwide. During haircut or shaving, barbers may accidentally expose their clients’ blood, transmit their own infection to them, or transmit the infection from one client to another. Hence, the knowledge of barbers toward topics related to AIDS is of great importance. The aim of the present study was therefore to evaluate knowledge and performance of hairdressers about HIV/AIDS based on the theory of planned behavior. Materials and Methods: In this cross-sectional study, 275 hairdressers were systematically and randomly selected from five points in Sari. The data were obtained through self-design questionnaires. Data analysis was performed using SPSS 23. Results: Of the total 275 participants, 236 (85.8%) were female and 39 (14.2%) men. Among participants, 14.2% were less than 25 years of age, and 10.9% participants were more than 44 years old. According to the correlation results, there was a statistically significant relationship between the intention with knowledge, attitude, and performance score of the hairdressers. As well, a significant correlation was observed between subjective norm with knowledge, attitude, performance, and perceived behavioral control with four variables. Conclusion: The results showed that the level of hairdressers' knowledge, attitude, and performance about preventive behavior of AIDS in the workplace was optimal. Behavioral intention, subjective norms, and perceived behavioral control of hairdressers can be considered as effective factors in awareness, attitude, and performance. In spite of all that, educational programs were found to be necessary for raising hairdressers' awareness, and their performance was emphasized as one of the strata of society that deals with human health. © 2025 Elsevier B.V., All rights reserved.","Aids; Hairdressers; Knowledge; Performance; Theory Of Planned Behavior","Article","Final","All Open Access; Gold Open Access","Scopus","2-s2.0-105010700442"
"B., Tang, Bin; Z., Fan, Zhiyong; Z., Xiang, Zaiyu; Y., Wu, Yuanke; B., Huang, Bo; J., Mo, Jiliang","Tang, Bin (57212687512); Fan, Zhiyong (57215204798); Xiang, Zaiyu (57212761941); Wu, Yuanke (57206751077); Huang, Bo (57202389169); Mo, Jiliang (55455638100)","57212687512; 57215204798; 57212761941; 57206751077; 57202389169; 55455638100","Effects of Leading Edge of Friction Block on Braking Properties of High-speed Railway Brakes; 高速列车制动摩擦块切入端特征对制动界面特性的影响","2021","Zhongguo Jixie Gongcheng/China Mechanical Engineering","32","4","","412","419","0","5","10.3969/j.issn.1004-132X.2021.04.005","https://www.scopus.com/inward/record.uri?eid=2-s2.0-85102712091&doi=10.3969%2Fj.issn.1004-132X.2021.04.005&partnerID=40&md5=1c438a00305582f32aba22409bdbed14","Based on a small-scale self-design brake test bench for high-speed trains, the drag-type brake tests of triangular friction blocks were conducted with four different mounting directions. The effects of the leading edge features of friction blocks on the braking properties was investigated, and the distribution characteristics of contact pressures on block surfaces under different mounting directions were analyzed by finite element method. The potential relationship among the contact pressure distribution, thermal distribution, and vibration and noise properties was explored. The results show that the contact pressure always concentrate on the leading edges of friction surfaces in the friction braking processes. When the friction block getting two leading edges involved, i. e., one corner of the friction block firstly entering the friction area, severer concentrated stress at leading edges may be observed, which induces high-intensity vibration and noise of the brake systems as well as high temperature in partial areas of block surfaces. © 2021 Elsevier B.V., All rights reserved.","Brake System; Contact Pressure; Thermal Distribution; Vibration And Noise; Wear; Brakes; Friction; Mountings; Pressure Distribution; Railroad Cars; Railroad Transportation; Railroads; Concentrated Stress; Contact Pressure Distribution; Contact Pressures; Distribution Characteristics; Friction Surfaces; High - Speed Railways; High Speed Train (hst); Thermal Distributions; Friction Materials","Article","Final","","Scopus","2-s2.0-85102712091"
"L., Gan, Lin; Y., Chen, Yan; P., Hu, Peipei; D., Wu, Dawei; Y., Zhu, Yajuan; J., Tan, Jinlin; Y., Li, Yufen; D., Zhang, Dingmei","Gan, Lin (57216919827); Chen, Yan (59816726300); Hu, Peipei (57211392196); Wu, Dawei (57221976024); Zhu, Yajuan (57221977417); Tan, Jinlin (57221976562); Li, Yufen (57221979259); Zhang, Dingmei (57216303087)","57216919827; 59816726300; 57211392196; 57221976024; 57221977417; 57221976562; 57221979259; 57216303087","Willingness to receive sars‐cov‐2 vaccination and associated factors among chinese adults: A cross sectional survey","2021","International Journal of Environmental Research and Public Health","18","4","1993","1","11","0","53","10.3390/ijerph18041993","https://www.scopus.com/inward/record.uri?eid=2-s2.0-85100853231&doi=10.3390%2Fijerph18041993&partnerID=40&md5=88dcb54a733c5d6d29945d0d38e5fd03","Vaccination is a key strategy to prevent the pandemic caused by the coronavirus disease 2019 (COVID‐19). This study aims to investigate the willingness of Chinese adults to be vaccinated against COVID‐19 and further explore the factors that may affect their willingness. We used a self-design anonymous questionnaire to conduct an online survey via the Sojump. A total of 1009 valid questionnaires were analyzed. The age of the participants ranged from 18 to 74. Among them, 609 (60.4%, 95%CI: 57.4–63.4%) were willing to receive the severe acute respiratory syndrome corona-virus 2 (SARS‐CoV‐2) vaccine. Logistic regression analysis results showed that the age of 30‐49 (OR = 2.042, 95%CI: 1.098–3.799), universities and colleges education (OR = 1.873, 95% CI = 1.016–3.451), master degree or above education (OR = 1.885, 95%CI = 1.367–2.599), previous influenza vaccination history (OR = 2.176, 95%CI: 1.474–3.211), trust in the effectiveness of the vaccine (OR = 6.419, 95%CI: 3.717–11.086), and close attention to the latest news of the vaccine (OR = 1.601, 95%CI: 1.046–2.449) were facilitative factors that affected their willingness to be vaccinated. More than half of the adults in China would be willing to receive a SARS‐CoV‐2 vaccine. Middle‐aged people with higher edu-cation, those who had been vaccinated against influenza, and those who believed that COVID‐19 vaccine was effective and paid close attention to it were more willing to be vaccinated. Our findings can provide reference for the implementation of vaccination and the prevention of COVID‐19 in China. More studies are needed after the vaccine is launched. © 2021 Elsevier B.V., All rights reserved.","China; Covid‐19; Sars‐cov‐2 Vaccine; Vaccination; Willingness; Covid-19 Vaccines; Sars-cov-2 Vaccine; Covid-19; Epidemiology; Health Policy; Policy Implementation; Questionnaire Survey; Vaccination; Vaccine; Adult; Age; Aged; Article; Attitude To Health; Chinese; Controlled Study; Coronavirus Disease 2019; Cross-sectional Study; Drug Efficacy; Educational Status; Female; Human; Influenza Vaccination; Male; Masters Education; Personal Hygiene; Questionnaire; Trust; Vaccination Refusal; Vaccine Hesitancy; Administration And Dosage; Adolescent; China; Middle Aged; Patient Attitude; Prevention And Control; Psychology; Young Adult; Coronavirus; Adolescent; Adult; Aged; Covid-19 Vaccines; Cross-sectional Studies; Female; Humans; Male; Middle Aged; Patient Acceptance Of Health Care; Surveys And Questionnaires; Vaccination; Young Adult","Article","Final","All Open Access; Gold Open Access; Green Final Open Access; Green Open Access","Scopus","2-s2.0-85100853231"
"J., Yuan, Jia; F., You, Fengyi; C., Hou, Chunli; H., Ou, Huajie; Y., Yin, Yuan","Yuan, Jia (57195402818); You, Fengyi (57219802897); Hou, Chunli (57208275019); Ou, Huajie (58616683300); Yin, Yuan (59662562700)","57195402818; 57219802897; 57208275019; 58616683300; 59662562700","Reconstruction of Urban Wilderness Habitats Based on Vegetation Rewilding: Taking Wildflower Meadows as an Example; 基于植被再野化的城市荒野生境重建— 以野花草甸为例","2021","Landscape Architecture Frontiers","9","1","","26","39","0","9","10.15302/J-LAF-1-020041","https://www.scopus.com/inward/record.uri?eid=2-s2.0-85129766108&doi=10.15302%2FJ-LAF-1-020041&partnerID=40&md5=fa1ebdd33efd7f4461055d5daf0ec9b8","Fragments of wilderness dominated by natural succession exist in urban environments, and play a critical role in protecting biodiversity, supporting urban ecological processes, and connecting human beings with nature. Urban vegetation rewilding is a key approach to restricting urban wilderness by restoring the species composition, community structure and functions, eventually towards a self-maintained vegetation community. This paper, taking wildflower meadows as a reference, establishes a technical framework of urban vegetation rewilding by leveraging ecological flows and adopting quasi-nature design with minimum interventions. The framework covers 5 aspects, namely self-design, micro-topographic design, quasi-nature design, collaborative symbiosis design between plant community and keystone animal species, and design with natural materials. Studying the green space along the northwest lakeside of the Shuangguihu National Wetland Park in Liangping District, Chongqing, this paper provides a scientific guidance and technical paradigm for vegetation rewilding and urban wilderness restoration in the complex context of natural–artificial urban landscapes. © 2025 Elsevier B.V., All rights reserved.","Habitat; Herbaceous Communities; Rewilding; Urban Plant Landscape; Urban Wilderness; Wildflower Meadow","Article","Final","","Scopus","2-s2.0-85129766108"
"A., Ulrich, Angela; K., Helker, Kerstin; K., Losekamm, Katharina","Ulrich, Angela (57221600427); Helker, Kerstin (56100522200); Losekamm, Katharina (57221607987)","57221600427; 56100522200; 57221607987","“What Can I Be When I Grow Up?”—The Influence of Own and Others’ Career Expectations on Adolescents’ Perception of Stress in Their Career Orientation Phase","2021","Sustainability (Switzerland)","13","2","912","1","17","0","5","10.3390/su13020912","https://www.scopus.com/inward/record.uri?eid=2-s2.0-85099562538&doi=10.3390%2Fsu13020912&partnerID=40&md5=1b6126ce0ac11fc80ef60cf81854fb1b","The future that adolescents are growing up to live and work in becomes increasingly complex and vague, making job choice a moving target. Thus, adolescents develop and are confronted with a number of different options for what job they wish to take up and have to balance their own and their social environment’s job aspirations for them. Prior research has suggested including more dynamic approaches to understanding career choice and counseling. In this research, we therefore draw on the possible selves approach and aim at understanding how far imbalance between adolescents’ own and their social environments’ expectations for their vocational future will cause stress. In an online mixed-methods study, 163 adolescent participants, aged 14–22, reported their own and their parents’, teachers’, and friends’ emotions, future orientation, and perceived stress regarding the career choice. Results showed a variety of expectations for future careers held by participants and their social environment, as well as emotions regarding these expectations. Positive deactivating emotions (satisfaction and relief) negatively predicted adolescents’ stress and strain and the older and closer to final job choice participants were, the more they reported stress and strain. These findings suggest including adolescents’ social environment in the career choice process. © 2021 Elsevier B.V., All rights reserved.","Career Orientation; Future Time Perspectives; Life Design; Possible Selves; Self Design; Stress","Article","Final","All Open Access; Gold Open Access; Green Accepted Open Access; Green Open Access","Scopus","2-s2.0-85099562538"
"A., Ebrahimi, Alireza","Ebrahimi, Alireza (24293415600)","24293415600","A User Self-Design Collaborative Web System for Self-directed Health Learning: A Covid-19 Awareness Project","2021","","","","","1264","1267","0","0","10.1109/CSCI54926.2021.00258","https://www.scopus.com/inward/record.uri?eid=2-s2.0-85133923085&doi=10.1109%2FCSCI54926.2021.00258&partnerID=40&md5=523646be3d97cbb789229e2766c8ca0d","The system aims to direct the user to create their network system collaboratively for a case of Covid-19 health throughout a case study in a Web System and E-Commerce course. The framework of directed health learning is based on 7x2C content knowledge established criteria to assess the effectiveness and efficiency of the system. The self-design frame framework is plan-oriented and based on the concept of a plan and plans integrations and special relationships. The user is directed to break the system into plans and the design is to self-guide the user to build a system to comprehend, combat, coexist, cope, and trace COVID-19 with four layers of diagnostics, simulation, and pattern matching database. With the collaboration of users' systems, a fact from one user as output can be transferred to another user as an input in a circulation forming a general fact. Consequently, the transfer of learning from one system flows into another system resulting in a pattern to be found. Based on the pattern an algorithm will formulate to tackle a solution to COVID19. The implication of this study will be a guideline for others to initiate their own participant's system to find a pattern and formulate an algorithm for the pandemic. The idea of self-design and self-directed learning can be transferred to other fields of study covid-19 health. At present time, a parallel case study of goods and services on farming of Sunchoke plant has been directed with three plan themes of Grow, Eat, and Heal.) © 2022 Elsevier B.V., All rights reserved.","Algorithm; Covid -19 Health; Diagnostic System; Pattern Matching; Self Directed Learning; Self-design; System Design; Web System; Health; Learning Systems; Websites; Case-studies; Collaborative Webs; Covid -19 Health; Diagnostic Systems; Network Systems; Pattern-matching; Self-design; Self-directed; Self-directed Learning; Web System; Pattern Matching","Conference paper","Final","","Scopus","2-s2.0-85133923085"
"Q., Gao, Qiuhong; Q., Sun, Qiaoyun; B., Yuan, Bixian; Y., Liu, Yajun","Gao, Qiuhong (55616766200); Sun, Qiaoyun (34873515200); Yuan, Bixian (57577346100); Liu, Yajun (56565657900)","55616766200; 34873515200; 57577346100; 56565657900","Research on Blended Teaching Model Under the Background of Information Technology","2021","","","","","189","192","0","0","10.1109/ICISE-IE53922.2021.00051","https://www.scopus.com/inward/record.uri?eid=2-s2.0-85128303978&doi=10.1109%2FICISE-IE53922.2021.00051&partnerID=40&md5=709e19290270ecf658dcae97b97382e7","The Principle of Single-chip Computer is a comprehensive course with strong theory and practice, which is closely related to science and technology. Under the background of the continuous development of information technology, the traditional teaching model can not meet the information instruction environment and stimulate students' interest. Therefore, the author puts forward a new blended teaching model suitable for the development of new technology. This model runs through the development process of actual projects and emphasizes student-centered learning. The implementation of the course content is completed through a blended learning model combining students' online self-study and offline self-design. The characteristic of this model is to make full use of the resources of the network course platform to enable students to complete relatively simple project links independently, such as self-study of basic knowledge. In this way, the class hours saved can deepen the depth of offline practical teaching. This model has been implemented in four classes of two sessions in our school. The practice has proved that this teaching model effectively improves students' learning autonomy and ability of engineering practice. © 2022 Elsevier B.V., All rights reserved.","Asffc; Flipped Classrooms; Group Teaching; Online And Offline Blended; Project-driven; Curricula; E-learning; Learning Systems; Teaching; Asffc; Flipped Classroom; Group Teachings; Offline; Online And Offline Blended; Project-driven; Science And Technology; Single-chip Computers; Teaching Model; Theory And Practice; Students","Conference paper","Final","","Scopus","2-s2.0-85128303978"
"J., He, Jiashun","He, Jiashun (57490483200)","57490483200","A Self-design Protocol of Transport Layer to Implement File-Sharing Box","2021","","","","","705","709","0","0","10.1109/ICBASE53849.2021.00138","https://www.scopus.com/inward/record.uri?eid=2-s2.0-85126452184&doi=10.1109%2FICBASE53849.2021.00138&partnerID=40&md5=4b7222b7ee22b577a8b367db3747f036","With the development of information and computing science, file sharing is becoming a typical web-based application in our daily lives. Excellent platforms such as DropBox, Google Drive, Baidu, iCloud, and XJTLU BOX provide such management. People can install apps on PCS or smartphones to share and sync their files. However, these protocols of the transport layer are pretty complicated. It is worth remarking that if people define a simpler version of the protocol, the file transfer will be faster. To tackle this issue, this paper developed a self-design protocol to implement a file-sharing application, which can achieve the file Synchronization between multiple computers in a concise time. A self-design protocol of transport layer based on Transmission Control Protocol (TCP) is designed and applied on three virtual machines. The time it takes to transfer a file of the same size evaluates the transfer efficiency. The transport tests use small files (around 10MB) and large files (up to 3GB). The highest transmission efficiency is 19.2MB/s, respectively. Furthermore, the protocol allows for some exceptional cases, such as restarting resumes, identifying folders, and synchronizing files. The protocol does not involve multithreaded transfers across multiple computers, which may achieve in the future. © 2022 Elsevier B.V., All rights reserved.","File Sharing; Self-design Protocol; Transmission Control Protocol; Transport Layer; Data Communication Systems; Efficiency; Transmissions; Computing Science; Daily Lives; Design Protocols; File Sharing; Google+; Multiple Computers; Self-design; Self-design Protocol; Transport Layers; Web-based Applications; Transmission Control Protocol","Conference paper","Final","","Scopus","2-s2.0-85126452184"
"J., Corso, Jorge; S., Ramesh, Saidapet; K.R., Abishek, K. R.; L.T., Tan, Ley Teng; C.H., Lew, Chik Hooi","Corso, Jorge (57417293700); Ramesh, Saidapet (57417386500); Abishek, K. R. (57215330216); Tan, Ley Teng (57191407286); Lew, Chik Hooi (57417293800)","57417293700; 57417386500; 57215330216; 57191407286; 57417293800","Multi-Transition Fault Model (MTFM) ATPG patterns towards achieving 0 DPPB on automotive designs","2021","IEEE International Test Conference (TC)","","","","278","283","0","4","10.1109/ITC50571.2021.00037","https://www.scopus.com/inward/record.uri?eid=2-s2.0-85123046848&doi=10.1109%2FITC50571.2021.00037&partnerID=40&md5=bef21af6ab00d91befd53dd67fa862c6","After a continued analysis of more than a year to reduce DPPB on NXP automotive designs, it was observed that some subtle at-speed defects were not getting screened out using combination of traditional Stuck-At, Transition-Delay and Small-Delay-Defect based ATPG patterns. Traditional delay fault models for automatic test pattern generation target a single transition that propagates to the output(s) of a gate. Single Transition-Delay model finds the stimulus that can sensitize a transition on a port that, in presence of a delay defect, will result in the capture of incorrect state. Failure Analysis data confirmed that multiple transitions on inputs changed the timing of the outputs in a different way than a single transition, in the presence of subtle defect mechanisms in certain library cells. Multiple Input Switching (MIS) is a known STA modeling problem that can affect the timing of a gate under various conditions of load, slew, and temporal distance of signals at the inputs. In this paper, we present a new ATPG fault model that complements the traditional transition delay models and, a method to identify the stimuli required to expose these kinds of defects. The new patterns were first validated on the tester, resulting in proof of concept of new methodology. Later, at-speed Multi-Transition Fault Model (MTFM) ATPG patterns were released for multiple NXP AUTO designs and high-volume yield data from more than 9 million units confirmed unique fallout of at least 0.5ppm from the new MTFM topoff patterns. Also, MTFM based input stimuli comparison was done on limited set of library cells between MTFM and traditional Cell-Aware 2 Time-Frame UDFM based patterns. It was confirmed that only MTFM patterns produced the required multi-transitions through the inputs of the targeted cell instances in multiple designs. © 2022 Elsevier B.V., All rights reserved.","Atpg; Multiple Transition; Udfm; Zero Defect; Automatic Test Pattern Generation; Cells; Cytology; Vlsi Circuits; At-speed; Atpg; Delay Models; Library Cells; Multiple Transitions; Small Delay Defects; Transition Delays; Transition Fault Models; Udfm; Zero Defects; Defects","Conference paper","Final","","Scopus","2-s2.0-85123046848"
"N.O., Leonenko, Natalia O.; E.I., Ostasheva, Eugeniya I.; T.V., Ivanova, T. V.; A.S., Davidenko, A. S.","Leonenko, Natalia O. (57223160231); Ostasheva, Eugeniya I. (56662203800); Ivanova, T. V. (57297316600); Davidenko, A. S. (57221749123)","57223160231; 56662203800; 57297316600; 57221749123","Hardiness development model in educational process at the University of EMERCOM of Russia; МОДЕЛЬ РАЗВИТИЯ ЖИЗНЕСТОЙКОСТИ КУРСАНТОВ В ОБРАЗОВАТЕЛЬНОМ ПРОЦЕССЕ ВУЗА МЧС РОССИИ","2021","Sibirskiy Psikhologicheskiy Zhurnal","","80","","192","217","0","2","10.17223/17267080/80/10","https://www.scopus.com/inward/record.uri?eid=2-s2.0-85117193066&doi=10.17223%2F17267080%2F80%2F10&partnerID=40&md5=1448daab0a5b26be41db3cc3f6122fea","The article is devoted to scientific rationale of the hardiness development model among cadets, integrated into the educational process at Saint-Petersburg University of the State Fire Service of EMERCOM of Russia. According to the authors, using this model would help to resolve the existing contradictions between the personality requirements in extreme conditions of their professional activities and practice that ensures the knowledge interiorization up to the level of competence. The model presents a system of practices distributed throughout all the cadets’ studying process in various organizational forms of the educational and out-of-school processes, such as lectures, seminars and practical classes, all types of practices, cultural and educational projects, and psychological support of professional contingents of the State Fire Service of Emercom of Russia. The main methods are the following: Review and analytical method, document analysis, empirical method, modeling method, and probabilistic method. The model of the hardiness development is a phased process in which participants research their life world and ways of answering existential questions, development and implementation of resilient practices in activities with subsequent reflection of self-consciousness and self-change experience. The content of the program includes two modules. The first module “Hardiness attitudes” is focused on understanding the universal conditions of human existence, existential data of being, semantic values self-determination. The purpose of the first module is to strengthen existential attitudes - risk acceptance, control, and engagement. The content of the second module is focused on three dimensions. These are psychological (self-knowledge and self-design), social (communicative skills), psychophysical (copping and self-regulation). Organizational forms of implementation the psychological mechanisms for resilience development are cognitive, activity and reflexive blocks. It is concluded that the use of the hardiness development model in educational process will contribute to the formation and development of psychological readiness of cadets to solve combat problems in extreme conditions by developing the capacity for mature and complex forms of self-regulation at the levels of existential attitude, psychological and psychophysical functioning of the personality, ability to make and implement decisions based on the existing knowledge and experience. © 2021 Elsevier B.V., All rights reserved.","Coping Strategies; Educational Process; Extreme Situations; Hardiness; Hardiness Development Model; Professional Training; Psychological Readiness Of Employees Of The State Fire Service Of Emercom Of Russia; Psychological Training Of Cadets; Self-regulation; Stress Resistance","Article","Final","","Scopus","2-s2.0-85117193066"
"W., Xu, Wanli; C., Lu, Changbo; Y., Zhou, Youjie; X., Wang, Xuhui; H., Li, Hua; L., Xu, Lei; M., Hao, Mengjie","Xu, Wanli (57216810492); Lu, Changbo (20434158600); Zhou, Youjie (50862203900); Wang, Xuhui (57226390531); Li, Hua (57226379676); Xu, Lei (57226382010); Hao, Mengjie (57226375917)","57216810492; 20434158600; 50862203900; 57226390531; 57226379676; 57226382010; 57226375917","Design of Fuel Cell UAV Power System","2021","Lecture Notes in Electrical Engineering","654 LNEE","","","1699","1706","0","0","10.1007/978-981-15-8411-4_223","https://www.scopus.com/inward/record.uri?eid=2-s2.0-85111358055&doi=10.1007%2F978-981-15-8411-4_223&partnerID=40&md5=1f5f1db45a7983648cedd4186690e24e","The use of fuel cells in long-haul drones is a direction of their development. According to the general requirements of a certain type of UAV, this paper adopts modular design, combined with fuel cell selection and self-design of key components to complete the design of fuel cell drone power supply, and finally proposes the next work direction. © 2022 Elsevier B.V., All rights reserved.","Fuel Cells; Hybrid Power Supply; Lithium Battery; Drones; Fuel Cell Power Plants; Fuel Cells; Cell Selection; Long Haul; Modular Designs; Power Supply; Self-design; Signal Processing","Conference paper","Final","","Scopus","2-s2.0-85111358055"
"E.F., Zeer, Evald F.; E.E., Symaniuk, Elvira Evaldovna; E.V., Lebedeva, Ekaterina V.","Zeer, Evald F. (6602790527); Symaniuk, Elvira Evaldovna (57190121318); Lebedeva, Ekaterina V. (7102162080)","6602790527; 57190121318; 7102162080","Transprofessionalism as a predictor for the preadaptation of an agent to the professional future","2021","Sibirskiy Psikhologicheskiy Zhurnal","","79","","89","107","0","8","10.17223/17267080/79/6","https://www.scopus.com/inward/record.uri?eid=2-s2.0-85108237976&doi=10.17223%2F17267080%2F79%2F6&partnerID=40&md5=0d2e020fccee4ee1eaaa3129073ee4f0","The article analyzes the possibilities of transprofessionalism as a factor in the preadaptation of a personality to an uncertain professional future in a post-industrial society. The logical-semantic model of transprofessionalism and a heuristic model of an agent's preadaptation to uncertain professional future are presented. The foresight technology system was chosen as a methodology for developing transprofessionalism and predicting the social and professional future. It was focused on the formation of readiness for changes and the preadaptation for unpredictable future. The result of this technology is the convergence of a post-industrial society characteristics and semantic qualities of the professional future. The generalization of the research results allowed the authors to justify the possibility of high school training of transprofessionals with meta-professional skills who are ready to meet the challenges of the digital economy. The purpose of the research was to determine effective technologies for the training of innovative specialists (transprofessionals) on the basis of the developed transprofessional models of pre-adaptation to the professional future. The methodological basis of the study was non-classical psychology and a convergent approach. In the scientific substantiation of transprofessionalism as a predictor of preadaptation to the future, the concept of professional development, the multidimensional, transdisciplinary, competence and project approaches, as well as the modeling of the predictable future were used. The article presents the logical-semantic and heuristic models of convergence and transprofessionalism development, as well as foresight technologies for preparing agents for an uncertain professional future. The structure of transprofessionalism is revealed through a meaningful analysis and description of its components' interaction, which include the trans-fessional orientation, as well as the regulatory, vocational and educational, information and communication, operational and technological components. The intercoordinate space in the proposed model forms the psychological potential of the personality, its resource capabilities. Based on the analysis of trends and challenges of the post-industrial society, it was concluded that it is necessary to introduce into the educational process the technology of problem-oriented learning (PBL) and foresight technologies aimed at developing students' readiness for change, proactive goal-setting and self-design in a variable educational space (high humanitarian technologies, minors, design methods involving digital didactic tools, game technologies, discussions and moderation, etc.). Concerning practical significance, the materials of the article can be used for the preparation of transprofessional specialists who are ready for preadaptation of an uncertain social and professional future. © 2021 Elsevier B.V., All rights reserved.","Convergence; Educational Foresight Technologies; Multidimen-sional Skills; Preadaptation; Professional Future; Transfession; Transprofessionalism","Article","Final","All Open Access; Green Accepted Open Access; Green Open Access","Scopus","2-s2.0-85108237976"
"S., Ma, Shuo; S., Hu, Shensen; Y., Huang, Yunxian; W., Yan, Wei","Ma, Shuo (55243697100); Hu, Shensen (57040195500); Huang, Yunxian (59884043800); Yan, Wei (46761637100)","55243697100; 57040195500; 59884043800; 46761637100","Radiometric calibration of low light imager based on specialized light sources","2021","Proceedings of SPIE - The International Society for Optical Engineering","11763","","1176323","","","0","0","10.1117/12.2586321","https://www.scopus.com/inward/record.uri?eid=2-s2.0-85103346349&doi=10.1117%2F12.2586321&partnerID=40&md5=2f5d6b83df7c1f52e29017177bb5bf50","Due to the advances in the low light imagers and high quality of the related night time data products, some related applications such as fishery activities, fog detection, gravity wave and internal solitary wave parameters retrieval, armed conflicts and disasters have been greatly promoted. However, the indirect radiometric calibration at night brings some uncertainties. Thus, the directly radiometric calibration of low light imagers is urgent and important to produce high quality data products. As the relatively stable light emissions may also be obtained by the low-level light imager at night, the calibration method of low-level light imager based on self-design light source are provided. a low-light calibration light source based on the integrating sphere which has good radiance uniformity and stable emission radiation was designed and developed to further improve the calibration accuracy. Based on the test and analysis of its radiative characteristics in the laboratory, the low-light calibration experiment based on the integrated sphere light source is performed in the Dunhuang site. The results show that the observations are consistence with the simulations, which means that the self-design light source is a good way to calibrate the low light imager. As the new generation of space borne low light sensors own higher spatial resolution and multispectral camera covering the range from blue to NIR, some calibration problems of the further low light sensors are also discussed. © 2021 Elsevier B.V., All rights reserved.","Light Source; Low Light Imager; Radiometric Calibration; Light Sources; Radiometry; Solitons; Calibration Accuracy; Calibration Experiments; Calibration Problems; Internal Solitary Waves; Multi-spectral Cameras; Radiative Characteristics; Radiometric Calibrations; Stable Light Emission; Calibration","Conference paper","Final","","Scopus","2-s2.0-85103346349"
"C., Grosso, Chiara; C., Forza, Cipriano","Grosso, Chiara (56432555800); Forza, Cipriano (7004529277)","56432555800; 7004529277","Exploring Configurator Users’ Motivational Drivers for Digital Social Interaction","2021","Studies in Computational Intelligence","949","","","118","138","0","2","10.1007/978-3-030-67148-8_10","https://www.scopus.com/inward/record.uri?eid=2-s2.0-85101824867&doi=10.1007%2F978-3-030-67148-8_10&partnerID=40&md5=72edfdbfd4dc3d130241b3cf0fedbe25","At a global level, the demand for online transactions is increasing. This is propelled by both the digital transformation paradigm and the COVID 19 pandemic. The research on Web infrastructure design recognizes the impact that social, behavioral, and human aspects have on online transactions in e-commerce, e-health, e-education, and e-work. As a result, social computing features are leading the Web with information and communication technologies that facilitate interactions among web users through socially enhanced online environments. It is crucial to research the social, behavioral, and human dimensions of web-mediated activities, especially when social activities are restricted only to an online environment. The present study focuses on the social dimension of the e-commerce of customizable products. This domain was selected because of the specificity of its product self-design process in terms of customers’ decision-making and their involvement in product value creation. This study aims to seek the extent that a set of customers’ motivational drivers rely on their need to interact with real persons during the technology-assisted process of products’ self-design. By adopting a user-centered perspective, the study considers 937 self-design experiences by 187 young adult users on a sample of 378 business-to-customers product configurators. The results should provide companies and software designers with insights about customers’ need for social presence during their product self-design experience so that they can fulfill this need by using social technology that provides positive experiences. © 2021 Elsevier B.V., All rights reserved.","Online Sales Configurator; Social Product Configuration Systems; Social Software; User Experience (ux)","Conference paper","Final","All Open Access; Green Accepted Open Access; Green Open Access","Scopus","2-s2.0-85101824867"
"I., Gogolin, Ingrid","Gogolin, Ingrid (6507775509)","6507775509","Multilingualism: A threat to public education or a resource in public education? – European histories and realities","2021","European Educational Research Journal","20","3","","297","310","0","56","10.1177/1474904120981507","https://www.scopus.com/inward/record.uri?eid=2-s2.0-85099843522&doi=10.1177%2F1474904120981507&partnerID=40&md5=d1372853e57aa2ebe0ce246b5ceda850","Public education systems in Europe were created in the course of the foundation of the ‘classical’ nation state in the 18th and 19th centuries. Historical analyses show that it was part of their destiny to contribute to the consolidation of the respective states’ national self-design. In the 19th century, the myth developed that a nation state is monolingual not by its creation but ‘by mere nature’, and that monolingualism in the national language is the ‘natural’ result of being born and growing up in a nation state. Many of today’s public education systems are still based on this notion of linguistic ‘normality’ with respect to the composition of their clientele as well as their image of an individual ‘normal’ child(hood). However, the populations of nation states are in fact multilingual. Linguistic diversity increased as a result of migration and factors such as technical means for virtually ‘borderless’ communication. My contribution presents the European traditions of nation building since the late 1700s and asks for the functionality of monolingual habitual practice in education systems today. First results from an empirical study are presented which illustrate individual language abilities of multilingual children and the potential of linguistic diversity as a resource. © 2021 Elsevier B.V., All rights reserved.","Linguistic Diversity; Migration; Monolingual Habitus; Multilingual Profile; Multiliteracy","Article","Final","","Scopus","2-s2.0-85099843522"
"L., Lynch, Leonie; M., Patterson, Maurice; C., Ní Bheacháin, Caoilfhionn","Lynch, Leonie (57218631519); Patterson, Maurice (13410316600); Ní Bheacháin, Caoilfhionn (52964113100)","57218631519; 13410316600; 52964113100","Visual literacy in consumption: consumers, brand aesthetics and the curated self","2020","European Journal of Marketing","54","11","","2777","2801","0","7","10.1108/EJM-01-2019-0099","https://www.scopus.com/inward/record.uri?eid=2-s2.0-85089869236&doi=10.1108%2FEJM-01-2019-0099&partnerID=40&md5=d9be973189a33e051de81f7ab4a1b7c6","Purpose: This paper aims to consider the visual literacy mobilized by consumers in their use of brand aesthetics to construct and communicate a curated self. Design/methodology/approach: The research surveyed a range of visual material from Instagram. Specifically, the goal was to use “compositional interpretation”, an approach to visual analysis that is not methodologically explicit but which, in itself, draws upon the visual literacy of the researcher to provide a descriptive analysis of the formal visual quality of images as distinct from their symbolic resonances. The research also incorporates 10 phenomenological-type interviews with consumers. Consistent with a phenomenological approach, informants were selected because they have “lived” the experience under investigation, in this case requiring them to be keen consumers of the Orla Kiely brand. Findings: Findings indicate that consumers deploy their visual literacy in strategic visualization (imaginatively planning and coordinating artifacts with other objects in their collection, positioning and using them as part of an overall visual repertoire), composition (becoming active producers of images) and emergent design (turning design objects into display pieces, repurposing design objects or simply borrowing brand aesthetics to create designed objects of their own). Research limitations/implications: This research has implications for the understanding of visual literacy within consumer culture. Engaging comprehensively with the visual compositions of consumers, this research moves beyond brand symbolism, semiotics or concepts of social status to examine the self-conscious creation of a curated self. The achievement of such a curated self depends on visual literacy and the deployment of abstract design language by consumers in the pursuit of both aesthetic satisfaction and social communication. Practical implications: This research has implications for brand designers and managers in terms of how they might control or manage the use of brand aesthetics by consumers. Originality/value: To date, there has been very little consumer research that explores the nature of visual literacy and even less that offers an empirical investigation of this concept within the context of brand aesthetics. The research moves beyond brand symbolism, semiotics and social status to consider the deployment of abstract visual language in communicating the curated self. © 2021 Elsevier B.V., All rights reserved.","Brand Aesthetics; Consumption; Design; Visual Literacy","Article","Final","","Scopus","2-s2.0-85089869236"
"A., Saito, Akihiro; N., Takai, Nobukazu; S., Konno, Satoshi","Saito, Akihiro (57221555706); Takai, Nobukazu (7102291365); Konno, Satoshi (57221559273)","57221555706; 7102291365; 57221559273","Determination of circuit topology and element values from desired characteristics by machine learning","2020","","","","9294885","","","0","0","10.1109/ICECS49266.2020.9294885","https://www.scopus.com/inward/record.uri?eid=2-s2.0-85099463255&doi=10.1109%2FICECS49266.2020.9294885&partnerID=40&md5=c61ef0698884bb59498e86c7c86cfb0c","In circuit design, circuit selection and element value determination are related. However, there are automatic designs for each, but none consider them at the same time. So we proposed an automatic design that considers both of them at the same time. From simulation results, we achieved that a circuit having a desired characteristic and a high matching rate can be automatically designed. © 2021 Elsevier B.V., All rights reserved.","Analog Integrated Circuit; Auto Design; Circuit Classification; Machine Learning; Electric Network Topology; Machine Learning; Timing Circuits; Automatic Design; Circuit Designs; Circuit Selection; Value Determination; Integrated Circuit Manufacture","Conference paper","Final","","Scopus","2-s2.0-85099463255"
"P., Colangelo, Philip; O., Segal, Oren; A., Speicher, Alex; M., Margala, Martin","Colangelo, Philip (57189045933); Segal, Oren (56401696100); Speicher, Alex (57203138508); Margala, Martin (7003531052)","57189045933; 56401696100; 57203138508; 7003531052","Automated Hardware and Neural Network Architecture co-design of FPGA accelerators using multi-objective Neural Architecture Search","2020","IEEE International Conference on Consumer Electronics - Berlin, ICCE-Berlin","2020-November","","9352153","","","0","0","10.1109/ICCE-Berlin50680.2020.9352153","https://www.scopus.com/inward/record.uri?eid=2-s2.0-85101935516&doi=10.1109%2FICCE-Berlin50680.2020.9352153&partnerID=40&md5=625c7f3d68b3695a868832c76366583f","State-of-the-art Neural Network Architectures (NNAs) are challenging to design and implement efficiently in hardware. In the past couple of years, this has led to an explosion in research and development of automatic Neural Architecture Search (NAS) tools. AutoML tools are now used to achieve state of the art NNA designs and attempt to optimize for hardware usage and design. Much of the recent research in the auto-design of NNAs has focused on convolution networks and image recognition, ignoring the fact that a significant part of the workload in data centers is general-purpose deep neural networks. In this work, we develop and test a general multilayer perceptron (MLP) flow that can take arbitrary datasets as input and automatically produce optimized NNAs and hardware designs. We test the flow on six benchmarks. Our results show we exceed the performance of currently published MLP accuracy results and are competitive with non-MLP based results. We compare general and common GPU architectures with our scalable FPGA design and show we can achieve higher efficiency and higher throughput (outputs per second) for the majority of datasets. Further insights into the design space for both accurate networks and high performing hardware shows the power of co-design by correlating accuracy versus throughput, network size versus accuracy, and scaling to high-performance devices. © 2021 Elsevier B.V., All rights reserved.","Automated Design; Evolutionary Algorithms; Fpga; Machine Learning; Deep Neural Networks; Field Programmable Gate Arrays (fpga); Image Recognition; Integrated Circuit Design; Multilayer Neural Networks; Design And Implements; Fpga Accelerators; High Performance Devices; Higher Efficiency; Multi Layer Perceptron; Neural Architectures; Recent Researches; Research And Development; Network Architecture","Conference paper","Final","","Scopus","2-s2.0-85101935516"
"W., Sun, Weikang; X., Chen, Xianfeng; M., Feng, Mengmeng; C., Huang, Chuyuan; J., Liu, Jing; Q., Zhao, Qi; X., Zhi, Xueke","Sun, Weikang (57217077990); Chen, Xianfeng (13104634000); Feng, Mengmeng (57203899367); Huang, Chuyuan (56654517200); Liu, Jing (56703544500); Zhao, Qi (57196256753); Zhi, Xueke (57219183460)","57217077990; 13104634000; 57203899367; 56654517200; 56703544500; 57196256753; 57219183460","Effect of the Wire Mesh Structure on the Flame Characteristics of Methane/Air Deflagration; 金属丝网对甲烷/空气爆燃火焰传播特性的影响","2020","Gaoya Wuli Xuebao/Chinese Journal of High Pressure Physics","34","5","055201","","","0","4","10.11858/gywlxb.20200536","https://www.scopus.com/inward/record.uri?eid=2-s2.0-85091590255&doi=10.11858%2Fgywlxb.20200536&partnerID=40&md5=2c618613c659b71c163b93370fb4e03b","A deflagration experiment of methane/air premixed gas with or without wire mesh was carried out in the self-design square pipe. The effects of the mesh number and layer number of the wire mesh on the deflagration overpressure and temperature were discussed. The results show that the wire mesh can effectively suppress the temperature and overpressure of the deflagration flame. After the wire mesh is installed, the temperature peak and the overpressure peak measured in the pipeline are reduced compared to the case without wire mesh, and the temperature peak attenuation rate reaches 52.37%, the peak attenuation rate of overpressure reaches 66.84%; the mesh number and layer number of the wire mesh are important factors that affect the suppression effect of the wire mesh on overpressure. When the number of layers and meshes are small, the time to reach the peak of the overpressure is earlier than the condition with no wire mesh; when the number of layers and meshes are moderate, the secondary peak appears in the overpressure curve; when the number of layers and meshes are large, the overpressure is effectively suppressed. With the increase of the number of meshes and layers, the flame heat diffusion rate forward becomes slower, and the start time of the temperature curve is delayed compared to the time delay without the wire mesh. © 2020 Elsevier B.V., All rights reserved.","Deflagration Flame; Deflagration Overpressure; Deflagration Temperature; Explosion Resistance; Safety Engineering","Article","Final","","Scopus","2-s2.0-85091590255"
"W., Ye, Wan; X., Ye, Xinxin; Y., Liu, Yuanyuan; Q., Liu, Qixi; S., Vafaei, Somayeh; Y., Gao, Yuzhen; H., Yu, Huiqin; Y., Zhong, Yanxia; C., Zhan, Chenju","Ye, Wan (57219669949); Ye, Xinxin (57224207687); Liu, Yuanyuan (57834248600); Liu, Qixi (57218908743); Vafaei, Somayeh (56516713800); Gao, Yuzhen (57194851310); Yu, Huiqin (59623784600); Zhong, Yanxia (57218580086); Zhan, Chenju (57207915578)","57219669949; 57224207687; 57834248600; 57218908743; 56516713800; 57194851310; 59623784600; 57218580086; 57207915578","Effect of the Novel Coronavirus Pneumonia Pandemic on Medical Students’ Psychological Stress and Its Influencing Factors","2020","Frontiers in Psychology","11","","548506","","","0","42","10.3389/fpsyg.2020.548506","https://www.scopus.com/inward/record.uri?eid=2-s2.0-85094662828&doi=10.3389%2Ffpsyg.2020.548506&partnerID=40&md5=95a8858647029daa5fc4abbffdf4a51f","In December 2019, an outbreak of the novel coronavirus pneumonia infection occurred in Wuhan City, Hubei Province, China, and it has received substantial attention globally. Few studies have investigated the psychological stress of students in Health University during the COVID-19 outbreak, and almost no work has attended to the influencing factors that may cause their psychological stress risk. This cross-sectional, survey-based, region-stratified study collected demographic data and mental measurement from 2,498 medical students and 1,177 non-medical students in 31 provinces from March 5, 2020, to March 10, 2020, in China. The psychological stress was measured using the Chinese Perceived Stress Scales (CPSS) under a self-design questionnaire. Sociodemographic, major characteristics, and knowledge of the novel coronavirus pneumonia were also identified as potential influencing factors of stress. The study revealed that medical students are suffering from more stress than non-medical students almost in all provinces of China. Four influencing factors including level of familiarity with the novel coronavirus, family income, major of students, and status of the intern student can be significantly related to students’ stress in the medical group by using the univariate and multivariate analysis. Further analysis showed that students with low stress had a greater number of positive psychological emotions and a lower number of negative psychological emotions than with medical students with high stress. In addition, high stress caused low enthusiasm for learning in these medical students and lead to little/no willingness to do professional medical work in the future. In conclusion, we need to increase the level of our knowledge related to the novel coronavirus pneumonia to reduce stress and strongly focus on the special populations in medical students with certain features, such as intern students, clinical nursing students, and low-income families, to improve their learning attitudes and establish positive professional mental outlooks. © 2020 Elsevier B.V., All rights reserved.","Influencing Factors; Medical Students; Novel Coronavirus Pneumonia; Perceived Stress Scales; Stress","Article","Final","All Open Access; Gold Open Access; Green Final Open Access; Green Open Access","Scopus","2-s2.0-85094662828"
"C.P., Moreau, C. Page; E., Prandelli, Emanuela; M., Schreier, Martin; S., Hieke, Silke","Moreau, C. Page (57218995080); Prandelli, Emanuela (56619329500); Schreier, Martin (23991742400); Hieke, Silke (57218991142)","57218995080; 56619329500; 23991742400; 57218991142","Customization in Luxury Brands: Can Valentino Get Personal?","2020","Journal of Marketing Research","57","5","","937","947","0","58","10.1177/0022243720943191","https://www.scopus.com/inward/record.uri?eid=2-s2.0-85090934403&doi=10.1177%2F0022243720943191&partnerID=40&md5=a336762b40dc352db1c42fb6186eb9ec","Luxury brands have started to offer consumers the opportunity to customize their exclusive products by making certain aesthetic decisions, such as the color, fabric, or cut of their products. A robust finding in the marketing literature is that consumers place a greater value on customized than on standard products because these unique products better fit and communicate their tastes, preferences, and identity. However, the majority of focal products in these studies fall outside the luxury segment. The authors demonstrate that consumers’ customization preferences differ between mainstream and luxury brands. In the luxury segment, consumers pay a premium for the designer’s expertise and the status that it can convey. As such, the consumers’ desire for self-expression can potentially erode the product’s signaling value. Through a series of four experiments, the authors demonstrate that luxury brands can benefit from customization but they can also take customization too far. Their findings suggest that brand managers should allow consumers to make fewer design decisions for luxury versus mainstream brands to preserve the signal value created by the designer. © 2022 Elsevier B.V., All rights reserved.","Crowdsourcing; Fashion; Luxury; Mass Customization; Self-design; Signaling; Status","Article","Final","","Scopus","2-s2.0-85090934403"
"J.J., Silva-Rodríguez, Julio José; A., Colomer, Adrían; M.Á., Sales, María Á.; R., Molina, Rafael; V., Naranjo, Valery","Silva-Rodríguez, Julio José (57211993223); Colomer, Adrían (56769842500); Sales, María Á. (57204775014); Molina, Rafael (34870201500); Naranjo, Valery (55208614400)","57211993223; 56769842500; 57204775014; 34870201500; 55208614400","Going deeper through the Gleason scoring scale: An automatic end-to-end system for histology prostate grading and cribriform pattern detection","2020","Computer Methods and Programs in Biomedicine","195","","105637","","","0","113","10.1016/j.cmpb.2020.105637","https://www.scopus.com/inward/record.uri?eid=2-s2.0-85087590177&doi=10.1016%2Fj.cmpb.2020.105637&partnerID=40&md5=b5f081518061f6e61e1450989739440f","Background and Objective: Prostate cancer is one of the most common diseases affecting men worldwide. The Gleason scoring system is the primary diagnostic and prognostic tool for prostate cancer. Furthermore, recent reports indicate that the presence of patterns of the Gleason scale such as the cribriform pattern may also correlate with a worse prognosis compared to other patterns belonging to the Gleason grade 4. Current clinical guidelines have indicated the convenience of highlight its presence during the analysis of biopsies. All these requirements suppose a great workload for the pathologist during the analysis of each sample, which is based on the pathologist's visual analysis of the morphology and organisation of the glands in the tissue, a time-consuming and subjective task. In recent years, with the development of digitisation devices, the use of computer vision techniques for the analysis of biopsies has increased. However, to the best of the authors’ knowledge, the development of algorithms to automatically detect individual cribriform patterns belonging to Gleason grade 4 has not yet been studied in the literature. The objective of the work presented in this paper is to develop a deep-learning-based system able to support pathologists in the daily analysis of prostate biopsies. This analysis must include the Gleason grading of local structures, the detection of cribriform patterns, and the Gleason scoring of the whole biopsy. Methods: The methodological core of this work is a patch-wise predictive model based on convolutional neural networks able to determine the presence of cancerous patterns based on the Gleason grading system. In particular, we train from scratch a simple self-design architecture with three filters and a top model with global-max pooling. The cribriform pattern is detected by retraining the set of filters of the last convolutional layer in the network. Subsequently, a biopsy-level prediction map is reconstructed by bi-linear interpolation of the patch-level prediction of the Gleason grades. In addition, from the reconstructed prediction map, we compute the percentage of each Gleason grade in the tissue to feed a multi-layer perceptron which provides a biopsy-level score. Results: In our SICAPv2 database, composed of 182 annotated whole slide images, we obtained a Cohen's quadratic kappa of 0.77 in the test set for the patch-level Gleason grading with the proposed architecture trained from scratch. Our results outperform previous ones reported in the literature. Furthermore, this model reaches the level of fine-tuned state-of-the-art architectures in a patient-based four groups cross validation. In the cribriform pattern detection task, we obtained an area under ROC curve of 0.82. Regarding the biopsy Gleason scoring, we achieved a quadratic Cohen's Kappa of 0.81 in the test subset. Shallow CNN architectures trained from scratch outperform current state-of-the-art methods for Gleason grades classification. Our proposed model is capable of characterising the different Gleason grades in prostate tissue by extracting low-level features through three basic blocks (i.e. convolutional layer + max pooling). The use of global-max pooling to reduce each activation map has shown to be a key factor for reducing complexity in the model and avoiding overfitting. Regarding the Gleason scoring of biopsies, a multi-layer perceptron has shown to better model the decision-making of pathologists than previous simpler models used in the literature. © 2020 Elsevier B.V., All rights reserved.","Convolutional Neural Networks; Cribriform; Deep Learning; Gleason; Prostate Cancer; Whole Side Images; Biopsy; Convolution; Convolutional Neural Networks; Decision Making; Deep Learning; Diseases; Forecasting; Grading; Network Architecture; Network Layers; Tissue; Urology; Area Under Roc Curve (auc); Computer Vision Techniques; Gleason Grading Systems; Linear Interpolation; Multi Layer Perceptron; Predictive Modeling; Proposed Architectures; State-of-the-art Methods; Pattern Recognition; Article; Automation; Biopsy Technique; Cancer Grading; Cancer Prognosis; Convolutional Neural Network; Cribriform Pattern; Cross Validation; Data Base; Gleason Score; Human; Human Tissue; Male; Morphology; Multilayer Perceptron; Oncological Parameters; Prostate Biopsy; Prostate Cancer; Scoring System; Biopsy; Histology; Prostate Tumor; Histological Techniques; Humans; Male; Neoplasm Grading; Prostatic Neoplasms","Article","Final","All Open Access; Green Accepted Open Access; Green Open Access","Scopus","2-s2.0-85087590177"
"E.H., Durfee, Edmund H.; A., Thakur, Abhishek; E., Goldweber, Eli","Durfee, Edmund H. (7005498385); Thakur, Abhishek (57219442395); Goldweber, Eli (57216828670)","7005498385; 57219442395; 57216828670","Teammate-pattern-aware autonomy based on organizational self-design principles","2020","Autonomous Agents and Multi-Agent Systems","34","2","39","","","0","1","10.1007/s10458-020-09462-x","https://www.scopus.com/inward/record.uri?eid=2-s2.0-85084801492&doi=10.1007%2Fs10458-020-09462-x&partnerID=40&md5=18c23750c61821ff01fb26a8a22024d2","We describe an approach for constraining robot autonomy based on the robot’s awareness of patterns of its human teammates’ behaviors, rather than either ignoring its teammates (which is fast but dangerous) or inferring their plans (which is safer but slow). We explore the promise, and limitations, of this approach in a series of simulated problems where an unmanned ground vehicle and its human teammates must rapidly respond to a sudden context shift. Our results help us discern conditions under which a pattern-aware approach can be more effective than the alternatives, and our current efforts investigate how the manned–unmanned team can adopt biases to more readily establish such conditions that are more favorable to the pattern-aware approach. © 2020 Elsevier B.V., All rights reserved.","Autonomy; Human–robot Coordination; Multiagent Planning; Organizational Design; Robot Autonomy; Self-design; Unmanned Ground Vehicles","Article","Final","","Scopus","2-s2.0-85084801492"
"D., Yu, Dongling; X., Zhang, Xiaohui; N., Wu, Nanxing; D., Liao, Dahai","Yu, Dongling (7404666195); Zhang, Xiaohui (57219357649); Wu, Nanxing (7201444108); Liao, Dahai (56202344600)","7404666195; 57219357649; 7201444108; 56202344600","Effect of granulation time on the compactness of silicon nitride particles prepared by dry granulation; 制粒时间对干法制备氮化硅颗粒致密性的影响","2020","Gongneng Cailiao/Journal of Functional Materials","51","9","","09078","09082","0","0","10.3969/j.issn.1001-9731.2020.09.011","https://www.scopus.com/inward/record.uri?eid=2-s2.0-85092402122&doi=10.3969%2Fj.issn.1001-9731.2020.09.011&partnerID=40&md5=b3fe92c616d3f52a2686acbe6f83b9ea","In order to explore the effect of dry granulation time on the compactness of silicon nitride ceramic particles, the water content, micro-morphology and particles strength of the particles under different granulation time were compared and analyzed base on the self-design granulation time-particle compactness experimental platform. The results show that with the increase of granulation time, the moisture content of silicon nitride particles decreased linearly, and the micro-morphology of silicon nitride particles showed three states: rough, smooth and cracky. When the granulation time was 5 min, the water content of the form silicon nitride particles was about 9%, which reached the optimal production value. SEM images show that the surface of the silicon nitride particles was smooth and crackless, and the particles strength reached the maximum value of 2.5 N measured by experiment. © 2020 Elsevier B.V., All rights reserved.","Compactness; Dry Granulation; Granulation Time; Micro-morphology; Silicon Nitride Particles","Article","Final","","Scopus","2-s2.0-85092402122"
"J., Mendes, Jérôme; R., Maia, Ricardo; R.A.M.M., Araújo, Rui Alexandre M.Matos; F.A.A., Souza, Francisco Alexandre A.","Mendes, Jérôme (36699886100); Maia, Ricardo (56347473000); Araújo, Rui Alexandre M.Matos (7103253230); Souza, Francisco Alexandre A. (36700507100)","36699886100; 56347473000; 7103253230; 36700507100","Self-evolving fuzzy controller composed of univariate fuzzy control rules","2020","Applied Sciences (Switzerland)","10","17","5836","","","0","23","10.3390/app10175836","https://www.scopus.com/inward/record.uri?eid=2-s2.0-85090084037&doi=10.3390%2Fapp10175836&partnerID=40&md5=37cb74ed467164afe2bef7fe64352ea8","The paper proposes a methodology to online self-evolve direct fuzzy logic controllers (FLCs), to deal with unknown and time-varying dynamics. The proposed methodology self-designs the controller, where fuzzy control rules can be added or removed considering a predefined criterion. The proposed methodology aims to reach a control structure easily interpretable by human operators. The FLC is defined by univariate fuzzy control rules, where each input variable is represented by a set of fuzzy control rules, improving the interpretability ability of the learned controller. The proposed self-evolving methodology, when the process is under control (online stage), adds fuzzy control rules on the current FLC using a criterion based on the incremental estimated control error obtained using the system's inverse function and deletes fuzzy control rules using a criterion that defines ""less active"" and ""less informative"" control rules. From the results on a nonlinear continuously stirred tank reactor (CSTR) plant, the proposed methodology shows the capability to online self-design the FLC by adding and removing fuzzy control rules in order to successfully control the CSTR plant. © 2020 Elsevier B.V., All rights reserved.","Cstr Plant; Evolving Design; Fuzzy Controller; Univariate Fuzzy Rules","Article","Final","All Open Access; Gold Open Access; Green Final Open Access; Green Open Access","Scopus","2-s2.0-85090084037"
"B., Yu, Baojun; H., Xu, Hangjun; B.G., Emery, Brooke Glover","Yu, Baojun (57212346974); Xu, Hangjun (57201400317); Emery, Brooke Glover (57218624735)","57212346974; 57201400317; 57218624735","How to Better Motivate Customers to Participate in the Self-Design Process: A Conceptual Model in Underlying Self-Congruence Mechanism","2020","Frontiers in Psychology","11","","1995","","","0","11","10.3389/fpsyg.2020.01995","https://www.scopus.com/inward/record.uri?eid=2-s2.0-85089854445&doi=10.3389%2Ffpsyg.2020.01995&partnerID=40&md5=fa1dbb3625550cff0fd32cc8d84a53af","The voluntary shift of responsibility from the producer to the consumer is one feature of self-design activities. Past research emphasizes the economic gains of such customer co-creation. However, the psychological mechanism underlying customer co-creation behavior is still not fully understood. Notably, the goal-driven self-congruence nature of customer co-creation is mostly ignored in the co-creation literature. The objective of this research is to firstly develop a conceptual understanding of how co-creation literature can be related to the self-congruence theory. Furthermore, this study also extends the original self-congruence theory by arguing the differential role of actual and ideal self-congruence on the relationship between self-congruence and customers’ willingness to participate in the co-creation process. Two laboratory experiments were conducted to examine whether self-congruence plays a prominent role in motivating customers to participate in the self-design process. Specifically, both the actual self-congruence and ideal self-congruence are positively related to customers’ willingness to participate in the self-design process is hypothesized. Moreover, it is expected that product styles and different consumption situations may strengthen the relationship between actual/ideal self-congruence and customers’ willingness to participate in the self-design process. Theoretical and practical implications are also discussed. © 2020 Elsevier B.V., All rights reserved.","Actual Self-congruence; Ideal Self-congruence; Self-concept; Self-design Process; Willingness To Participate","Article","Final","All Open Access; Gold Open Access; Green Final Open Access; Green Open Access","Scopus","2-s2.0-85089854445"
"S., Katila, Saija; M., Laamanen, Mikko; M., Laihonen, Maarit; R.W.B., Lund, Rebecca W.B.; S., Meriläinen, Susan; J., Rinkinen, Jenny; J., Tienari, Janne","Katila, Saija (6507156282); Laamanen, Mikko (56364894400); Laihonen, Maarit (56574191700); Lund, Rebecca W.B. (55256796200); Meriläinen, Susan (6507564132); Rinkinen, Jenny (56025767700); Tienari, Janne (55967298700)","6507156282; 56364894400; 56574191700; 55256796200; 6507564132; 56025767700; 55967298700","Becoming academics: embracing and resisting changing writing practice","2020","Qualitative Research in Organizations and Management","15","3","","315","330","0","17","10.1108/QROM-12-2018-1713","https://www.scopus.com/inward/record.uri?eid=2-s2.0-85073945412&doi=10.1108%2FQROM-12-2018-1713&partnerID=40&md5=43844fd5a9800396856808e471e677ae","Purpose: The purpose of this paper is to analyze how global and local changes in higher education impact upon writing practices through which doctoral students become academics. The study explores how norms and values of academic writing practice are learned, negotiated and resisted and elucidates how competences related to writing come to determine the academic selves. Design/methodology/approach: The study uses memory work, which is a group method that puts attention to written individual memories and their collective analysis and theorizing. The authors offer a comparison of experiences in becoming academics by two generational cohorts (1990s and 2010s) in the same management studies department in a business school. Findings: The study indicates that the contextual and temporal enactment of academic writing practice in the department created a situation where implicit and ambiguous criteria for writing competence gradually changed into explicit and narrow ones. The change was relatively slow for two reasons. First, new performance management indicators were introduced over a period of two decades. Second, when the new indicators were gradually introduced, they were locally resisted. The study highlights how the focus, forms and main actors of resistance changed over time. Originality/value: The paper offers a detailed account of how exogenous changes in higher education impact upon, over time and cultural space, academic writing practices through which doctoral students become academics. © 2021 Elsevier B.V., All rights reserved.","Doctoral Studies; Higher Education; Memory Work; Practice; Resistance; Writing Practice","Article","Final","All Open Access; Green Accepted Open Access; Green Open Access","Scopus","2-s2.0-85073945412"
"Q., Liu, Qinghe; Y., Wang, Yongtao; X., Xu, Xiangtian; Y., Zhao, Yuqin; G., Li, Gaosheng; W., Zhang, Weidong","Liu, Qinghe (58571883000); Wang, Yongtao (56422570600); Xu, Xiangtian (36071046300); Zhao, Yuqin (57222465059); Li, Gaosheng (57212243648); Zhang, Weidong (57212019285)","58571883000; 56422570600; 36071046300; 57222465059; 57212243648; 57212019285","Experimental study on shear characteristics of the interface between the frozen silty clay and the pipe foundation; 冻结粉质黏土-桩基接触面剪切特性试验研究","2020","Journal of Glaciology and Geocryology","42","2","","491","498","0","8","10.7522/j.issn.1000-0240.2020.0049","https://www.scopus.com/inward/record.uri?eid=2-s2.0-85134806442&doi=10.7522%2Fj.issn.1000-0240.2020.0049&partnerID=40&md5=4792b95693c19042ca78beb47388a711","The pile foundation freezing uplift in cold region engineering is closely related to the shear behaviors of interface between the frozen soil and pile foundation. With the help of a self-design apparatus, series of the shear tests for concrete piles, steel piles and wood piles embed in gen-he silty clay at different freezing temperatures were carried out by using the static pressed pile method. Some conclusions can be obtained. At negative temperature, with the increased of shear displacement, the shear force experienced three stages:linear increased stage, brittle failure with an abrupt drop stage, and a stability stage. The lower the temperature, the greater the cementation force of ice between the pile and frozen soil. As a result, the freezing strength, the residual strength, and the allowable displacement of failure was higher in the lower negative temperature. It was worth mentioning that the freezing strength between the wooden pile and frozen soil interface was the highest, followed by that between the concrete pile and frozen soil interface, all big than that between the steel pile and frozen soil interface. The freezing strength and residual strength of the concrete pile and the steel pile had a linear relationship with the frozen temperature. However, the freezing strength and residual strength of the wooden pile has a quadratic function relationship. The allowable displacement of failure of the three kinds of piles had linear correlation with frozen temperature. This study is expected to provide a reference for the research on the shear characteristics between the frozen soil and the pile interface, and also supposed to help solving the pile foundation freezing uplift problem in cold region engineering. © 2023 Elsevier B.V., All rights reserved.","Failure Displacement; Freezing Strength; Pile-soil Interface; Residual Strength; The Static Pressed Pile Method","Article","Final","","Scopus","2-s2.0-85134806442"
"J.V., Arocho, Javier Vélez; J.C., Rivera, Jorge Coll; E.O., Vázquez Plass, Edgar O.; G.R., Rojas, Gabriel Rodríguez; A.R., Rojas, Alejandro Rodríguez","Arocho, Javier Vélez (57219745481); Rivera, Jorge Coll (57219744640); Vázquez Plass, Edgar O. (57219744602); Rojas, Gabriel Rodríguez (58598025900); Rojas, Alejandro Rodríguez (57219743626)","57219745481; 57219744640; 57219744602; 58598025900; 57219743626","Restoring a degraded coastal wetland in the city of Carolina, Puerto Rico: A case study","2020","WIT Transactions on Ecology and the Environment","245","2020-July","","235","246","0","0","10.2495/EID200221","https://www.scopus.com/inward/record.uri?eid=2-s2.0-85095124140&doi=10.2495%2FEID200221&partnerID=40&md5=ddd6be2885fb04996393cc4e7a8ad037","A wetland restoration project was proposed in the City of Carolina, Puerto Rico as a compensatory measure for the environmental impacts associated with the construction of the Children Museum that resulted in the filling of 3 acres of coastal wetlands. Restoring marginal coastal lands into a productive wetland area involves returning the selected area to its original state or to improve existing conditions to support new populations of plants and organisms. This approach required the conversion of uplands and shallow, intermittently submerged lands into forested wetlands. Applying the desired techniques was challenging as many of the available literature is focused on creating herbaceous wetlands. The restoration and mitigation activities involved the establishment of appropriate natural hydrologic conditions followed by the reestablishment of the plant community. To reduce potential failure of the functionality of the restoration parcel, the design involved measures to improve the hydrology, and the concept of self-design in which native mangrove propagules and seeds were reintroduced in the ecosystem to reestablish these plants populations. An open water channel was designed and constructed to allow tidal flow of water into the restored area. The design also included the use of specific native trees and plant species with higher colonization success in wetland conditions. An 85% survival rate was established in order to consider the proposed project as a successful one. Also, variables including tree growth, and use of the restored habitat by wildlife have been recorded over a 4-year period in order to analyze the results of the mitigation project. Impacts from weather conditions including droughts and hurricanes were also recorded to assess success overtime. © 2020 Elsevier B.V., All rights reserved.","Coastal Natural Resources; Ecosystems Management; Puerto Rico; Wetlands Restoration","Conference paper","Final","All Open Access; Bronze Open Access","Scopus","2-s2.0-85095124140"
"E.D., Wahyuni, Erna Dwi; L., Nimah, Lailatun; Z., Zaenab, Zaenab","Wahyuni, Erna Dwi (57209569291); Nimah, Lailatun (57211333860); Zaenab, Zaenab (57218770045)","57209569291; 57211333860; 57218770045","The implementation of theory of planned behaviour in identifying first aid behaviour in accidents","2020","Systematic Reviews in Pharmacy","11","6","","1125","1130","0","2","10.31838/srp.2020.6.162","https://www.scopus.com/inward/record.uri?eid=2-s2.0-85090203302&doi=10.31838%2Fsrp.2020.6.162&partnerID=40&md5=ade71c308f34ecf2610a46acf2ec86fd","First aid was the most important thing for saving people's lives in the golden period. Volunteers, as they have been trained as an emergency rescuer, we discovered some failure processes when delivered first aid. This study aims to discuss the use of the Theory of Planned Behavior (TPB) to determine the factors related to first aid behavior on volunteers. This study used a descriptive-analytic with a cross-sectional study approach. One hundred twenty-one volunteers were taken using purposive sampling. The variables were Attitude Toward Behavior (ATB), Subjective Norm (SN), Perceived Behavioral Control (PBC), intention, and first aid behavior. Respondents were asked to complete six self-design questionnaires to evaluate first aid behavior. Data were analyzed using Spearman's Rho with significance level ≤0.05. The result showed a significant relationship between ATB and SN with intention (p = 0.000; p = 0.000), intention and first aid behavior (p = 0.000). PBC had a significant relationship with intention (p = 0.412). Increasing the first aid behavior can be done through the enhancement of the specific beliefs of TPB. Further research with qualitative studies can conceive the deepest perspective in volunteers associated with first aid behavior. © 2020 Elsevier B.V., All rights reserved.","A Theory Of Planned Behavior; Accident; First Aid; Accident; Adult; Article; Attitude; Controlled Study; Cross-sectional Study; Female; First Aid; Human; Human Experiment; Human Tissue; Major Clinical Study; Male; Qualitative Research; Questionnaire; Theory Of Planned Behavior","Article","Final","","Scopus","2-s2.0-85090203302"
"P., Zhang, Pengfei; W., Zhang, Wulin; Y., Yuan, Yongjie; X., Fan, Xiaoqiang; M., Zhu, Minhao","Zhang, Pengfei (58263070400); Zhang, Wulin (57201254394); Yuan, Yongjie (37001279500); Fan, Xiaoqiang (56071012300); Zhu, Minhao (7402908974)","58263070400; 57201254394; 37001279500; 56071012300; 7402908974","Probing the effect of grinding-heat on material removal mechanism of rail grinding","2020","Tribology International","147","","105942","","","0","27","10.1016/j.triboint.2019.105942","https://www.scopus.com/inward/record.uri?eid=2-s2.0-85075469255&doi=10.1016%2Fj.triboint.2019.105942&partnerID=40&md5=5ef45628f083a8bf520ed17b07480900","Rail grinding is of vital importance for high-speed railway with safe, reliable and comfortable operation. Here, a self-design grinding machine was applied to evaluate the performance of as-prepared grinding stone (GS) vs Rail under normal loads and grinding speeds. Results illustrate that the increase in normal load leads to the wider and thicker wear debris, but the increasing grinding speed is opposite. Friction-induced heat regulated by working parameters determines the grinding properties of the GSs/Rail contact, high grinding-heat causes the plastic deformation and accelerates the wear. The finite element analysis verifies the source/distribution of grinding-heat and heat flux, thereby revealing the material removal mechanism. It is of great significance for long-term safe and reliable operation of rail via grinding regulation. © 2020 Elsevier B.V., All rights reserved.","Grinding Heat; Rail Grinding; Removal Mechanism; Simulation; Heat Flux; Railroad Plant And Structures; Railroad Transportation; Grinding Heat; High - Speed Railways; Material Removal Mechanisms; Rail Grinding; Reliable Operation; Removal Mechanism; Simulation; Working Parameters; Grinding (machining)","Article","Final","","Scopus","2-s2.0-85075469255"
"G., Li, Gang; R., Zhang, Rui; J., Liu, Jia; H., Li, Huanhuan; R., Liu, Rui","Li, Gang (57203119819); Zhang, Rui (57210177228); Liu, Jia (57207862658); Li, Huanhuan (57216911667); Liu, Rui (57211206025)","57203119819; 57210177228; 57207862658; 57216911667; 57211206025","Experimental on electro-osmotic consolidation of bentonite reinforced by nano-Fe3O4","2020","IOP Conference Series: Earth and Environmental Science","474","7","072077","","","0","0","10.1088/1755-1315/474/7/072077","https://www.scopus.com/inward/record.uri?eid=2-s2.0-85085529008&doi=10.1088%2F1755-1315%2F474%2F7%2F072077&partnerID=40&md5=e73e738c53c0084d1f62d078c636c4b6","In order to study the effect of nano-Fe<inf>3</inf>O<inf>4</inf> on the electro-osmotic consolidation of bentonite, four groups of electro-osmotic consolidation tests (T1, T2, T3 and T4) of bentonite with different content of nano-Fe<inf>3</inf>O<inf>4</inf> (0‰, 1‰, 2‰ and 3‰) were carried out with self-design electro-osmotic test device, and the change laws of current, potential, drainage, water content, pH value and shear strength during the test were analyzed. The results showed that the current and effective potential decreased with the increasing of time. After 48 hours, the current of T1-T4 decreased by 99.48%, 97.60%, 96.81% and 95.77%, respectively. The effective potential of T2 decreased the slowest, and the potential loss was significantly lower than the other groups. During the test, the drainage rate increased with the increasing of time. T2 has the largest drainage volume and the fastest drainage rate, and its water content is the lowest. The pH value increased with the increasing of the distance from the anode, while the shear strength decreased with the increasing of the distance from the anode. The results showed that nano-Fe<inf>3</inf>O<inf>4</inf> could significantly increased the consolidation and drainage effect of bentonite. © 2020 Elsevier B.V., All rights reserved.","Anodes; Bentonite; Drainage; Electroosmosis; Environmental Technology; Iron Oxides; Magnetite; Ph; Shear Flow; Consolidation Tests; Drainage Rate; Effective Potentials; Four-group; Ph Value; Potential Loss; Self-design; Test Device; Pollution Control","Conference paper","Final","All Open Access; Gold Open Access","Scopus","2-s2.0-85085529008"
"J.S., Griffiths, Jennifer S.","Griffiths, Jennifer S. (57191373068)","57191373068","Savage Beauty: A Futurist Legacy in Fashion and Self-Design","2020","Design and Culture","12","2","","185","202","0","0","10.1080/17547075.2020.1724478","https://www.scopus.com/inward/record.uri?eid=2-s2.0-85079747383&doi=10.1080%2F17547075.2020.1724478&partnerID=40&md5=6c11fdfee6a3b9cedd6c916dfad89983","Reading Italian Futurism through the lens of postwar politics has sometimes obscured its postmodern and posthumanist legacy. While the movement’s violent rhetoric of machine optimism has been seen to herald Right-wing despotism and patriarchy, it aspired to nothing less than a total aesthetic revolution that would remake mankind in the image of a mechanized world. Bodies, they theorized in numerous manifestos, were not fixed, but were evolving and expanding possibilities of self-design. This article explores how Futurist ideas about fashion and technology constitute a connective tissue between the historical and contemporary avant-gardes. Alexander McQueen’s designs are used to illustrate the ways that Futurist technolatry, or machine optimism, have evolved and endured. © 2020 Elsevier B.V., All rights reserved.","Contemporary Avant-garde; Fashion; Feminism; Italian Futurism; New Materialism; Posthumanism","Article","Final","","Scopus","2-s2.0-85079747383"
"M., Liu, Ming–Xia; T., Wang, Tairong","Liu, Ming–Xia (59381018500); Wang, Tairong (59380555100)","59381018500; 59380555100","Prenatal exposure to nitrogen dioxide in association with maternal vitamin D deficiency during pregnancy; 妊娠期大气二氧化氮暴露与 孕妇维生素D缺乏症的的关联","2020","Modern Preventive Medicine","47","7","","1211","1214","0","0","","https://www.scopus.com/inward/record.uri?eid=2-s2.0-85207270985&partnerID=40&md5=1ae5254ded6aee48b18ffa730b8aada3","Objective To investigate the association between prenatal NO<inf>2</inf> exposure and vitamin D deficiency in pregnant women. Methods Participating women who set up their health card in a Maternal and Child Health Hospital were selected as the initial participants. According to the inclusion and exclusion criteria，3244 pregnant women were finally included in this study. Population characteristics of the pregnant women were collected through self - design questionnaire. The average NO<inf>2</inf> exposure of each trimester and of the whole pregnancy was calculated using daily air poUution concentration data. Maternal serum 25 ( OH) D levels were determined by Enzyme Linked Immunosorbent aasay ( ELISA). Results The median NO<inf>2</inf> exposure levels during the first trimester，second trimester，third trimester and the whole pregnancy were 39. 52，36. 84，28. 09 and 31. 90m3，respectively. The mean 25 ( OH) D levels in maternal serum were 42. 09 ngml. For every 10 g/m3 increase in NO<inf>2</inf> exposure during the second trimester，the third trimester and the whole pregnancy，the 25 ( OH) D levels in pregnant women' s serum decrease 2. 224 nmollL (95% CI: -2.777，-1.671)，2.240 nmolL (95% CI: -2.665，-1.816) and 5.299 nmoK (95% CI: -6.481， - 4. 177 )， respectively. Results of logistic regression analysis showed that the odds ratios for maternal VD deficiency were 1.338 (95% CI: 1. 225，1. 461)，1.347 (95% CI: 1. 259，1. 442) and 2. 049 (95% CI: 1.709 - 2.456) for a 10 g/m3 increase in NO<inf>2</inf> exposure during the second trimester，the third trimester and the whole trimester. Conclusion Our results suggest that exposure to NO<inf>2</inf> during late pregnancy may play a role in maternal vitamin D deficiency. NO<inf>2</inf> exposure should be incorporated into future guidelines for the prevention of maternal vitamin D deficiency. © 2024 Elsevier B.V., All rights reserved.","25 - Hydroxyvitamin D; Air Pouution; Nitrogen Dioxide; Pregnant Women; Vitamin D Deficiency","Article","Final","","Scopus","2-s2.0-85207270985"
"C., Zhang, Chenxi; L., Yang, Lulu; S., Liu, Shuai; S., Ma, Simeng; Y., Wang, Ying; Z., Cai, Zhongxiang; H., Du, Hui; R., Li, Ruiting; L., Kang, Lijun; M., Su, Meilei","Zhang, Chenxi (57190672435); Yang, Lulu (57215682798); Liu, Shuai (57203664619); Ma, Simeng (57215907600); Wang, Ying (57767199800); Cai, Zhongxiang (56669125200); Du, Hui (57215907303); Li, Ruiting (57214913664); Kang, Lijun (57214998984); Su, Meilei (56810250700)","57190672435; 57215682798; 57203664619; 57215907600; 57767199800; 56669125200; 57215907303; 57214913664; 57214998984; 56810250700","Survey of Insomnia and Related Social Psychological Factors Among Medical Staff Involved in the 2019 Novel Coronavirus Disease Outbreak","2020","Frontiers in Psychiatry","11","","306","","","0","514","10.3389/fpsyt.2020.00306","https://www.scopus.com/inward/record.uri?eid=2-s2.0-85084006704&doi=10.3389%2Ffpsyt.2020.00306&partnerID=40&md5=85e217a00ad9c5208bd32c000f71efc2","Objective: The outbreak of the 2019 novel coronavirus disease (COVID-19) not only caused particularly large public health problems, but also caused great psychological distress, especially for medical staff. We aimed to investigate the prevalence rate of insomnia and to confirm the related social psychological factors among medical staff in hospitals during the COVID-19 outbreak. Method: Medical staff members in China were recruited, including frontline medical workers. The questionnaire, administered through the WeChat program, obtained demographic data and asked self-design questions related to the COVID-19 outbreak, insomnia/depressive/anxiety symptoms, and stress-related symptoms. We used a logistic regression analysis to examine the associations between sociodemographic factors and insomnia symptoms. Result: There were a total of 1,563 participants in our study. Five-hundred-and-sixty-four (36.1%) participants had insomnia symptoms according to the Insomnia Severity Index (ISI) (total score ≥ 8). A multiple binary logistic regression model revealed that insomnia symptoms were associated with an education level of high school or below (OR = 2.69, p = 0.042, 95% CI = 1.0–7.0), being a doctor (OR = 0.44, p = 0.007, 95% CI = 0.2–0.8), currently working in an isolation unit (OR = 1.71, p = 0.038, 95% CI = 1.0–2.8), is worried about being infected (OR = 2.30, p < 0.001, 95% CI = 1.6–3.4), perceived lack of helpfulness in terms of psychological support from news or social media with regard to COVID-19 (OR = 2.10, p = 0.001, 95% CI = 1.3–3.3), and having very strong uncertainty regarding effective disease control (OR = 3.30, p = 0.013, 95% CI = 1.3–8.5). Conclusion: Our study found that more than one-third of the medical staff suffered insomnia symptoms during the COVID-19 outbreak. The related factors included education level, an isolation environment, psychological worries about the COVID-19 outbreak, and being a doctor. Interventions for insomnia among medical staff are needed considering the various sociopsychological factors at play in this situation. © 2020 Elsevier B.V., All rights reserved.","Covid-19; Insomnia; Isolation; Medical Staff; Mental Health; Outbreak; Sleep Quality; Stress; Adult; Anxiety; Article; China; Controlled Study; Coronavirus Disease 2019; Demography; Depression; Disease Association; Educational Status; Epidemic; Female; Human; Infection Control; Infection Risk; Insomnia; Insomnia Severity Index; Major Clinical Study; Male; Medical Staff; Middle Aged; Physician; Prevalence; Psychosocial Care; Questionnaire; Severe Acute Respiratory Syndrome Coronavirus 2; Social Media; Social Psychology; Social Status; Young Adult","Article","Final","All Open Access; Gold Open Access; Green Final Open Access; Green Open Access","Scopus","2-s2.0-85084006704"
"W., Jiang, Wangliang; Z., Chen, Zuogang","Jiang, Wangliang (58762891400); Chen, Zuogang (56099271700)","58762891400; 56099271700","Development of CFD-based design program for wind tunnel and circulating water channel; 基于CFD 的风洞及循环水槽设计系统程序开发","2020","Chinese Journal of Ship Research","15","2","","42","48","0","4","10.19693/j.issn.1673-3185.01748","https://www.scopus.com/inward/record.uri?eid=2-s2.0-85111517230&doi=10.19693%2Fj.issn.1673-3185.01748&partnerID=40&md5=10bf8e17695079d8f6e2ef83e0b6e08d","[Objectives] The wind tunnel and circulating water channel are important experimental equipment in fluid mechanics. In order to efficiently form aerodynamic/hydrodynamic design solutions in advance, a CFD-based design program is developed.[Methods] The assembly entity includes 3D modeling, grid autogeneration, viscous flow field solution and CFD post-processing. One-click operation is realized in the program from initial parameter entry to optimized target parameter output, thereby the working load and time consuming is reduced on modifying models and grid processes. Further, the feasibility and convenience of the proposed program are then verified with reference to the wind tunnel and circulating water channel of Shanghai Jiao Tong University.[Results] It is proved that the proposed design program and performance prediction have a good credibility and easy to use.[Conclusions] The program proposed in this study possesses certain theoretical and practical innovation, as well as high-value engineering application potential. © 2023 Elsevier B.V., All rights reserved.","Auto-design Program; Circulating Water Channel; Computational Fluid Dynamics (cfd); Wind Tunnel","Article","Final","","Scopus","2-s2.0-85111517230"
"C., Certomà, Chiara; L., Chelleri, Lorenzo; B., Notteboom, Bruno","Certomà, Chiara (14015263800); Chelleri, Lorenzo (49660976300); Notteboom, Bruno (41461842100)","14015263800; 49660976300; 41461842100","The ‘fluid governance’ of urban public spaces. Insights from informal planning practices in Rome","2020","Urban Studies","57","5","","976","995","0","23","10.1177/0042098018819734","https://www.scopus.com/inward/record.uri?eid=2-s2.0-85062663437&doi=10.1177%2F0042098018819734&partnerID=40&md5=afa81ec9f56dd35f557d24211fce0c13","This paper investigates the emergence of informal planning practices and their relationship with the new geometries of power and responsibility that characterise what is here defined and described as ‘fluid governance’; and that leads to co-creative forms of public space governance. In particular, the research explores the key role played by some politically progressive forms of urban gardening in pivoting actions that transform green spaces through informal planning into areas for food production and collaborative management. This challenges traditional governance networks and re-defines the functioning of public spaces. The case of Parco delle Energie in Rome (Italy) serves as an example of a process of space re-appropriation, planning and finally co-management performed by a dense network of very diverse actors, who established a collaborative framework with the administration in order to re-shape decision-making dynamics. A comparative analysis of international cases confirms that urban gardening is challenging the dominance of a traditional planning perspective worldwide, both spatially as on the level of governance, and is turning citizens’ dissensus into a productive force in the re-imagination and stewardship of public urban space. The conclusion suggests the self-design and co-managing capacities of urban gardeners and citizens could lead to adequate synergies between actors, enabling new urban governance models in line with the global ambition to build more sustainable and inclusive cities. © 2020 Elsevier B.V., All rights reserved.","Governance; Informality; Land Use; Planning; Public Space; Urban Gardening; Decision Making; Design; Food Production; Governance Approach; Greenspace; Informal Sector; Land Use Planning; Planning Practice; Public Administration; Public Space; Urban Area; Italy; Lazio; Roma [lazio]; Rome","Article","Final","","Scopus","2-s2.0-85062663437"
"D., Jiménez Hernández, David; J.J., González Ortíz, Juan José; M., Tornel Abellán, María","Jiménez Hernández, David (57191902229); González Ortíz, Juan José (57191359590); Tornel Abellán, María (57191900822)","57191902229; 57191359590; 57191900822","Active methodologies in the university and their relationship with teaching approaches; Metodologías activas en la universidad y su relación con los enfoques de enseñanza","2020","Profesorado","24","1","","76","94","0","66","10.30827/profesorado.v24i1.8173","https://www.scopus.com/inward/record.uri?eid=2-s2.0-85090623038&doi=10.30827%2Fprofesorado.v24i1.8173&partnerID=40&md5=018713c31cc1651b779d04c22fe85c99","The university's entry into the European Higher Education Area involved many reforms, including methodological ones, in search of greater participation and responsibility of students in the teaching-learning process. The main purpose of this research were to recognise the active teaching methods best known and used by university professors, and the influence of teaching approaches of teachers in these methods. Through an ex post facto design were used two questionnaires, one of self-design and the ATI questionnaire (2004) too, in a sample of 501 teachers from the three universities in the Region of Murcia. The results showed that teachers who know methods that are more active are the ones who use such methods the most. Although the standard and best-known method is still the master lesson, there are other assets such as cooperative learning, case studies and problem solving, with other exercises also obtaining quite high means. In addition, teachers with the highest scores in the student-centered approach are the ones who know the aforementioned active methods, and likewise, they used more cooperative learning, project-based learning, case studies, ABP and learning contract with the master lesson to a lesser extent. In this way, it is clear that the promoted changes are being carried out and that teacher training has a direct influence on the improvement of educational practices. © 2020 Elsevier B.V., All rights reserved.","Activity Learning; Approaches To Teaching; Learner-centered Teaching; Learning Methods; Teaching Method","Article","Final","All Open Access; Gold Open Access; Green Accepted Open Access; Green Open Access","Scopus","2-s2.0-85090623038"
"O.O., Joseph, Ogbe O.","Joseph, Ogbe O. (57215841476)","57215841476","Appraisal of the implementation of the national school health policy in secondary schools in Nigeria","2020","Academic Journal of Interdisciplinary Studies","9","2","","149","156","0","1","10.36941/ajis-2020-0032","https://www.scopus.com/inward/record.uri?eid=2-s2.0-85082060009&doi=10.36941%2Fajis-2020-0032&partnerID=40&md5=360772570c6504e848ab26264ad09733","Policies are checks in the execution of programme, hence the National School Health Policy document is meant to guide the promotion of the school Health programme. This study was undertaken to assess the successes and weaknesses of the execution of the National School Health Policy/School Health programme in order to make recommendation in the document. A sample of 184 school principals in Delta state were the respondents. It was an ex post facto, descriptive study. Self design questionnaire was used to solicit information. The questionnaire was derived from the strategies for the implementation of the National School Health Policy. Descriptive statistics of frequency count, percentages and a multiple regression statistics using SPSS 21 was used to analyse the data at 0.05 level of significance. It was found in this study that the National School Health Policy/School Health programme was being significantly executed in Delta state (F-value - 2.935, df4/<inf>79</inf> and alpha, .022). Among the variables only School Health instruction with t - value, -3.034 and alpha at 0.05 was found to be a predictor of comprehensive effective National School Health implementation. Others; principal's awareness, Government monitoring, and School Health - Community relation were not significant as a predictor of the National School Health Policy/School Health Programme. It was recommended among others that the government and other stakeholders in education should improve on the gains so far and set up a power full monitoring term to evaluate the implementation of the National School Health Policy/School Health programme on regular bases in Delta state, Nigeria. © 2020 Elsevier B.V., All rights reserved.","Delta State; National School Health Policy; Nigeria; Policy And Programme Implementation; School Health Programme","Article","Final","All Open Access; Gold Open Access","Scopus","2-s2.0-85082060009"
"Y.Z., Wang, Yuanzhang Zhan; Z., Liu, Zhen; K., Fu, Kun; Q., Li, Qingmei; Y., Wang, Yuchi","Wang, Yuanzhang Zhan (8610719900); Liu, Zhen (57208608507); Fu, Kun (57209730455); Li, Qingmei (57213271300); Wang, Yuchi (55682644700)","8610719900; 57208608507; 57209730455; 57213271300; 55682644700","Experimental studies on the chloride ion permeability of concrete considering the effect of freeze–thaw damage","2020","Construction and Building Materials","236","","117556","","","0","74","10.1016/j.conbuildmat.2019.117556","https://www.scopus.com/inward/record.uri?eid=2-s2.0-85075000829&doi=10.1016%2Fj.conbuildmat.2019.117556&partnerID=40&md5=cf016255c06ae84acee648b2dc82213e","A series of laboratory experiments were conducted to investigate the effect of freeze–thaw (FT) cycles on mechanical properties and chloride permeability of concrete with the strength class of C30 in this paper. The mechanical property tests were performed on the specimens subjected to 0, 5, 15, 30, 50, 75 and 100 standard FT cycles to determine the compressive strength, normalized dynamic elastic modulus (NDEM) and mass loss. Also, the chloride natural diffusion tests of concrete specimens, after 0, 5, 15, 30 and 50 FT cycles, were conducted in a self-design tidal cycling simulation device to investigate the chloride ingress into concrete in marine environment of tidal zone. Based on the Fick's second law, a time-dependent model was developed to predict the chloride profiles of frost-damaged concrete. Additional FT cycling tests at different minimum temperatures of freezing process (−4 and −11 °C) and the chloride natural diffusion tests were conducted to study the effect of minimum temperature on the chloride diffusion in concrete. The experimental results revealed the significant influence of FT action on the mass loss, compressive strength and NDEM. After 50 FT cycles, the mean of NDEM dropped to 60%, indicating that the specimen was destroyed by FT action. With the decrease of minimum freezing temperature, the loss of NDEM increased apparently, performing a good linear relation. A substantial effect of FT damage on the chloride profiles was observed: compared to the counterparts of the control groups without being exposed to FT attack, chloride concentration was larger for the frost-damaged concrete, and this difference increased with the extension of exposure duration. A linear relation between the apparent chloride diffusion coefficient and the loss of NDEM was also obtained regardless of the exposure time. Moreover, it was found that the proposed model was applicable for the prediction of chloride profiles in concrete subjected to FT cycles at different minimum freezing temperatures. In other words, the proposed model can be used to describe the chloride ingress into frost-damaged concrete, regardless of the cause of the damage (due to the number of FT cycles or the minimum freezing temperature). © 2019 Elsevier B.V., All rights reserved.","Chloride Ion Permeability; Compressive Strength; Freeze-thaw Damage; Minimum Freezing Temperature; Normalized Dynamic Elastic Modulus; Time-dependent Model; Chlorine Compounds; Compressive Strength; Concrete Testing; Diffusion; Dynamics; Elastic Moduli; Freezing; Mechanical Permeability; Thawing; Chloride Ions; Freeze-thaw Damage; Freezing Temperatures; Normalized Dynamics; Time-dependent Models; Concretes","Article","Final","","Scopus","2-s2.0-85075000829"
"T., Shen, Teng; J., Chang, Jiaqing; J., Xie, Jinlong; L., Huang, Liu","Shen, Teng (57186147000); Chang, Jiaqing (35777723400); Xie, Jinlong (56241727000); Huang, Liu (56179761800)","57186147000; 35777723400; 56241727000; 56179761800","Analysis of microchannel resistance factor based on automated simulation framework and BP neural network","2020","Soft Computing","24","5","","3379","3391","0","9","10.1007/s00500-019-04101-4","https://www.scopus.com/inward/record.uri?eid=2-s2.0-85079319349&doi=10.1007%2Fs00500-019-04101-4&partnerID=40&md5=9b3746813cc7aa1e8a5938854c8f9c3e","In this paper, self-design automated simulation and artificial neural network (ANN) model were developed to analyze and estimate the resistance factor in rectangle cross-section microchannels. The main purpose is to obtain a universal solution method through numerical simulation which can solve the resistance factor problem for invariant cross-section microchannels. Through Python language, the automatic coalescent of preprocessing Gambit, computing software CFD and post-processing Tecplot make the simulation framework realize the automatic acquisition of microchannel resistance factor samples. Then, 100 simulation samples with different aspect ratios for Reynolds numbers ranging from 50 to 500 were obtained. After validation, the width and height of microchannels were applied as input data set of the ANN model, and the resistance factor was determined as the target data. In order to improve BP algorithm for training ANN, a new swarm evolution algorithm was realized by combining the strong point of gradient descent method, genetic algorithm and particle swarm optimization, which is called particle swarm evolution algorithm. Finally, the result of resistance factor model was established and verified by several existing measurement value of pressure drop from remarkable experimental. © 2020 Elsevier B.V., All rights reserved.","Automatic Simulation; Improved Bp Network; Microchannel; Resistance Factor; Aspect Ratio; Genetic Algorithms; Gradient Methods; Microchannels; Neural Networks; Numerical Methods; Particle Swarm Optimization (pso); Reynolds Number; Artificial Neural Network Models; Automatic Acquisition; Automatic Simulation; Genetic Algorithm And Particle Swarm Optimizations; Gradient Descent Method; Improved Bp Network; Resistance Factors; Simulation Framework; Computer Software","Article","Final","","Scopus","2-s2.0-85079319349"
